"Rank","Domain","Keywords in SERPs","Estimated organic traffic"
"1","youtube.com","1321778","13374465.842912324"
"2","facebook.com","1171564","19045751.984839343"
"3","wikipedia.org","1129661","77705579.4347309"
"4","heureka.cz","718403","15851769.67062237"
"5","seznam.cz","664922","26373293.06612795"
"6","instagram.com","656604","11085381.926026225"
"7","idnes.cz","619527","12121652.11406661"
"8","zbozi.cz","587906","3495095.971609017"
"9","mapy.cz","557051","13348811.114546258"
"10","denik.cz","485371","3032915.4324166607"
"11","firmy.cz","450332","7047050.994315039"
"12","tiktok.com","431594","831449.8806183618"
"13","alza.cz","414756","6014466.613451352"
"14","kurzy.cz","383772","6588733.002386473"
"15","ceskatelevize.cz","348559","5890860.1993191745"
"16","novinky.cz","348202","5752476.120195895"
"17","reddit.com","346081","1741491.4578344002"
"18","bazos.cz","299915","3293914.2491872907"
"19","pinterest.com","291703","3004984.5552517045"
"20","rozhlas.cz","283773","1593590.065568801"
"21","google.com","272599","15401362.877171922"
"22","sbazar.cz","264295","1022091.0892366078"
"23","blesk.cz","258416","2815555.478048792"
"24","allegro.cz","256606","569818.201704869"
"25","csfd.cz","242214","19126139.075600185"
"26","amazon.com","231295","624546.4800452758"
"27","iprima.cz","229421","3948327.382298067"
"28","gov.cz","227413","4928219.675437843"
"29","aktualne.cz","216028","2051943.9081509095"
"30","mall.cz","213609","791762.7550796736"
"31","emimino.cz","213415","1282616.8974137064"
"32","zivefirmy.cz","208416","1098368.5512385648"
"33","apple.com","195577","5428474.399056623"
"34","fandom.com","193827","1973949.3400609586"
"35","seznamzpravy.cz","178661","7869576.395919686"
"36","kudyznudy.cz","178069","5034234.7937929295"
"37","aukro.cz","161649","264626.4298428595"
"38","irozhlas.cz","161081","1373868.141018428"
"39","muni.cz","159796","1070032.3372954205"
"40","imdb.com","156536","3099791.1448307075"
"41","webnode.cz","153285","621263.9508722685"
"42","x.com","151583","1634966.7539307717"
"43","lidovky.cz","150238","430380.31042163447"
"44","linkedin.com","147833","1100008.224104939"
"45","tripadvisor.com","138347","3059882.8863462824"
"46","kaufland.cz","134036","992072.4955927115"
"47","cuni.cz","133797","1088778.9317371324"
"48","penize.cz","133575","999956.7382077742"
"49","nova.cz","133263","2185815.693800742"
"50","yahoo.com","130812","845875.8119095992"
"51","megaknihy.cz","129605","603528.127056757"
"52","kupi.cz","128990","2403202.348623937"
"53","databazeknih.cz","128609","2109999.489893904"
"54","prozeny.cz","126978","634601.3295309264"
"55","slevomat.cz","125144","1535026.8513529003"
"56","knihydobrovsky.cz","124256","1319653.3779596966"
"57","drmax.cz","121595","3723572.322308257"
"58","aktuality.sk","117949","388933.15844449773"
"59","e15.cz","114864","1099211.4777408037"
"60","zive.cz","111718","906763.6331158616"
"61","wiktionary.org","111594","2452189.2154892273"
"62","britannica.com","107972","959577.8202846721"
"63","booking.com","106791","1999293.8916706257"
"64","pilulka.cz","103342","1357426.9007591885"
"65","lekarna.cz","101817","2629138.4157769736"
"66","nazdarbazar.cz","101327","67406.27481389791"
"67","quora.com","100762","231865.5964975413"
"68","hn.cz","96773","425037.23144403845"
"69","spotify.com","94583","640307.4267663993"
"70","microsoft.com","92809","1926750.2399096675"
"71","kinobox.cz","92313","1441280.8854510058"
"72","datart.cz","91543","1836205.5862683728"
"73","stream.cz","91538","809371.2671319451"
"74","akcniceny.cz","91223","1334220.7818446755"
"75","benu.cz","86841","2054567.0806654152"
"76","fdb.cz","86746","1145123.7397438027"
"77","toprecepty.cz","85197","3710477.4118488356"
"78","glami.cz","84208","721450.1905224342"
"79","msn.com","82294","131619.29420675524"
"80","luxor.cz","81604","576152.3778701164"
"81","hornbach.cz","80388","966817.5602328349"
"82","obi.cz","78341","724368.5670241136"
"83","zlatestranky.cz","77528","107989.38915653527"
"84","odpovedi.cz","77344","289752.80118217506"
"85","sreality.cz","76698","927732.0550443623"
"86","zoznam.sk","76608","253711.79323067516"
"87","ceskenoviny.cz","75999","361356.3027669471"
"88","theguardian.com","75972","165390.88708377816"
"89","itesco.cz","75670","1217699.9179693647"
"90","ebay.com","75657","120785.3603850957"
"91","poradte.cz","75506","138161.98085610755"
"92","nytimes.com","75247","186144.72178681195"
"93","mimibazar.cz","74855","127261.61677735485"
"94","threads.net","74099","122949.97001623549"
"95","fler.cz","73969","280980.4681775719"
"96","shutterstock.com","73488","212033.63126464188"
"97","martinus.cz","72618","229605.18983515538"
"98","ikea.com","72125","1455089.7934048437"
"99","edb.cz","71710","84641.80342887901"
"100","modrykonik.cz","71348","239685.6321466379"
"101","istockphoto.com","70468","254512.49924347922"
"102","srovnanicen.cz","70280","52684.11191264354"
"103","apetitonline.cz","69962","1893232.5109237488"
"104","bbc.com","67986","472840.9007053394"
"105","estranky.cz","67949","190469.45979656465"
"106","screenrant.com","67745","122095.90691660345"
"107","forbes.com","67431","201931.74795008264"
"108","sme.sk","66968","257454.464726232"
"109","forbes.cz","66519","463888.329385899"
"110","extra.cz","66264","821314.0490476433"
"111","albert.cz","66231","1293095.6622380111"
"112","favi.cz","65484","1065552.3408007938"
"113","notino.cz","65098","1325856.9957384337"
"114","europa.eu","64867","954139.5465959385"
"115","odkarla.cz","64200","100079.54457727075"
"116","recepty.cz","64139","1259860.2286429945"
"117","lidl.cz","63633","1601562.0133660883"
"118","theses.cz","63194","115247.47184106894"
"119","netflix.com","62202","1216949.2309748493"
"120","wikiwand.com","62124","75429.62430573069"
"121","nzip.cz","61757","872725.5023552589"
"122","euro.cz","61650","449008.99625479616"
"123","bab.la","61223","1239079.4716594163"
"124","wikiskripta.eu","60336","1848893.3595435638"
"125","drbna.cz","60305","230813.48756713793"
"126","alamy.com","60050","57986.96064110659"
"127","lingea.cz","59851","1328726.6147363484"
"128","cambridge.org","59713","1087791.2390327062"
"129","denikn.cz","59378","375622.5986963827"
"130","merriam-webster.com","59133","642099.3544489406"
"131","zalando.cz","59036","1499185.7525994983"
"132","srovname.cz","58838","136943.33806245215"
"133","sportisimo.cz","57852","1527863.4588317275"
"134","cas.cz","57197","526423.7269819453"
"135","medium.com","57115","94363.79325118475"
"136","podnikatel.cz","57103","104327.52539821528"
"137","decathlon.cz","56932","840919.1002083216"
"138","mujrozhlas.cz","56542","305348.7998700738"
"139","auto.cz","56488","403944.8032195587"
"140","modio.cz","55957","140634.2200005334"
"141","rohlik.cz","55777","690179.3648692798"
"142","nejlevnejsi-knihy.cz","55364","262276.4913989268"
"143","dm.cz","54395","848394.2072071955"
"144","bbc.co.uk","53995","192942.3466402311"
"145","steampowered.com","53874","1201398.4239544142"
"146","rottentomatoes.com","53467","401648.6883124951"
"147","turistika.cz","53130","114720.82568326779"
"148","ireceptar.cz","53009","285067.03711766563"
"149","invia.cz","52610","1178849.052051641"
"150","nih.gov","52592","271600.07009037584"
"151","karaoketexty.cz","52483","1067462.496616248"
"152","upol.cz","51386","337541.2879847884"
"153","vareni.cz","51264","839160.783896815"
"154","jenprace.cz","50802","240121.30520400405"
"155","bauhaus.cz","50626","324356.8803735208"
"156","jidlo.cz","50217","36078.92128789984"
"157","mironet.cz","49813","145152.52565768547"
"158","ign.com","49730","129127.96055218577"
"159","glosbe.com","49175","189322.54564135522"
"160","kosmas.cz","49172","224637.71795166656"
"161","twitter.com","49138","408746.13250149786"
"162","reflex.cz","48998","229513.55960850604"
"163","menicka.cz","48933","934078.9841591977"
"164","pixabay.com","48824","848922.280708028"
"165","github.com","48788","478637.3337448314"
"166","refresher.cz","48349","220469.08118150756"
"167","finmag.cz","48206","72426.59676551446"
"168","mesec.cz","47946","178565.64313599095"
"169","e-chalupy.cz","47784","287615.6028284542"
"170","tiscali.cz","47602","334964.46194806695"
"171","knihobot.cz","47244","243170.80933678895"
"172","wikimedia.org","46596","53255.16891187243"
"173","foodora.cz","46309","765739.9599837288"
"174","gettyimages.com","46128","256053.93390546553"
"175","onlineshop.cz","46026","107008.57158925943"
"176","garaz.cz","45681","314956.4939295836"
"177","livesport.cz","45465","2587306.492951149"
"178","hyperinzerce.cz","45465","79325.64465769008"
"179","ahaonline.cz","45103","248302.3448620662"
"180","kaloricketabulky.cz","44955","182866.5212957859"
"181","kosik.cz","44735","463866.8879031297"
"182","adobe.com","44628","451999.056577228"
"183","wordpress.com","44565","65021.37246082537"
"184","gigalekarna.cz","44507","504932.12454591505"
"185","soundcloud.com","44476","150294.3747337535"
"186","tipcars.com","44291","419618.4612555709"
"187","planeo.cz","44213","371897.2288562879"
"188","gamerant.com","44048","89481.07592407428"
"189","filmtoro.cz","43782","293074.5473636668"
"190","cc.cz","43686","418006.6347812116"
"191","researchgate.net","43490","51675.1365578603"
"192","sauto.cz","43176","2504727.5412986595"
"193","deviantart.com","43123","57760.77723448165"
"194","wordreference.com","43056","281731.39097869955"
"195","nejlepsiceny.cz","43000","110621.78359430656"
"196","etsy.com","41886","54518.99188052863"
"197","pravda.sk","41843","97996.14263085835"
"198","okay.cz","41753","215450.0936723817"
"199","amazon.co.uk","41382","62806.905319416896"
"200","unihobby.cz","41363","174124.53971338086"
"201","recepty.eu","41095","49060.6998125948"
"202","ceskestavby.cz","40975","140303.99146907777"
"203","foursquare.com","40925","49724.80413437635"
"204","idatabaze.cz","40701","40617.33824395761"
"205","billa.cz","40626","621360.7514871452"
"206","cbdb.cz","40553","162161.72993858717"
"207","maminka.cz","40544","61334.197161080316"
"208","aboutyou.cz","40077","608918.3785920125"
"209","cvut.cz","40063","244537.81512155756"
"210","jobs.cz","40062","979210.9133314304"
"211","super.cz","39817","422406.91907491535"
"212","trendyol.com","39583","65767.00575584173"
"213","echo24.cz","39557","155000.15751736984"
"214","dama.cz","39459","131346.73508446477"
"215","bazos.sk","39457","103290.9398963917"
"216","baumax.cz","39314","254099.0711712204"
"217","collinsdictionary.com","39263","166254.64875394106"
"218","tsbohemia.cz","39262","161467.95342067443"
"219","euc.cz","39126","741441.1490545925"
"220","tetadrogerie.cz","39006","364256.1697130762"
"221","primevideo.com","38749","341069.49961674213"
"222","pepco.cz","38679","273983.0920255389"
"223","hlidacstatu.cz","38475","139734.92140093446"
"224","centrum.cz","38334","2076144.3581756596"
"225","lifee.cz","38316","153001.4606232699"
"226","skrz.cz","38255","186814.84728866443"
"227","sport.cz","38242","797464.4622454029"
"228","goout.net","38202","445120.90642222017"
"229","dictionary.com","38100","200337.26991647482"
"230","justwatch.com","37956","236004.99614221044"
"231","eva.cz","37951","135080.0920219533"
"232","pompo.cz","37721","211533.00905590504"
"233","makro.cz","37684","276535.99049448036"
"234","collider.com","37651","52826.559550071135"
"235","cestujlevne.com","37458","607063.0882890485"
"236","postavy.cz","37415","495558.1152942218"
"237","independent.co.uk","37350","74184.48232923262"
"238","ulekare.cz","36954","37190.94875943661"
"239","biano.cz","36752","111857.96336648986"
"240","finance.cz","36721","387994.85237270035"
"241","o2.cz","36639","535066.707123125"
"242","filmweb.pl","36482","62042.89139348641"
"243","radio.cz","36443","146187.4688986726"
"244","ekatalog.cz","36415","37667.8846472092"
"245","action.com","36370","276443.08314802125"
"246","knihcentrum.cz","35894","115266.96552754007"
"247","pluska.sk","35716","89078.96807939932"
"248","yelp.com","35599","217647.98842900433"
"249","sciencedirect.com","35318","152198.4355555512"
"250","hm.com","35097","611687.4844711442"
"251","vitalia.cz","35023","40563.06032087095"
"252","indeed.com","34917","236625.1537705958"
"253","vinted.cz","34652","280624.8535409346"
"254","sedesatka.cz","34417","86132.30562328734"
"255","agoda.com","34414","123597.12062364258"
"256","nekdeneco.cz","34400","283849.50181415863"
"257","businessinsider.com","34342","67860.06803086773"
"258","portalridice.cz","34181","172447.74059839733"
"259","dumazahrada.cz","34153","102210.8739354983"
"260","zena-in.cz","34001","56279.37590988353"
"261","dek.cz","33781","277872.9184762277"
"262","cnn.com","33655","157894.76170970127"
"263","rossmann.cz","33443","257299.38541555032"
"264","trhknih.cz","33425","76324.6680322215"
"265","osobnosti.cz","33254","271838.9231213704"
"266","moneta.cz","33036","1029256.7387412265"
"267","walmart.com","32916","39980.854399360716"
"268","dtest.cz","32910","178663.76985811256"
"269","csas.cz","32755","865282.2715719528"
"270","cbr.com","32714","46896.947450038046"
"271","vzp.cz","32421","461608.54196920246"
"272","smarty.cz","32378","224829.4931526836"
"273","zajezdy.cz","32190","307093.4673688598"
"274","themoviedb.org","32084","72132.91501161084"
"275","scribd.com","32013","63230.43195125088"
"276","kukaj.io","32011","737316.8422742616"
"277","usatoday.com","31722","63957.511982902884"
"278","indiatimes.com","31666","59743.59431553446"
"279","aktin.cz","31664","282935.2208000906"
"280","goodreads.com","31630","90842.59623316489"
"281","eurozpravy.cz","31517","119200.17851471528"
"282","hotel.cz","31374","578538.5745738614"
"283","sportskeeda.com","31314","37151.912335556"
"284","zcu.cz","31197","154431.59792601503"
"285","fischer.cz","31077","900948.1075073592"
"286","prolekare.cz","31074","128663.71576311626"
"287","cpzp.cz","30913","217447.84449283034"
"288","genius.com","30807","122609.14704935811"
"289","autorevue.cz","30803","110448.50402569212"
"290","dailymotion.com","30790","36151.779711637646"
"291","zasilkovna.cz","30725","254820.47543840483"
"292","znamylekar.cz","30600","175765.51966078393"
"293","hindustantimes.com","30580","49854.13296675868"
"294","steamcommunity.com","30548","128061.92288130149"
"295","csob.cz","30456","768538.8277560379"
"296","jysk.cz","30225","581629.8093968388"
"297","supraphonline.cz","30127","170914.52594522387"
"298","people.com","30127","151003.84540663287"
"299","xn--lep-tma39c.tv","30051","278326.67083153315"
"300","jooble.org","30047","210711.85470532626"
"301","wikyhracky.cz","29997","102385.49232627079"
"302","eximtours.cz","29832","1049610.8664508015"
"303","mountfield.cz","29777","287215.41516938247"
"304","waze.com","29713","82979.91424445249"
"305","booked.cz","29658","52343.621942007914"
"306","magistra.cz","29654","248577.59173575975"
"307","wolt.com","29572","520317.3314061444"
"308","bambule.cz","29512","238855.28682219982"
"309","mpsv.cz","29338","582224.4704564027"
"310","superzoo.cz","29306","410117.37547956407"
"311","kuchynelidlu.cz","29290","381496.34203931317"
"312","wikidata.org","29268","34762.91838406958"
"313","getyourguide.com","29249","107032.1269043386"
"314","uzis.cz","29200","77734.93095670268"
"315","variety.com","29183","61962.78170211986"
"316","dotyk.cz","29064","353991.64484288916"
"317","knizniklub.cz","29038","61317.66467451863"
"318","4camping.cz","28965","294918.95455520786"
"319","vocabulary.com","28778","117771.67439007573"
"320","albatrosmedia.cz","28735","309347.84668780863"
"321","marianne.cz","28671","173599.99547779374"
"322","zakonyprolidi.cz","28589","322130.2821317408"
"323","www.gov.uk","28503","74896.12490631826"
"324","answear.cz","28451","326190.073884055"
"325","namu.wiki","28218","20528.57849857025"
"326","geeksforgeeks.org","28177","157885.8173403684"
"327","ticketportal.cz","28156","566613.5216942076"
"328","primainspirace.cz","28112","104030.097146919"
"329","modrykonik.sk","28067","38448.56112861633"
"330","ceskehory.cz","27979","405556.5445420444"
"331","ferwer.cz","27975","154634.90305589885"
"332","dailymail.co.uk","27912","52630.90069792606"
"333","sortiraparis.com","27889","63504.1867975574"
"334","jimejinak.cz","27845","212608.48109329492"
"335","expres.cz","27839","211270.8639164511"
"336","tzb-info.cz","27735","126395.56656943075"
"337","spektrumzdravi.cz","27679","47459.40115770139"
"338","slovniky.cz","27564","430755.38179610297"
"339","bonami.cz","27509","155478.8729591146"
"340","reuters.com","27499","59834.05650979653"
"341","linguee.cz","27447","199697.92250862718"
"342","wander-book.com","27206","145901.93819531798"
"343","atmoskop.cz","27112","276697.1216180492"
"344","globus.cz","27050","294129.35213559493"
"345","vodafone.cz","27032","412492.88178535923"
"346","cojeco.cz","27012","49836.10074160062"
"347","trivago.cz","26923","137436.4240754135"
"348","subito.it","26917","28610.442713839933"
"349","pravednes.cz","26913","311223.789663285"
"350","arecenze.cz","26766","73675.24037948251"
"351","uradprace.cz","26745","418149.22414454445"
"352","martinus.sk","26685","28614.52913659066"
"353","businessinfo.cz","26679","169571.36576891318"
"354","cnet.com","26640","55696.59353195876"
"355","autokelly.cz","26326","270228.5732093025"
"356","travelking.cz","26288","216263.93080410734"
"357","stoplusjednicka.cz","26240","197816.91703378223"
"358","letemsvetemapplem.eu","26121","127742.73914161697"
"359","modivo.cz","26042","146032.60359828733"
"360","depositphotos.com","26038","48012.150042146444"
"361","mlp.cz","25997","262366.7230443675"
"362","metro.cz","25929","88680.87779304013"
"363","in-pocasi.cz","25928","6332024.684508322"
"364","dabingforum.cz","25826","83221.98776114173"
"365","landigo.cz","25791","357683.27886671573"
"366","zoot.cz","25771","201375.72269844823"
"367","lekarnalemon.cz","25683","124598.7597942669"
"368","sinsay.com","25680","246507.838670725"
"369","chmi.cz","25640","1657717.52942569"
"370","fxstreet.cz","25552","51503.12592293136"
"371","parlamentnilisty.cz","25534","359628.22049359046"
"372","wikihow.com","25362","97892.2412732318"
"373","abz.cz","25330","514237.3135503903"
"374","aliexpress.com","25314","106191.38400687464"
"375","kucharkaprodceru.cz","25227","390608.20074961334"
"376","rodina.cz","25082","27876.26312704198"
"377","betarena.cz","25023","443325.2263888307"
"378","motorkari.cz","25008","197488.5826372616"
"379","sahibinden.com","24943","23403.927568538114"
"380","labuznik.cz","24930","43952.608205370605"
"381","clevelandclinic.org","24891","211711.24266763777"
"382","prague.eu","24860","955870.2791302204"
"383","mayoclinic.org","24705","176144.64160898328"
"384","nechybujte.cz","24433","426203.92089903355"
"385","euclekarna.cz","24363","193723.662716873"
"386","cedok.cz","24343","403130.7527607307"
"387","go.com","24284","51400.56387539394"
"388","receptyonline.cz","24248","32297.104997964576"
"389","healthline.com","24149","141279.49724158458"
"390","flickr.com","24068","31065.21148736216"
"391","recenzopedia.cz","24029","25423.39340581931"
"392","eksisozluk.com","23969","24645.92527551204"
"393","dobre-knihy.cz","23968","47676.005252311006"
"394","accuweather.com","23906","1070611.7381341234"
"395","temu.com","23884","160300.06608482637"
"396","reknihy.cz","23845","63958.86248811148"
"397","canva.com","23810","356604.5644517746"
"398","npr.org","23753","37196.06949965097"
"399","xbox.com","23751","259997.80979067087"
"400","stackexchange.com","23680","40951.85936045647"
"401","doktor.cz","23649","53353.768495257944"
"402","pracomat.cz","23616","64907.79218702577"
"403","smsticket.cz","23612","111201.06613809802"
"404","lupa.cz","23569","242838.65272093937"
"405","eobuv.cz","23448","586376.218113834"
"406","tyden.cz","23366","65897.39225678891"
"407","edna.cz","23349","321091.51285522804"
"408","cssz.cz","23330","594632.5042511802"
"409","twitch.tv","23320","278404.0265275128"
"410","volnamista.cz","23237","136111.82904480956"
"411","study.com","23183","51511.75015374459"
"412","csicr.cz","23100","234087.4787276499"
"413","youradio.cz","23093","96773.04591322318"
"414","allegro.pl","23084","31760.326885171235"
"415","reverso.net","23083","116288.95524032414"
"416","mobile.de","23046","753623.7082507126"
"417","thegamer.com","23035","33865.07934353314"
"418","mubi.com","22982","30359.7964356523"
"419","sparkys.cz","22980","167549.3162403982"
"420","dracik.cz","22976","173592.72574940324"
"421","samsung.com","22882","433135.26890858077"
"422","levneknihy.cz","22877","126275.0009477865"
"423","stackoverflow.com","22862","102293.4853136111"
"424","hollywoodreporter.com","22721","38218.59090113826"
"425","hokej.cz","22657","613896.5316417441"
"426","mojelekarna.cz","22570","132333.71847422794"
"427","levnocestovani.cz","22540","158354.33871977404"
"428","uwbrandingiron.com","22486","13004.554093115032"
"429","restaurantguru.com","22458","23275.10521211475"
"430","blue-style.cz","22401","415470.76853203773"
"431","stefajir.cz","22369","122218.60723059252"
"432","letterboxd.com","22300","35381.296549633145"
"433","wise.com","22275","1308014.112329414"
"434","abicko.cz","22266","90459.89804012701"
"435","kb.cz","22241","627953.9099998958"
"436","serialzone.cz","22151","195052.2962973509"
"437","finn.no","22147","23260.87074578367"
"438","radynacestu.cz","22078","673402.1504168566"
"439","najdislevu.cz","22033","369098.8509861436"
"440","gymbeam.cz","22009","211966.75690708682"
"441","freepik.com","21996","341832.0342694707"
"442","autoscout24.cz","21979","251540.29647341743"
"443","flipkart.com","21918","23191.362980907783"
"444","polar.cz","21904","74438.75299439207"
"445","apnews.com","21895","38318.995314873755"
"446","vyletnik.cz","21882","56259.55574719235"
"447","atlasskolstvi.cz","21839","342640.65272442065"
"448","citymart.cz","21838","15538.557985777035"
"449","sledovanitv.cz","21750","81020.50757728145"
"450","patria.cz","21731","270343.9849359654"
"451","krizovkarsky-slovnik-online.cz","21670","278236.5773992408"
"452","xxxlutz.cz","21660","155073.9563400913"
"453","drevostavitel.cz","21655","143807.46059976704"
"454","www.nhs.uk","21652","117252.10612509027"
"455","topky.sk","21594","72963.29155078158"
"456","sconto.cz","21513","312301.6791074723"
"457","i60.cz","21509","47676.232568867505"
"458","smartmania.cz","21419","121826.62090760283"
"459","prace.cz","21369","584878.725965621"
"460","espn.com","21351","158883.40402339213"
"461","vmd-drogerie.cz","21338","46125.03952458501"
"462","amazon.in","21232","29682.364134464413"
"463","trip.com","21220","22628.983734093606"
"464","dumy.cz","21205","35927.91653191671"
"465","nejbaby.cz","21200","59793.1867014505"
"466","nejrecept.cz","21185","62269.562282653525"
"467","jimezdrave.cz","21180","333402.2499574777"
"468","expert.cz","21168","114708.83403794467"
"469","prahanadlani.cz","21027","47826.2573211845"
"470","nature.com","21001","52478.44357728958"
"471","vivantis.cz","20918","117969.44280119799"
"472","ekolist.cz","20909","45651.06017602235"
"473","megaubytko.cz","20883","64621.51835206151"
"474","intersport.cz","20832","139339.36712646484"
"475","decorexpro.com","20694","16735.875028740615"
"476","bezrealitky.cz","20604","276056.83772118017"
"477","bontonland.cz","20594","246155.2063299697"
"478","autobazar.eu","20590","28143.222278935835"
"479","ordinace.cz","20569","26923.2548993174"
"480","autosalon.tv","20504","82000.25375355594"
"481","si.com","20401","29693.86208468862"
"482","mp.cz","20370","324757.8076204825"
"483","oxfordlearnersdictionaries.com","20312","84270.02971989661"
"484","sancedetem.cz","20271","116929.39598047175"
"485","vlasta.cz","20226","120540.82490021549"
"486","apetee.com","20060","52263.10809125379"
"487","olx.pl","20052","37600.80280630477"
"488","albi.cz","20043","179848.584054498"
"489","pisnicky-akordy.cz","20016","265754.94673582725"
"490","navylet.cz","19963","97246.43013800867"
"491","cbsnews.com","19889","34787.02119313367"
"492","nay.sk","19832","24477.56439607963"
"493","wz.cz","19820","75473.81498308666"
"494","otomoto.pl","19817","23249.536591952667"
"495","4kids.cz","19816","92369.30180637352"
"496","svetandroida.cz","19794","102058.51075632684"
"497","forum24.cz","19767","310349.08834354207"
"498","usetreno.cz","19748","186286.23169665597"
"499","moebelix.cz","19735","239851.44563328847"
"500","webmd.com","19688","95550.99482834712"
"501","sluzby.cz","19682","26896.02114862576"
"502","playstation.com","19650","367470.6021414641"
"503","alphega.cz","19557","127502.59076322801"
"504","joom.com","19501","14450.444456804544"
"505","aaaauto.cz","19472","435268.5483079348"
"506","avizo.cz","19422","39015.807161131874"
"507","tvguide.com","19395","33482.838313991204"
"508","softonic.com","19337","90853.96656812914"
"509","penny.cz","19317","559109.8027041517"
"510","filmovamista.cz","19250","72468.70750998892"
"511","superia.cz","19242","48245.424489911646"
"512","springer.com","19231","26489.824817443267"
"513","skyscanner.cz","19231","372086.0678275395"
"514","serialyzadara.cz","19207","169154.1217143573"
"515","filmovyprehled.cz","19175","322561.8273935467"
"516","iletaky.cz","19161","317664.5163416099"
"517","nike.com","19150","723870.3012488373"
"518","jrc.cz","19118","187975.03367715888"
"519","omlazeni.cz","19116","14277.826861960813"
"520","mobilenet.cz","19109","127627.77423127182"
"521","biolib.cz","19081","142653.33723064512"
"522","meteoblue.com","19068","195688.48069120944"
"523","xzone.cz","19023","99337.93188678473"
"524","cez.cz","18989","436059.10361963697"
"525","regiontourist.cz","18988","114495.188361926"
"526","cd.cz","18959","787811.092529742"
"527","moviezone.cz","18928","94769.82999620028"
"528","treking.cz","18900","111226.47072718106"
"529","jcu.cz","18890","112927.39816301502"
"530","lego.com","18846","468419.28953369893"
"531","muziker.cz","18835","125284.55969192274"
"532","amazon.de","18822","39677.55268258788"
"533","tchibo.cz","18799","177342.8535459563"
"534","dreamstime.com","18788","17815.58685231395"
"535","ceskykutil.cz","18761","25783.038004461676"
"536","antikavion.cz","18728","30196.682562440634"
"537","thesaurus.com","18720","55669.41025910713"
"538","yourdictionary.com","18715","18312.072936143726"
"539","agel.cz","18705","141467.1436803341"
"540","techradar.com","18698","41849.19297532365"
"541","gramodesky.cz","18696","218259.5569863692"
"542","ceneo.pl","18690","12923.463501414284"
"543","makeup.cz","18664","89685.82495043986"
"544","slideplayer.cz","18657","13998.843769000843"
"545","recenzer.cz","18634","49519.321568531916"
"546","bonprix.cz","18607","160088.58066430502"
"547","ew.com","18527","31285.683157315478"
"548","vsb.cz","18506","148841.6340063028"
"549","rb.cz","18453","403557.0241705645"
"550","footshop.cz","18451","427182.97145568766"
"551","pamatkovykatalog.cz","18439","139472.43109217286"
"552","multimediaexpo.cz","18420","21821.30838449858"
"553","dovolena.cz","18398","101126.85035609454"
"554","kupnisila.cz","18396","155587.54597672634"
"555","oriondomacipotreby.cz","18380","152632.96280602552"
"556","pro-doma.cz","18379","201924.5538913291"
"557","allevents.in","18374","19024.429114736617"
"558","aol.com","18318","23975.132664021105"
"559","ifauna.cz","18257","293300.8021131456"
"560","gamesradar.com","18246","39569.526265909895"
"561","edenred.cz","18174","77993.03713010624"
"562","parfemy-elnino.cz","18149","178755.99788812734"
"563","biooo.cz","18147","127065.96733733453"
"564","discogs.com","18068","36930.208971366286"
"565","olomouc.cz","18065","151199.56057300046"
"566","milujivareni.cz","18028","26538.55879770033"
"567","economictimes.com","17971","28420.221734657884"
"568","lekarnaave.cz","17969","123344.45056977868"
"569","kompasslev.cz","17958","131557.03350862488"
"570","deezer.com","17937","46149.463720491156"
"571","autoweb.cz","17920","46076.98685609922"
"572","brno.cz","17868","249906.17857613228"
"573","pngegg.com","17860","16209.580567760393"
"574","cestolino.cz","17858","26673.842717492953"
"575","skvelecesko.cz","17858","74079.14912818931"
"576","balikovna.cz","17850","100203.48131095432"
"577","pcmag.com","17800","42478.90600797534"
"578","metacritic.com","17799","28917.9278420303"
"579","ccc.eu","17781","233001.19917861745"
"580","brainmarket.cz","17777","177599.3835817445"
"581","hotels.com","17773","136995.7070894912"
"582","nasregion.cz","17770","30578.65367556922"
"583","vut.cz","17767","77615.20734734647"
"584","prahain.cz","17762","142291.04230229184"
"585","target.com","17713","19008.246377386153"
"586","tourismato.cz","17681","26073.726607536897"
"587","radiotimes.com","17680","36016.11099920422"
"588","moovitapp.com","17671","59923.94829588197"
"589","booktook.cz","17665","48100.84207646549"
"590","airbnb.cz","17625","111467.89717623591"
"591","pravidla.cz","17619","228476.95461671986"
"592","wordwall.net","17588","126476.99384461902"
"593","bombuj.si","17563","366226.9038718678"
"594","meteobox.cz","17514","328909.97715009376"
"595","hepsiburada.com","17465","11990.417365742847"
"596","mediaguru.cz","17463","122718.64141477086"
"597","stobklub.cz","17449","84056.69918938354"
"598","asko-nabytek.cz","17445","146349.98798787408"
"599","annonce.cz","17434","79741.16148560122"
"600","autoforum.cz","17401","53101.24480411783"
"601","prazskypatriot.cz","17351","36791.4931535963"
"602","sevt.cz","17336","66564.79250041768"
"603","gamespot.com","17329","20970.108738832176"
"604","tribune.cz","17310","40011.24557177536"
"605","deadline.com","17260","30730.245283948258"
"606","oed.com","17237","43247.85597737506"
"607","atlaso.cz","17235","32069.361844971776"
"608","meteocentrum.cz","17210","2550009.8182212003"
"609","medvik.cz","17172","46344.117261780426"
"610","airbank.cz","17161","353441.5446760226"
"611","bandzone.cz","17153","178743.25496599637"
"612","posters.cz","17151","91499.36305396259"
"613","svetzeny.cz","17147","50382.62319803797"
"614","edumedicare.cz","17101","9904.798984831199"
"615","chip.cz","17068","79641.92731136829"
"616","receptia.cz","17055","35205.52687469311"
"617","tvtropes.org","17050","18804.053107554093"
"618","estav.cz","17038","49577.64770507254"
"619","helpforenglish.cz","17029","263677.5931594912"
"620","luxusnipradlo.cz","16975","42264.136173961684"
"621","fandimefilmu.cz","16948","77845.9878100697"
"622","tumblr.com","16930","24477.88789524883"
"623","thefreedictionary.com","16919","17164.419905159622"
"624","supermusic.cz","16912","101565.09755731001"
"625","bergfex.cz","16898","210909.03391023353"
"626","t-mobile.cz","16862","580502.4036210459"
"627","commonsensemedia.org","16844","35614.420714186504"
"628","eurofotbal.cz","16813","263119.08438501507"
"629","zoohit.cz","16809","186257.39027368277"
"630","snow.cz","16791","340818.8385589253"
"631","filmaffinity.com","16791","16534.255699651316"
"632","bscom.cz","16730","17410.961227538064"
"633","telegraph.co.uk","16690","21336.042359875515"
"634","4home.cz","16664","55149.611210059375"
"635","rome2rio.com","16603","26665.391713337973"
"636","byjus.com","16595","27664.845041112974"
"637","akakce.com","16590","12467.418905645609"
"638","banky.cz","16535","185991.5570041947"
"639","beyazperde.com","16530","21716.72254304774"
"640","altisport.cz","16522","117419.1697339639"
"641","skoda-auto.cz","16470","465730.28380183317"
"642","myloview.cz","16452","9731.77757695131"
"643","abc.net.au","16451","21400.847660690546"
"644","westfield.com","16415","325078.8805779349"
"645","srovnejto.cz","16405","170387.57484389096"
"646","pluxee.cz","16404","107014.65851174481"
"647","krizovky-slovnik.cz","16396","160903.88248843327"
"648","originalky.cz","16389","43919.261748110875"
"649","sportvision.cz","16349","139268.48744302616"
"650","khanacademy.org","16321","139226.51938274503"
"651","statnisprava.cz","16320","258620.66109393537"
"652","palmknihy.cz","16314","39115.645135469735"
"653","czwiki.cz","16297","13372.932371973991"
"654","flexdog.cz","16229","250978.7780978307"
"655","dennikn.sk","16216","29758.527745181695"
"656","allocine.fr","16150","19241.396489189938"
"657","prvni-lekarna.cz","16148","81797.98431379907"
"658","i-divadlo.cz","16146","303509.7714523934"
"659","homago.cz","16146","14056.228351674974"
"660","navstevalekare.cz","16128","31225.313633179292"
"661","douglas.cz","16126","264442.1990562286"
"662","nypost.com","16124","27189.78444815986"
"663","weather.com","16096","553936.7623528596"
"664","respekt.cz","16096","76901.58290334605"
"665","fio.cz","16076","413194.67449374683"
"666","prostreno.cz","16065","21360.229419274256"
"667","redbubble.com","16020","17964.69134434499"
"668","deichmann.com","15983","167263.52127259783"
"669","eberry.cz","15958","20684.501579541713"
"670","lonelyplanet.com","15939","57972.252991953865"
"671","ekonom.cz","15939","32520.611768160015"
"672","hrady.cz","15916","61285.22629864514"
"673","isic.cz","15890","135151.014731301"
"674","zdopravy.cz","15838","166290.82099966332"
"675","ft.com","15824","37560.83862143569"
"676","solen.cz","15819","53992.477076543495"
"677","siko.cz","15808","189626.22138581797"
"678","rollingstone.com","15796","27552.74928309582"
"679","ucitelnice.cz","15792","57920.74475300126"
"680","jaktak.cz","15734","14262.107675006613"
"681","fnbrno.cz","15690","144769.28978778794"
"682","nejremeslnici.cz","15680","22787.374283852056"
"683","poznatsvet.cz","15650","54230.00935757533"
"684","jcted.cz","15647","45244.05310629308"
"685","uciteleucitelum.cz","15624","23964.412665935233"
"686","primanapady.cz","15613","15752.900073153898"
"687","rockpoint.cz","15607","199083.33572163805"
"688","mendelu.cz","15600","127155.43900726363"
"689","canada.ca","15581","31094.551900340244"
"690","vitalion.cz","15526","26105.835083043203"
"691","skrblik.cz","15511","14534.432032961398"
"692","zenysro.cz","15495","22726.86225993"
"693","ferpotravina.cz","15490","88174.98873294517"
"694","time.com","15462","31756.399844909087"
"695","citybee.cz","15455","99493.47227511741"
"696","osu.cz","15448","95875.51754947007"
"697","sofascore.com","15421","132209.61978024244"
"698","azfirma.cz","15412","29498.754693469033"
"699","kafe.cz","15394","54561.872843407094"
"700","hudy.cz","15368","151786.7930758763"
"701","cena-vykon.cz","15363","92289.81266918592"
"702","praha.eu","15336","252150.37848094478"
"703","tul.cz","15335","76014.35786607489"
"704","medicalnewstoday.com","15313","58905.123070728034"
"705","insportline.cz","15253","82294.3836289458"
"706","tedi.com","15223","56051.6186814066"
"707","valka.cz","15181","70329.98183949478"
"708","bike-forum.cz","15147","52512.29765745811"
"709","pid.cz","15144","473538.47890096717"
"710","hrot24.cz","15142","87942.00007867627"
"711","igurmet.cz","15139","35369.93284578994"
"712","cnb.cz","15126","346107.4086235538"
"713","nbcnews.com","15109","27062.296638846397"
"714","kjm.cz","15094","41674.60475353524"
"715","fotbal.cz","15084","359424.0475229211"
"716","rehabilitace.info","15081","9464.40570791252"
"717","harvard.edu","15056","38622.51211097278"
"718","avcr.cz","15056","83205.70265421458"
"719","timeout.com","15017","75060.60054476559"
"720","newstream.cz","15012","39473.508211297914"
"721","imago.cz","15012","162541.57136131637"
"722","mojezdravi.cz","15010","14449.90124921687"
"723","yrno.cz","15008","737359.6512755137"
"724","dostupnyadvokat.cz","14993","164752.12184631452"
"725","archiweb.cz","14989","81670.73461193219"
"726","investopedia.com","14986","168596.96380383335"
"727","vysokeskoly.cz","14973","236944.8830759842"
"728","mozilla.org","14945","154615.49552773498"
"729","cinemacity.cz","14944","704888.8614312671"
"730","thesun.co.uk","14881","24716.663563836366"
"731","techsvet.cz","14876","121987.21107831039"
"732","atlasceska.cz","14863","33294.4440113958"
"733","sportovnivozy.cz","14840","74548.38892298006"
"734","wbs.cz","14832","54867.4042906519"
"735","tradera.com","14825","11236.558610318229"
"736","mistopisy.cz","14794","27574.72092713043"
"737","lekarna-bella.cz","14767","266453.3026646096"
"738","wiley.com","14738","16163.731086932123"
"739","yauto.cz","14737","29364.917398851365"
"740","cklub.cz","14686","29669.836822310463"
"741","expedia.com","14657","22701.38337542489"
"742","disneyplus.com","14644","255354.56592851505"
"743","nasepraha.cz","14607","21344.126536495984"
"744","zpmvcr.cz","14543","115012.11191865802"
"745","turistickamapa.cz","14540","55554.312727380544"
"746","tescoma.cz","14536","323659.38576035015"
"747","conrad.cz","14516","38688.51974680647"
"748","ppl.cz","14493","170272.99645174854"
"749","adc.sk","14486","33534.30404276587"
"750","zara.com","14478","214716.71580106206"
"751","internimedicina.cz","14474","69171.11583973467"
"752","kultura.cz","14448","44624.04232781008"
"753","ostrava.cz","14441","154403.4763440322"
"754","rogerebert.com","14408","18422.692243384197"
"755","pediatriepropraxi.cz","14405","61784.11900374107"
"756","recenze.cz","14402","83438.7953870967"
"757","uptodown.com","14362","65869.76757627167"
"758","modrastrecha.cz","14360","24325.246282760054"
"759","polygon.com","14356","26767.25274587795"
"760","feedo.cz","14322","98246.00369060226"
"761","hotely.cz","14322","141063.89047035947"
"762","detskyeshop.cz","14319","53766.72824339941"
"763","a3sport.cz","14312","134222.64393132553"
"764","maxikovy-hracky.cz","14283","28351.364768764004"
"765","epravo.cz","14274","46479.48322387226"
"766","vitalpoint.cz","14231","52462.6671731025"
"767","mcdonalds.cz","14228","1778319.172780566"
"768","kdykde.cz","14227","40373.61978865601"
"769","vse.cz","14226","116486.2148301471"
"770","holidaycheck.de","14223","12292.370957832783"
"771","cnews.cz","14157","65732.67344698496"
"772","iglanc.cz","14156","65622.88483740203"
"773","skroutz.gr","14143","7820.2165649831295"
"774","ndtv.com","14134","25339.571803895757"
"775","kinomaniak.cz","14120","99133.45664072968"
"776","archiveofourown.org","14101","36173.51559723541"
"777","mivemi.cz","14099","29141.591335698962"
"778","linkos.cz","14094","143874.64462425"
"779","westwing.cz","14083","82420.8616405353"
"780","navod-k-obsluze.cz","14061","20381.473301319405"
"781","kamody.cz","14061","23759.230607440695"
"782","driveto.cz","14051","117745.68519689515"
"783","multisport.cz","14021","89073.31709223427"
"784","chovzvirat.cz","14020","74548.3324975688"
"785","heureka.sk","14018","16197.790193589404"
"786","yandex.ru","13975","20739.623855551705"
"787","frekvence1.cz","13975","59440.36043750681"
"788","wired.com","13960","28174.405023615807"
"789","elle.cz","13957","49692.232075143605"
"790","kfc.cz","13956","296532.2011461742"
"791","vecteezy.com","13941","32243.958749923855"
"792","amazon.ca","13928","12703.117704661563"
"793","skibi.cz","13913","57312.361588820815"
"794","mfcr.cz","13863","210513.70645223185"
"795","cylex.cz","13845","8581.035660820082"
"796","washingtonpost.com","13840","20839.818792995065"
"797","sportega.cz","13835","54347.84719251655"
"798","edupage.org","13832","122005.24179105088"
"799","onlajny.com","13826","240549.44037542865"
"800","setricestu.cz","13825","20656.294953208417"
"801","xm.cz","13812","36635.52469647303"
"802","kytary.cz","13808","250793.38834876008"
"803","transfermarkt.com","13795","276301.06475758366"
"804","mediately.co","13795","112437.19003720023"
"805","restorio.cz","13777","34293.76734103635"
"806","fajn-brigady.cz","13774","110792.05173680931"
"807","fashiola.cz","13771","116306.00805853307"
"808","rvp.cz","13752","76758.4050824903"
"809","mojevideo.sk","13739","22782.262879978865"
"810","ambi.cz","13737","413164.13555196114"
"811","vscht.cz","13731","111406.73150183074"
"812","mdpi.com","13683","16608.07923986204"
"813","remax-czech.cz","13669","76925.0892152898"
"814","ea.com","13624","154335.866003884"
"815","penzion.cz","13570","133445.42923279293"
"816","neckermann-online.cz","13540","51766.12073086016"
"817","pbs.org","13540","25443.22920080647"
"818","bloomberg.com","13533","61909.88790485449"
"819","utb.cz","13519","67439.9930776935"
"820","ebay.co.uk","13501","13995.382034255192"
"821","langeek.co","13442","16198.930823767558"
"822","dexerto.com","13441","22829.947918899357"
"823","mapaobchodu.cz","13440","21585.6580905132"
"824","netfirmy.cz","13436","13019.66381155327"
"825","enviweb.cz","13432","23688.291735373437"
"826","kukacka.cz","13418","20685.139191931114"
"827","zahradnictvi-flos.cz","13406","288965.6630463693"
"828","auto-mania.cz","13398","16185.764110539109"
"829","mojedatovaschranka.cz","13394","405981.73973521776"
"830","cbc.ca","13330","16374.485881632194"
"831","flowee.cz","13306","42341.04163156077"
"832","parade.com","13304","43075.174003221095"
"833","alik.cz","13302","140133.07043027133"
"834","ldoceonline.com","13295","15101.951606359333"
"835","darujizaodvoz.cz","13281","35110.48068024032"
"836","cookidoo.cz","13263","64577.264137111604"
"837","billboard.com","13260","24166.95778111741"
"838","thehindu.com","13254","19927.71759743616"
"839","ca.gov","13232","26039.238121420145"
"840","filmserver.cz","13212","53688.38714038022"
"841","ultimate-guitar.com","13206","83522.79159395024"
"842","cas.sk","13205","37627.81677069329"
"843","ticketstream.cz","13198","95172.08514324948"
"844","petcenter.cz","13191","113239.13771148585"
"845","ceskepodcasty.cz","13179","82681.99247388914"
"846","musicserver.cz","13179","53056.09454890154"
"847","stoklasa.cz","13169","153947.43580332585"
"848","mobilizujeme.cz","13165","44329.3689500913"
"849","express.co.uk","13162","16373.736646441743"
"850","wikivoyage.org","13158","32371.675479570404"
"851","jbhifi.com.au","13154","16484.446085188538"
"852","zahradnictvi-spomysl.cz","13145","282396.8945160154"
"853","autodoc.cz","13130","44127.849855698645"
"854","tonerpartner.cz","13127","17799.02732650377"
"855","czu.cz","13120","147140.4181889277"
"856","w3schools.com","13082","177567.93321111985"
"857","dudlu.cz","13068","45143.32993030548"
"858","caranddriver.com","13046","29683.989697122946"
"859","ceskyhokej.cz","13046","129701.2194378525"
"860","huramobil.cz","13041","67559.18198177777"
"861","theconversation.com","13030","19000.478200044483"
"862","letras.com","13022","20409.804666668177"
"863","cosmopolitan.com","12972","39108.4270390179"
"864","eta.cz","12954","105559.5732157994"
"865","mj-krasazdravi.cz","12945","52324.51345315203"
"866","mediar.cz","12937","108220.55669000372"
"867","pcgamer.com","12935","26905.043162304908"
"868","ptejteseknihovny.cz","12930","49533.104804068804"
"869","idealo.de","12930","9085.44579862617"
"870","ubuy.cz","12904","14777.412212176248"
"871","nkz.cz","12897","38443.507825734094"
"872","cyklobazar.cz","12889","74503.60468979739"
"873","unesco-czech.cz","12886","59352.532999712974"
"874","superzajezdy.cz","12882","34951.97243672609"
"875","kvelektro.cz","12873","135186.10426040553"
"876","hnonline.sk","12867","21318.600913932547"
"877","kayak.com","12862","62158.237790888175"
"878","info-praha.cz","12848","22357.870613962412"
"879","reservio.cz","12848","126432.864932945"
"880","standard.co.uk","12833","19052.055883182213"
"881","today.com","12810","32652.499982710928"
"882","zing.cz","12795","43245.43293535896"
"883","darky.cz","12791","31489.890449445695"
"884","investing.com","12787","142121.1682056263"
"885","globe24.cz","12749","77387.50032765232"
"886","babyonline.cz","12739","17834.606149740517"
"887","vaschovatel.cz","12736","68834.41483244486"
"888","adidas.cz","12733","354761.19748170674"
"889","usnews.com","12726","28844.08407432027"
"890","easy-prace.cz","12693","106626.51725420915"
"891","plzen.eu","12692","159196.05762717873"
"892","newyorker.de","12689","96877.16763785481"
"893","tripadvisor.co.uk","12682","25461.977264620364"
"894","prehrajto.cz","12681","97803.2429915946"
"895","fno.cz","12657","91184.4515746478"
"896","indian-tv.cz","12653","66390.70102105848"
"897","nasa.gov","12631","75749.2342985738"
"898","konzoliste.cz","12622","101323.34106967226"
"899","mrk.cz","12618","65842.50227273442"
"900","latimes.com","12617","19685.059162192047"
"901","vulture.com","12613","30159.11347692646"
"902","megapixel.cz","12612","92846.55335808732"
"903","markiza.sk","12597","97584.79272080213"
"904","svet-svitidel.cz","12592","131442.74328668602"
"905","azet.sk","12584","40309.99571736716"
"906","marksandspencer.com","12583","72441.82978580147"
"907","pixers.cz","12572","17904.898583466187"
"908","umimecesky.cz","12550","457035.57543328404"
"909","company-information.service.gov.uk","12536","29660.370351152495"
"910","pozary.cz","12521","57343.66466164403"
"911","teraz.sk","12519","18190.4891917184"
"912","stahuj.cz","12513","166265.80533836782"
"913","spokojenypes.cz","12503","282828.1715242043"
"914","bandcamp.com","12489","23518.63397397846"
"915","musicrecords.cz","12481","73767.02801791206"
"916","gate.shop","12474","91550.47763589956"
"917","overenorodici.cz","12451","72499.66811643168"
"918","infoz.cz","12448","56744.25979433954"
"919","ontola.com","12445","39518.95362937823"
"920","sweet.tv","12441","86092.61540982686"
"921","fitness007.cz","12435","143221.57972377352"
"922","cnbc.com","12433","161141.3061944414"
"923","mundo.cz","12429","233230.3401003182"
"924","ceskekormidlo.cz","12424","99222.87521299161"
"925","spa.cz","12412","218934.6519368291"
"926","receptynakazdyden.cz","12401","166839.83055722713"
"927","trustpilot.com","12390","65583.00784053467"
"928","detail.cz","12375","20181.717902362347"
"929","oma.sk","12365","12446.72284720838"
"930","c-and-a.com","12360","99837.27239270695"
"931","tomsguide.com","12355","27355.37380203232"
"932","cysnews.cz","12343","20680.827334154397"
"933","linguee.com","12328","48477.01353788003"
"934","vikendovepeceni.cz","12304","187050.7176968623"
"935","oup.com","12300","37716.7127486188"
"936","max.com","12292","126939.38468093798"
"937","zahradkarskaporadna.cz","12282","21501.918531859294"
"938","svetubytovani.cz","12282","16295.818797798827"
"939","finex.cz","12255","139688.34929179773"
"940","top4running.cz","12252","131750.69717095606"
"941","sky.com","12247","30851.26806475036"
"942","bezvasport.cz","12237","92073.14815954864"
"943","weblio.jp","12233","9507.536273550242"
"944","bezhladoveni.cz","12231","52648.92623546347"
"945","newsweek.com","12223","15165.344055091962"
"946","epicgames.com","12206","234627.12160633318"
"947","expats.cz","12204","69986.61147209443"
"948","rcprofi.cz","12200","77243.13120671362"
"949","nsw.gov.au","12189","23775.894527787343"
"950","portal.cz","12188","76543.90701334737"
"951","startitup.sk","12174","14456.804028961807"
"952","onlinehrackarstvi.cz","12166","12076.927183035761"
"953","primark.com","12162","109409.93811690621"
"954","sephora.cz","12150","361421.8398005534"
"955","sportisimopro.cz","12146","89606.44300201163"
"956","sportsdirect.cz","12140","47511.63058311306"
"957","totalfilm.cz","12135","70343.10369200632"
"958","ujep.cz","12114","75089.44431545585"
"959","impuls.cz","12102","74906.5766909942"
"960","skylink.cz","12087","266734.94693410955"
"961","hotelypenziony.cz","12082","25139.726296056062"
"962","movieweb.com","12080","12623.244590243325"
"963","state.gov","12060","51043.28602406196"
"964","buzzfeed.com","12059","23935.778159935027"
"965","ventusky.com","12006","107227.66200485453"
"966","bata.com","12001","59654.555617569014"
"967","nhl.com","11998","310901.24793885276"
"968","finstat.sk","11984","29820.56557889469"
"969","yr.no","11976","457576.2445940152"
"970","pons.com","11972","61309.01322168484"
"971","pesweb.cz","11949","126678.46197601967"
"972","genesis-eshop.cz","11945","94703.4255434405"
"973","eonline.com","11942","27170.902902806178"
"974","pazitka.cz","11924","21059.24420314841"
"975","pravopisne.cz","11923","463683.3532543797"
"976","nvidia.com","11921","95275.30342690647"
"977","upce.cz","11902","73611.78341846913"
"978","ruik.cz","11900","54158.05177975632"
"979","tenor.com","11880","90192.27211297676"
"980","zones.sk","11865","24011.14936538227"
"981","sita.sk","11863","15656.368843823671"
"982","last.fm","11847","34832.73193412274"
"983","vecerni-praha.cz","11845","19681.29579014331"
"984","knihydaniela.cz","11814","13320.477444713935"
"985","zatrolene-hry.cz","11801","132554.3391602859"
"986","slideshare.net","11793","8587.160612361506"
"987","decodoma.cz","11786","51838.30599598773"
"988","pexels.com","11786","833276.5402898788"
"989","pcgamesn.com","11784","52470.38724136725"
"990","cbvk.cz","11782","26114.488619290292"
"991","czc.cz","11778","104970.59042897634"
"992","flashscore.sk","11777","79478.54482208937"
"993","grizly.cz","11774","112857.27940233238"
"994","vhodne-uverejneni.cz","11739","36481.24847134948"
"995","nexusmods.com","11713","46463.3614322599"
"996","eurogamer.net","11699","26403.697226921096"
"997","ronnie.cz","11698","68193.51918378286"
"998","skodahome.cz","11670","37162.93027814664"
"999","recept.sk","11609","6598.255154704675"
"1000","easyjet.com","11580","41060.575598590076"