{
    "google.com": {
        "accounts": {
            "A": [
                "142.250.102.84"
            ],
            "CNAME": []
        },
        "android.clients": {
            "A": [
                "142.251.36.110",
                "142.251.36.142",
                "142.251.37.110",
                "142.251.36.78"
            ],
            "CNAME": [
                "android.l.google.com"
            ]
        },
        "android.l": {
            "A": [
                "142.251.36.110",
                "142.251.36.142",
                "142.251.37.110",
                "142.251.36.78"
            ],
            "CNAME": []
        },
        "mtalk": {
            "A": [
                "142.251.31.188"
            ],
            "CNAME": []
        },
        "adservice": {
            "A": [
                "142.251.36.98"
            ],
            "CNAME": []
        },
        "fundingchoicesmessages": {
            "A": [
                "142.251.36.110"
            ],
            "CNAME": [
                "www3.l.google.com"
            ]
        },
        "www3.l": {
            "A": [
                "142.251.36.110"
            ],
            "CNAME": []
        }
    },
    "modrykonik.cz": {
        "modrykonik.cz": {
            "A": [
                "217.16.191.16"
            ],
            "CNAME": []
        },
        "www": {
            "A": [
                "217.16.191.16"
            ],
            "CNAME": []
        }
    },
    "googleapis.com": {
        "fonts": {
            "A": [
                "142.251.36.138"
            ],
            "CNAME": []
        },
        "content-autofill": {
            "A": [
                "142.251.36.138",
                "142.251.36.106",
                "142.251.36.74",
                "142.251.37.106"
            ],
            "CNAME": []
        }
    },
    "gstatic.com": {
        "fonts": {
            "A": [
                "142.251.37.99"
            ],
            "CNAME": []
        }
    },
    "adform.net": {
        "c1": {
            "A": [
                "37.157.2.14"
            ],
            "CNAME": [
                "track.adformnet.akadns.net"
            ]
        },
        "adx": {
            "A": [
                "37.157.6.237",
                "37.157.6.254",
                "37.157.6.233",
                "37.157.6.243",
                "37.157.6.231",
                "37.157.6.232"
            ],
            "CNAME": [
                "track-eu.adformnet.akadns.net"
            ]
        },
        "s1": {
            "A": [
                "37.157.6.245"
            ],
            "CNAME": [
                "s1-eu-cname.adformnet.akadns.net",
                "nstrp.adform.net"
            ]
        },
        "nstrp": {
            "A": [
                "37.157.6.245"
            ],
            "CNAME": []
        },
        "track": {
            "A": [
                "37.157.6.243",
                "37.157.6.232",
                "37.157.6.231",
                "37.157.6.237",
                "37.157.6.233",
                "37.157.6.254"
            ],
            "CNAME": [
                "track-eu.adformnet.akadns.net"
            ]
        }
    },
    "akadns.net": {
        "track.adformnet": {
            "A": [
                "37.157.2.14"
            ],
            "CNAME": []
        },
        "track-eu.adformnet": {
            "A": [
                "37.157.6.243",
                "37.157.6.232",
                "37.157.6.231",
                "37.157.6.237",
                "37.157.6.233",
                "37.157.6.254"
            ],
            "CNAME": []
        },
        "s1-eu-cname.adformnet": {
            "A": [],
            "CNAME": [
                "nstrp.adform.net"
            ]
        }
    },
    "vshcdn.net": {
        "mkczasmodrykonik": {
            "A": [
                "93.185.110.100"
            ],
            "CNAME": []
        },
        "mkimgstrollerscz": {
            "A": [
                "93.185.110.100"
            ],
            "CNAME": []
        },
        "mkczimgmodrykonik": {
            "A": [
                "93.185.110.101"
            ],
            "CNAME": []
        }
    },
    "doubleclick.net": {
        "securepubads.g": {
            "A": [
                "142.251.36.130"
            ],
            "CNAME": []
        },
        "pagead46.l": {
            "A": [
                "142.251.36.98"
            ],
            "CNAME": []
        },
        "pubads.g": {
            "A": [
                "142.251.36.66"
            ],
            "CNAME": []
        },
        "stats.g": {
            "A": [
                "142.251.18.154",
                "142.251.18.156",
                "142.251.18.157",
                "142.251.18.155"
            ],
            "CNAME": []
        }
    },
    "modrykonik.com": {
        "sentry": {
            "A": [
                "217.16.191.20"
            ],
            "CNAME": []
        }
    },
    "googleusercontent.com": {
        "lh3": {
            "A": [
                "142.251.36.97"
            ],
            "CNAME": [
                "googlehosted.l.googleusercontent.com"
            ]
        },
        "googlehosted.l": {
            "A": [
                "142.251.36.97"
            ],
            "CNAME": []
        }
    }
}