[
    {
        "requested_by": "https://srovnanicen.cz/",
        "time": 236165.566044,
        "requested_resource": "https://srovnanicen.cz/",
        "initiator": {
            "type": "other"
        }
    },
    {
        "requested_by": "https://www.srovnanicen.cz/",
        "time": 236165.76012,
        "requested_resource": "https://www.srovnanicen.cz/",
        "initiator": {
            "type": "other"
        }
    },
    {
        "requested_by": "https://www.srovnanicen.cz/",
        "time": 236166.111016,
        "requested_resource": "https://www.srovnanicen.cz/css/f3581c3.css?v32",
        "initiator": {
            "columnNumber": 106,
            "lineNumber": 46,
            "type": "parser",
            "url": "https://www.srovnanicen.cz/"
        }
    },
    {
        "requested_by": "https://www.srovnanicen.cz/",
        "time": 236166.111248,
        "requested_resource": "https://fonts.googleapis.com/css?family=Open+Sans:400,700&subset=latin-ext",
        "initiator": {
            "columnNumber": 113,
            "lineNumber": 53,
            "type": "parser",
            "url": "https://www.srovnanicen.cz/"
        }
    },
    {
        "requested_by": "https://www.srovnanicen.cz/",
        "time": 236166.111304,
        "requested_resource": "https://www.srovnanicen.cz/bundles/ui/images/logo.svg?v32",
        "initiator": {
            "columnNumber": 95,
            "lineNumber": 92,
            "type": "parser",
            "url": "https://www.srovnanicen.cz/"
        }
    },
    {
        "requested_by": "https://www.srovnanicen.cz/",
        "time": 236166.111339,
        "requested_resource": "https://im9.cz/iR/importprodukt-orig/058/0582c1c2443f5fe5774960a48f0afe0c--mmf400x400.jpg",
        "initiator": {
            "columnNumber": 174,
            "lineNumber": 246,
            "type": "parser",
            "url": "https://www.srovnanicen.cz/"
        }
    },
    {
        "requested_by": "https://www.srovnanicen.cz/",
        "time": 236166.111364,
        "requested_resource": "https://im9.cz/iR/importprodukt-orig/c93/c93d7f3f7656a1a20836baf48d3cbad2--mmf400x400.jpg",
        "initiator": {
            "columnNumber": 172,
            "lineNumber": 254,
            "type": "parser",
            "url": "https://www.srovnanicen.cz/"
        }
    },
    {
        "requested_by": "https://www.srovnanicen.cz/",
        "time": 236166.111395,
        "requested_resource": "https://im9.cz/iR/importprodukt-orig/c27/c27880a49d2d22b9e644c98212e19593--mmf400x400.jpg",
        "initiator": {
            "columnNumber": 163,
            "lineNumber": 262,
            "type": "parser",
            "url": "https://www.srovnanicen.cz/"
        }
    },
    {
        "requested_by": "https://www.srovnanicen.cz/",
        "time": 236166.111418,
        "requested_resource": "https://im9.cz/iR/importprodukt-orig/592/5928d62b227f26f1ec905345bf41c778--mmf400x400.jpg",
        "initiator": {
            "columnNumber": 175,
            "lineNumber": 270,
            "type": "parser",
            "url": "https://www.srovnanicen.cz/"
        }
    },
    {
        "requested_by": "https://www.srovnanicen.cz/",
        "time": 236166.111438,
        "requested_resource": "https://im9.cz/iR/importprodukt-orig/bb1/bb14bf6e0e5bce76430a53d51075edd8--mmf400x400.jpg",
        "initiator": {
            "columnNumber": 166,
            "lineNumber": 278,
            "type": "parser",
            "url": "https://www.srovnanicen.cz/"
        }
    },
    {
        "requested_by": "https://www.srovnanicen.cz/",
        "time": 236166.111464,
        "requested_resource": "https://www.srovnanicen.cz/js/6daf1c5.js?v32",
        "initiator": {
            "columnNumber": 70,
            "lineNumber": 462,
            "type": "parser",
            "url": "https://www.srovnanicen.cz/"
        }
    },
    {
        "requested_by": "https://www.srovnanicen.cz/",
        "time": 236166.121452,
        "requested_resource": "https://sdk.privacy-center.org/a395b1ec-5200-4fcc-98ba-520bc8992f2b/loader.js?target=www.srovnanicen.cz",
        "initiator": {
            "stack": {
                "callFrames": [
                    {
                        "columnNumber": 276,
                        "functionName": "",
                        "lineNumber": 13,
                        "scriptId": "15",
                        "url": "https://www.srovnanicen.cz/"
                    }
                ]
            },
            "type": "script"
        }
    },
    {
        "requested_by": "https://www.srovnanicen.cz/",
        "time": 236166.121861,
        "requested_resource": "https://www.srovnanicen.cz/css/08fb113.css?v32",
        "initiator": {
            "columnNumber": 125,
            "lineNumber": 48,
            "type": "parser",
            "url": "https://www.srovnanicen.cz/"
        }
    },
    {
        "requested_by": "https://www.srovnanicen.cz/",
        "time": 236166.121894,
        "requested_resource": "https://www.srovnanicen.cz/css/25dfba7.css?v32",
        "initiator": {
            "columnNumber": 46,
            "lineNumber": 51,
            "type": "parser",
            "url": "https://www.srovnanicen.cz/"
        }
    },
    {
        "requested_by": "https://www.srovnanicen.cz/",
        "time": 236166.218555,
        "requested_resource": "https://www.srovnanicen.cz/bundles/ui/images/bg-header.svg",
        "initiator": {
            "type": "parser",
            "url": "https://www.srovnanicen.cz/css/f3581c3.css?v32"
        }
    },
    {
        "requested_by": "https://www.srovnanicen.cz/",
        "time": 236166.220077,
        "requested_resource": "https://www.srovnanicen.cz/bundles/ui/fonts/galano-grotesque-bold.woff",
        "initiator": {
            "type": "parser",
            "url": "https://www.srovnanicen.cz/css/f3581c3.css?v32"
        }
    },
    {
        "requested_by": "https://www.srovnanicen.cz/",
        "time": 236166.220386,
        "requested_resource": "https://www.srovnanicen.cz/bundles/ui/images/logo-short.svg",
        "initiator": {
            "type": "parser",
            "url": "https://www.srovnanicen.cz/css/f3581c3.css?v32"
        }
    },
    {
        "requested_by": "https://www.srovnanicen.cz/",
        "time": 236166.220594,
        "requested_resource": "https://www.srovnanicen.cz/bundles/ui/fonts/galano-grotesque-regular.woff",
        "initiator": {
            "type": "parser",
            "url": "https://www.srovnanicen.cz/css/f3581c3.css?v32"
        }
    },
    {
        "requested_by": "https://www.srovnanicen.cz/",
        "time": 236166.480591,
        "requested_resource": "https://fonts.gstatic.com/s/opensans/v40/memvYaGs126MiZpBA-UvWbX2vVnXBbObj2OVTS-muw.woff2",
        "initiator": {
            "type": "parser",
            "url": "https://fonts.googleapis.com/css?family=Open+Sans:400,700&subset=latin-ext"
        }
    },
    {
        "requested_by": "https://www.srovnanicen.cz/",
        "time": 236166.480724,
        "requested_resource": "https://fonts.gstatic.com/s/opensans/v40/memvYaGs126MiZpBA-UvWbX2vVnXBbObj2OVTSGmu1aB.woff2",
        "initiator": {
            "type": "parser",
            "url": "https://fonts.googleapis.com/css?family=Open+Sans:400,700&subset=latin-ext"
        }
    },
    {
        "requested_by": "https://www.srovnanicen.cz/",
        "time": 236166.484695,
        "requested_resource": "https://sdk.privacy-center.org/sdk/169ca3ee90aab3f8a29c09a328c18e41acfef520/modern/sdk.169ca3ee90aab3f8a29c09a328c18e41acfef520.js",
        "initiator": {
            "stack": {
                "callFrames": [
                    {
                        "columnNumber": 52851,
                        "functionName": "e",
                        "lineNumber": 0,
                        "scriptId": "20",
                        "url": "https://sdk.privacy-center.org/a395b1ec-5200-4fcc-98ba-520bc8992f2b/loader.js?target=www.srovnanicen.cz"
                    }
                ]
            },
            "type": "script"
        }
    },
    {
        "requested_by": "https://www.srovnanicen.cz/",
        "time": 236166.528419,
        "requested_resource": "https://sdk.privacy-center.org/sdk/169ca3ee90aab3f8a29c09a328c18e41acfef520/modern/ui-web-cs-web.169ca3ee90aab3f8a29c09a328c18e41acfef520.js",
        "initiator": {
            "stack": {
                "callFrames": [
                    {
                        "columnNumber": 262993,
                        "functionName": "o.l",
                        "lineNumber": 1,
                        "scriptId": "21",
                        "url": "https://sdk.privacy-center.org/sdk/169ca3ee90aab3f8a29c09a328c18e41acfef520/modern/sdk.169ca3ee90aab3f8a29c09a328c18e41acfef520.js"
                    }
                ]
            },
            "type": "script"
        }
    },
    {
        "requested_by": "https://www.srovnanicen.cz/",
        "time": 236166.5652,
        "requested_resource": "https://www.googletagmanager.com/gtm.js?id=GTM-WDD9WM",
        "initiator": {
            "stack": {
                "callFrames": [
                    {
                        "columnNumber": 78,
                        "functionName": "",
                        "lineNumber": 22,
                        "scriptId": "16",
                        "url": "https://www.srovnanicen.cz/"
                    }
                ]
            },
            "type": "script"
        }
    },
    {
        "requested_by": "https://www.srovnanicen.cz/",
        "time": 236166.859164,
        "requested_resource": "https://www.googletagmanager.com/gtag/js?id=G-E567R3VF06&l=dataLayer&cx=c&gtm=45He52k0v71704625za200",
        "initiator": {
            "stack": {
                "callFrames": [
                    {
                        "columnNumber": 482,
                        "functionName": "pc",
                        "lineNumber": 123,
                        "scriptId": "23",
                        "url": "https://www.googletagmanager.com/gtm.js?id=GTM-WDD9WM"
                    }
                ]
            },
            "type": "script"
        }
    },
    {
        "requested_by": "https://www.srovnanicen.cz/",
        "time": 236166.859958,
        "requested_resource": "https://www.googletagmanager.com/gtag/js?id=G-X1034YCQKD&l=dataLayer&cx=c&gtm=45He52k0v71704625za200",
        "initiator": {
            "stack": {
                "callFrames": [
                    {
                        "columnNumber": 482,
                        "functionName": "pc",
                        "lineNumber": 123,
                        "scriptId": "23",
                        "url": "https://www.googletagmanager.com/gtm.js?id=GTM-WDD9WM"
                    }
                ]
            },
            "type": "script"
        }
    },
    {
        "requested_by": "https://www.srovnanicen.cz/",
        "time": 236166.861539,
        "requested_resource": "https://www.google-analytics.com/analytics.js",
        "initiator": {
            "stack": {
                "callFrames": [
                    {
                        "columnNumber": 482,
                        "functionName": "pc",
                        "lineNumber": 123,
                        "scriptId": "23",
                        "url": "https://www.googletagmanager.com/gtm.js?id=GTM-WDD9WM"
                    }
                ]
            },
            "type": "script"
        }
    },
    {
        "requested_by": "https://www.srovnanicen.cz/",
        "time": 236166.862115,
        "requested_resource": "https://spir.hit.gemius.pl/xgemius.js",
        "initiator": {
            "stack": {
                "callFrames": [
                    {
                        "columnNumber": 428,
                        "functionName": "",
                        "lineNumber": 585,
                        "scriptId": "23",
                        "url": "https://www.googletagmanager.com/gtm.js?id=GTM-WDD9WM"
                    }
                ]
            },
            "type": "script"
        }
    },
    {
        "requested_by": "https://www.srovnanicen.cz/",
        "time": 236166.944616,
        "requested_resource": "https://region1.google-analytics.com/g/collect?v=2&tid=G-X1034YCQKD&gtm=45je52k0v874985988z871704625za200zb71704625&_p=1740223993966&gcs=G100&gcd=13p3pPt2t5l1&npa=0&dma_cps=syphamo&dma=1&tcfd=10001&tag_exp=101732279~101732281~102067808~102482433~102539968~102558064~102587591~102605417~102640600~102658453&gdid=dMTc4Zm&cid=1188564318.1740223994&ul=en-us&sr=2560x1440&uaa=x86&uab=64&uafvl=Chromium%3B133.0.6943.126%7CNot(A%253ABrand%3B99.0.0.0&uamb=0&uam=&uap=Windows&uapv=19.0.0&uaw=0&are=1&frm=0&pscdl=denied&_s=1&sid=1740223994&sct=1&seg=0&dl=https%3A%2F%2Fwww.srovnanicen.cz%2F&dt=Srovnanicen.cz%20%E2%80%93%20nejrychlej%C5%A1%C3%AD%20vyhled%C3%A1v%C3%A1n%C3%AD%20zbo%C5%BE%C3%AD&en=page_view&_fv=1&_nsi=1&_ss=1&tfd=1379",
        "initiator": {
            "stack": {
                "callFrames": [
                    {
                        "columnNumber": 285,
                        "functionName": "Ec",
                        "lineNumber": 131,
                        "scriptId": "27",
                        "url": "https://www.googletagmanager.com/gtag/js?id=G-X1034YCQKD&l=dataLayer&cx=c&gtm=45He52k0v71704625za200"
                    }
                ]
            },
            "type": "script"
        }
    },
    {
        "requested_by": "https://www.srovnanicen.cz/",
        "time": 236166.967821,
        "requested_resource": "https://region1.google-analytics.com/g/collect?v=2&tid=G-E567R3VF06&gtm=45je52k0v9122442418z871704625za200zb71704625&_p=1740223993966&gcs=G100&gcd=13p3pPt2t5l1&npa=0&dma_cps=syphamo&dma=1&tcfd=10001&tag_exp=101732282~101732284~102015666~102067808~102482433~102539968~102558064~102587591~102605417~102640600~102658453&gdid=dMTc4Zm&cid=1188564318.1740223994&ul=en-us&sr=2560x1440&uaa=x86&uab=64&uafvl=Chromium%3B133.0.6943.126%7CNot(A%253ABrand%3B99.0.0.0&uamb=0&uam=&uap=Windows&uapv=19.0.0&uaw=0&are=1&frm=0&pscdl=denied&_s=1&sid=1740223994&sct=1&seg=0&dl=https%3A%2F%2Fwww.srovnanicen.cz%2F&dt=Srovnanicen.cz%20%E2%80%93%20nejrychlej%C5%A1%C3%AD%20vyhled%C3%A1v%C3%A1n%C3%AD%20zbo%C5%BE%C3%AD&en=page_view&_fv=1&_ss=1&tfd=1402",
        "initiator": {
            "stack": {
                "callFrames": [
                    {
                        "columnNumber": 285,
                        "functionName": "Ec",
                        "lineNumber": 147,
                        "scriptId": "28",
                        "url": "https://www.googletagmanager.com/gtag/js?id=G-E567R3VF06&l=dataLayer&cx=c&gtm=45He52k0v71704625za200"
                    }
                ]
            },
            "type": "script"
        }
    },
    {
        "requested_by": "https://www.srovnanicen.cz/",
        "time": 236167.208472,
        "requested_resource": "https://www.google-analytics.com/collect?v=1&_v=j101&a=303745482&t=pageview&_s=1&dl=https%3A%2F%2Fwww.srovnanicen.cz%2F&ul=en-us&de=UTF-8&dt=Srovnanicen.cz%20%E2%80%93%20nejrychlej%C5%A1%C3%AD%20vyhled%C3%A1v%C3%A1n%C3%AD%20zbo%C5%BE%C3%AD&sd=24-bit&sr=2560x1440&vp=1234x1172&je=0&_u=YAgAAAABAAAAAAAAIk~&cid=1188564318.1740223994&tid=UA-609399-1&_gid=1262317628.1740223995&gtm=45He52k0n71WDD9WMv71704625za200&gcs=G100&gcd=13p3p3t2t5l1&dma_cps=syphamo&dma=1&tcfd=10001&tag_exp=101732279~101732281~102067808~102482433~102539968~102546771~102558064~102587591~102605417~102640600~102658453&z=727607545",
        "initiator": {
            "columnNumber": 1,
            "lineNumber": 467,
            "type": "parser",
            "url": "https://www.srovnanicen.cz/"
        }
    },
    {
        "requested_by": "https://www.srovnanicen.cz/",
        "time": 236167.249839,
        "requested_resource": "https://www.srovnanicen.cz/bundles/ui/favicons/manifest.json?v32",
        "initiator": {
            "type": "other"
        }
    },
    {
        "requested_by": "https://www.srovnanicen.cz/",
        "time": 236167.25049,
        "requested_resource": "https://www.srovnanicen.cz/bundles/ui/favicons/favicon.ico?v32",
        "initiator": {
            "type": "other"
        }
    }
]