{
    "googletagmanager.com": {
        "www": {
            "A": [
                "142.251.36.104"
            ],
            "CNAME": []
        }
    },
    "srovnanicen.cz": {
        "srovnanicen.cz": {
            "A": [
                "185.68.70.167"
            ],
            "CNAME": []
        },
        "www": {
            "A": [
                "185.68.70.167"
            ],
            "CNAME": []
        }
    },
    "googleapis.com": {
        "fonts": {
            "A": [
                "142.251.36.138"
            ],
            "CNAME": []
        },
        "content-autofill": {
            "A": [
                "142.251.37.106",
                "142.251.36.74",
                "142.251.36.106",
                "142.251.36.138"
            ],
            "CNAME": []
        }
    },
    "im9.cz": {
        "im9.cz": {
            "A": [
                "185.68.70.157",
                "185.68.70.158"
            ],
            "CNAME": []
        }
    },
    "privacy-center.org": {
        "sdk": {
            "A": [
                "65.9.95.124",
                "65.9.95.23",
                "65.9.95.56",
                "65.9.95.111"
            ],
            "CNAME": []
        }
    },
    "gstatic.com": {
        "fonts": {
            "A": [
                "142.251.37.99"
            ],
            "CNAME": []
        }
    },
    "google-analytics.com": {
        "www": {
            "A": [
                "142.251.37.110"
            ],
            "CNAME": []
        },
        "region1": {
            "A": [
                "216.239.34.36",
                "216.239.32.36"
            ],
            "CNAME": []
        }
    },
    "gemius.pl": {
        "spir.hit": {
            "A": [
                "141.95.47.55",
                "141.95.47.54",
                "141.95.47.56",
                "141.95.47.53"
            ],
            "CNAME": []
        },
        "ls.hit": {
            "A": [
                "146.59.30.104",
                "146.59.30.100",
                "146.59.30.96",
                "145.239.237.56"
            ],
            "CNAME": []
        }
    },
    "hotjar.com": {
        "static": {
            "A": [
                "65.9.95.45",
                "65.9.95.121",
                "65.9.95.86",
                "65.9.95.97"
            ],
            "CNAME": [
                "static-cdn.hotjar.com"
            ]
        },
        "static-cdn": {
            "A": [
                "65.9.95.45",
                "65.9.95.121",
                "65.9.95.86",
                "65.9.95.97"
            ],
            "CNAME": []
        }
    },
    "performax.cz": {
        "cdn": {
            "A": [
                "109.123.210.83",
                "109.123.210.81",
                "109.123.221.171"
            ],
            "CNAME": []
        },
        "dale": {
            "A": [
                "109.123.221.50",
                "109.123.221.54",
                "109.123.221.51"
            ],
            "CNAME": []
        },
        "chip": {
            "A": [
                "109.123.221.50",
                "109.123.221.51",
                "109.123.221.54"
            ],
            "CNAME": []
        }
    }
}