[
    {
        "requested_by": "https://bbc.com/",
        "time": 236202.11658,
        "requested_resource": "https://bbc.com/",
        "initiator": {
            "type": "other"
        }
    },
    {
        "requested_by": "https://www.bbc.com/",
        "time": 236202.496352,
        "requested_resource": "https://www.bbc.com/",
        "initiator": {
            "type": "other"
        }
    },
    {
        "requested_by": "https://www.bbc.com/",
        "time": 236202.598582,
        "requested_resource": "https://www.bbc.com/bbcx/_next/static/css/2ca6241c47b04a76.css",
        "initiator": {
            "columnNumber": 2505,
            "lineNumber": 14,
            "type": "parser",
            "url": "https://www.bbc.com/"
        }
    },
    {
        "requested_by": "https://www.bbc.com/",
        "time": 236202.598735,
        "requested_resource": "https://static.bbci.co.uk/frameworks/requirejs/0.13.0/sharedmodules/require.js",
        "initiator": {
            "columnNumber": 2916,
            "lineNumber": 14,
            "type": "parser",
            "url": "https://www.bbc.com/"
        }
    },
    {
        "requested_by": "https://www.bbc.com/",
        "time": 236202.59877,
        "requested_resource": "https://cdn.optimizely.com/public/4621041136/s/bbcx_prod.js",
        "initiator": {
            "columnNumber": 3096,
            "lineNumber": 14,
            "type": "parser",
            "url": "https://www.bbc.com/"
        }
    },
    {
        "requested_by": "https://www.bbc.com/",
        "time": 236202.59884,
        "requested_resource": "https://cdn.tinypass.com/api/tinypass.min.js",
        "initiator": {
            "columnNumber": 3256,
            "lineNumber": 14,
            "type": "parser",
            "url": "https://www.bbc.com/"
        }
    },
    {
        "requested_by": "https://www.bbc.com/",
        "time": 236202.598891,
        "requested_resource": "https://securepubads.g.doubleclick.net/tag/js/gpt.js",
        "initiator": {
            "columnNumber": 3428,
            "lineNumber": 14,
            "type": "parser",
            "url": "https://www.bbc.com/"
        }
    },
    {
        "requested_by": "https://www.bbc.com/",
        "time": 236202.598921,
        "requested_resource": "https://gn-web-assets.api.bbc.com/ngas/latest/dotcom-bootstrap.js",
        "initiator": {
            "columnNumber": 3657,
            "lineNumber": 14,
            "type": "parser",
            "url": "https://www.bbc.com/"
        }
    },
    {
        "requested_by": "https://www.bbc.com/",
        "time": 236202.598953,
        "requested_resource": "https://emp.bbci.co.uk/emp/bump-4/bump-4.js",
        "initiator": {
            "columnNumber": 3815,
            "lineNumber": 14,
            "type": "parser",
            "url": "https://www.bbc.com/"
        }
    },
    {
        "requested_by": "https://www.bbc.com/",
        "time": 236202.598978,
        "requested_resource": "https://www.bbc.com/bbcx/_next/static/chunks/webpack-7e6d8da5e7764916.js",
        "initiator": {
            "columnNumber": 3901,
            "lineNumber": 14,
            "type": "parser",
            "url": "https://www.bbc.com/"
        }
    },
    {
        "requested_by": "https://www.bbc.com/",
        "time": 236202.598998,
        "requested_resource": "https://www.bbc.com/bbcx/_next/static/chunks/framework-98e6f5bc52a2e411.js",
        "initiator": {
            "columnNumber": 3989,
            "lineNumber": 14,
            "type": "parser",
            "url": "https://www.bbc.com/"
        }
    },
    {
        "requested_by": "https://www.bbc.com/",
        "time": 236202.599021,
        "requested_resource": "https://www.bbc.com/bbcx/_next/static/chunks/main-3838744298e667de.js",
        "initiator": {
            "columnNumber": 4072,
            "lineNumber": 14,
            "type": "parser",
            "url": "https://www.bbc.com/"
        }
    },
    {
        "requested_by": "https://www.bbc.com/",
        "time": 236202.59904,
        "requested_resource": "https://www.bbc.com/bbcx/_next/static/chunks/pages/_app-218c7e1066faef49.js",
        "initiator": {
            "columnNumber": 4161,
            "lineNumber": 14,
            "type": "parser",
            "url": "https://www.bbc.com/"
        }
    },
    {
        "requested_by": "https://www.bbc.com/",
        "time": 236202.599057,
        "requested_resource": "https://www.bbc.com/bbcx/_next/static/chunks/987-06e74253d3d6fdb0.js",
        "initiator": {
            "columnNumber": 4243,
            "lineNumber": 14,
            "type": "parser",
            "url": "https://www.bbc.com/"
        }
    },
    {
        "requested_by": "https://www.bbc.com/",
        "time": 236202.599075,
        "requested_resource": "https://www.bbc.com/bbcx/_next/static/chunks/925-6a1d8bc797423530.js",
        "initiator": {
            "columnNumber": 4325,
            "lineNumber": 14,
            "type": "parser",
            "url": "https://www.bbc.com/"
        }
    },
    {
        "requested_by": "https://www.bbc.com/",
        "time": 236202.599098,
        "requested_resource": "https://www.bbc.com/bbcx/_next/static/chunks/pages/%5B%5B...slug%5D%5D-09e4ebbe43edf2ff.js",
        "initiator": {
            "columnNumber": 4429,
            "lineNumber": 14,
            "type": "parser",
            "url": "https://www.bbc.com/"
        }
    },
    {
        "requested_by": "https://www.bbc.com/",
        "time": 236202.599115,
        "requested_resource": "https://www.bbc.com/bbcx/_next/static/kJB4IvvpK-PsdB7YBSUnp/_buildManifest.js",
        "initiator": {
            "columnNumber": 4520,
            "lineNumber": 14,
            "type": "parser",
            "url": "https://www.bbc.com/"
        }
    },
    {
        "requested_by": "https://www.bbc.com/",
        "time": 236202.59914,
        "requested_resource": "https://www.bbc.com/bbcx/_next/static/kJB4IvvpK-PsdB7YBSUnp/_ssgManifest.js",
        "initiator": {
            "columnNumber": 4609,
            "lineNumber": 14,
            "type": "parser",
            "url": "https://www.bbc.com/"
        }
    },
    {
        "requested_by": "https://www.bbc.com/",
        "time": 236202.599176,
        "requested_resource": "https://www.bbc.com/bbcx/grey-placeholder.png",
        "initiator": {
            "columnNumber": 30728,
            "lineNumber": 624,
            "type": "parser",
            "url": "https://www.bbc.com/"
        }
    },
    {
        "requested_by": "https://www.bbc.com/",
        "time": 236202.599204,
        "requested_resource": "https://ichef.bbci.co.uk/news/320/cpsprodpb/f458/live/e0b415b0-f090-11ef-8c03-7dfdbeeb2526.jpg.webp",
        "initiator": {
            "columnNumber": 31763,
            "lineNumber": 624,
            "type": "parser",
            "url": "https://www.bbc.com/"
        }
    },
    {
        "requested_by": "https://www.bbc.com/",
        "time": 236202.599241,
        "requested_resource": "https://ichef.bbci.co.uk/news/320/cpsprodpb/3f06/live/6362ad40-f100-11ef-9e61-71ee71f26eb1.jpg.webp",
        "initiator": {
            "columnNumber": 34020,
            "lineNumber": 624,
            "type": "parser",
            "url": "https://www.bbc.com/"
        }
    },
    {
        "requested_by": "https://www.bbc.com/",
        "time": 236202.599293,
        "requested_resource": "https://ichef.bbci.co.uk/ace/standard/480/cpsprodpb/3ae7/live/d97a4d20-f10b-11ef-896e-d7e7fb1719a4.jpg.webp",
        "initiator": {
            "columnNumber": 41199,
            "lineNumber": 624,
            "type": "parser",
            "url": "https://www.bbc.com/"
        }
    },
    {
        "requested_by": "https://www.bbc.com/",
        "time": 236202.599313,
        "requested_resource": "https://ichef.bbci.co.uk/images/ic/640x360/p0ksscqn.jpg.webp",
        "initiator": {
            "columnNumber": 49941,
            "lineNumber": 624,
            "type": "parser",
            "url": "https://www.bbc.com/"
        }
    },
    {
        "requested_by": "https://www.bbc.com/",
        "time": 236202.599337,
        "requested_resource": "https://ichef.bbci.co.uk/images/ic/640x360/p0ksvd7l.jpg.webp",
        "initiator": {
            "columnNumber": 52176,
            "lineNumber": 624,
            "type": "parser",
            "url": "https://www.bbc.com/"
        }
    },
    {
        "requested_by": "https://www.bbc.com/",
        "time": 236202.599373,
        "requested_resource": "https://ichef.bbci.co.uk/images/ic/1920x1080/p0krqkpd.jpg.webp",
        "initiator": {
            "columnNumber": 55617,
            "lineNumber": 624,
            "type": "parser",
            "url": "https://www.bbc.com/"
        }
    },
    {
        "requested_by": "https://www.bbc.com/",
        "time": 236202.599397,
        "requested_resource": "https://ichef.bbci.co.uk/images/ic/320x180/p0936h5n.jpg.webp",
        "initiator": {
            "columnNumber": 63976,
            "lineNumber": 624,
            "type": "parser",
            "url": "https://www.bbc.com/"
        }
    },
    {
        "requested_by": "https://www.bbc.com/",
        "time": 236202.599424,
        "requested_resource": "https://ichef.bbci.co.uk/images/ic/320x180/p0jsqhcq.jpg.webp",
        "initiator": {
            "columnNumber": 66514,
            "lineNumber": 624,
            "type": "parser",
            "url": "https://www.bbc.com/"
        }
    },
    {
        "requested_by": "https://www.bbc.com/",
        "time": 236202.59945,
        "requested_resource": "https://ichef.bbci.co.uk/images/ic/320x180/p0dkkk87.jpg.webp",
        "initiator": {
            "columnNumber": 69059,
            "lineNumber": 624,
            "type": "parser",
            "url": "https://www.bbc.com/"
        }
    },
    {
        "requested_by": "https://www.bbc.com/",
        "time": 236202.599478,
        "requested_resource": "https://ichef.bbci.co.uk/images/ic/320x180/p0hkd107.png.webp",
        "initiator": {
            "columnNumber": 71612,
            "lineNumber": 624,
            "type": "parser",
            "url": "https://www.bbc.com/"
        }
    },
    {
        "requested_by": "https://www.bbc.com/",
        "time": 236202.599505,
        "requested_resource": "https://ichef.bbci.co.uk/images/ic/320x180/p0br621n.jpg.webp",
        "initiator": {
            "columnNumber": 74111,
            "lineNumber": 624,
            "type": "parser",
            "url": "https://www.bbc.com/"
        }
    },
    {
        "requested_by": "https://www.bbc.com/",
        "time": 236202.59953,
        "requested_resource": "https://ichef.bbci.co.uk/images/ic/320x180/p08x4bp2.jpg.webp",
        "initiator": {
            "columnNumber": 76621,
            "lineNumber": 624,
            "type": "parser",
            "url": "https://www.bbc.com/"
        }
    },
    {
        "requested_by": "https://www.bbc.com/",
        "time": 236202.599558,
        "requested_resource": "https://ichef.bbci.co.uk/images/ic/320x180/p0kn7brp.jpg.webp",
        "initiator": {
            "columnNumber": 79151,
            "lineNumber": 624,
            "type": "parser",
            "url": "https://www.bbc.com/"
        }
    },
    {
        "requested_by": "https://www.bbc.com/",
        "time": 236202.599585,
        "requested_resource": "https://ichef.bbci.co.uk/images/ic/320x180/p0ks7y5b.jpg.webp",
        "initiator": {
            "columnNumber": 81709,
            "lineNumber": 624,
            "type": "parser",
            "url": "https://www.bbc.com/"
        }
    },
    {
        "requested_by": "https://www.bbc.com/",
        "time": 236202.599616,
        "requested_resource": "https://ichef.bbci.co.uk/images/ic/1024x576/p0ksfsfc.jpg.webp",
        "initiator": {
            "columnNumber": 85607,
            "lineNumber": 624,
            "type": "parser",
            "url": "https://www.bbc.com/"
        }
    },
    {
        "requested_by": "https://www.bbc.com/",
        "time": 236202.599653,
        "requested_resource": "https://ichef.bbci.co.uk/images/ic/1024x576/p0hdjpj0.jpg.webp",
        "initiator": {
            "columnNumber": 88478,
            "lineNumber": 624,
            "type": "parser",
            "url": "https://www.bbc.com/"
        }
    },
    {
        "requested_by": "https://www.bbc.com/",
        "time": 236202.599682,
        "requested_resource": "https://ichef.bbci.co.uk/news/320/cpsprodpb/633B/production/_133530452_newsletter_football.jpg.webp",
        "initiator": {
            "columnNumber": 95044,
            "lineNumber": 624,
            "type": "parser",
            "url": "https://www.bbc.com/"
        }
    },
    {
        "requested_by": "https://www.bbc.com/",
        "time": 236202.599708,
        "requested_resource": "https://ichef.bbci.co.uk/images/ic/raw/p0kd4xrj.png.webp",
        "initiator": {
            "columnNumber": 97040,
            "lineNumber": 624,
            "type": "parser",
            "url": "https://www.bbc.com/"
        }
    },
    {
        "requested_by": "https://www.bbc.com/",
        "time": 236202.599734,
        "requested_resource": "https://ichef.bbci.co.uk/images/ic/raw/p0kkgb4b.jpg.webp",
        "initiator": {
            "columnNumber": 99188,
            "lineNumber": 624,
            "type": "parser",
            "url": "https://www.bbc.com/"
        }
    },
    {
        "requested_by": "https://www.bbc.com/",
        "time": 236202.599761,
        "requested_resource": "https://ichef.bbci.co.uk/images/ic/1920x1080/p0h74xnl.jpg.webp",
        "initiator": {
            "columnNumber": 101436,
            "lineNumber": 624,
            "type": "parser",
            "url": "https://www.bbc.com/"
        }
    },
    {
        "requested_by": "https://www.bbc.com/",
        "time": 236202.59979,
        "requested_resource": "https://ichef.bbci.co.uk/images/ic/raw/p0k21mq7.jpg.webp",
        "initiator": {
            "columnNumber": 103756,
            "lineNumber": 624,
            "type": "parser",
            "url": "https://www.bbc.com/"
        }
    },
    {
        "requested_by": "https://www.bbc.com/",
        "time": 236202.599819,
        "requested_resource": "https://ichef.bbci.co.uk/images/ic/1920x1080/p0h74xp9.jpg.webp",
        "initiator": {
            "columnNumber": 106003,
            "lineNumber": 624,
            "type": "parser",
            "url": "https://www.bbc.com/"
        }
    },
    {
        "requested_by": "https://www.bbc.com/",
        "time": 236202.599844,
        "requested_resource": "https://ichef.bbci.co.uk/images/ic/1920x1080/p0h74xqs.jpg.webp",
        "initiator": {
            "columnNumber": 108227,
            "lineNumber": 624,
            "type": "parser",
            "url": "https://www.bbc.com/"
        }
    },
    {
        "requested_by": "https://www.bbc.com/",
        "time": 236202.599875,
        "requested_resource": "https://ichef.bbci.co.uk/news/320/cpsprodpb/323b/live/a855e6a0-f070-11ef-9b94-9bfa8e4c254d.jpg.webp",
        "initiator": {
            "columnNumber": 114293,
            "lineNumber": 624,
            "type": "parser",
            "url": "https://www.bbc.com/"
        }
    },
    {
        "requested_by": "https://www.bbc.com/",
        "time": 236202.599905,
        "requested_resource": "https://ichef.bbci.co.uk/news/320/cpsprodpb/2ae7/live/b7242490-f06f-11ef-896e-d7e7fb1719a4.jpg.webp",
        "initiator": {
            "columnNumber": 120510,
            "lineNumber": 624,
            "type": "parser",
            "url": "https://www.bbc.com/"
        }
    },
    {
        "requested_by": "https://www.bbc.com/",
        "time": 236202.599932,
        "requested_resource": "https://ichef.bbci.co.uk/news/320/cpsprodpb/ea59/live/433bcee0-f0b3-11ef-9e61-71ee71f26eb1.jpg.webp",
        "initiator": {
            "columnNumber": 126389,
            "lineNumber": 624,
            "type": "parser",
            "url": "https://www.bbc.com/"
        }
    },
    {
        "requested_by": "https://www.bbc.com/",
        "time": 236202.599956,
        "requested_resource": "https://ichef.bbci.co.uk/news/320/cpsprodpb/2871/live/6f8da650-f0ac-11ef-8c03-7dfdbeeb2526.png.webp",
        "initiator": {
            "columnNumber": 135067,
            "lineNumber": 624,
            "type": "parser",
            "url": "https://www.bbc.com/"
        }
    },
    {
        "requested_by": "https://www.bbc.com/",
        "time": 236202.621541,
        "requested_resource": "https://ichef.bbci.co.uk/images/ic/1024x576/p0ksd17t.jpg.webp",
        "initiator": {
            "columnNumber": 326630,
            "lineNumber": 624,
            "type": "parser",
            "url": "https://www.bbc.com/"
        }
    },
    {
        "requested_by": "https://www.bbc.com/",
        "time": 236202.621584,
        "requested_resource": "https://ichef.bbci.co.uk/news/320/cpsprodpb/e685/live/d0e76ed0-f076-11ef-a7d9-9f7991f418fc.jpg.webp",
        "initiator": {
            "columnNumber": 326630,
            "lineNumber": 624,
            "type": "parser",
            "url": "https://www.bbc.com/"
        }
    },
    {
        "requested_by": "https://www.bbc.com/",
        "time": 236202.6216,
        "requested_resource": "https://ichef.bbci.co.uk/news/320/cpsprodpb/defa/live/4b76c4e0-bd21-11ef-aff0-072ce821b6ab.jpg.webp",
        "initiator": {
            "columnNumber": 326630,
            "lineNumber": 624,
            "type": "parser",
            "url": "https://www.bbc.com/"
        }
    },
    {
        "requested_by": "https://www.bbc.com/",
        "time": 236202.621616,
        "requested_resource": "https://ichef.bbci.co.uk/news/320/cpsprodpb/7e58/live/6d94fa70-eec6-11ef-a819-277e390a7a08.png.webp",
        "initiator": {
            "columnNumber": 326630,
            "lineNumber": 624,
            "type": "parser",
            "url": "https://www.bbc.com/"
        }
    },
    {
        "requested_by": "https://www.bbc.com/",
        "time": 236202.621633,
        "requested_resource": "https://ichef.bbci.co.uk/news/320/cpsprodpb/7848/live/90cde430-f05a-11ef-b031-0799ecdcd63d.jpg.webp",
        "initiator": {
            "columnNumber": 326630,
            "lineNumber": 624,
            "type": "parser",
            "url": "https://www.bbc.com/"
        }
    },
    {
        "requested_by": "https://www.bbc.com/",
        "time": 236202.621652,
        "requested_resource": "https://ichef.bbci.co.uk/news/320/cpsprodpb/2d82/live/234fa300-ee0a-11ef-b752-bbeed1a8dc44.jpg.webp",
        "initiator": {
            "columnNumber": 326630,
            "lineNumber": 624,
            "type": "parser",
            "url": "https://www.bbc.com/"
        }
    },
    {
        "requested_by": "https://www.bbc.com/",
        "time": 236202.621668,
        "requested_resource": "https://ichef.bbci.co.uk/images/ic/320x180/p0kr5t5w.jpg.webp",
        "initiator": {
            "columnNumber": 326630,
            "lineNumber": 624,
            "type": "parser",
            "url": "https://www.bbc.com/"
        }
    },
    {
        "requested_by": "https://www.bbc.com/",
        "time": 236202.621686,
        "requested_resource": "https://ichef.bbci.co.uk/news/320/cpsprodpb/6ccd/live/20be0940-ef97-11ef-a319-fb4e7360c4ec.jpg.webp",
        "initiator": {
            "columnNumber": 326630,
            "lineNumber": 624,
            "type": "parser",
            "url": "https://www.bbc.com/"
        }
    },
    {
        "requested_by": "https://www.bbc.com/",
        "time": 236202.621704,
        "requested_resource": "https://ichef.bbci.co.uk/images/ic/320x180/p0kmdc9b.jpg.webp",
        "initiator": {
            "columnNumber": 326630,
            "lineNumber": 624,
            "type": "parser",
            "url": "https://www.bbc.com/"
        }
    },
    {
        "requested_by": "https://www.bbc.com/",
        "time": 236202.62559,
        "requested_resource": "https://static.files.bbci.co.uk/fonts/reith/2.512/BBCReithSans_W_Md.woff2",
        "initiator": {
            "columnNumber": 326644,
            "lineNumber": 624,
            "type": "parser",
            "url": "https://www.bbc.com/"
        }
    },
    {
        "requested_by": "https://www.bbc.com/",
        "time": 236202.625698,
        "requested_resource": "https://static.files.bbci.co.uk/fonts/reith/2.512/BBCReithSans_W_Bd.woff2",
        "initiator": {
            "columnNumber": 326644,
            "lineNumber": 624,
            "type": "parser",
            "url": "https://www.bbc.com/"
        }
    },
    {
        "requested_by": "https://www.bbc.com/",
        "time": 236202.62577,
        "requested_resource": "https://static.files.bbci.co.uk/fonts/reith/2.512/BBCReithSans_W_Rg.woff2",
        "initiator": {
            "columnNumber": 326644,
            "lineNumber": 624,
            "type": "parser",
            "url": "https://www.bbc.com/"
        }
    },
    {
        "requested_by": "https://www.bbc.com/",
        "time": 236202.625866,
        "requested_resource": "https://static.files.bbci.co.uk/fonts/reith/2.512/BBCReithSerif_W_Md.woff2",
        "initiator": {
            "columnNumber": 326644,
            "lineNumber": 624,
            "type": "parser",
            "url": "https://www.bbc.com/"
        }
    },
    {
        "requested_by": "https://www.bbc.com/",
        "time": 236202.625885,
        "requested_resource": "https://static.files.bbci.co.uk/fonts/reith/2.512/BBCReithSerif_W_Rg.woff2",
        "initiator": {
            "columnNumber": 326644,
            "lineNumber": 624,
            "type": "parser",
            "url": "https://www.bbc.com/"
        }
    },
    {
        "requested_by": "https://www.bbc.com/",
        "time": 236202.625947,
        "requested_resource": "https://static.files.bbci.co.uk/fonts/reith/2.512/BBCReithSerif_W_Bd.woff2",
        "initiator": {
            "columnNumber": 326644,
            "lineNumber": 624,
            "type": "parser",
            "url": "https://www.bbc.com/"
        }
    },
    {
        "requested_by": "https://www.bbc.com/",
        "time": 236202.626449,
        "requested_resource": "https://static.files.bbci.co.uk/fonts/reith/2.512/BBCReithSans_W_It.woff2",
        "initiator": {
            "columnNumber": 326644,
            "lineNumber": 624,
            "type": "parser",
            "url": "https://www.bbc.com/"
        }
    },
    {
        "requested_by": "https://a4621041136.cdn.optimizely.com/client_storage/a4621041136.html",
        "time": 236202.774858,
        "requested_resource": "https://a4621041136.cdn.optimizely.com/client_storage/a4621041136.html",
        "initiator": {
            "stack": {
                "callFrames": [
                    {
                        "columnNumber": 135039,
                        "functionName": "t.appendTo",
                        "lineNumber": 1,
                        "scriptId": "25",
                        "url": "https://cdn.optimizely.com/public/4621041136/s/bbcx_prod.js"
                    }
                ]
            },
            "type": "script"
        }
    },
    {
        "requested_by": "https://www.bbc.com/",
        "time": 236202.798226,
        "requested_resource": "https://www.bbc.com/userinfo",
        "initiator": {
            "stack": {
                "callFrames": [
                    {
                        "columnNumber": 11052,
                        "functionName": "g",
                        "lineNumber": 0,
                        "scriptId": "29",
                        "url": "https://gn-web-assets.api.bbc.com/ngas/latest/dotcom-bootstrap.js"
                    }
                ]
            },
            "type": "script"
        }
    },
    {
        "requested_by": "https://www.bbc.com/",
        "time": 236202.931024,
        "requested_resource": "https://www.bbc.com/bbcx/_next/static/chunks/351.1010f2d05ea9d916.js",
        "initiator": {
            "stack": {
                "callFrames": [
                    {
                        "columnNumber": 2320,
                        "functionName": "l.l",
                        "lineNumber": 0,
                        "scriptId": "19",
                        "url": "https://www.bbc.com/bbcx/_next/static/chunks/webpack-7e6d8da5e7764916.js"
                    }
                ]
            },
            "type": "script"
        }
    },
    {
        "requested_by": "https://www.bbc.com/",
        "time": 236202.931252,
        "requested_resource": "https://www.bbc.com/bbcx/_next/static/chunks/551.bb5be3d78714cd32.js",
        "initiator": {
            "stack": {
                "callFrames": [
                    {
                        "columnNumber": 2320,
                        "functionName": "l.l",
                        "lineNumber": 0,
                        "scriptId": "19",
                        "url": "https://www.bbc.com/bbcx/_next/static/chunks/webpack-7e6d8da5e7764916.js"
                    }
                ]
            },
            "type": "script"
        }
    },
    {
        "requested_by": "https://www.bbc.com/",
        "time": 236202.944457,
        "requested_resource": "https://static.chartbeat.com/js/chartbeat.js",
        "initiator": {
            "stack": {
                "callFrames": [
                    {
                        "columnNumber": 30113,
                        "functionName": "m",
                        "lineNumber": 0,
                        "scriptId": "20",
                        "url": "https://www.bbc.com/bbcx/_next/static/chunks/main-3838744298e667de.js"
                    }
                ]
            },
            "type": "script"
        }
    },
    {
        "requested_by": "https://www.bbc.com/",
        "time": 236202.949675,
        "requested_resource": "https://uk-script.dotmetrics.net/door.js?d=www.bbc.com&t=homestudio",
        "initiator": {
            "stack": {
                "callFrames": [
                    {
                        "columnNumber": 45714,
                        "functionName": "",
                        "lineNumber": 17,
                        "scriptId": "23",
                        "url": "https://www.bbc.com/bbcx/_next/static/chunks/pages/_app-218c7e1066faef49.js"
                    }
                ]
            },
            "type": "script"
        }
    },
    {
        "requested_by": "https://www.bbc.com/",
        "time": 236202.950171,
        "requested_resource": "https://mybbc-analytics.files.bbci.co.uk/echo-client-js/echo-2.4.0-avi.min.js",
        "initiator": {
            "stack": {
                "callFrames": [
                    {
                        "columnNumber": 22596,
                        "functionName": "req.load",
                        "lineNumber": 0,
                        "scriptId": "22",
                        "url": "https://static.bbci.co.uk/frameworks/requirejs/0.13.0/sharedmodules/require.js"
                    }
                ]
            },
            "type": "script"
        }
    },
    {
        "requested_by": "https://www.bbc.com/",
        "time": 236202.958061,
        "requested_resource": "https://cdn.cxense.com/cx.cce.js",
        "initiator": {
            "stack": {
                "callFrames": [
                    {
                        "columnNumber": 325516,
                        "functionName": "",
                        "lineNumber": 0,
                        "scriptId": "26",
                        "url": "https://cdn.tinypass.com/api/tinypass.min.js"
                    }
                ]
            },
            "type": "script"
        }
    },
    {
        "requested_by": "https://www.bbc.com/",
        "time": 236202.961805,
        "requested_resource": "https://c2-eu.piano.io/xbuilder/experience/execute?aid=7I7hmRshpe",
        "initiator": {
            "stack": {
                "callFrames": [
                    {
                        "columnNumber": 26502,
                        "functionName": "e",
                        "lineNumber": 0,
                        "scriptId": "26",
                        "url": "https://cdn.tinypass.com/api/tinypass.min.js"
                    }
                ]
            },
            "type": "script"
        }
    },
    {
        "requested_by": "https://federated-id.live.api.bbc.co.uk/getdeviceid",
        "time": 236202.967705,
        "requested_resource": "https://federated-id.live.api.bbc.co.uk/getdeviceid",
        "initiator": {
            "requestId": "18916.270",
            "type": "preflight",
            "url": "https://federated-id.live.api.bbc.co.uk/getdeviceid"
        }
    },
    {
        "requested_by": "https://www.bbc.com/",
        "time": 236202.966406,
        "requested_resource": "https://federated-id.live.api.bbc.co.uk/getdeviceid",
        "initiator": {
            "stack": {
                "callFrames": [
                    {
                        "columnNumber": 37455,
                        "functionName": "",
                        "lineNumber": 0,
                        "scriptId": "29",
                        "url": "https://gn-web-assets.api.bbc.com/ngas/latest/dotcom-bootstrap.js"
                    }
                ]
            },
            "type": "script"
        }
    },
    {
        "requested_by": "https://www.bbc.com/",
        "time": 236202.974417,
        "requested_resource": "https://www.bbc.com/bbcx/site.webmanifest",
        "initiator": {
            "columnNumber": 326645,
            "lineNumber": 624,
            "type": "parser",
            "url": "https://www.bbc.com/"
        }
    },
    {
        "requested_by": "https://www.bbc.com/",
        "time": 236203.037613,
        "requested_resource": "https://securepubads.g.doubleclick.net/pagead/managed/js/gpt/m202502130101/pubads_impl.js?cb=31090514",
        "initiator": {
            "stack": {
                "callFrames": [
                    {
                        "columnNumber": 54073,
                        "functionName": "Mj",
                        "lineNumber": 10,
                        "scriptId": "30",
                        "url": "https://securepubads.g.doubleclick.net/tag/js/gpt.js"
                    }
                ]
            },
            "type": "script"
        }
    },
    {
        "requested_by": "https://www.bbc.com/",
        "time": 236203.03888,
        "requested_resource": "https://securepubads.g.doubleclick.net/pagead/managed/dict/m202502200101/gpt",
        "initiator": {
            "columnNumber": 326645,
            "lineNumber": 624,
            "type": "parser",
            "url": "https://www.bbc.com/"
        }
    },
    {
        "requested_by": "https://www.bbc.com/",
        "time": 236203.109914,
        "requested_resource": "https://c.amazon-adsystem.com/aax2/apstag.js",
        "initiator": {
            "stack": {
                "callFrames": [
                    {
                        "columnNumber": 27652,
                        "functionName": "Q",
                        "lineNumber": 0,
                        "scriptId": "29",
                        "url": "https://gn-web-assets.api.bbc.com/ngas/latest/dotcom-bootstrap.js"
                    }
                ]
            },
            "type": "script"
        }
    },
    {
        "requested_by": "https://www.bbc.com/",
        "time": 236203.123024,
        "requested_resource": "https://cdn.privacy-mgmt.com/unified/wrapperMessagingWithoutDetection.js",
        "initiator": {
            "stack": {
                "callFrames": [
                    {
                        "columnNumber": 27652,
                        "functionName": "Q",
                        "lineNumber": 0,
                        "scriptId": "29",
                        "url": "https://gn-web-assets.api.bbc.com/ngas/latest/dotcom-bootstrap.js"
                    }
                ]
            },
            "type": "script"
        }
    },
    {
        "requested_by": "https://www.bbc.com/",
        "time": 236203.138218,
        "requested_resource": "https://ping.chartbeat.net/ping?h=bbc.com&p=%2F&u=BHHmPuCnNpSWCbmSTL&d=bbc.com&g=50924&g0=No%20Section&g1=NewsMediaOrganization&g4=indexPage&n=1&f=00001&c=0&x=0&m=0&y=8395&o=1242&w=1157&j=45&R=1&W=0&I=0&E=0&e=0&r=&PA=https%3A%2F%2Fwww.bbc.com%2F&b=1021&_s=%7B%7D&t=BzJwMDB0zqCvBaoQ13Cpr-KQ8jXf2&V=147&i=BBC%20Home%20-%20Breaking%20News%2C%20World%20News%2C%20US%20News%2C%20Sports%2C%20Business%2C%20Innovation%2C%20Climate%2C%20Culture%2C%20Travel%2C%20Video%20%26%20Audio&tz=-60&_=a&sn=1&sv=CSOMtJC5ae41BEXeHODMApnyB8XQKr&sr=external&sd=1&im=062b2f3f&_",
        "initiator": {
            "columnNumber": 326645,
            "lineNumber": 624,
            "type": "parser",
            "url": "https://www.bbc.com/"
        }
    },
    {
        "requested_by": "https://www.bbc.com/",
        "time": 236203.139806,
        "requested_resource": "https://cdn.cxense.com/cx.js",
        "initiator": {
            "stack": {
                "callFrames": [
                    {
                        "columnNumber": 24538,
                        "functionName": "",
                        "lineNumber": 0,
                        "scriptId": "61",
                        "url": "https://cdn.cxense.com/cx.cce.js"
                    }
                ]
            },
            "type": "script"
        }
    },
    {
        "requested_by": "https://www.bbc.com/",
        "time": 236203.185438,
        "requested_resource": "https://mybbc-analytics.files.bbci.co.uk/analytics-remote-config/producers.json",
        "initiator": {
            "stack": {
                "callFrames": [
                    {
                        "columnNumber": 394354,
                        "functionName": "executeCrossDomainGet",
                        "lineNumber": 1,
                        "scriptId": "62",
                        "url": "https://mybbc-analytics.files.bbci.co.uk/echo-client-js/echo-2.4.0-avi.min.js"
                    }
                ]
            },
            "type": "script"
        }
    },
    {
        "requested_by": "https://www.bbc.com/",
        "time": 236203.185568,
        "requested_resource": "https://mybbc-analytics.files.bbci.co.uk/analytics-remote-config/masterbrands.json",
        "initiator": {
            "stack": {
                "callFrames": [
                    {
                        "columnNumber": 394354,
                        "functionName": "executeCrossDomainGet",
                        "lineNumber": 1,
                        "scriptId": "62",
                        "url": "https://mybbc-analytics.files.bbci.co.uk/echo-client-js/echo-2.4.0-avi.min.js"
                    }
                ]
            },
            "type": "script"
        }
    },
    {
        "requested_by": "https://www.bbc.com/",
        "time": 236203.189637,
        "requested_resource": "https://pagead2.googlesyndication.com/pagead/js/adsbygoogle.js",
        "initiator": {
            "stack": {
                "callFrames": [
                    {
                        "columnNumber": 251424,
                        "functionName": "m",
                        "lineNumber": 17,
                        "scriptId": "23",
                        "url": "https://www.bbc.com/bbcx/_next/static/chunks/pages/_app-218c7e1066faef49.js"
                    }
                ]
            },
            "type": "script"
        }
    },
    {
        "requested_by": "https://www.bbc.com/",
        "time": 236203.190493,
        "requested_resource": "https://a1.api.bbc.co.uk/event?s=637014&idclient=m7g4gfiox3cw3l1u",
        "initiator": {
            "stack": {
                "callFrames": [
                    {
                        "columnNumber": 158397,
                        "functionName": "post",
                        "lineNumber": 1,
                        "scriptId": "62",
                        "url": "https://mybbc-analytics.files.bbci.co.uk/echo-client-js/echo-2.4.0-avi.min.js"
                    }
                ]
            },
            "type": "script"
        }
    },
    {
        "requested_by": "https://www.bbc.com/",
        "time": 236203.191581,
        "requested_resource": "https://a1.api.bbc.co.uk/event?s=637014&idclient=m7g4gfiox3cw3l1u",
        "initiator": {
            "stack": {
                "callFrames": [
                    {
                        "columnNumber": 158397,
                        "functionName": "post",
                        "lineNumber": 1,
                        "scriptId": "62",
                        "url": "https://mybbc-analytics.files.bbci.co.uk/echo-client-js/echo-2.4.0-avi.min.js"
                    }
                ]
            },
            "type": "script"
        }
    },
    {
        "requested_by": "https://www.bbc.com/",
        "time": 236203.192228,
        "requested_resource": "https://a1.api.bbc.co.uk/event?s=637014&idclient=m7g4gfiox3cw3l1u",
        "initiator": {
            "stack": {
                "callFrames": [
                    {
                        "columnNumber": 158397,
                        "functionName": "post",
                        "lineNumber": 1,
                        "scriptId": "62",
                        "url": "https://mybbc-analytics.files.bbci.co.uk/echo-client-js/echo-2.4.0-avi.min.js"
                    }
                ]
            },
            "type": "script"
        }
    },
    {
        "requested_by": "https://www.bbc.com/",
        "time": 236203.192799,
        "requested_resource": "https://a1.api.bbc.co.uk/event?s=637014&idclient=m7g4gfiox3cw3l1u",
        "initiator": {
            "stack": {
                "callFrames": [
                    {
                        "columnNumber": 158397,
                        "functionName": "post",
                        "lineNumber": 1,
                        "scriptId": "62",
                        "url": "https://mybbc-analytics.files.bbci.co.uk/echo-client-js/echo-2.4.0-avi.min.js"
                    }
                ]
            },
            "type": "script"
        }
    },
    {
        "requested_by": "https://www.bbc.com/",
        "time": 236203.193319,
        "requested_resource": "https://a1.api.bbc.co.uk/event?s=637014&idclient=m7g4gfiox3cw3l1u",
        "initiator": {
            "stack": {
                "callFrames": [
                    {
                        "columnNumber": 158397,
                        "functionName": "post",
                        "lineNumber": 1,
                        "scriptId": "62",
                        "url": "https://mybbc-analytics.files.bbci.co.uk/echo-client-js/echo-2.4.0-avi.min.js"
                    }
                ]
            },
            "type": "script"
        }
    },
    {
        "requested_by": "https://www.bbc.com/",
        "time": 236203.193825,
        "requested_resource": "https://a1.api.bbc.co.uk/event?s=637014&idclient=m7g4gfiox3cw3l1u",
        "initiator": {
            "stack": {
                "callFrames": [
                    {
                        "columnNumber": 158397,
                        "functionName": "post",
                        "lineNumber": 1,
                        "scriptId": "62",
                        "url": "https://mybbc-analytics.files.bbci.co.uk/echo-client-js/echo-2.4.0-avi.min.js"
                    }
                ]
            },
            "type": "script"
        }
    },
    {
        "requested_by": "https://www.bbc.com/",
        "time": 236203.194362,
        "requested_resource": "https://a1.api.bbc.co.uk/event?s=637014&idclient=m7g4gfiox3cw3l1u",
        "initiator": {
            "stack": {
                "callFrames": [
                    {
                        "columnNumber": 158397,
                        "functionName": "post",
                        "lineNumber": 1,
                        "scriptId": "62",
                        "url": "https://mybbc-analytics.files.bbci.co.uk/echo-client-js/echo-2.4.0-avi.min.js"
                    }
                ]
            },
            "type": "script"
        }
    },
    {
        "requested_by": "https://www.bbc.com/",
        "time": 236203.194843,
        "requested_resource": "https://a1.api.bbc.co.uk/event?s=637014&idclient=m7g4gfiox3cw3l1u",
        "initiator": {
            "stack": {
                "callFrames": [
                    {
                        "columnNumber": 158397,
                        "functionName": "post",
                        "lineNumber": 1,
                        "scriptId": "62",
                        "url": "https://mybbc-analytics.files.bbci.co.uk/echo-client-js/echo-2.4.0-avi.min.js"
                    }
                ]
            },
            "type": "script"
        }
    },
    {
        "requested_by": "https://www.bbc.com/",
        "time": 236203.236442,
        "requested_resource": "https://c.amazon-adsystem.com/bao-csm/aps-comm/aps_csm.js",
        "initiator": {
            "stack": {
                "callFrames": [
                    {
                        "columnNumber": 41622,
                        "functionName": "i",
                        "lineNumber": 2,
                        "scriptId": "64",
                        "url": "https://c.amazon-adsystem.com/aax2/apstag.js"
                    }
                ]
            },
            "type": "script"
        }
    },
    {
        "requested_by": "https://www.bbc.com/",
        "time": 236203.24079,
        "requested_resource": "https://config.aps.amazon-adsystem.com/configs/5157",
        "initiator": {
            "stack": {
                "callFrames": [
                    {
                        "columnNumber": 13516,
                        "functionName": "",
                        "lineNumber": 1,
                        "scriptId": "64",
                        "url": "https://c.amazon-adsystem.com/aax2/apstag.js"
                    }
                ]
            },
            "type": "script"
        }
    },
    {
        "requested_by": "https://www.bbc.com/",
        "time": 236203.242341,
        "requested_resource": "https://c.amazon-adsystem.com/cdn/prod/config?src=5157&u=https%3A%2F%2Fwww.bbc.com",
        "initiator": {
            "stack": {
                "callFrames": [
                    {
                        "columnNumber": 41622,
                        "functionName": "i",
                        "lineNumber": 2,
                        "scriptId": "64",
                        "url": "https://c.amazon-adsystem.com/aax2/apstag.js"
                    }
                ]
            },
            "type": "script"
        }
    },
    {
        "requested_by": "https://cdn.cxense.com/sp1.html",
        "time": 236203.294106,
        "requested_resource": "https://cdn.cxense.com/sp1.html",
        "initiator": {
            "stack": {
                "callFrames": [
                    {
                        "columnNumber": 54577,
                        "functionName": "send",
                        "lineNumber": 5,
                        "scriptId": "71",
                        "url": "https://cdn.cxense.com/cx.js"
                    }
                ]
            },
            "type": "script"
        }
    },
    {
        "requested_by": "https://www.bbc.com/",
        "time": 236203.454624,
        "requested_resource": "https://id.cxense.com/public/user/id?json=%7B%22identities%22%3A%5B%7B%22type%22%3A%22ckp%22%2C%22id%22%3A%22m7g4gfiox3cw3l1u%22%7D%2C%7B%22type%22%3A%22lst%22%2C%22id%22%3A%222e3m5iru56jag2vn2ne475b4e2%22%7D%2C%7B%22type%22%3A%22cst%22%2C%22id%22%3A%222e3m5iru56jag2vn2ne475b4e2%22%7D%5D%7D&callback=cXJsonpCB1",
        "initiator": {
            "stack": {
                "callFrames": [
                    {
                        "columnNumber": 46055,
                        "functionName": "$r",
                        "lineNumber": 5,
                        "scriptId": "71",
                        "url": "https://cdn.cxense.com/cx.js"
                    }
                ]
            },
            "type": "script"
        }
    },
    {
        "requested_by": "https://www.bbc.com/",
        "time": 236203.493822,
        "requested_resource": "https://cdn.privacy-mgmt.com/unified/4.29.0/gdpr-tcf.3a9316ed6cca6bbd4e92.bundle.js",
        "initiator": {
            "stack": {
                "callFrames": [
                    {
                        "columnNumber": 1571,
                        "functionName": "o.e",
                        "lineNumber": 0,
                        "scriptId": "85",
                        "url": "https://cdn.privacy-mgmt.com/unified/wrapperMessagingWithoutDetection.js"
                    }
                ]
            },
            "type": "script"
        }
    },
    {
        "requested_by": "https://www.bbc.com/",
        "time": 236203.493929,
        "requested_resource": "https://cdn.privacy-mgmt.com/unified/4.29.0/ccpa-gpp.59db5f353838b3001f26.bundle.js",
        "initiator": {
            "stack": {
                "callFrames": [
                    {
                        "columnNumber": 1571,
                        "functionName": "o.e",
                        "lineNumber": 0,
                        "scriptId": "85",
                        "url": "https://cdn.privacy-mgmt.com/unified/wrapperMessagingWithoutDetection.js"
                    }
                ]
            },
            "type": "script"
        }
    },
    {
        "requested_by": "https://www.bbc.com/",
        "time": 236203.494104,
        "requested_resource": "https://cdn.privacy-mgmt.com/mms/v2/get_site_data?hasCsp=true&href=https%3A%2F%2Fwww.bbc.com%2F&account_id=1786",
        "initiator": {
            "stack": {
                "callFrames": [
                    {
                        "columnNumber": 7226,
                        "functionName": "",
                        "lineNumber": 0,
                        "scriptId": "85",
                        "url": "https://cdn.privacy-mgmt.com/unified/wrapperMessagingWithoutDetection.js"
                    }
                ]
            },
            "type": "script"
        }
    },
    {
        "requested_by": "https://www.bbc.com/",
        "time": 236203.516301,
        "requested_resource": "https://cdn.privacy-mgmt.com/wrapper/v2/meta-data?hasCsp=true&accountId=1786&env=prod&metadata=%7B%22gdpr%22%3A%7B%7D%2C%22ccpa%22%3A%7B%7D%7D&propertyId=26225&scriptVersion=4.29.0&scriptType=unified",
        "initiator": {
            "stack": {
                "callFrames": [
                    {
                        "columnNumber": 7226,
                        "functionName": "",
                        "lineNumber": 0,
                        "scriptId": "85",
                        "url": "https://cdn.privacy-mgmt.com/unified/wrapperMessagingWithoutDetection.js"
                    }
                ]
            },
            "type": "script"
        }
    },
    {
        "requested_by": "https://www.bbc.com/",
        "time": 236203.527217,
        "requested_resource": "https://cdn.privacy-mgmt.com/wrapper/v2/messages?hasCsp=true&env=prod&body=%7B%22accountId%22%3A1786%2C%22campaignEnv%22%3A%22prod%22%2C%22campaigns%22%3A%7B%22ccpa%22%3A%7B%22alwaysDisplayDNS%22%3Afalse%2C%22hasLocalData%22%3Afalse%2C%22targetingParams%22%3A%7B%7D%7D%2C%22gdpr%22%3A%7B%22consentStatus%22%3A%7B%7D%2C%22targetingParams%22%3A%7B%7D%7D%7D%2C%22clientMMSOrigin%22%3A%22https%3A%2F%2Fcdn.privacy-mgmt.com%22%2C%22hasCSP%22%3Atrue%2C%22includeData%22%3A%7B%22localState%22%3A%7B%22type%22%3A%22string%22%7D%2C%22actions%22%3A%7B%22type%22%3A%22RecordString%22%7D%2C%22cookies%22%3A%7B%22type%22%3A%22RecordString%22%7D%7D%2C%22propertyHref%22%3A%22https%3A%2F%2Fwww.bbc.com%2F%22%7D&localState=null&metadata=%7B%22ccpa%22%3A%7B%22applies%22%3Afalse%7D%2C%22gdpr%22%3A%7B%22applies%22%3Atrue%7D%7D&nonKeyedLocalState=null&ch=459496997459602641ef18&scriptVersion=4.29.0&scriptType=unified",
        "initiator": {
            "stack": {
                "callFrames": [
                    {
                        "columnNumber": 7226,
                        "functionName": "",
                        "lineNumber": 0,
                        "scriptId": "85",
                        "url": "https://cdn.privacy-mgmt.com/unified/wrapperMessagingWithoutDetection.js"
                    }
                ]
            },
            "type": "script"
        }
    },
    {
        "requested_by": "https://www.bbc.com/",
        "time": 236203.550297,
        "requested_resource": "https://federated-id.live.api.bbc.co.uk/v2/encryptdeviceid",
        "initiator": {
            "stack": {
                "callFrames": [
                    {
                        "columnNumber": 36683,
                        "functionName": "Ve",
                        "lineNumber": 0,
                        "scriptId": "29",
                        "url": "https://gn-web-assets.api.bbc.com/ngas/latest/dotcom-bootstrap.js"
                    }
                ]
            },
            "type": "script"
        }
    },
    {
        "requested_by": "https://federated-id.live.api.bbc.co.uk/v2/encryptdeviceid",
        "time": 236203.550653,
        "requested_resource": "https://federated-id.live.api.bbc.co.uk/v2/encryptdeviceid",
        "initiator": {
            "requestId": "18916.298",
            "type": "preflight",
            "url": "https://federated-id.live.api.bbc.co.uk/v2/encryptdeviceid"
        }
    },
    {
        "requested_by": "https://www.bbc.com/",
        "time": 236203.624637,
        "requested_resource": "https://federated-id.live.api.bbc.co.uk/v2/encryptdeviceid",
        "initiator": {
            "stack": {
                "callFrames": [
                    {
                        "columnNumber": 36683,
                        "functionName": "Ve",
                        "lineNumber": 0,
                        "scriptId": "29",
                        "url": "https://gn-web-assets.api.bbc.com/ngas/latest/dotcom-bootstrap.js"
                    }
                ]
            },
            "type": "script"
        }
    },
    {
        "requested_by": "https://www.bbc.com/",
        "time": 236203.66409,
        "requested_resource": "https://uk-script.dotmetrics.net/hit.gif?id=13934&url=https%3A%2F%2Fwww.bbc.com%2F&dom=www.bbc.com&r=1740224031063&pvs=1&ecid=3dbf598a-7f39-458b-994a-76ac9da82885&c=false&tzOffset=-60&doorUrl=http%3a%2f%2fuk-script.dotmetrics.net%2fdoor.js%3fd%3dwww.bbc.com%26t%3dhomestudio&dfph=&ver=332",
        "initiator": {
            "columnNumber": 326645,
            "lineNumber": 624,
            "type": "parser",
            "url": "https://www.bbc.com/"
        }
    },
    {
        "requested_by": "https://www.bbc.com/",
        "time": 236203.664142,
        "requested_resource": "https://rm-script.dotmetrics.net/hit.gif?id=13934&url=https%3A%2F%2Fwww.bbc.com%2F&dom=www.bbc.com&r=1740224031063&pvs=1&pvid=3dbf598a-7f39-458b-994a-76ac9da82885&c=false&tzOffset=-60",
        "initiator": {
            "columnNumber": 326645,
            "lineNumber": 624,
            "type": "parser",
            "url": "https://www.bbc.com/"
        }
    },
    {
        "requested_by": "https://www.bbc.com/",
        "time": 236203.665118,
        "requested_resource": "https://federated-id.live.api.bbc.co.uk/v2/encryptdeviceid",
        "initiator": {
            "stack": {
                "callFrames": [
                    {
                        "columnNumber": 36683,
                        "functionName": "Ve",
                        "lineNumber": 0,
                        "scriptId": "29",
                        "url": "https://gn-web-assets.api.bbc.com/ngas/latest/dotcom-bootstrap.js"
                    }
                ]
            },
            "type": "script"
        }
    },
    {
        "requested_by": "https://cdn.privacy-mgmt.com/index.html?hasCsp=true&message_id=1192447&consentUUID=null&consent_origin=https%3A%2F%2Fcdn.privacy-mgmt.com%2Fconsent%2Ftcfv2&preload_message=true&version=v1&consentLanguage=en",
        "time": 236203.66687,
        "requested_resource": "https://cdn.privacy-mgmt.com/index.html?hasCsp=true&message_id=1192447&consentUUID=null&consent_origin=https%3A%2F%2Fcdn.privacy-mgmt.com%2Fconsent%2Ftcfv2&preload_message=true&version=v1&consentLanguage=en",
        "initiator": {
            "stack": {
                "callFrames": [
                    {
                        "columnNumber": 30766,
                        "functionName": "",
                        "lineNumber": 0,
                        "scriptId": "85",
                        "url": "https://cdn.privacy-mgmt.com/unified/wrapperMessagingWithoutDetection.js"
                    }
                ]
            },
            "type": "script"
        }
    },
    {
        "requested_by": "https://www.bbc.com/",
        "time": 236203.762787,
        "requested_resource": "https://uk-script.dotmetrics.net/Scripts/ncs-script.js?v=332",
        "initiator": {
            "stack": {
                "callFrames": [
                    {
                        "columnNumber": 77,
                        "functionName": "",
                        "lineNumber": 152,
                        "scriptId": "63",
                        "url": "https://uk-script.dotmetrics.net/door.js?d=www.bbc.com&t=homestudio"
                    }
                ]
            },
            "type": "script"
        }
    },
    {
        "requested_by": "https://www.bbc.com/",
        "time": 236203.775918,
        "requested_resource": "https://logx.optimizely.com/v1/events",
        "initiator": {
            "stack": {
                "callFrames": [
                    {
                        "columnNumber": 209807,
                        "functionName": "",
                        "lineNumber": 1,
                        "scriptId": "25",
                        "url": "https://cdn.optimizely.com/public/4621041136/s/bbcx_prod.js"
                    }
                ]
            },
            "type": "script"
        }
    },
    {
        "requested_by": "https://www.bbc.com/",
        "time": 236203.822855,
        "requested_resource": "https://www.bbc.com/bbcx/favicon.ico",
        "initiator": {
            "type": "other"
        }
    },
    {
        "requested_by": "https://www.bbc.com/",
        "time": 236206.056311,
        "requested_resource": "https://buy-eu.piano.io/api/v3/anon/assets/sdk-runtime-config.js?aid=7I7hmRshpe",
        "initiator": {
            "stack": {
                "callFrames": [
                    {
                        "columnNumber": 26502,
                        "functionName": "e",
                        "lineNumber": 0,
                        "scriptId": "26",
                        "url": "https://cdn.tinypass.com/api/tinypass.min.js"
                    }
                ]
            },
            "type": "script"
        }
    }
]