{
    "edgekey.net": {
        "mirror.cj": {
            "A": [],
            "CNAME": [
                "e16754.d.akamaiedge.net"
            ]
        },
        "digicertwc.rubiconproject.com": {
            "A": [],
            "CNAME": [
                "e8960.e2.akamaiedge.net"
            ]
        },
        "ichef.bbci.co.uk": {
            "A": [],
            "CNAME": [
                "e3891.dscg.akamaiedge.net"
            ]
        },
        "static.bbci.co.uk": {
            "A": [],
            "CNAME": [
                "e3891.dscg.akamaiedge.net"
            ]
        },
        "emp.bbci.co.uk": {
            "A": [],
            "CNAME": [
                "e3891.dscg.akamaiedge.net"
            ]
        },
        "static.files.bbci.co.uk": {
            "A": [],
            "CNAME": [
                "e3891.dscg.akamaiedge.net"
            ]
        },
        "cdn.cxense.com": {
            "A": [],
            "CNAME": [
                "e9867.dscb.akamaiedge.net"
            ]
        }
    },
    "akamaiedge.net": {
        "e16754.d": {
            "A": [
                "104.103.103.24"
            ],
            "CNAME": []
        },
        "e8960.e2": {
            "A": [
                "23.192.95.113"
            ],
            "CNAME": []
        },
        "e3891.dscg": {
            "A": [
                "23.218.208.117"
            ],
            "CNAME": []
        },
        "e9867.dscb": {
            "A": [
                "104.103.82.250"
            ],
            "CNAME": []
        }
    },
    "google.com": {
        "accounts": {
            "A": [
                "142.250.102.84"
            ],
            "CNAME": []
        },
        "android.clients": {
            "A": [
                "142.251.36.110",
                "142.251.36.142",
                "142.251.37.110",
                "142.251.36.78"
            ],
            "CNAME": [
                "android.l.google.com"
            ]
        },
        "android.l": {
            "A": [
                "142.251.36.110",
                "142.251.36.142",
                "142.251.37.110",
                "142.251.36.78"
            ],
            "CNAME": []
        },
        "mtalk": {
            "A": [
                "142.251.31.188"
            ],
            "CNAME": []
        },
        "www": {
            "A": [
                "142.251.36.132"
            ],
            "CNAME": []
        }
    },
    "estranky.cz": {
        "estranky.cz": {
            "A": [
                "81.0.235.78"
            ],
            "CNAME": []
        },
        "www": {
            "A": [
                "81.0.235.78"
            ],
            "CNAME": []
        },
        "s3a": {
            "A": [
                "81.0.235.96"
            ],
            "CNAME": []
        },
        "s3c": {
            "A": [
                "81.0.235.96"
            ],
            "CNAME": []
        }
    },
    "bootstrapcdn.com": {
        "stackpath": {
            "A": [
                "104.18.10.207",
                "104.18.11.207"
            ],
            "CNAME": []
        }
    },
    "googleapis.com": {
        "fonts": {
            "A": [
                "142.251.36.138"
            ],
            "CNAME": []
        },
        "content-autofill": {
            "A": [
                "142.251.36.138",
                "142.251.36.106",
                "142.251.36.74",
                "142.251.37.106"
            ],
            "CNAME": []
        }
    },
    "cloudflare.com": {
        "cdnjs": {
            "A": [
                "104.17.24.14",
                "104.17.25.14"
            ],
            "CNAME": []
        }
    },
    "jquery.com": {
        "code": {
            "A": [
                "151.101.130.137",
                "151.101.2.137",
                "151.101.194.137",
                "151.101.66.137"
            ],
            "CNAME": []
        }
    },
    "gstatic.com": {
        "fonts": {
            "A": [
                "142.251.37.99"
            ],
            "CNAME": []
        },
        "www": {
            "A": [
                "142.251.36.99"
            ],
            "CNAME": []
        }
    },
    "googletagmanager.com": {
        "www": {
            "A": [
                "142.251.36.104"
            ],
            "CNAME": []
        }
    },
    "privacy-center.org": {
        "sdk": {
            "A": [
                "65.9.95.111",
                "65.9.95.23",
                "65.9.95.124",
                "65.9.95.56"
            ],
            "CNAME": []
        }
    },
    "adactive.cz": {
        "a": {
            "A": [
                "195.191.205.169"
            ],
            "CNAME": [
                "kopp.vlp.cz"
            ]
        }
    },
    "vlp.cz": {
        "kopp": {
            "A": [
                "195.191.205.169"
            ],
            "CNAME": []
        }
    },
    "cpex.cz": {
        "cdn": {
            "A": [
                "84.17.61.33",
                "84.17.61.36",
                "185.152.65.27"
            ],
            "CNAME": [
                "1341732386.rsc.cdn77.org"
            ]
        },
        "privacy": {
            "A": [
                "65.9.95.60",
                "65.9.95.39",
                "65.9.95.41",
                "65.9.95.70"
            ],
            "CNAME": []
        }
    },
    "cdn77.org": {
        "1341732386.rsc": {
            "A": [
                "84.17.61.33",
                "84.17.61.36",
                "185.152.65.27"
            ],
            "CNAME": []
        }
    },
    "google-analytics.com": {
        "region1": {
            "A": [
                "216.239.32.36",
                "216.239.34.36"
            ],
            "CNAME": []
        }
    },
    "cxense.com": {
        "scdn": {
            "A": [
                "104.103.82.250"
            ],
            "CNAME": [
                "cdn.cxense.com.edgekey.net",
                "e9867.dscb.akamaiedge.net"
            ]
        },
        "cdn": {
            "A": [
                "104.103.82.250"
            ],
            "CNAME": [
                "cdn.cxense.com.edgekey.net",
                "e9867.dscb.akamaiedge.net"
            ]
        },
        "p1cluster": {
            "A": [
                "167.235.124.59"
            ],
            "CNAME": [
                "comcluster.cxense.com"
            ]
        },
        "comcluster": {
            "A": [
                "167.235.124.59"
            ],
            "CNAME": []
        },
        "id": {
            "A": [
                "167.235.124.59"
            ],
            "CNAME": [
                "comcluster.cxense.com"
            ]
        },
        "api": {
            "A": [
                "167.235.124.23"
            ],
            "CNAME": []
        }
    },
    "facebook.net": {
        "connect": {
            "A": [
                "157.240.30.27"
            ],
            "CNAME": [
                "scontent.xx.fbcdn.net"
            ]
        }
    },
    "fbcdn.net": {
        "scontent.xx": {
            "A": [
                "157.240.30.27"
            ],
            "CNAME": []
        }
    },
    "facebook.com": {
        "www": {
            "A": [
                "157.240.30.35"
            ],
            "CNAME": [
                "star-mini.c10r.facebook.com"
            ]
        },
        "star-mini.c10r": {
            "A": [
                "157.240.30.35"
            ],
            "CNAME": []
        }
    },
    "jsdelivr.net": {
        "cdn": {
            "A": [
                "104.18.186.31",
                "104.18.187.31"
            ],
            "CNAME": [
                "cdn.jsdelivr.net.cdn.cloudflare.net"
            ]
        }
    },
    "cloudflare.net": {
        "cdn.jsdelivr.net.cdn": {
            "A": [
                "104.18.186.31",
                "104.18.187.31"
            ],
            "CNAME": []
        }
    },
    "criteo.com": {
        "gum": {
            "A": [
                "178.250.7.13"
            ],
            "CNAME": [
                "gum.fr3.vip.prod.criteo.com"
            ]
        },
        "gum.fr3.vip.prod": {
            "A": [
                "178.250.7.13"
            ],
            "CNAME": []
        }
    },
    "id5-sync.com": {
        "id5-sync.com": {
            "A": [
                "141.95.98.65",
                "141.95.33.120",
                "162.19.138.119",
                "162.19.138.117",
                "162.19.138.118",
                "162.19.138.116",
                "162.19.138.83",
                "162.19.138.120",
                "162.19.138.82",
                "141.95.98.64"
            ],
            "CNAME": []
        }
    },
    "eu-1-id5-sync.com": {
        "lb": {
            "A": [
                "162.19.138.120",
                "162.19.138.82",
                "141.95.98.65",
                "162.19.138.116",
                "162.19.138.117",
                "162.19.138.118",
                "141.95.33.120",
                "162.19.138.119",
                "162.19.138.83",
                "141.95.98.64"
            ],
            "CNAME": []
        }
    }
}