[
    {
        "requested_by": "https://estranky.cz/",
        "time": 236214.86186,
        "requested_resource": "https://estranky.cz/",
        "initiator": {
            "type": "other"
        }
    },
    {
        "requested_by": "http://www.estranky.cz/",
        "time": 236215.226776,
        "requested_resource": "http://www.estranky.cz/",
        "initiator": {
            "type": "other"
        }
    },
    {
        "requested_by": "https://www.estranky.cz/",
        "time": 236215.227373,
        "requested_resource": "https://www.estranky.cz/",
        "initiator": {
            "type": "other"
        }
    },
    {
        "requested_by": "https://www.estranky.cz/",
        "time": 236215.593101,
        "requested_resource": "https://stackpath.bootstrapcdn.com/bootstrap/4.3.1/css/bootstrap.min.css",
        "initiator": {
            "columnNumber": 111,
            "lineNumber": 15,
            "type": "parser",
            "url": "https://www.estranky.cz/"
        }
    },
    {
        "requested_by": "https://www.estranky.cz/",
        "time": 236215.593285,
        "requested_resource": "https://fonts.googleapis.com/css?family=Montserrat&display=swap",
        "initiator": {
            "columnNumber": 102,
            "lineNumber": 16,
            "type": "parser",
            "url": "https://www.estranky.cz/"
        }
    },
    {
        "requested_by": "https://www.estranky.cz/",
        "time": 236215.593326,
        "requested_resource": "https://fonts.googleapis.com/css?family=Poppins&display=swap",
        "initiator": {
            "columnNumber": 99,
            "lineNumber": 17,
            "type": "parser",
            "url": "https://www.estranky.cz/"
        }
    },
    {
        "requested_by": "https://www.estranky.cz/",
        "time": 236215.59336,
        "requested_resource": "https://s3a.estranky.cz/css/p3cz.css?nocache=678365006",
        "initiator": {
            "columnNumber": 122,
            "lineNumber": 18,
            "type": "parser",
            "url": "https://www.estranky.cz/"
        }
    },
    {
        "requested_by": "https://www.estranky.cz/",
        "time": 236215.593389,
        "requested_resource": "https://code.jquery.com/jquery-3.3.1.min.js",
        "initiator": {
            "columnNumber": 66,
            "lineNumber": 19,
            "type": "parser",
            "url": "https://www.estranky.cz/"
        }
    },
    {
        "requested_by": "https://www.estranky.cz/",
        "time": 236215.593424,
        "requested_resource": "https://cdnjs.cloudflare.com/ajax/libs/popper.js/1.14.7/umd/popper.min.js",
        "initiator": {
            "columnNumber": 96,
            "lineNumber": 20,
            "type": "parser",
            "url": "https://www.estranky.cz/"
        }
    },
    {
        "requested_by": "https://www.estranky.cz/",
        "time": 236215.593453,
        "requested_resource": "https://stackpath.bootstrapcdn.com/bootstrap/4.3.1/js/bootstrap.min.js",
        "initiator": {
            "columnNumber": 93,
            "lineNumber": 21,
            "type": "parser",
            "url": "https://www.estranky.cz/"
        }
    },
    {
        "requested_by": "https://www.estranky.cz/",
        "time": 236215.59348,
        "requested_resource": "https://s3c.estranky.cz/js/p3.js?nocache=6666672",
        "initiator": {
            "columnNumber": 98,
            "lineNumber": 30,
            "type": "parser",
            "url": "https://www.estranky.cz/"
        }
    },
    {
        "requested_by": "https://www.estranky.cz/",
        "time": 236215.593501,
        "requested_resource": "https://cdnjs.cloudflare.com/ajax/libs/font-awesome/4.7.0/css/font-awesome.min.css",
        "initiator": {
            "columnNumber": 121,
            "lineNumber": 104,
            "type": "parser",
            "url": "https://www.estranky.cz/"
        }
    },
    {
        "requested_by": "https://www.estranky.cz/",
        "time": 236215.593547,
        "requested_resource": "https://s3a.estranky.cz/img/p/logo.png",
        "initiator": {
            "columnNumber": 136,
            "lineNumber": 137,
            "type": "parser",
            "url": "https://www.estranky.cz/"
        }
    },
    {
        "requested_by": "https://www.estranky.cz/",
        "time": 236215.603804,
        "requested_resource": "https://s3a.estranky.cz/img/p/header_1.png",
        "initiator": {
            "columnNumber": 90,
            "lineNumber": 194,
            "type": "parser",
            "url": "https://www.estranky.cz/"
        }
    },
    {
        "requested_by": "https://www.estranky.cz/",
        "time": 236215.603884,
        "requested_resource": "https://s3a.estranky.cz/img/p/header_2.png",
        "initiator": {
            "columnNumber": 90,
            "lineNumber": 197,
            "type": "parser",
            "url": "https://www.estranky.cz/"
        }
    },
    {
        "requested_by": "https://www.estranky.cz/",
        "time": 236215.60392,
        "requested_resource": "https://s3a.estranky.cz/img/p/header_3.png",
        "initiator": {
            "columnNumber": 90,
            "lineNumber": 200,
            "type": "parser",
            "url": "https://www.estranky.cz/"
        }
    },
    {
        "requested_by": "https://www.estranky.cz/",
        "time": 236215.603951,
        "requested_resource": "https://s3a.estranky.cz/img/p/header_4.jpg",
        "initiator": {
            "columnNumber": 90,
            "lineNumber": 203,
            "type": "parser",
            "url": "https://www.estranky.cz/"
        }
    },
    {
        "requested_by": "https://www.estranky.cz/",
        "time": 236215.603977,
        "requested_resource": "https://s3a.estranky.cz/img/p/arrow_down.png",
        "initiator": {
            "columnNumber": 95,
            "lineNumber": 221,
            "type": "parser",
            "url": "https://www.estranky.cz/"
        }
    },
    {
        "requested_by": "https://www.estranky.cz/",
        "time": 236215.604013,
        "requested_resource": "https://www.google.com/recaptcha/api.js",
        "initiator": {
            "columnNumber": 54,
            "lineNumber": 245,
            "type": "parser",
            "url": "https://www.estranky.cz/"
        }
    },
    {
        "requested_by": "https://www.estranky.cz/",
        "time": 236215.604041,
        "requested_resource": "https://s3a.estranky.cz/img/p/badges/1.png",
        "initiator": {
            "columnNumber": 87,
            "lineNumber": 259,
            "type": "parser",
            "url": "https://www.estranky.cz/"
        }
    },
    {
        "requested_by": "https://www.estranky.cz/",
        "time": 236215.604061,
        "requested_resource": "https://s3a.estranky.cz/img/p/badges/2.png",
        "initiator": {
            "columnNumber": 87,
            "lineNumber": 263,
            "type": "parser",
            "url": "https://www.estranky.cz/"
        }
    },
    {
        "requested_by": "https://www.estranky.cz/",
        "time": 236215.604081,
        "requested_resource": "https://s3a.estranky.cz/img/p/badges/3.png",
        "initiator": {
            "columnNumber": 87,
            "lineNumber": 267,
            "type": "parser",
            "url": "https://www.estranky.cz/"
        }
    },
    {
        "requested_by": "https://www.estranky.cz/",
        "time": 236215.604099,
        "requested_resource": "https://s3a.estranky.cz/img/p/badges/4.png",
        "initiator": {
            "columnNumber": 87,
            "lineNumber": 271,
            "type": "parser",
            "url": "https://www.estranky.cz/"
        }
    },
    {
        "requested_by": "https://www.estranky.cz/",
        "time": 236215.604125,
        "requested_resource": "https://s3a.estranky.cz/img/p/badges/5.png",
        "initiator": {
            "columnNumber": 87,
            "lineNumber": 275,
            "type": "parser",
            "url": "https://www.estranky.cz/"
        }
    },
    {
        "requested_by": "https://www.estranky.cz/",
        "time": 236215.604151,
        "requested_resource": "https://s3a.estranky.cz/img/p/badges/6.png",
        "initiator": {
            "columnNumber": 87,
            "lineNumber": 279,
            "type": "parser",
            "url": "https://www.estranky.cz/"
        }
    },
    {
        "requested_by": "https://www.estranky.cz/",
        "time": 236215.604181,
        "requested_resource": "https://s3a.estranky.cz/img/p/banner_2.png",
        "initiator": {
            "columnNumber": 93,
            "lineNumber": 296,
            "type": "parser",
            "url": "https://www.estranky.cz/"
        }
    },
    {
        "requested_by": "https://www.estranky.cz/",
        "time": 236215.604209,
        "requested_resource": "https://s3a.estranky.cz/img/p/banner_3.png",
        "initiator": {
            "columnNumber": 93,
            "lineNumber": 307,
            "type": "parser",
            "url": "https://www.estranky.cz/"
        }
    },
    {
        "requested_by": "https://www.estranky.cz/",
        "time": 236215.604247,
        "requested_resource": "https://s3a.estranky.cz/img/p/denik.png",
        "initiator": {
            "columnNumber": 144,
            "lineNumber": 572,
            "type": "parser",
            "url": "https://www.estranky.cz/"
        }
    },
    {
        "requested_by": "https://www.estranky.cz/",
        "time": 236215.805753,
        "requested_resource": "https://www.googletagmanager.com/gtm.js?id=GTM-KHXLQN",
        "initiator": {
            "stack": {
                "callFrames": [
                    {
                        "columnNumber": 58,
                        "functionName": "",
                        "lineNumber": 52,
                        "scriptId": "22",
                        "url": "https://www.estranky.cz/"
                    }
                ]
            },
            "type": "script"
        }
    },
    {
        "requested_by": "https://www.estranky.cz/",
        "time": 236215.871082,
        "requested_resource": "https://www.gstatic.com/recaptcha/releases/IyZ984yGrXrBd6ihLOYGwy9X/recaptcha__en.js",
        "initiator": {
            "stack": {
                "callFrames": [
                    {
                        "columnNumber": 1450,
                        "functionName": "",
                        "lineNumber": 0,
                        "scriptId": "26",
                        "url": "https://www.google.com/recaptcha/api.js"
                    }
                ]
            },
            "type": "script"
        }
    },
    {
        "requested_by": "https://www.estranky.cz/",
        "time": 236215.873427,
        "requested_resource": "https://s3a.estranky.cz/img/p/footer.jpg",
        "initiator": {
            "type": "parser",
            "url": "https://s3a.estranky.cz/css/p3cz.css?nocache=678365006"
        }
    },
    {
        "requested_by": "https://www.estranky.cz/",
        "time": 236215.873692,
        "requested_resource": "https://fonts.gstatic.com/s/poppins/v22/pxiEyp8kv8JHgFVrJJfecg.woff2",
        "initiator": {
            "type": "parser",
            "url": "https://fonts.googleapis.com/css?family=Poppins&display=swap"
        }
    },
    {
        "requested_by": "https://www.estranky.cz/",
        "time": 236215.873763,
        "requested_resource": "https://fonts.gstatic.com/s/montserrat/v29/JTUHjIg1_i6t8kCHKm4532VJOt5-QNFgpCtr6Hw5aXo.woff2",
        "initiator": {
            "type": "parser",
            "url": "https://fonts.googleapis.com/css?family=Montserrat&display=swap"
        }
    },
    {
        "requested_by": "https://www.estranky.cz/",
        "time": 236215.873798,
        "requested_resource": "https://cdnjs.cloudflare.com/ajax/libs/font-awesome/4.7.0/fonts/fontawesome-webfont.woff2?v=4.7.0",
        "initiator": {
            "type": "parser",
            "url": "https://cdnjs.cloudflare.com/ajax/libs/font-awesome/4.7.0/css/font-awesome.min.css"
        }
    },
    {
        "requested_by": "https://www.estranky.cz/",
        "time": 236215.87698,
        "requested_resource": "https://fonts.gstatic.com/s/montserrat/v29/JTUHjIg1_i6t8kCHKm4532VJOt5-QNFgpCtr6Hw3aXpsog.woff2",
        "initiator": {
            "type": "parser",
            "url": "https://fonts.googleapis.com/css?family=Montserrat&display=swap"
        }
    },
    {
        "requested_by": "https://www.estranky.cz/",
        "time": 236215.884249,
        "requested_resource": "https://fonts.gstatic.com/s/poppins/v22/pxiEyp8kv8JHgFVrJJnecmNE.woff2",
        "initiator": {
            "type": "parser",
            "url": "https://fonts.googleapis.com/css?family=Poppins&display=swap"
        }
    },
    {
        "requested_by": "https://www.estranky.cz/",
        "time": 236216.2447,
        "requested_resource": "https://sdk.privacy-center.org/9a8e2159-3781-4da1-9590-fbf86806f86e/loader.js?target=www.estranky.cz",
        "initiator": {
            "stack": {
                "callFrames": [
                    {
                        "columnNumber": 428,
                        "functionName": "",
                        "lineNumber": 687,
                        "scriptId": "43",
                        "url": "https://www.googletagmanager.com/gtm.js?id=GTM-KHXLQN"
                    }
                ]
            },
            "type": "script"
        }
    },
    {
        "requested_by": "https://www.estranky.cz/",
        "time": 236216.247106,
        "requested_resource": "https://www.googletagmanager.com/gtag/js?id=G-876E9C65WV&l=dataLayer&cx=c&gtm=45He52k0v72127013za200",
        "initiator": {
            "stack": {
                "callFrames": [
                    {
                        "columnNumber": 482,
                        "functionName": "pc",
                        "lineNumber": 149,
                        "scriptId": "43",
                        "url": "https://www.googletagmanager.com/gtm.js?id=GTM-KHXLQN"
                    }
                ]
            },
            "type": "script"
        }
    },
    {
        "requested_by": "https://www.estranky.cz/",
        "time": 236216.252371,
        "requested_resource": "https://a.adactive.cz/build/js/sastracker/tracker.js?v=6",
        "initiator": {
            "stack": {
                "callFrames": [
                    {
                        "columnNumber": 391,
                        "functionName": "pc",
                        "lineNumber": 149,
                        "scriptId": "43",
                        "url": "https://www.googletagmanager.com/gtm.js?id=GTM-KHXLQN"
                    }
                ]
            },
            "type": "script"
        }
    },
    {
        "requested_by": "https://www.google.com/recaptcha/api2/anchor?ar=1&k=6LdL6CIUAAAAABGyXTtfkAbCtOGvNqG2op3aZcsY&co=aHR0cHM6Ly93d3cuZXN0cmFua3kuY3o6NDQz&hl=en&v=IyZ984yGrXrBd6ihLOYGwy9X&size=normal&cb=jnfanuy523d3",
        "time": 236216.305807,
        "requested_resource": "https://www.google.com/recaptcha/api2/anchor?ar=1&k=6LdL6CIUAAAAABGyXTtfkAbCtOGvNqG2op3aZcsY&co=aHR0cHM6Ly93d3cuZXN0cmFua3kuY3o6NDQz&hl=en&v=IyZ984yGrXrBd6ihLOYGwy9X&size=normal&cb=jnfanuy523d3",
        "initiator": {
            "stack": {
                "callFrames": [
                    {
                        "columnNumber": 17,
                        "functionName": "",
                        "lineNumber": 167,
                        "scriptId": "46",
                        "url": "https://www.gstatic.com/recaptcha/releases/IyZ984yGrXrBd6ihLOYGwy9X/recaptcha__en.js"
                    }
                ]
            },
            "type": "script"
        }
    },
    {
        "requested_by": "https://www.estranky.cz/",
        "time": 236216.311178,
        "requested_resource": "https://cdn.cpex.cz/package/cpex-package.min.js",
        "initiator": {
            "stack": {
                "callFrames": [
                    {
                        "columnNumber": 428,
                        "functionName": "",
                        "lineNumber": 687,
                        "scriptId": "43",
                        "url": "https://www.googletagmanager.com/gtm.js?id=GTM-KHXLQN"
                    }
                ]
            },
            "type": "script"
        }
    },
    {
        "requested_by": "https://www.estranky.cz/",
        "time": 236216.352673,
        "requested_resource": "https://www.googletagmanager.com/gtag/destination?id=G-56LSX9SDM7&l=dataLayer&cx=c&gtm=45je52k0v885530853za200zb72127013",
        "initiator": {
            "stack": {
                "callFrames": [
                    {
                        "columnNumber": 482,
                        "functionName": "pc",
                        "lineNumber": 204,
                        "scriptId": "48",
                        "url": "https://www.googletagmanager.com/gtag/js?id=G-876E9C65WV&l=dataLayer&cx=c&gtm=45He52k0v72127013za200"
                    }
                ]
            },
            "type": "script"
        }
    },
    {
        "requested_by": "https://www.estranky.cz/",
        "time": 236216.367935,
        "requested_resource": "https://region1.google-analytics.com/g/collect?v=2&tid=G-876E9C65WV&gtm=45je52k0v885530853z872127013za200zb72127013&_p=1740224043207&gcd=13l3l3l2l1l1&npa=1&dma_cps=syphamo&dma=1&tcfd=10001&tag_exp=101732279~101732281~102067808~102482433~102539968~102558064~102587591~102605417~102640600~102658453&cid=1610261240.1740224044&ul=en-us&sr=2560x1440&uaa=x86&uab=64&uafvl=Chromium%3B133.0.6943.126%7CNot(A%253ABrand%3B99.0.0.0&uamb=0&uam=&uap=Windows&uapv=19.0.0&uaw=0&are=1&frm=0&pscdl=&_s=1&sid=1740224043&sct=1&seg=0&dl=https%3A%2F%2Fwww.estranky.cz%2F&dt=Tvorba%20webov%C3%BDch%20str%C3%A1nek%20zdarma%20a%20rychle%20-%20eStr%C3%A1nky.cz&en=page_view&_fv=1&_nsi=1&_ss=1&ep.template=homepage&ep.device=responsive&ep.version=live&ep.server_adresa=www.estranky.cz&tfd=1506",
        "initiator": {
            "stack": {
                "callFrames": [
                    {
                        "columnNumber": 285,
                        "functionName": "Ec",
                        "lineNumber": 209,
                        "scriptId": "48",
                        "url": "https://www.googletagmanager.com/gtag/js?id=G-876E9C65WV&l=dataLayer&cx=c&gtm=45He52k0v72127013za200"
                    }
                ]
            },
            "type": "script"
        }
    },
    {
        "requested_by": "https://www.estranky.cz/",
        "time": 236216.37317,
        "requested_resource": "https://cdn.cpex.cz/settings/production/vlm.js",
        "initiator": {
            "stack": {
                "callFrames": [
                    {
                        "columnNumber": 1732,
                        "functionName": "",
                        "lineNumber": 0,
                        "scriptId": "52",
                        "url": "https://cdn.cpex.cz/package/cpex-package.min.js"
                    }
                ]
            },
            "type": "script"
        }
    },
    {
        "requested_by": "https://www.estranky.cz/",
        "time": 236216.373451,
        "requested_resource": "https://cdn.cpex.cz/settings/production/vlm/estranky.cz",
        "initiator": {
            "stack": {
                "callFrames": [
                    {
                        "columnNumber": 1732,
                        "functionName": "",
                        "lineNumber": 0,
                        "scriptId": "52",
                        "url": "https://cdn.cpex.cz/package/cpex-package.min.js"
                    }
                ]
            },
            "type": "script"
        }
    },
    {
        "requested_by": "https://www.estranky.cz/",
        "time": 236216.483222,
        "requested_resource": "https://region1.google-analytics.com/g/collect?v=2&tid=G-56LSX9SDM7&gtm=45je52k0v9134287855z872127013za200zb885530853&_p=1740224043207&gcd=13l3l3l2l1l1&npa=1&dma_cps=syphamo&dma=1&tcfd=10001&tag_exp=101732279~101732281~102067808~102482433~102539968~102558064~102587591~102605417~102640600~102658453&cid=1610261240.1740224044&ul=en-us&sr=2560x1440&uaa=x86&uab=64&uafvl=Chromium%3B133.0.6943.126%7CNot(A%253ABrand%3B99.0.0.0&uamb=0&uam=&uap=Windows&uapv=19.0.0&uaw=0&are=1&frm=0&pscdl=&_s=1&sid=1740224043&sct=1&seg=0&dl=https%3A%2F%2Fwww.estranky.cz%2F&dt=Tvorba%20webov%C3%BDch%20str%C3%A1nek%20zdarma%20a%20rychle%20-%20eStr%C3%A1nky.cz&en=page_view&_fv=1&_ss=1&ep.template=homepage&ep.device=responsive&ep.version=live&ep.server_adresa=www.estranky.cz&tfd=1622",
        "initiator": {
            "stack": {
                "callFrames": [
                    {
                        "columnNumber": 285,
                        "functionName": "Ec",
                        "lineNumber": 210,
                        "scriptId": "56",
                        "url": "https://www.googletagmanager.com/gtag/destination?id=G-56LSX9SDM7&l=dataLayer&cx=c&gtm=45je52k0v885530853za200zb72127013"
                    }
                ]
            },
            "type": "script"
        }
    },
    {
        "requested_by": "https://www.estranky.cz/",
        "time": 236216.631107,
        "requested_resource": "https://sdk.privacy-center.org/sdk/169ca3ee90aab3f8a29c09a328c18e41acfef520/modern/sdk.169ca3ee90aab3f8a29c09a328c18e41acfef520.js",
        "initiator": {
            "stack": {
                "callFrames": [
                    {
                        "columnNumber": 102470,
                        "functionName": "e",
                        "lineNumber": 0,
                        "scriptId": "57",
                        "url": "https://sdk.privacy-center.org/9a8e2159-3781-4da1-9590-fbf86806f86e/loader.js?target=www.estranky.cz"
                    }
                ]
            },
            "type": "script"
        }
    },
    {
        "requested_by": "https://privacy.cpex.cz/global-cookies/169ca3ee90aab3f8a29c09a328c18e41acfef520/global-cookies.169ca3ee90aab3f8a29c09a328c18e41acfef520.html",
        "time": 236216.72554,
        "requested_resource": "https://privacy.cpex.cz/global-cookies/169ca3ee90aab3f8a29c09a328c18e41acfef520/global-cookies.169ca3ee90aab3f8a29c09a328c18e41acfef520.html",
        "initiator": {
            "stack": {
                "callFrames": [
                    {
                        "columnNumber": 322285,
                        "functionName": "vs",
                        "lineNumber": 1,
                        "scriptId": "58",
                        "url": "https://sdk.privacy-center.org/sdk/169ca3ee90aab3f8a29c09a328c18e41acfef520/modern/sdk.169ca3ee90aab3f8a29c09a328c18e41acfef520.js"
                    }
                ]
            },
            "type": "script"
        }
    },
    {
        "requested_by": "https://www.estranky.cz/",
        "time": 236216.807752,
        "requested_resource": "https://sdk.privacy-center.org/sdk/169ca3ee90aab3f8a29c09a328c18e41acfef520/modern/ui-web-cs-web.169ca3ee90aab3f8a29c09a328c18e41acfef520.js",
        "initiator": {
            "stack": {
                "callFrames": [
                    {
                        "columnNumber": 262993,
                        "functionName": "o.l",
                        "lineNumber": 1,
                        "scriptId": "58",
                        "url": "https://sdk.privacy-center.org/sdk/169ca3ee90aab3f8a29c09a328c18e41acfef520/modern/sdk.169ca3ee90aab3f8a29c09a328c18e41acfef520.js"
                    }
                ]
            },
            "type": "script"
        }
    },
    {
        "requested_by": "https://www.estranky.cz/",
        "time": 236216.845971,
        "requested_resource": "https://cdn.cpex.cz/logos/vlm.png",
        "initiator": {
            "columnNumber": 8,
            "lineNumber": 684,
            "type": "parser",
            "url": "https://www.estranky.cz/"
        }
    },
    {
        "requested_by": "https://www.estranky.cz/",
        "time": 236216.855357,
        "requested_resource": "https://s3a.estranky.cz/img/g/favicon.ico",
        "initiator": {
            "type": "other"
        }
    },
    {
        "requested_by": "https://www.google.com/recaptcha/api2/bframe?hl=en&v=IyZ984yGrXrBd6ihLOYGwy9X&k=6LdL6CIUAAAAABGyXTtfkAbCtOGvNqG2op3aZcsY",
        "time": 236216.901273,
        "requested_resource": "https://www.google.com/recaptcha/api2/bframe?hl=en&v=IyZ984yGrXrBd6ihLOYGwy9X&k=6LdL6CIUAAAAABGyXTtfkAbCtOGvNqG2op3aZcsY",
        "initiator": {
            "stack": {
                "callFrames": [
                    {
                        "columnNumber": 306,
                        "functionName": "",
                        "lineNumber": 397,
                        "scriptId": "46",
                        "url": "https://www.gstatic.com/recaptcha/releases/IyZ984yGrXrBd6ihLOYGwy9X/recaptcha__en.js"
                    }
                ]
            },
            "type": "script"
        }
    }
]