[
    {
        "requested_for": "https://screenrant.com/",
        "time": 338770.079215,
        "requestId": "4308EDBE4528EC8CAEB9CC04AF362639",
        "loaderId": "4308EDBE4528EC8CAEB9CC04AF362639",
        "requested_resource": "https://screenrant.com/",
        "initiator": {
            "type": "other"
        }
    },
    {
        "requested_for": "https://screenrant.com/",
        "time": 338771.161477,
        "requestId": "18004.2",
        "loaderId": "4308EDBE4528EC8CAEB9CC04AF362639",
        "requested_resource": "https://screenrant.com/public/build/images/img-lcp.svg",
        "initiator": {
            "columnNumber": 119,
            "lineNumber": 19,
            "type": "parser",
            "url": "https://screenrant.com/"
        }
    },
    {
        "requested_for": "https://screenrant.com/",
        "time": 338771.161877,
        "requestId": "18004.3",
        "loaderId": "4308EDBE4528EC8CAEB9CC04AF362639",
        "requested_resource": "https://static1.srcdn.com/wordpress/wp-content/uploads/2025/03/doctor-doom-in-marvel-comics-with-the-avengers-in-the-endgame-poster.jpg?q=49&fit=crop&w=840&h=462&dpr=2",
        "initiator": {
            "columnNumber": 242,
            "lineNumber": 46,
            "type": "parser",
            "url": "https://screenrant.com/"
        }
    },
    {
        "requested_for": "https://screenrant.com/",
        "time": 338771.161931,
        "requestId": "18004.4",
        "loaderId": "4308EDBE4528EC8CAEB9CC04AF362639",
        "requested_resource": "https://screenrant.com/public/build/fonts/khand/khand-regular.woff2",
        "initiator": {
            "columnNumber": 150,
            "lineNumber": 51,
            "type": "parser",
            "url": "https://screenrant.com/"
        }
    },
    {
        "requested_for": "https://screenrant.com/",
        "time": 338771.16197,
        "requestId": "18004.5",
        "loaderId": "4308EDBE4528EC8CAEB9CC04AF362639",
        "requested_resource": "https://screenrant.com/public/build/fonts/khand/khand-bold.woff2",
        "initiator": {
            "columnNumber": 135,
            "lineNumber": 52,
            "type": "parser",
            "url": "https://screenrant.com/"
        }
    },
    {
        "requested_for": "https://screenrant.com/",
        "time": 338771.161995,
        "requestId": "18004.6",
        "loaderId": "4308EDBE4528EC8CAEB9CC04AF362639",
        "requested_resource": "https://screenrant.com/public/build/fonts/roboto/roboto-regular.woff2",
        "initiator": {
            "columnNumber": 140,
            "lineNumber": 53,
            "type": "parser",
            "url": "https://screenrant.com/"
        }
    },
    {
        "requested_for": "https://screenrant.com/",
        "time": 338771.162013,
        "requestId": "18004.7",
        "loaderId": "4308EDBE4528EC8CAEB9CC04AF362639",
        "requested_resource": "https://screenrant.com/public/build/fonts/roboto/roboto-bold.woff2",
        "initiator": {
            "columnNumber": 137,
            "lineNumber": 54,
            "type": "parser",
            "url": "https://screenrant.com/"
        }
    },
    {
        "requested_for": "https://screenrant.com/",
        "time": 338771.162036,
        "requestId": "18004.8",
        "loaderId": "4308EDBE4528EC8CAEB9CC04AF362639",
        "requested_resource": "https://screenrant.com/public/build/fonts/icons/icomoon.woff2?v=7.10.31",
        "initiator": {
            "columnNumber": 149,
            "lineNumber": 56,
            "type": "parser",
            "url": "https://screenrant.com/"
        }
    },
    {
        "requested_for": "https://screenrant.com/",
        "time": 338771.162056,
        "requestId": "18004.9",
        "loaderId": "4308EDBE4528EC8CAEB9CC04AF362639",
        "requested_resource": "https://screenrant.com/public/build/fonts/icons/icomoon.woff?v=7.10.31",
        "initiator": {
            "columnNumber": 139,
            "lineNumber": 57,
            "type": "parser",
            "url": "https://screenrant.com/"
        }
    },
    {
        "requested_for": "https://screenrant.com/",
        "time": 338771.163149,
        "requestId": "18004.10",
        "loaderId": "4308EDBE4528EC8CAEB9CC04AF362639",
        "requested_resource": "https://screenrant.com/public/build/worker-caller.b1acf679.js",
        "initiator": {
            "columnNumber": 102,
            "lineNumber": 229,
            "type": "parser",
            "url": "https://screenrant.com/"
        }
    },
    {
        "requested_for": "https://screenrant.com/",
        "time": 338771.163244,
        "requestId": "18004.11",
        "loaderId": "4308EDBE4528EC8CAEB9CC04AF362639",
        "requested_resource": "https://www.googletagmanager.com/gtag/js?id=G-TTMLW7634R",
        "initiator": {
            "columnNumber": 114,
            "lineNumber": 241,
            "type": "parser",
            "url": "https://screenrant.com/"
        }
    },
    {
        "requested_for": "https://screenrant.com/",
        "time": 338771.165022,
        "requestId": "18004.12",
        "loaderId": "4308EDBE4528EC8CAEB9CC04AF362639",
        "requested_resource": "https://cdn.sentinelbi.com/sentinel_analytics_beacon.js",
        "initiator": {
            "columnNumber": 93,
            "lineNumber": 323,
            "type": "parser",
            "url": "https://screenrant.com/"
        }
    },
    {
        "requested_for": "https://screenrant.com/",
        "time": 338771.165151,
        "requestId": "18004.13",
        "loaderId": "4308EDBE4528EC8CAEB9CC04AF362639",
        "requested_resource": "https://screenrant.com/public/build/quill-css.89a6a9d0.css",
        "initiator": {
            "columnNumber": 147,
            "lineNumber": 350,
            "type": "parser",
            "url": "https://screenrant.com/"
        }
    },
    {
        "requested_for": "https://screenrant.com/",
        "time": 338771.165346,
        "requestId": "18004.14",
        "loaderId": "4308EDBE4528EC8CAEB9CC04AF362639",
        "requested_resource": "https://www.google-analytics.com/analytics.js",
        "initiator": {
            "stack": {
                "callFrames": [
                    {
                        "columnNumber": 26,
                        "functionName": "apply",
                        "lineNumber": 284,
                        "scriptId": "13",
                        "url": "chrome-extension://bbogkpojpmdnlonjjogfkaclifmgnbfe/b7f4230f-71e7-43f8-8822-adf3900c24e4"
                    },
                    {
                        "columnNumber": 24,
                        "functionName": "apply",
                        "lineNumber": 404,
                        "scriptId": "13",
                        "url": "chrome-extension://bbogkpojpmdnlonjjogfkaclifmgnbfe/b7f4230f-71e7-43f8-8822-adf3900c24e4"
                    },
                    {
                        "columnNumber": 70,
                        "functionName": "",
                        "lineNumber": 357,
                        "scriptId": "30",
                        "url": "https://screenrant.com/"
                    },
                    {
                        "columnNumber": 6,
                        "functionName": "",
                        "lineNumber": 358,
                        "scriptId": "30",
                        "url": "https://screenrant.com/"
                    }
                ]
            },
            "type": "script"
        }
    },
    {
        "requested_for": "https://screenrant.com/",
        "time": 338771.166026,
        "requestId": "18004.15",
        "loaderId": "4308EDBE4528EC8CAEB9CC04AF362639",
        "requested_resource": "https://applets.ebxcdn.com/ebx.js",
        "initiator": {
            "columnNumber": 82,
            "lineNumber": 475,
            "type": "parser",
            "url": "https://screenrant.com/"
        }
    },
    {
        "requested_for": "https://screenrant.com/",
        "time": 338771.167577,
        "requestId": "18004.16",
        "loaderId": "4308EDBE4528EC8CAEB9CC04AF362639",
        "requested_resource": "https://screenrant.com/public/build/images/sr-logo-full-colored-light.svg?v=3.0",
        "initiator": {
            "columnNumber": 9,
            "lineNumber": 1274,
            "type": "parser",
            "url": "https://screenrant.com/"
        }
    },
    {
        "requested_for": "https://screenrant.com/",
        "time": 338771.24708,
        "requestId": "18004.68",
        "loaderId": "4308EDBE4528EC8CAEB9CC04AF362639",
        "requested_resource": "https://valnet.sentinelbi.com/www.screenrant.com/senp.png?time=1742327776526&permalink=//&connSpeed=10&dimensions=%7B%22contentType%22%3A%22Non-Article%22%2C%22adsTemplate%22%3A%22home%22%2C%22intent%22%3A%22Non-Article%22%2C%22articleType%22%3A%22%22%2C%22primaryTag%22%3A%22%22%2C%22primaryCategory%22%3A%22%22%2C%22networkCategory%22%3A%22Non-Article%22%7D&userDimensions=%7B%22plan%22%3A%22%22%2C%22userRef%22%3A%22%22%2C%22loggedIn%22%3Afalse%7D&type=pageVisit&typeValue=&uuid=332c2bd5-4897-4e36-ba88-1acb807ca36b",
        "initiator": {
            "stack": {
                "callFrames": [
                    {
                        "columnNumber": 2124,
                        "functionName": "e.sendPl",
                        "lineNumber": 1,
                        "scriptId": "41",
                        "url": "https://cdn.sentinelbi.com/sentinel_analytics_beacon.js"
                    },
                    {
                        "columnNumber": 405,
                        "functionName": "e",
                        "lineNumber": 1,
                        "scriptId": "41",
                        "url": "https://cdn.sentinelbi.com/sentinel_analytics_beacon.js"
                    },
                    {
                        "columnNumber": 8622,
                        "functionName": "",
                        "lineNumber": 1,
                        "scriptId": "41",
                        "url": "https://cdn.sentinelbi.com/sentinel_analytics_beacon.js"
                    },
                    {
                        "columnNumber": 8668,
                        "functionName": "",
                        "lineNumber": 1,
                        "scriptId": "41",
                        "url": "https://cdn.sentinelbi.com/sentinel_analytics_beacon.js"
                    }
                ]
            },
            "type": "script"
        }
    },
    {
        "requested_for": "https://screenrant.com/",
        "time": 338771.296015,
        "requestId": "18004.81",
        "loaderId": "4308EDBE4528EC8CAEB9CC04AF362639",
        "requested_resource": "https://screenrant.com/public/build/images/star-full-2.svg",
        "initiator": {
            "columnNumber": 1,
            "lineNumber": 10221,
            "type": "parser",
            "url": "https://screenrant.com/"
        }
    },
    {
        "requested_for": "https://screenrant.com/",
        "time": 338771.349906,
        "requestId": "18004.18",
        "loaderId": "4308EDBE4528EC8CAEB9CC04AF362639",
        "requested_resource": "https://static1.srcdn.com/wordpress/wp-content/uploads/2025/03/imagery-from-the-white-lotus.jpg?q=49&fit=crop&w=300&h=164&dpr=2",
        "initiator": {
            "columnNumber": 1,
            "lineNumber": 10221,
            "type": "parser",
            "url": "https://screenrant.com/"
        }
    },
    {
        "requested_for": "https://screenrant.com/",
        "time": 338771.349968,
        "requestId": "18004.19",
        "loaderId": "4308EDBE4528EC8CAEB9CC04AF362639",
        "requested_resource": "https://static1.srcdn.com/wordpress/wp-content/uploads/wm/2025/03/alexandra-daddario-smiling-in-mayfair-witches-and-gal-gadot-s-wonder-woman-from-ww-1984.jpg?q=49&fit=crop&w=300&h=164&dpr=2",
        "initiator": {
            "columnNumber": 1,
            "lineNumber": 10221,
            "type": "parser",
            "url": "https://screenrant.com/"
        }
    },
    {
        "requested_for": "https://screenrant.com/",
        "time": 338771.350016,
        "requestId": "18004.20",
        "loaderId": "4308EDBE4528EC8CAEB9CC04AF362639",
        "requested_resource": "https://static1.srcdn.com/wordpress/wp-content/uploads/2023/11/godzilla-in-monarch_-legacy-of-monsters.jpg?q=49&fit=crop&w=300&h=164&dpr=2",
        "initiator": {
            "columnNumber": 1,
            "lineNumber": 10221,
            "type": "parser",
            "url": "https://screenrant.com/"
        }
    },
    {
        "requested_for": "https://screenrant.com/",
        "time": 338771.350037,
        "requestId": "18004.21",
        "loaderId": "4308EDBE4528EC8CAEB9CC04AF362639",
        "requested_resource": "https://static1.srcdn.com/wordpress/wp-content/uploads/2025/03/conan-o-brien-singing-at-the-2025-oscars.jpg?q=49&fit=crop&w=300&h=164&dpr=2",
        "initiator": {
            "columnNumber": 1,
            "lineNumber": 10221,
            "type": "parser",
            "url": "https://screenrant.com/"
        }
    },
    {
        "requested_for": "https://screenrant.com/",
        "time": 338771.350056,
        "requestId": "18004.22",
        "loaderId": "4308EDBE4528EC8CAEB9CC04AF362639",
        "requested_resource": "https://static1.srcdn.com/wordpress/wp-content/uploads/2025/01/green-day-performing-live.jpg?q=49&fit=crop&w=210&h=130&dpr=2",
        "initiator": {
            "columnNumber": 1,
            "lineNumber": 10221,
            "type": "parser",
            "url": "https://screenrant.com/"
        }
    },
    {
        "requested_for": "https://screenrant.com/",
        "time": 338771.350073,
        "requestId": "18004.23",
        "loaderId": "4308EDBE4528EC8CAEB9CC04AF362639",
        "requested_resource": "https://static1.srcdn.com/wordpress/wp-content/uploads/2025/03/jack-quaid-as-richard-reynman-in-oppenheimer.jpg?q=49&fit=crop&w=210&h=130&dpr=2",
        "initiator": {
            "columnNumber": 1,
            "lineNumber": 10221,
            "type": "parser",
            "url": "https://screenrant.com/"
        }
    },
    {
        "requested_for": "https://screenrant.com/",
        "time": 338771.350092,
        "requestId": "18004.24",
        "loaderId": "4308EDBE4528EC8CAEB9CC04AF362639",
        "requested_resource": "https://static1.srcdn.com/wordpress/wp-content/uploads/2025/03/dennis-quaid-as-keith-hunter-jesperson-looking-frustrated-in-happy-face.jpg?q=49&fit=crop&w=210&h=130&dpr=2",
        "initiator": {
            "columnNumber": 1,
            "lineNumber": 10221,
            "type": "parser",
            "url": "https://screenrant.com/"
        }
    },
    {
        "requested_for": "https://screenrant.com/",
        "time": 338771.35011,
        "requestId": "18004.25",
        "loaderId": "4308EDBE4528EC8CAEB9CC04AF362639",
        "requested_resource": "https://static1.srcdn.com/wordpress/wp-content/uploads/2024/07/official-poster-for-twisters-2024.jpg?q=50&fit=cover&w=210&h=312&dpr=2",
        "initiator": {
            "columnNumber": 1,
            "lineNumber": 10221,
            "type": "parser",
            "url": "https://screenrant.com/"
        }
    },
    {
        "requested_for": "https://screenrant.com/",
        "time": 338771.350129,
        "requestId": "18004.26",
        "loaderId": "4308EDBE4528EC8CAEB9CC04AF362639",
        "requested_resource": "https://static1.srcdn.com/wordpress/wp-content/uploads/2025/01/daredevil-born-again-poster.jpg?q=50&fit=cover&w=210&h=312&dpr=2",
        "initiator": {
            "columnNumber": 1,
            "lineNumber": 10221,
            "type": "parser",
            "url": "https://screenrant.com/"
        }
    },
    {
        "requested_for": "https://screenrant.com/",
        "time": 338771.350147,
        "requestId": "18004.27",
        "loaderId": "4308EDBE4528EC8CAEB9CC04AF362639",
        "requested_resource": "https://static1.srcdn.com/wordpress/wp-content/uploads/2023/05/oppenheimer-poster.jpg?q=50&fit=cover&w=210&h=312&dpr=2",
        "initiator": {
            "columnNumber": 1,
            "lineNumber": 10221,
            "type": "parser",
            "url": "https://screenrant.com/"
        }
    },
    {
        "requested_for": "https://screenrant.com/",
        "time": 338771.350178,
        "requestId": "18004.28",
        "loaderId": "4308EDBE4528EC8CAEB9CC04AF362639",
        "requested_resource": "https://static1.srcdn.com/wordpress/wp-content/uploads/2024/11/01334916_poster_w780.jpg?q=50&fit=cover&w=210&h=312&dpr=2",
        "initiator": {
            "columnNumber": 1,
            "lineNumber": 10221,
            "type": "parser",
            "url": "https://screenrant.com/"
        }
    },
    {
        "requested_for": "https://screenrant.com/",
        "time": 338771.3502,
        "requestId": "18004.29",
        "loaderId": "4308EDBE4528EC8CAEB9CC04AF362639",
        "requested_resource": "https://static1.srcdn.com/wordpress/wp-content/uploads/2023/10/invincible-season-3-poster.jpg?q=50&fit=cover&w=210&h=312&dpr=2",
        "initiator": {
            "columnNumber": 1,
            "lineNumber": 10221,
            "type": "parser",
            "url": "https://screenrant.com/"
        }
    },
    {
        "requested_for": "https://screenrant.com/",
        "time": 338771.350218,
        "requestId": "18004.30",
        "loaderId": "4308EDBE4528EC8CAEB9CC04AF362639",
        "requested_resource": "https://static1.srcdn.com/wordpress/wp-content/uploads/2022/04/severance-poster.jpg?q=50&fit=cover&w=210&h=312&dpr=2",
        "initiator": {
            "columnNumber": 1,
            "lineNumber": 10221,
            "type": "parser",
            "url": "https://screenrant.com/"
        }
    },
    {
        "requested_for": "https://screenrant.com/",
        "time": 338771.350236,
        "requestId": "18004.31",
        "loaderId": "4308EDBE4528EC8CAEB9CC04AF362639",
        "requested_resource": "https://static0.srcdn.com/wordpress/wp-content/uploads/2024/11/a-split-image-of-a-xenomorph-furiosa-and-joy.jpg?q=50&fit=crop&w=240&h=160&dpr=1.5",
        "initiator": {
            "columnNumber": 1,
            "lineNumber": 10221,
            "type": "parser",
            "url": "https://screenrant.com/"
        }
    },
    {
        "requested_for": "https://screenrant.com/",
        "time": 338771.350259,
        "requestId": "18004.32",
        "loaderId": "4308EDBE4528EC8CAEB9CC04AF362639",
        "requested_resource": "https://static0.srcdn.com/wordpress/wp-content/uploads/2024/11/galdriel-from-rings-of-power-and-cooper-aka-the-ghoul-in-fallout.jpg?q=50&fit=crop&w=240&h=160&dpr=1.5",
        "initiator": {
            "columnNumber": 1,
            "lineNumber": 10221,
            "type": "parser",
            "url": "https://screenrant.com/"
        }
    },
    {
        "requested_for": "https://screenrant.com/",
        "time": 338771.350322,
        "requestId": "18004.33",
        "loaderId": "4308EDBE4528EC8CAEB9CC04AF362639",
        "requested_resource": "https://static0.srcdn.com/wordpress/wp-content/uploads/2024/11/a-split-image-of-deadpool-from-deadpool-wolverine-and-oz-cobb-from-the-penguin.jpg?q=50&fit=crop&w=240&h=160&dpr=1.5",
        "initiator": {
            "columnNumber": 1,
            "lineNumber": 10221,
            "type": "parser",
            "url": "https://screenrant.com/"
        }
    },
    {
        "requested_for": "https://screenrant.com/",
        "time": 338771.350366,
        "requestId": "18004.34",
        "loaderId": "4308EDBE4528EC8CAEB9CC04AF362639",
        "requested_resource": "https://static0.srcdn.com/wordpress/wp-content/uploads/2024/11/a-split-image-of-mario-kratos-and-master-chief.jpg?q=50&fit=crop&w=240&h=160&dpr=1.5",
        "initiator": {
            "columnNumber": 1,
            "lineNumber": 10221,
            "type": "parser",
            "url": "https://screenrant.com/"
        }
    },
    {
        "requested_for": "https://screenrant.com/",
        "time": 338771.350384,
        "requestId": "18004.35",
        "loaderId": "4308EDBE4528EC8CAEB9CC04AF362639",
        "requested_resource": "https://static1.srcdn.com/wordpress/wp-content/uploads/2025/03/the-rookie-710-clip-write-up.jpg?q=49&fit=crop&w=240&h=160&dpr=2",
        "initiator": {
            "columnNumber": 1,
            "lineNumber": 10221,
            "type": "parser",
            "url": "https://screenrant.com/"
        }
    },
    {
        "requested_for": "https://screenrant.com/",
        "time": 338771.350407,
        "requestId": "18004.36",
        "loaderId": "4308EDBE4528EC8CAEB9CC04AF362639",
        "requested_resource": "https://static1.srcdn.com/wordpress/wp-content/uploads/2025/03/novocaine-2-chances-get-encouraging-tease-from-jack-quaid.jpg?q=49&fit=crop&w=240&h=160&dpr=2",
        "initiator": {
            "columnNumber": 1,
            "lineNumber": 10221,
            "type": "parser",
            "url": "https://screenrant.com/"
        }
    },
    {
        "requested_for": "https://screenrant.com/",
        "time": 338771.350434,
        "requestId": "18004.37",
        "loaderId": "4308EDBE4528EC8CAEB9CC04AF362639",
        "requested_resource": "https://static1.srcdn.com/wordpress/wp-content/uploads/2025/03/doctor-odyssey-cast-answers-fans-biggest-911-question-ahead-of-crossover.jpg?q=49&fit=crop&w=240&h=160&dpr=2",
        "initiator": {
            "columnNumber": 1,
            "lineNumber": 10221,
            "type": "parser",
            "url": "https://screenrant.com/"
        }
    },
    {
        "requested_for": "https://screenrant.com/",
        "time": 338771.350466,
        "requestId": "18004.38",
        "loaderId": "4308EDBE4528EC8CAEB9CC04AF362639",
        "requested_resource": "https://static1.srcdn.com/wordpress/wp-content/uploads/2025/03/millie-bobby-brown-and-the-electric-state-imagery-1.jpg?q=49&fit=crop&w=240&h=160&dpr=2",
        "initiator": {
            "columnNumber": 1,
            "lineNumber": 10221,
            "type": "parser",
            "url": "https://screenrant.com/"
        }
    },
    {
        "requested_for": "https://screenrant.com/",
        "time": 338771.350527,
        "requestId": "18004.39",
        "loaderId": "4308EDBE4528EC8CAEB9CC04AF362639",
        "requested_resource": "https://static1.srcdn.com/wordpress/wp-content/uploads/2025/03/national-geographic-33-initiative-celebrating-changemakers-launches-with-gorgeous-michelle-yeoh-yara-shahidi-covers.jpg?q=49&fit=crop&w=240&h=160&dpr=2",
        "initiator": {
            "columnNumber": 1,
            "lineNumber": 10221,
            "type": "parser",
            "url": "https://screenrant.com/"
        }
    },
    {
        "requested_for": "https://screenrant.com/",
        "time": 338771.350556,
        "requestId": "18004.40",
        "loaderId": "4308EDBE4528EC8CAEB9CC04AF362639",
        "requested_resource": "https://static1.srcdn.com/wordpress/wp-content/uploads/2025/03/the-righteous-gemstones-aimee-leigh-and-eli.jpg?q=49&fit=crop&w=360&h=240&dpr=2",
        "initiator": {
            "columnNumber": 1,
            "lineNumber": 10221,
            "type": "parser",
            "url": "https://screenrant.com/"
        }
    },
    {
        "requested_for": "https://screenrant.com/",
        "time": 338771.350601,
        "requestId": "18004.41",
        "loaderId": "4308EDBE4528EC8CAEB9CC04AF362639",
        "requested_resource": "https://static1.srcdn.com/wordpress/wp-content/uploads/2025/03/jeffrey-dean-morgan-as-negan-and-steven-yeun-as-glenn-in-the-walking-dead-with-invincible-imagery-behind-them.jpg?q=49&fit=crop&w=360&h=240&dpr=2",
        "initiator": {
            "columnNumber": 1,
            "lineNumber": 10221,
            "type": "parser",
            "url": "https://screenrant.com/"
        }
    },
    {
        "requested_for": "https://screenrant.com/",
        "time": 338771.350654,
        "requestId": "18004.42",
        "loaderId": "4308EDBE4528EC8CAEB9CC04AF362639",
        "requested_resource": "https://static1.srcdn.com/wordpress/wp-content/uploads/2025/03/optimus-prime-and-shredhead.jpg?q=49&fit=crop&w=360&h=240&dpr=2",
        "initiator": {
            "columnNumber": 1,
            "lineNumber": 10221,
            "type": "parser",
            "url": "https://screenrant.com/"
        }
    },
    {
        "requested_for": "https://screenrant.com/",
        "time": 338771.350685,
        "requestId": "18004.63",
        "loaderId": "4308EDBE4528EC8CAEB9CC04AF362639",
        "requested_resource": "https://static1.srcdn.com/wordpress/wp-content/uploads/2025/03/silent-hill-f-character-with-imagery.jpg?q=49&fit=crop&w=120&h=80&dpr=2",
        "initiator": {
            "columnNumber": 1,
            "lineNumber": 10221,
            "type": "parser",
            "url": "https://screenrant.com/"
        }
    },
    {
        "requested_for": "https://screenrant.com/",
        "time": 338771.35072,
        "requestId": "18004.64",
        "loaderId": "4308EDBE4528EC8CAEB9CC04AF362639",
        "requested_resource": "https://static1.srcdn.com/wordpress/wp-content/uploads/2023/12/how-to-solve-herodiana-s-puzzles-in-hogwarts-legacy.jpg?q=49&fit=crop&w=120&h=80&dpr=2",
        "initiator": {
            "columnNumber": 1,
            "lineNumber": 10221,
            "type": "parser",
            "url": "https://screenrant.com/"
        }
    },
    {
        "requested_for": "https://screenrant.com/public/build/worker.57e21277.js",
        "time": 338771.399372,
        "requestId": "41E017641DCFCA025DAE6DB048820ACD",
        "loaderId": "",
        "requested_resource": "https://screenrant.com/public/build/worker.57e21277.js",
        "initiator": {
            "type": "other",
            "url": "https://screenrant.com/"
        }
    },
    {
        "requested_for": "https://screenrant.com/",
        "time": 338771.508111,
        "requestId": "18004.111",
        "loaderId": "4308EDBE4528EC8CAEB9CC04AF362639",
        "requested_resource": "https://screenrant.com/public/build/newsletter-preferences-popup.a8f5483f.js",
        "initiator": {
            "stack": {
                "callFrames": [
                    {
                        "columnNumber": 26,
                        "functionName": "apply",
                        "lineNumber": 284,
                        "scriptId": "13",
                        "url": "chrome-extension://bbogkpojpmdnlonjjogfkaclifmgnbfe/b7f4230f-71e7-43f8-8822-adf3900c24e4"
                    },
                    {
                        "columnNumber": 24,
                        "functionName": "apply",
                        "lineNumber": 404,
                        "scriptId": "13",
                        "url": "chrome-extension://bbogkpojpmdnlonjjogfkaclifmgnbfe/b7f4230f-71e7-43f8-8822-adf3900c24e4"
                    },
                    {
                        "columnNumber": 1342,
                        "functionName": "YYhr.window.workerScriptLocation.onmessage",
                        "lineNumber": 0,
                        "scriptId": "43",
                        "url": "https://screenrant.com/public/build/worker-caller.b1acf679.js"
                    }
                ]
            },
            "type": "script"
        }
    },
    {
        "requested_for": "https://screenrant.com/",
        "time": 338771.508322,
        "requestId": "18004.112",
        "loaderId": "4308EDBE4528EC8CAEB9CC04AF362639",
        "requested_resource": "https://screenrant.com/public/build/valnet-footer-homepage.d4dda045.js",
        "initiator": {
            "stack": {
                "callFrames": [
                    {
                        "columnNumber": 26,
                        "functionName": "apply",
                        "lineNumber": 284,
                        "scriptId": "13",
                        "url": "chrome-extension://bbogkpojpmdnlonjjogfkaclifmgnbfe/b7f4230f-71e7-43f8-8822-adf3900c24e4"
                    },
                    {
                        "columnNumber": 24,
                        "functionName": "apply",
                        "lineNumber": 404,
                        "scriptId": "13",
                        "url": "chrome-extension://bbogkpojpmdnlonjjogfkaclifmgnbfe/b7f4230f-71e7-43f8-8822-adf3900c24e4"
                    },
                    {
                        "columnNumber": 1342,
                        "functionName": "YYhr.window.workerScriptLocation.onmessage",
                        "lineNumber": 0,
                        "scriptId": "43",
                        "url": "https://screenrant.com/public/build/worker-caller.b1acf679.js"
                    }
                ]
            },
            "type": "script"
        }
    },
    {
        "requested_for": "https://screenrant.com/",
        "time": 338771.508398,
        "requestId": "18004.113",
        "loaderId": "4308EDBE4528EC8CAEB9CC04AF362639",
        "requested_resource": "https://screenrant.com/public/build/valnet-login.1a5a1680.js",
        "initiator": {
            "stack": {
                "callFrames": [
                    {
                        "columnNumber": 26,
                        "functionName": "apply",
                        "lineNumber": 284,
                        "scriptId": "13",
                        "url": "chrome-extension://bbogkpojpmdnlonjjogfkaclifmgnbfe/b7f4230f-71e7-43f8-8822-adf3900c24e4"
                    },
                    {
                        "columnNumber": 24,
                        "functionName": "apply",
                        "lineNumber": 404,
                        "scriptId": "13",
                        "url": "chrome-extension://bbogkpojpmdnlonjjogfkaclifmgnbfe/b7f4230f-71e7-43f8-8822-adf3900c24e4"
                    },
                    {
                        "columnNumber": 1342,
                        "functionName": "YYhr.window.workerScriptLocation.onmessage",
                        "lineNumber": 0,
                        "scriptId": "43",
                        "url": "https://screenrant.com/public/build/worker-caller.b1acf679.js"
                    }
                ]
            },
            "type": "script"
        }
    },
    {
        "requested_for": "https://screenrant.com/",
        "time": 338771.508467,
        "requestId": "18004.114",
        "loaderId": "4308EDBE4528EC8CAEB9CC04AF362639",
        "requested_resource": "https://screenrant.com/public/build/valnet-threads.b7775ccb.js",
        "initiator": {
            "stack": {
                "callFrames": [
                    {
                        "columnNumber": 26,
                        "functionName": "apply",
                        "lineNumber": 284,
                        "scriptId": "13",
                        "url": "chrome-extension://bbogkpojpmdnlonjjogfkaclifmgnbfe/b7f4230f-71e7-43f8-8822-adf3900c24e4"
                    },
                    {
                        "columnNumber": 24,
                        "functionName": "apply",
                        "lineNumber": 404,
                        "scriptId": "13",
                        "url": "chrome-extension://bbogkpojpmdnlonjjogfkaclifmgnbfe/b7f4230f-71e7-43f8-8822-adf3900c24e4"
                    },
                    {
                        "columnNumber": 1342,
                        "functionName": "YYhr.window.workerScriptLocation.onmessage",
                        "lineNumber": 0,
                        "scriptId": "43",
                        "url": "https://screenrant.com/public/build/worker-caller.b1acf679.js"
                    }
                ]
            },
            "type": "script"
        }
    },
    {
        "requested_for": "https://screenrant.com/",
        "time": 338771.50853,
        "requestId": "18004.115",
        "loaderId": "4308EDBE4528EC8CAEB9CC04AF362639",
        "requested_resource": "https://screenrant.com/public/build/valnet-homepage-db.fa6409e9.js",
        "initiator": {
            "stack": {
                "callFrames": [
                    {
                        "columnNumber": 26,
                        "functionName": "apply",
                        "lineNumber": 284,
                        "scriptId": "13",
                        "url": "chrome-extension://bbogkpojpmdnlonjjogfkaclifmgnbfe/b7f4230f-71e7-43f8-8822-adf3900c24e4"
                    },
                    {
                        "columnNumber": 24,
                        "functionName": "apply",
                        "lineNumber": 404,
                        "scriptId": "13",
                        "url": "chrome-extension://bbogkpojpmdnlonjjogfkaclifmgnbfe/b7f4230f-71e7-43f8-8822-adf3900c24e4"
                    },
                    {
                        "columnNumber": 1342,
                        "functionName": "YYhr.window.workerScriptLocation.onmessage",
                        "lineNumber": 0,
                        "scriptId": "43",
                        "url": "https://screenrant.com/public/build/worker-caller.b1acf679.js"
                    }
                ]
            },
            "type": "script"
        }
    },
    {
        "requested_for": "https://screenrant.com/",
        "time": 338771.621631,
        "requestId": "18004.116",
        "loaderId": "4308EDBE4528EC8CAEB9CC04AF362639",
        "requested_resource": "https://screenrant.com/public/build/article-comments.8b25ea56.js",
        "initiator": {
            "stack": {
                "callFrames": [
                    {
                        "columnNumber": 26,
                        "functionName": "apply",
                        "lineNumber": 284,
                        "scriptId": "13",
                        "url": "chrome-extension://bbogkpojpmdnlonjjogfkaclifmgnbfe/b7f4230f-71e7-43f8-8822-adf3900c24e4"
                    },
                    {
                        "columnNumber": 24,
                        "functionName": "apply",
                        "lineNumber": 404,
                        "scriptId": "13",
                        "url": "chrome-extension://bbogkpojpmdnlonjjogfkaclifmgnbfe/b7f4230f-71e7-43f8-8822-adf3900c24e4"
                    },
                    {
                        "columnNumber": 1342,
                        "functionName": "YYhr.window.workerScriptLocation.onmessage",
                        "lineNumber": 0,
                        "scriptId": "43",
                        "url": "https://screenrant.com/public/build/worker-caller.b1acf679.js"
                    }
                ]
            },
            "type": "script"
        }
    },
    {
        "requested_for": "https://screenrant.com/",
        "time": 338771.621759,
        "requestId": "18004.117",
        "loaderId": "4308EDBE4528EC8CAEB9CC04AF362639",
        "requested_resource": "https://screenrant.com/public/build/follow-page.158ecfc0.js",
        "initiator": {
            "stack": {
                "callFrames": [
                    {
                        "columnNumber": 26,
                        "functionName": "apply",
                        "lineNumber": 284,
                        "scriptId": "13",
                        "url": "chrome-extension://bbogkpojpmdnlonjjogfkaclifmgnbfe/b7f4230f-71e7-43f8-8822-adf3900c24e4"
                    },
                    {
                        "columnNumber": 24,
                        "functionName": "apply",
                        "lineNumber": 404,
                        "scriptId": "13",
                        "url": "chrome-extension://bbogkpojpmdnlonjjogfkaclifmgnbfe/b7f4230f-71e7-43f8-8822-adf3900c24e4"
                    },
                    {
                        "columnNumber": 1342,
                        "functionName": "YYhr.window.workerScriptLocation.onmessage",
                        "lineNumber": 0,
                        "scriptId": "43",
                        "url": "https://screenrant.com/public/build/worker-caller.b1acf679.js"
                    }
                ]
            },
            "type": "script"
        }
    },
    {
        "requested_for": "https://screenrant.com/",
        "time": 338771.621908,
        "requestId": "18004.118",
        "loaderId": "4308EDBE4528EC8CAEB9CC04AF362639",
        "requested_resource": "https://screenrant.com/public/build/valnet-footer.db38d9ee.js",
        "initiator": {
            "stack": {
                "callFrames": [
                    {
                        "columnNumber": 26,
                        "functionName": "apply",
                        "lineNumber": 284,
                        "scriptId": "13",
                        "url": "chrome-extension://bbogkpojpmdnlonjjogfkaclifmgnbfe/b7f4230f-71e7-43f8-8822-adf3900c24e4"
                    },
                    {
                        "columnNumber": 24,
                        "functionName": "apply",
                        "lineNumber": 404,
                        "scriptId": "13",
                        "url": "chrome-extension://bbogkpojpmdnlonjjogfkaclifmgnbfe/b7f4230f-71e7-43f8-8822-adf3900c24e4"
                    },
                    {
                        "columnNumber": 1342,
                        "functionName": "YYhr.window.workerScriptLocation.onmessage",
                        "lineNumber": 0,
                        "scriptId": "43",
                        "url": "https://screenrant.com/public/build/worker-caller.b1acf679.js"
                    }
                ]
            },
            "type": "script"
        }
    },
    {
        "requested_for": "https://screenrant.com/",
        "time": 338771.644544,
        "requestId": "18004.119",
        "loaderId": "4308EDBE4528EC8CAEB9CC04AF362639",
        "requested_resource": "https://applets.ebxcdn.com/applets/screenrant.com/scripts.js",
        "initiator": {
            "stack": {
                "callFrames": [
                    {
                        "columnNumber": 398,
                        "functionName": "",
                        "lineNumber": 0,
                        "scriptId": "40",
                        "url": "https://applets.ebxcdn.com/ebx.js"
                    },
                    {
                        "columnNumber": 461,
                        "functionName": "",
                        "lineNumber": 0,
                        "scriptId": "40",
                        "url": "https://applets.ebxcdn.com/ebx.js"
                    }
                ]
            },
            "type": "script"
        }
    },
    {
        "requested_for": "https://screenrant.com/",
        "time": 338771.66358,
        "requestId": "18004.120",
        "loaderId": "4308EDBE4528EC8CAEB9CC04AF362639",
        "requested_resource": "https://region1.analytics.google.com/g/collect?v=2&tid=G-TTMLW7634R&gtm=45je53h0v9201121955za200&_p=1742327776525&_gaz=1&gcd=13l3l3l2l1l1&npa=1&dma_cps=syphamo&dma=1&tag_exp=102482433~102587591~102717422~102788824~102813109~102814060~102825837~102879719&cid=1225015212.1742327777&ul=en-us&sr=2560x1440&uaa=x86&uab=64&uafvl=Not%253AA-Brand%3B24.0.0.0%7CChromium%3B134.0.6998.88&uamb=0&uam=&uap=Windows&uapv=19.0.0&uaw=0&are=1&frm=0&pscdl=&_s=1&sid=1742327777&sct=1&seg=0&dl=https%3A%2F%2Fscreenrant.com%2F&dt=Screen%20Rant%3A%20Movie%20News%2C%20Movie%20Reviews%2C%20Movie%20Trailers%2C%20TV%20News&en=page_view&_fv=1&_nsi=1&_ss=1&_ee=1&ep.post_id=Non-Article&ep.article_template=&ep.browser_user_agent=Mozilla%2F5.0%20(Windows%20NT%2010.0%3B%20Win64%3B%20x64)%20AppleWebKit%2F537.36%20(KHTML%2C%20like%20Gecko)%20HeadlessChrome%2F134.0.0.0%20Safari%2F537.36&ep.author=Non-Article&ep.jr_editor=Non-Article&ep.sr_editor=Non-Article&ep.primary_category=Non-Article&ep.tags=&ep.payment_category=Non-Article&ep.content_type=Non-Article&ep.intent=Non-Article&ep.network_category=Non-Article&ep.is_amp_traffic=false&ep.template=home&ep.is_ad_block=false&ep.classification=&ep.is_subscribed_premium=false&ep.subscription_plan=&ep.ip_address=85.132.136.38&ep.date_published=&ep.date_republished=&ep.brand_segment=&ep.video_picker=none&ep.ideator=&ep.templateLayout=&ep.first_view=true&ep.authenticated_traffic=false&ep.first_visit=true&tfd=1585",
        "initiator": {
            "stack": {
                "callFrames": [
                    {
                        "columnNumber": 285,
                        "functionName": "Ic",
                        "lineNumber": 210,
                        "scriptId": "45",
                        "url": "https://www.googletagmanager.com/gtag/js?id=G-TTMLW7634R"
                    },
                    {
                        "columnNumber": 93,
                        "functionName": "tl",
                        "lineNumber": 384,
                        "scriptId": "45",
                        "url": "https://www.googletagmanager.com/gtag/js?id=G-TTMLW7634R"
                    },
                    {
                        "columnNumber": 226,
                        "functionName": "BK",
                        "lineNumber": 770,
                        "scriptId": "45",
                        "url": "https://www.googletagmanager.com/gtag/js?id=G-TTMLW7634R"
                    },
                    {
                        "columnNumber": 411,
                        "functionName": "h.xb",
                        "lineNumber": 774,
                        "scriptId": "45",
                        "url": "https://www.googletagmanager.com/gtag/js?id=G-TTMLW7634R"
                    },
                    {
                        "columnNumber": 41,
                        "functionName": "h.add",
                        "lineNumber": 777,
                        "scriptId": "45",
                        "url": "https://www.googletagmanager.com/gtag/js?id=G-TTMLW7634R"
                    },
                    {
                        "columnNumber": 154,
                        "functionName": "h.qk",
                        "lineNumber": 795,
                        "scriptId": "45",
                        "url": "https://www.googletagmanager.com/gtag/js?id=G-TTMLW7634R"
                    },
                    {
                        "columnNumber": 76,
                        "functionName": "h.Gn",
                        "lineNumber": 795,
                        "scriptId": "45",
                        "url": "https://www.googletagmanager.com/gtag/js?id=G-TTMLW7634R"
                    },
                    {
                        "columnNumber": 523,
                        "functionName": "",
                        "lineNumber": 791,
                        "scriptId": "45",
                        "url": "https://www.googletagmanager.com/gtag/js?id=G-TTMLW7634R"
                    },
                    {
                        "columnNumber": 149,
                        "functionName": "ym",
                        "lineNumber": 405,
                        "scriptId": "45",
                        "url": "https://www.googletagmanager.com/gtag/js?id=G-TTMLW7634R"
                    },
                    {
                        "columnNumber": 431,
                        "functionName": "$n",
                        "lineNumber": 415,
                        "scriptId": "45",
                        "url": "https://www.googletagmanager.com/gtag/js?id=G-TTMLW7634R"
                    },
                    {
                        "columnNumber": 507,
                        "functionName": "",
                        "lineNumber": 791,
                        "scriptId": "45",
                        "url": "https://www.googletagmanager.com/gtag/js?id=G-TTMLW7634R"
                    },
                    {
                        "columnNumber": 20,
                        "functionName": "c",
                        "lineNumber": 579,
                        "scriptId": "45",
                        "url": "https://www.googletagmanager.com/gtag/js?id=G-TTMLW7634R"
                    },
                    {
                        "columnNumber": 51,
                        "functionName": "lx",
                        "lineNumber": 579,
                        "scriptId": "45",
                        "url": "https://www.googletagmanager.com/gtag/js?id=G-TTMLW7634R"
                    },
                    {
                        "columnNumber": 493,
                        "functionName": "h.En",
                        "lineNumber": 791,
                        "scriptId": "45",
                        "url": "https://www.googletagmanager.com/gtag/js?id=G-TTMLW7634R"
                    },
                    {
                        "columnNumber": 962,
                        "functionName": "c",
                        "lineNumber": 807,
                        "scriptId": "45",
                        "url": "https://www.googletagmanager.com/gtag/js?id=G-TTMLW7634R"
                    },
                    {
                        "columnNumber": 368,
                        "functionName": "w",
                        "lineNumber": 432,
                        "scriptId": "45",
                        "url": "https://www.googletagmanager.com/gtag/js?id=G-TTMLW7634R"
                    },
                    {
                        "columnNumber": 1235,
                        "functionName": "Hm",
                        "lineNumber": 406,
                        "scriptId": "45",
                        "url": "https://www.googletagmanager.com/gtag/js?id=G-TTMLW7634R"
                    },
                    {
                        "columnNumber": 458,
                        "functionName": "Kp",
                        "lineNumber": 432,
                        "scriptId": "45",
                        "url": "https://www.googletagmanager.com/gtag/js?id=G-TTMLW7634R"
                    },
                    {
                        "columnNumber": 186,
                        "functionName": "Jp.flush",
                        "lineNumber": 435,
                        "scriptId": "45",
                        "url": "https://www.googletagmanager.com/gtag/js?id=G-TTMLW7634R"
                    },
                    {
                        "columnNumber": 337,
                        "functionName": "Jp.push",
                        "lineNumber": 433,
                        "scriptId": "45",
                        "url": "https://www.googletagmanager.com/gtag/js?id=G-TTMLW7634R"
                    },
                    {
                        "columnNumber": 55,
                        "functionName": "config",
                        "lineNumber": 627,
                        "scriptId": "45",
                        "url": "https://www.googletagmanager.com/gtag/js?id=G-TTMLW7634R"
                    },
                    {
                        "columnNumber": 470,
                        "functionName": "KB",
                        "lineNumber": 635,
                        "scriptId": "45",
                        "url": "https://www.googletagmanager.com/gtag/js?id=G-TTMLW7634R"
                    },
                    {
                        "columnNumber": 43,
                        "functionName": "MB",
                        "lineNumber": 637,
                        "scriptId": "45",
                        "url": "https://www.googletagmanager.com/gtag/js?id=G-TTMLW7634R"
                    }
                ]
            },
            "type": "script"
        }
    },
    {
        "requested_for": "https://screenrant.com/",
        "time": 338771.66391,
        "requestId": "18004.121",
        "loaderId": "4308EDBE4528EC8CAEB9CC04AF362639",
        "requested_resource": "https://stats.g.doubleclick.net/g/collect?v=2&tid=G-TTMLW7634R&cid=1225015212.1742327777&gtm=45je53h0v9201121955za200&aip=1&dma=1&dma_cps=syphamo&gcd=13l3l3l2l1l1&npa=1&frm=0&tag_exp=102482433~102587591~102717422~102788824~102813109~102814060~102825837~102879719",
        "initiator": {
            "stack": {
                "callFrames": [
                    {
                        "columnNumber": 226,
                        "functionName": "Fc",
                        "lineNumber": 209,
                        "scriptId": "45",
                        "url": "https://www.googletagmanager.com/gtag/js?id=G-TTMLW7634R"
                    },
                    {
                        "columnNumber": 231,
                        "functionName": "ql",
                        "lineNumber": 383,
                        "scriptId": "45",
                        "url": "https://www.googletagmanager.com/gtag/js?id=G-TTMLW7634R"
                    },
                    {
                        "columnNumber": 51,
                        "functionName": "zK",
                        "lineNumber": 770,
                        "scriptId": "45",
                        "url": "https://www.googletagmanager.com/gtag/js?id=G-TTMLW7634R"
                    },
                    {
                        "columnNumber": 215,
                        "functionName": "CK",
                        "lineNumber": 771,
                        "scriptId": "45",
                        "url": "https://www.googletagmanager.com/gtag/js?id=G-TTMLW7634R"
                    },
                    {
                        "columnNumber": 223,
                        "functionName": "h.xb",
                        "lineNumber": 775,
                        "scriptId": "45",
                        "url": "https://www.googletagmanager.com/gtag/js?id=G-TTMLW7634R"
                    },
                    {
                        "columnNumber": 41,
                        "functionName": "h.add",
                        "lineNumber": 777,
                        "scriptId": "45",
                        "url": "https://www.googletagmanager.com/gtag/js?id=G-TTMLW7634R"
                    },
                    {
                        "columnNumber": 154,
                        "functionName": "h.qk",
                        "lineNumber": 795,
                        "scriptId": "45",
                        "url": "https://www.googletagmanager.com/gtag/js?id=G-TTMLW7634R"
                    },
                    {
                        "columnNumber": 76,
                        "functionName": "h.Gn",
                        "lineNumber": 795,
                        "scriptId": "45",
                        "url": "https://www.googletagmanager.com/gtag/js?id=G-TTMLW7634R"
                    },
                    {
                        "columnNumber": 523,
                        "functionName": "",
                        "lineNumber": 791,
                        "scriptId": "45",
                        "url": "https://www.googletagmanager.com/gtag/js?id=G-TTMLW7634R"
                    },
                    {
                        "columnNumber": 149,
                        "functionName": "ym",
                        "lineNumber": 405,
                        "scriptId": "45",
                        "url": "https://www.googletagmanager.com/gtag/js?id=G-TTMLW7634R"
                    },
                    {
                        "columnNumber": 431,
                        "functionName": "$n",
                        "lineNumber": 415,
                        "scriptId": "45",
                        "url": "https://www.googletagmanager.com/gtag/js?id=G-TTMLW7634R"
                    },
                    {
                        "columnNumber": 507,
                        "functionName": "",
                        "lineNumber": 791,
                        "scriptId": "45",
                        "url": "https://www.googletagmanager.com/gtag/js?id=G-TTMLW7634R"
                    },
                    {
                        "columnNumber": 20,
                        "functionName": "c",
                        "lineNumber": 579,
                        "scriptId": "45",
                        "url": "https://www.googletagmanager.com/gtag/js?id=G-TTMLW7634R"
                    },
                    {
                        "columnNumber": 51,
                        "functionName": "lx",
                        "lineNumber": 579,
                        "scriptId": "45",
                        "url": "https://www.googletagmanager.com/gtag/js?id=G-TTMLW7634R"
                    },
                    {
                        "columnNumber": 493,
                        "functionName": "h.En",
                        "lineNumber": 791,
                        "scriptId": "45",
                        "url": "https://www.googletagmanager.com/gtag/js?id=G-TTMLW7634R"
                    },
                    {
                        "columnNumber": 962,
                        "functionName": "c",
                        "lineNumber": 807,
                        "scriptId": "45",
                        "url": "https://www.googletagmanager.com/gtag/js?id=G-TTMLW7634R"
                    },
                    {
                        "columnNumber": 368,
                        "functionName": "w",
                        "lineNumber": 432,
                        "scriptId": "45",
                        "url": "https://www.googletagmanager.com/gtag/js?id=G-TTMLW7634R"
                    },
                    {
                        "columnNumber": 1235,
                        "functionName": "Hm",
                        "lineNumber": 406,
                        "scriptId": "45",
                        "url": "https://www.googletagmanager.com/gtag/js?id=G-TTMLW7634R"
                    },
                    {
                        "columnNumber": 458,
                        "functionName": "Kp",
                        "lineNumber": 432,
                        "scriptId": "45",
                        "url": "https://www.googletagmanager.com/gtag/js?id=G-TTMLW7634R"
                    },
                    {
                        "columnNumber": 186,
                        "functionName": "Jp.flush",
                        "lineNumber": 435,
                        "scriptId": "45",
                        "url": "https://www.googletagmanager.com/gtag/js?id=G-TTMLW7634R"
                    },
                    {
                        "columnNumber": 337,
                        "functionName": "Jp.push",
                        "lineNumber": 433,
                        "scriptId": "45",
                        "url": "https://www.googletagmanager.com/gtag/js?id=G-TTMLW7634R"
                    },
                    {
                        "columnNumber": 55,
                        "functionName": "config",
                        "lineNumber": 627,
                        "scriptId": "45",
                        "url": "https://www.googletagmanager.com/gtag/js?id=G-TTMLW7634R"
                    },
                    {
                        "columnNumber": 470,
                        "functionName": "KB",
                        "lineNumber": 635,
                        "scriptId": "45",
                        "url": "https://www.googletagmanager.com/gtag/js?id=G-TTMLW7634R"
                    },
                    {
                        "columnNumber": 43,
                        "functionName": "MB",
                        "lineNumber": 637,
                        "scriptId": "45",
                        "url": "https://www.googletagmanager.com/gtag/js?id=G-TTMLW7634R"
                    }
                ]
            },
            "type": "script"
        }
    },
    {
        "requested_for": "https://screenrant.com/",
        "time": 338771.664645,
        "requestId": "18004.122",
        "loaderId": "4308EDBE4528EC8CAEB9CC04AF362639",
        "requested_resource": "https://www.google.cz/ads/ga-audiences?v=1&t=sr&slf_rd=1&_r=4&tid=G-TTMLW7634R&cid=1225015212.1742327777&gtm=45je53h0v9201121955za200&aip=1&dma=1&dma_cps=syphamo&gcd=13l3l3l2l1l1&npa=1&frm=0&tag_exp=102482433~102587591~102717422~102788824~102813109~102814060~102825837~102879719&tag_exp=102482433~102587591~102717422~102788824~102813109~102814060~102825837~102879719&z=9790846",
        "initiator": {
            "columnNumber": 1,
            "lineNumber": 10221,
            "type": "parser",
            "url": "https://screenrant.com/"
        }
    },
    {
        "requested_for": "https://screenrant.com/",
        "time": 338771.786003,
        "requestId": "18004.123",
        "loaderId": "4308EDBE4528EC8CAEB9CC04AF362639",
        "requested_resource": "https://screenrant.com/strpixel.png?time=1742327777147&type=pageVisit&permalink=/",
        "initiator": {
            "stack": {
                "callFrames": [
                    {
                        "columnNumber": 2213,
                        "functionName": "value",
                        "lineNumber": 0,
                        "scriptId": "55",
                        "url": "https://screenrant.com/public/build/valnet-footer.db38d9ee.js"
                    },
                    {
                        "columnNumber": 1885,
                        "functionName": "value",
                        "lineNumber": 0,
                        "scriptId": "55",
                        "url": "https://screenrant.com/public/build/valnet-footer.db38d9ee.js"
                    },
                    {
                        "columnNumber": 1817,
                        "functionName": "e",
                        "lineNumber": 0,
                        "scriptId": "55",
                        "url": "https://screenrant.com/public/build/valnet-footer.db38d9ee.js"
                    },
                    {
                        "columnNumber": 36588,
                        "functionName": "FKMj.window.valnetLoadFooter",
                        "lineNumber": 0,
                        "scriptId": "55",
                        "url": "https://screenrant.com/public/build/valnet-footer.db38d9ee.js"
                    },
                    {
                        "columnNumber": 41144,
                        "functionName": "",
                        "lineNumber": 0,
                        "scriptId": "55",
                        "url": "https://screenrant.com/public/build/valnet-footer.db38d9ee.js"
                    }
                ]
            },
            "type": "script"
        }
    },
    {
        "requested_for": "https://screenrant.com/",
        "time": 338771.788357,
        "requestId": "18004.124",
        "loaderId": "4308EDBE4528EC8CAEB9CC04AF362639",
        "requested_resource": "https://screenrant.com/public/build/images/favicon-192x192.7d482dab.png",
        "initiator": {
            "type": "other"
        }
    },
    {
        "requested_for": "https://screenrant.com/",
        "time": 338771.894241,
        "requestId": "18004.125",
        "loaderId": "4308EDBE4528EC8CAEB9CC04AF362639",
        "requested_resource": "https://screenrant.com/public/build/images/favicon-48x48.af4c7131.png",
        "initiator": {
            "type": "other"
        }
    }
]