{
    "google.com": {
        "accounts": {
            "A": [
                "64.233.184.84"
            ],
            "CNAME": []
        },
        "fundingchoicesmessages": {
            "A": [
                "142.251.36.110"
            ],
            "CNAME": [
                "www3.l.google.com"
            ]
        },
        "www3.l": {
            "A": [
                "142.251.36.110"
            ],
            "CNAME": []
        },
        "android.clients": {
            "A": [
                "142.251.36.110",
                "142.251.36.78",
                "142.251.37.110",
                "142.251.36.142"
            ],
            "CNAME": [
                "android.l.google.com"
            ]
        },
        "android.l": {
            "A": [
                "142.251.36.110",
                "142.251.36.78",
                "142.251.37.110",
                "142.251.36.142"
            ],
            "CNAME": []
        },
        "mtalk": {
            "A": [
                "142.250.27.188"
            ],
            "CNAME": []
        }
    },
    "sme.sk": {
        "sme.sk": {
            "A": [
                "104.22.13.230",
                "104.22.12.230",
                "172.67.22.81"
            ],
            "CNAME": []
        },
        "www": {
            "A": [
                "172.67.22.81",
                "104.22.12.230",
                "104.22.13.230"
            ],
            "CNAME": []
        },
        "brick": {
            "A": [
                "104.22.13.230",
                "172.67.22.81",
                "104.22.12.230"
            ],
            "CNAME": []
        }
    },
    "smedata.sk": {
        "artemis": {
            "A": [
                "104.26.13.142",
                "104.26.12.142",
                "172.67.68.71"
            ],
            "CNAME": []
        },
        "m": {
            "A": [
                "172.67.68.71",
                "104.26.13.142",
                "104.26.12.142"
            ],
            "CNAME": []
        },
        "monitor": {
            "A": [
                "104.26.13.142",
                "104.26.12.142",
                "172.67.68.71"
            ],
            "CNAME": []
        },
        "web-static-common": {
            "A": [
                "104.26.13.142",
                "172.67.68.71",
                "104.26.12.142"
            ],
            "CNAME": []
        }
    },
    "doubleclick.net": {
        "securepubads.g": {
            "A": [
                "142.251.36.130"
            ],
            "CNAME": []
        }
    },
    "gemius.pl": {
        "gask.hit": {
            "A": [
                "137.74.65.116",
                "54.37.54.0"
            ],
            "CNAME": []
        }
    },
    "uspech.sk": {
        "inres": {
            "A": [
                "178.162.165.4"
            ],
            "CNAME": []
        }
    },
    "googleapis.com": {
        "content-autofill": {
            "A": [
                "142.251.36.138",
                "142.251.36.106",
                "142.251.36.74",
                "142.251.37.106"
            ],
            "CNAME": []
        },
        "fonts": {
            "A": [
                "142.251.36.138"
            ],
            "CNAME": []
        }
    },
    "facebook.net": {
        "connect": {
            "A": [
                "157.240.30.27"
            ],
            "CNAME": [
                "scontent.xx.fbcdn.net"
            ]
        }
    },
    "fbcdn.net": {
        "scontent.xx": {
            "A": [
                "157.240.30.27"
            ],
            "CNAME": []
        },
        "static.xx": {
            "A": [
                "157.240.30.27"
            ],
            "CNAME": [
                "scontent.xx.fbcdn.net"
            ]
        }
    },
    "pubmatic.com": {
        "ads": {
            "A": [
                "23.75.64.240"
            ],
            "CNAME": [
                "pubmatic.edgekey.net",
                "e6603.g.akamaiedge.net"
            ]
        },
        "ut": {
            "A": [
                "185.64.189.226"
            ],
            "CNAME": [
                "tv2.pubmnet.com",
                "t-amsc.pubmnet.com"
            ]
        }
    },
    "edgekey.net": {
        "pubmatic": {
            "A": [],
            "CNAME": [
                "e6603.g.akamaiedge.net"
            ]
        }
    },
    "akamaiedge.net": {
        "e6603.g": {
            "A": [
                "23.75.64.240"
            ],
            "CNAME": []
        }
    },
    "gstatic.com": {
        "fonts": {
            "A": [
                "142.251.37.99"
            ],
            "CNAME": []
        }
    },
    "pubmnet.com": {
        "tv2": {
            "A": [],
            "CNAME": [
                "t-amsc.pubmnet.com"
            ]
        },
        "t-amsc": {
            "A": [
                "185.64.189.226"
            ],
            "CNAME": []
        }
    },
    "facebook.com": {
        "www": {
            "A": [
                "157.240.30.35"
            ],
            "CNAME": [
                "star-mini.c10r.facebook.com"
            ]
        },
        "star-mini.c10r": {
            "A": [
                "157.240.30.35"
            ],
            "CNAME": []
        }
    }
}