[
    {
        "time": 236279.938246,
        "requested_resource": "https://extra.cz/",
        "initiator": {
            "type": "other"
        },
        "requested_for": "https://extra.cz/"
    },
    {
        "time": 236280.271426,
        "requested_resource": "https://www.extra.cz/",
        "initiator": {
            "type": "other"
        },
        "requested_for": "https://www.extra.cz/"
    },
    {
        "time": 236280.612492,
        "requested_resource": "https://cdn.cpex.cz/cmp/v2/cpex-cmp.min.js",
        "initiator": {
            "columnNumber": 252,
            "lineNumber": 0,
            "type": "parser",
            "url": "https://www.extra.cz/"
        },
        "requested_for": "https://www.extra.cz/"
    },
    {
        "time": 236280.61269,
        "requested_resource": "https://www.extra.cz/js/upscore.js",
        "initiator": {
            "columnNumber": 155,
            "lineNumber": 1,
            "type": "parser",
            "url": "https://www.extra.cz/"
        },
        "requested_for": "https://www.extra.cz/"
    },
    {
        "time": 236280.612739,
        "requested_resource": "https://www.extra.cz/css/extra-min-old.css?v=ye7mEzZjiCj9Krbg1YBGXTnXUJfbEnj3DTiBXtNPiLs",
        "initiator": {
            "columnNumber": 138,
            "lineNumber": 4,
            "type": "parser",
            "url": "https://www.extra.cz/"
        },
        "requested_for": "https://www.extra.cz/"
    },
    {
        "time": 236280.612773,
        "requested_resource": "https://www.extra.cz/js/helpers.js?v=XDitz6lUy1tDQ0GXOdJ1l2eat_p0XTnHsAfRYqu9wp4",
        "initiator": {
            "columnNumber": 1463,
            "lineNumber": 4,
            "type": "parser",
            "url": "https://www.extra.cz/"
        },
        "requested_for": "https://www.extra.cz/"
    },
    {
        "time": 236280.612802,
        "requested_resource": "https://www.extra.cz/js/site.js?v=RpAbSE83t52xJCqwqtVRfuFaqHEeZ4IMfMynUddvwtY",
        "initiator": {
            "columnNumber": 1642,
            "lineNumber": 4,
            "type": "parser",
            "url": "https://www.extra.cz/"
        },
        "requested_for": "https://www.extra.cz/"
    },
    {
        "time": 236280.612825,
        "requested_resource": "https://cdn.brandparadise.cz/cache/burda-ads/dist/extra/v4/burda-ads.css?version=96dba2",
        "initiator": {
            "columnNumber": 369,
            "lineNumber": 8,
            "type": "parser",
            "url": "https://www.extra.cz/"
        },
        "requested_for": "https://www.extra.cz/"
    },
    {
        "time": 236280.612853,
        "requested_resource": "https://www.extra.cz/css/burda-ads.css?v=AGv_TFkbIG09-0j2JycFkGAKDbElF2bnRwByGVbK0fw",
        "initiator": {
            "columnNumber": 472,
            "lineNumber": 8,
            "type": "parser",
            "url": "https://www.extra.cz/"
        },
        "requested_for": "https://www.extra.cz/"
    },
    {
        "time": 236280.612877,
        "requested_resource": "https://cdn.brandparadise.cz/cache/burda-ads/dist/extra/v4/burda-ads--critical.js?version=e2fe60",
        "initiator": {
            "columnNumber": 583,
            "lineNumber": 8,
            "type": "parser",
            "url": "https://www.extra.cz/"
        },
        "requested_for": "https://www.extra.cz/"
    },
    {
        "time": 236280.612917,
        "requested_resource": "https://cdn.brandparadise.cz/cache/burda-ads/dist/extra/v4/burda-ads.js?version=11c530",
        "initiator": {
            "columnNumber": 699,
            "lineNumber": 8,
            "type": "parser",
            "url": "https://www.extra.cz/"
        },
        "requested_for": "https://www.extra.cz/"
    },
    {
        "time": 236280.612959,
        "requested_resource": "https://securepubads.g.doubleclick.net/tag/js/gpt.js",
        "initiator": {
            "columnNumber": 773,
            "lineNumber": 8,
            "type": "parser",
            "url": "https://www.extra.cz/"
        },
        "requested_for": "https://www.extra.cz/"
    },
    {
        "time": 236280.613022,
        "requested_resource": "https://cdn.performax.cz/yi/adsbypx/px_autoads.js",
        "initiator": {
            "columnNumber": 844,
            "lineNumber": 8,
            "type": "parser",
            "url": "https://www.extra.cz/"
        },
        "requested_for": "https://www.extra.cz/"
    },
    {
        "time": 236280.613099,
        "requested_resource": "https://micro.rubiconproject.com/prebid/dynamic/26636.js",
        "initiator": {
            "columnNumber": 922,
            "lineNumber": 8,
            "type": "parser",
            "url": "https://www.extra.cz/"
        },
        "requested_for": "https://www.extra.cz/"
    },
    {
        "time": 236280.613146,
        "requested_resource": "https://media.extra.cz/static/img/2025/02/pav-4929_16_9_0-740x416.jpg",
        "initiator": {
            "columnNumber": 3423,
            "lineNumber": 22,
            "type": "parser",
            "url": "https://www.extra.cz/"
        },
        "requested_for": "https://www.extra.cz/"
    },
    {
        "time": 236280.613186,
        "requested_resource": "https://media.extra.cz/static/img/2025/02/7p-teki-shine-5-280x280.jpg",
        "initiator": {
            "columnNumber": 3732,
            "lineNumber": 22,
            "type": "parser",
            "url": "https://www.extra.cz/"
        },
        "requested_for": "https://www.extra.cz/"
    },
    {
        "time": 236280.613229,
        "requested_resource": "https://media.extra.cz/static/img/2025/02/pav-4932-280x280.jpg",
        "initiator": {
            "columnNumber": 4057,
            "lineNumber": 22,
            "type": "parser",
            "url": "https://www.extra.cz/"
        },
        "requested_for": "https://www.extra.cz/"
    },
    {
        "time": 236280.613285,
        "requested_resource": "https://media.extra.cz/static/img/2025/02/pav-6701-280x280.jpg",
        "initiator": {
            "columnNumber": 4357,
            "lineNumber": 22,
            "type": "parser",
            "url": "https://www.extra.cz/"
        },
        "requested_for": "https://www.extra.cz/"
    },
    {
        "time": 236280.613315,
        "requested_resource": "https://media.extra.cz/static/img/2025/02/pav-2490-280x280.jpg",
        "initiator": {
            "columnNumber": 4674,
            "lineNumber": 22,
            "type": "parser",
            "url": "https://www.extra.cz/"
        },
        "requested_for": "https://www.extra.cz/"
    },
    {
        "time": 236280.613336,
        "requested_resource": "https://media.extra.cz/static/img/2025/02/pav-9779_16_9_0-740x416.jpg",
        "initiator": {
            "columnNumber": 5474,
            "lineNumber": 22,
            "type": "parser",
            "url": "https://www.extra.cz/"
        },
        "requested_for": "https://www.extra.cz/"
    },
    {
        "time": 236280.613356,
        "requested_resource": "https://media.extra.cz/static/img/2025/02/pav-9755_16_9_0-740x416.jpg",
        "initiator": {
            "columnNumber": 6155,
            "lineNumber": 22,
            "type": "parser",
            "url": "https://www.extra.cz/"
        },
        "requested_for": "https://www.extra.cz/"
    },
    {
        "time": 236280.624138,
        "requested_resource": "https://www.extra.cz/static/img/burdamedia_extra_logo.svg",
        "initiator": {
            "columnNumber": 8755,
            "lineNumber": 34,
            "type": "parser",
            "url": "https://www.extra.cz/"
        },
        "requested_for": "https://www.extra.cz/"
    },
    {
        "time": 236280.624177,
        "requested_resource": "https://www.extra.cz/js/temp.js?v=jktY82u4Ewn4I1-hEHEZnxXiblM6ZftHZ7mnD2hk9HI",
        "initiator": {
            "columnNumber": 901,
            "lineNumber": 35,
            "type": "parser",
            "url": "https://www.extra.cz/"
        },
        "requested_for": "https://www.extra.cz/"
    },
    {
        "time": 236280.662856,
        "requested_resource": "https://sdk.privacy-center.org/9a8e2159-3781-4da1-9590-fbf86806f86e/loader.js?target=www.extra.cz",
        "initiator": {
            "stack": {
                "callFrames": [
                    {
                        "columnNumber": 1951,
                        "functionName": "",
                        "lineNumber": 0,
                        "scriptId": "19",
                        "url": "https://cdn.cpex.cz/cmp/v2/cpex-cmp.min.js"
                    }
                ]
            },
            "type": "script"
        },
        "requested_for": "https://www.extra.cz/"
    },
    {
        "time": 236280.663366,
        "requested_resource": "https://www.googletagmanager.com/gtm.js?id=GTM-5LG2BB5",
        "initiator": {
            "stack": {
                "callFrames": [
                    {
                        "columnNumber": 533,
                        "functionName": "",
                        "lineNumber": 0,
                        "scriptId": "20",
                        "url": "https://www.extra.cz/"
                    }
                ]
            },
            "type": "script"
        },
        "requested_for": "https://www.extra.cz/"
    },
    {
        "time": 236280.66541,
        "requested_resource": "https://www.extra.cz/js/jquery-1.9.1.min.js",
        "initiator": {
            "stack": {
                "callFrames": [
                    {
                        "columnNumber": 1504,
                        "functionName": "",
                        "lineNumber": 4,
                        "scriptId": "24",
                        "url": "https://www.extra.cz/"
                    }
                ]
            },
            "type": "script"
        },
        "requested_for": "https://www.extra.cz/"
    },
    {
        "time": 236280.767399,
        "requested_resource": "https://ads.burdadigital.cz/sites/default/files/public/json/extra/burda-ads--areas.json",
        "initiator": {
            "stack": {
                "callFrames": [
                    {
                        "columnNumber": 10819,
                        "functionName": "A",
                        "lineNumber": 0,
                        "scriptId": "29",
                        "url": "https://cdn.brandparadise.cz/cache/burda-ads/dist/extra/v4/burda-ads--critical.js?version=e2fe60"
                    }
                ]
            },
            "type": "script"
        },
        "requested_for": "https://www.extra.cz/"
    },
    {
        "time": 236280.767896,
        "requested_resource": "https://pahter.tech/c/extra.cz.js",
        "initiator": {
            "stack": {
                "callFrames": [
                    {
                        "columnNumber": 14,
                        "functionName": "",
                        "lineNumber": 22,
                        "scriptId": "31",
                        "url": "https://www.extra.cz/"
                    }
                ]
            },
            "type": "script"
        },
        "requested_for": "https://www.extra.cz/"
    },
    {
        "time": 236280.770941,
        "requested_resource": "https://gacz.hit.gemius.pl/xgemius.js",
        "initiator": {
            "stack": {
                "callFrames": [
                    {
                        "columnNumber": 328,
                        "functionName": "",
                        "lineNumber": 35,
                        "scriptId": "43",
                        "url": "https://www.extra.cz/"
                    }
                ]
            },
            "type": "script"
        },
        "requested_for": "https://www.extra.cz/"
    },
    {
        "time": 236280.785022,
        "requested_resource": "https://www.extra.cz/static/img/sprites.png",
        "initiator": {
            "type": "parser",
            "url": "https://www.extra.cz/css/extra-min-old.css?v=ye7mEzZjiCj9Krbg1YBGXTnXUJfbEnj3DTiBXtNPiLs"
        },
        "requested_for": "https://www.extra.cz/"
    },
    {
        "time": 236280.786992,
        "requested_resource": "https://www.extra.cz/fonts/PTSans-Regular.subset.woff2",
        "initiator": {
            "type": "parser",
            "url": "https://www.extra.cz/css/extra-min-old.css?v=ye7mEzZjiCj9Krbg1YBGXTnXUJfbEnj3DTiBXtNPiLs"
        },
        "requested_for": "https://www.extra.cz/"
    },
    {
        "time": 236280.787045,
        "requested_resource": "https://www.extra.cz/fonts/HSPFont.woff2",
        "initiator": {
            "type": "parser",
            "url": "https://www.extra.cz/css/extra-min-old.css?v=ye7mEzZjiCj9Krbg1YBGXTnXUJfbEnj3DTiBXtNPiLs"
        },
        "requested_for": "https://www.extra.cz/"
    },
    {
        "time": 236280.787068,
        "requested_resource": "https://www.extra.cz/fonts/PTSans-Bold.subset.woff2",
        "initiator": {
            "type": "parser",
            "url": "https://www.extra.cz/css/extra-min-old.css?v=ye7mEzZjiCj9Krbg1YBGXTnXUJfbEnj3DTiBXtNPiLs"
        },
        "requested_for": "https://www.extra.cz/"
    },
    {
        "time": 236280.787098,
        "requested_resource": "https://www.extra.cz/fonts/tiktok.woff",
        "initiator": {
            "type": "parser",
            "url": "https://www.extra.cz/css/extra-min-old.css?v=ye7mEzZjiCj9Krbg1YBGXTnXUJfbEnj3DTiBXtNPiLs"
        },
        "requested_for": "https://www.extra.cz/"
    },
    {
        "time": 236280.787116,
        "requested_resource": "https://www.extra.cz/fonts/barlow-condensed.medium.subset.woff2",
        "initiator": {
            "type": "parser",
            "url": "https://www.extra.cz/css/extra-min-old.css?v=ye7mEzZjiCj9Krbg1YBGXTnXUJfbEnj3DTiBXtNPiLs"
        },
        "requested_for": "https://www.extra.cz/"
    },
    {
        "time": 236280.852788,
        "requested_resource": "https://media.extra.cz/static/img/2025/02/final-28_16_9_0-740x416.jpg",
        "initiator": {
            "columnNumber": 946,
            "lineNumber": 35,
            "type": "parser",
            "url": "https://www.extra.cz/"
        },
        "requested_for": "https://www.extra.cz/"
    },
    {
        "time": 236280.852845,
        "requested_resource": "https://media.extra.cz/static/img/2025/02/bezdekova2_16_9_0-740x416.jpg",
        "initiator": {
            "columnNumber": 946,
            "lineNumber": 35,
            "type": "parser",
            "url": "https://www.extra.cz/"
        },
        "requested_for": "https://www.extra.cz/"
    },
    {
        "time": 236280.852869,
        "requested_resource": "https://media.extra.cz/static/img/2025/02/pav-1652_16_9_0-740x416.jpg",
        "initiator": {
            "columnNumber": 946,
            "lineNumber": 35,
            "type": "parser",
            "url": "https://www.extra.cz/"
        },
        "requested_for": "https://www.extra.cz/"
    },
    {
        "time": 236280.852887,
        "requested_resource": "https://media.extra.cz/static/img/2021/03/profimedia-0731443383_16_9_0-740x416.jpg",
        "initiator": {
            "columnNumber": 946,
            "lineNumber": 35,
            "type": "parser",
            "url": "https://www.extra.cz/"
        },
        "requested_for": "https://www.extra.cz/"
    },
    {
        "time": 236280.85292,
        "requested_resource": "https://media.extra.cz/static/img/2021/03/roof-energy-solar-panel-sustainability-solar-power-solar-energy-708334-pxhere-com_16_9_0-740x416.jpg",
        "initiator": {
            "columnNumber": 946,
            "lineNumber": 35,
            "type": "parser",
            "url": "https://www.extra.cz/"
        },
        "requested_for": "https://www.extra.cz/"
    },
    {
        "time": 236280.852947,
        "requested_resource": "https://media.extra.cz/static/img/2020/12/c822885-213449-profimedia-0200824386_16_9_0-740x416.jpg",
        "initiator": {
            "columnNumber": 946,
            "lineNumber": 35,
            "type": "parser",
            "url": "https://www.extra.cz/"
        },
        "requested_for": "https://www.extra.cz/"
    },
    {
        "time": 236280.852972,
        "requested_resource": "https://media.extra.cz/static/img/2025/02/pav-2582_16_9_0-740x416.jpg",
        "initiator": {
            "columnNumber": 946,
            "lineNumber": 35,
            "type": "parser",
            "url": "https://www.extra.cz/"
        },
        "requested_for": "https://www.extra.cz/"
    },
    {
        "time": 236280.852995,
        "requested_resource": "https://media.extra.cz/static/img/2025/02/pav-2574-280x280.jpg",
        "initiator": {
            "columnNumber": 946,
            "lineNumber": 35,
            "type": "parser",
            "url": "https://www.extra.cz/"
        },
        "requested_for": "https://www.extra.cz/"
    },
    {
        "time": 236280.853016,
        "requested_resource": "https://media.extra.cz/static/img/2025/02/pav-25922-280x280.jpg",
        "initiator": {
            "columnNumber": 946,
            "lineNumber": 35,
            "type": "parser",
            "url": "https://www.extra.cz/"
        },
        "requested_for": "https://www.extra.cz/"
    },
    {
        "time": 236280.853035,
        "requested_resource": "https://media.extra.cz/static/img/2024/08/tma-0611-280x280.jpg",
        "initiator": {
            "columnNumber": 946,
            "lineNumber": 35,
            "type": "parser",
            "url": "https://www.extra.cz/"
        },
        "requested_for": "https://www.extra.cz/"
    },
    {
        "time": 236280.85305,
        "requested_resource": "https://media.extra.cz/static/img/2024/09/tma-1886-280x280.jpg",
        "initiator": {
            "columnNumber": 946,
            "lineNumber": 35,
            "type": "parser",
            "url": "https://www.extra.cz/"
        },
        "requested_for": "https://www.extra.cz/"
    },
    {
        "time": 236280.853071,
        "requested_resource": "https://media.extra.cz/static/img/2025/01/image9_16_9_0-740x416.jpg",
        "initiator": {
            "columnNumber": 946,
            "lineNumber": 35,
            "type": "parser",
            "url": "https://www.extra.cz/"
        },
        "requested_for": "https://www.extra.cz/"
    },
    {
        "time": 236280.862273,
        "requested_resource": "https://media.extra.cz/static/img/2024/11/profimedia-0931010546-280x280.jpg",
        "initiator": {
            "columnNumber": 3112,
            "lineNumber": 35,
            "type": "parser",
            "url": "https://www.extra.cz/"
        },
        "requested_for": "https://www.extra.cz/"
    },
    {
        "time": 236280.862335,
        "requested_resource": "https://media.extra.cz/static/img/2024/09/trump-2208-border-profimedia-0900798220-280x280.jpg",
        "initiator": {
            "columnNumber": 3112,
            "lineNumber": 35,
            "type": "parser",
            "url": "https://www.extra.cz/"
        },
        "requested_for": "https://www.extra.cz/"
    },
    {
        "time": 236280.862389,
        "requested_resource": "https://media.extra.cz/static/img/2024/11/profimedia-0844908800-280x280.jpg",
        "initiator": {
            "columnNumber": 3112,
            "lineNumber": 35,
            "type": "parser",
            "url": "https://www.extra.cz/"
        },
        "requested_for": "https://www.extra.cz/"
    },
    {
        "time": 236280.862482,
        "requested_resource": "https://media.extra.cz/static/img/2024/11/profimedia-0931013286-280x280.jpg",
        "initiator": {
            "columnNumber": 3112,
            "lineNumber": 35,
            "type": "parser",
            "url": "https://www.extra.cz/"
        },
        "requested_for": "https://www.extra.cz/"
    },
    {
        "time": 236280.86251,
        "requested_resource": "https://media.extralife.cz/static/img/2021/03/20220901-dsc1981.jpg",
        "initiator": {
            "columnNumber": 3112,
            "lineNumber": 35,
            "type": "parser",
            "url": "https://www.extra.cz/"
        },
        "requested_for": "https://www.extra.cz/"
    },
    {
        "time": 236280.945266,
        "requested_resource": "https://securepubads.g.doubleclick.net/pagead/managed/js/gpt/m202502130101/pubads_impl.js",
        "initiator": {
            "stack": {
                "callFrames": [
                    {
                        "columnNumber": 54073,
                        "functionName": "Mj",
                        "lineNumber": 10,
                        "scriptId": "45",
                        "url": "https://securepubads.g.doubleclick.net/tag/js/gpt.js"
                    }
                ]
            },
            "type": "script"
        },
        "requested_for": "https://www.extra.cz/"
    },
    {
        "time": 236280.947391,
        "requested_resource": "https://securepubads.g.doubleclick.net/pagead/managed/dict/m202502200101/gpt",
        "initiator": {
            "columnNumber": 3112,
            "lineNumber": 35,
            "type": "parser",
            "url": "https://www.extra.cz/"
        },
        "requested_for": "https://www.extra.cz/"
    },
    {
        "time": 236280.947643,
        "requested_resource": "https://palibzh.tech/libs/projectagora.min.js",
        "initiator": {
            "stack": {
                "callFrames": [
                    {
                        "columnNumber": 4496,
                        "functionName": "",
                        "lineNumber": 6,
                        "scriptId": "46",
                        "url": "https://pahter.tech/c/extra.cz.js"
                    }
                ]
            },
            "type": "script"
        },
        "requested_for": "https://www.extra.cz/"
    },
    {
        "time": 236280.987336,
        "requested_resource": "https://yield-manager.browsiprod.com/prebid?sk=d_mapping&pk=burdacz&sw=2560&sh=1440&url=https%3A%2F%2Fwww.extra.cz%2F&us=%7B%7D&at=eXtra.cz%20%E2%80%93%20Lifestylov%C3%BD%20magaz%C3%ADn",
        "initiator": {
            "stack": {
                "callFrames": [
                    {
                        "columnNumber": 40968,
                        "functionName": "i",
                        "lineNumber": 13,
                        "scriptId": "47",
                        "url": "https://micro.rubiconproject.com/prebid/dynamic/26636.js"
                    }
                ]
            },
            "type": "script"
        },
        "requested_for": "https://www.extra.cz/"
    },
    {
        "time": 236280.987708,
        "requested_resource": "https://cdn.jsdelivr.net/gh/prebid/currency-file@1/latest.json?date=20250222",
        "initiator": {
            "stack": {
                "callFrames": [
                    {
                        "columnNumber": 40968,
                        "functionName": "i",
                        "lineNumber": 13,
                        "scriptId": "47",
                        "url": "https://micro.rubiconproject.com/prebid/dynamic/26636.js"
                    }
                ]
            },
            "type": "script"
        },
        "requested_for": "https://www.extra.cz/"
    },
    {
        "time": 236281.214451,
        "requested_resource": "https://cdn.performax.cz/yi/adsbypx/px_autoads.css?v0-1-19",
        "initiator": {
            "stack": {
                "callFrames": [
                    {
                        "columnNumber": 12842,
                        "functionName": "",
                        "lineNumber": 0,
                        "scriptId": "50",
                        "url": "https://cdn.performax.cz/yi/adsbypx/px_autoads.js"
                    }
                ]
            },
            "type": "script"
        },
        "requested_for": "https://www.extra.cz/"
    },
    {
        "time": 236281.21519,
        "requested_resource": "https://cdn.performax.cz/yi/adsbypx/sites/extra_cz/conf-manual.json?aab=ulite&2900373",
        "initiator": {
            "stack": {
                "callFrames": [
                    {
                        "columnNumber": 13936,
                        "functionName": "i",
                        "lineNumber": 0,
                        "scriptId": "50",
                        "url": "https://cdn.performax.cz/yi/adsbypx/px_autoads.js"
                    }
                ]
            },
            "type": "script"
        },
        "requested_for": "https://www.extra.cz/"
    },
    {
        "time": 236281.237133,
        "requested_resource": "https://cdn.performax.cz/px2/flexo.js",
        "initiator": {
            "stack": {
                "callFrames": [
                    {
                        "columnNumber": 16237,
                        "functionName": "",
                        "lineNumber": 0,
                        "scriptId": "50",
                        "url": "https://cdn.performax.cz/yi/adsbypx/px_autoads.js"
                    }
                ]
            },
            "type": "script"
        },
        "requested_for": "https://www.extra.cz/"
    },
    {
        "time": 236281.237391,
        "requested_resource": "https://ssp.seznam.cz/static/js/ssp.js",
        "initiator": {
            "stack": {
                "callFrames": [
                    {
                        "columnNumber": 16237,
                        "functionName": "",
                        "lineNumber": 0,
                        "scriptId": "50",
                        "url": "https://cdn.performax.cz/yi/adsbypx/px_autoads.js"
                    }
                ]
            },
            "type": "script"
        },
        "requested_for": "https://www.extra.cz/"
    },
    {
        "time": 236281.260556,
        "requested_resource": "https://ads.pubmatic.com/AdServer/js/pwt/159945/11630/2/pwt.js",
        "initiator": {
            "stack": {
                "callFrames": [
                    {
                        "columnNumber": 29099,
                        "functionName": "",
                        "lineNumber": 0,
                        "scriptId": "52",
                        "url": "https://cdn.performax.cz/px2/flexo.js"
                    }
                ]
            },
            "type": "script"
        },
        "requested_for": "about:blank"
    },
    {
        "time": 236281.297665,
        "requested_resource": "https://www.googletagmanager.com/gtag/js?id=G-TSDF8YRS0L&l=dataLayer&cx=c&gtm=45He52k0v78279455za200",
        "initiator": {
            "stack": {
                "callFrames": [
                    {
                        "columnNumber": 482,
                        "functionName": "pc",
                        "lineNumber": 140,
                        "scriptId": "53",
                        "url": "https://www.googletagmanager.com/gtm.js?id=GTM-5LG2BB5"
                    }
                ]
            },
            "type": "script"
        },
        "requested_for": "https://www.extra.cz/"
    },
    {
        "time": 236281.298999,
        "requested_resource": "https://www.googletagmanager.com/gtag/js?id=G-D0HY453659&l=dataLayer&cx=c&gtm=45He52k0v78279455za200",
        "initiator": {
            "stack": {
                "callFrames": [
                    {
                        "columnNumber": 482,
                        "functionName": "pc",
                        "lineNumber": 140,
                        "scriptId": "53",
                        "url": "https://www.googletagmanager.com/gtm.js?id=GTM-5LG2BB5"
                    }
                ]
            },
            "type": "script"
        },
        "requested_for": "https://www.extra.cz/"
    },
    {
        "time": 236281.306338,
        "requested_resource": "https://cdn.performax.cz/acc/loader.js?aab=loader",
        "initiator": {
            "columnNumber": 64,
            "lineNumber": 0,
            "type": "parser",
            "url": "about:srcdoc"
        },
        "requested_for": "about:srcdoc"
    },
    {
        "time": 236281.328612,
        "requested_resource": "https://sdk.privacy-center.org/sdk/169ca3ee90aab3f8a29c09a328c18e41acfef520/modern/sdk.169ca3ee90aab3f8a29c09a328c18e41acfef520.js",
        "initiator": {
            "stack": {
                "callFrames": [
                    {
                        "columnNumber": 101184,
                        "functionName": "e",
                        "lineNumber": 0,
                        "scriptId": "71",
                        "url": "https://sdk.privacy-center.org/9a8e2159-3781-4da1-9590-fbf86806f86e/loader.js?target=www.extra.cz"
                    }
                ]
            },
            "type": "script"
        },
        "requested_for": "https://www.extra.cz/"
    },
    {
        "time": 236281.332212,
        "requested_resource": "https://cdn.performax.cz/acc/1.js?v=v4.7.0",
        "initiator": {
            "stack": {
                "callFrames": [
                    {
                        "columnNumber": 2925,
                        "functionName": "m",
                        "lineNumber": 0,
                        "scriptId": "72",
                        "url": "https://cdn.performax.cz/acc/loader.js?aab=loader"
                    }
                ]
            },
            "type": "script"
        },
        "requested_for": "about:srcdoc"
    },
    {
        "time": 236281.332288,
        "requested_resource": "https://cdn.performax.cz/acc/2.js?v=v4.7.0",
        "initiator": {
            "stack": {
                "callFrames": [
                    {
                        "columnNumber": 2925,
                        "functionName": "m",
                        "lineNumber": 0,
                        "scriptId": "72",
                        "url": "https://cdn.performax.cz/acc/loader.js?aab=loader"
                    }
                ]
            },
            "type": "script"
        },
        "requested_for": "about:srcdoc"
    },
    {
        "time": 236281.332321,
        "requested_resource": "https://cdn.performax.cz/acc/prebid.x.js?v=v4.7.0",
        "initiator": {
            "stack": {
                "callFrames": [
                    {
                        "columnNumber": 2925,
                        "functionName": "m",
                        "lineNumber": 0,
                        "scriptId": "72",
                        "url": "https://cdn.performax.cz/acc/loader.js?aab=loader"
                    }
                ]
            },
            "type": "script"
        },
        "requested_for": "about:srcdoc"
    },
    {
        "time": 236281.386107,
        "requested_resource": "https://privacy.cpex.cz/global-cookies/169ca3ee90aab3f8a29c09a328c18e41acfef520/global-cookies.169ca3ee90aab3f8a29c09a328c18e41acfef520.html",
        "initiator": {
            "stack": {
                "callFrames": [
                    {
                        "columnNumber": 322285,
                        "functionName": "vs",
                        "lineNumber": 1,
                        "scriptId": "77",
                        "url": "https://sdk.privacy-center.org/sdk/169ca3ee90aab3f8a29c09a328c18e41acfef520/modern/sdk.169ca3ee90aab3f8a29c09a328c18e41acfef520.js"
                    }
                ]
            },
            "type": "script"
        },
        "requested_for": "https://privacy.cpex.cz/global-cookies/169ca3ee90aab3f8a29c09a328c18e41acfef520/global-cookies.169ca3ee90aab3f8a29c09a328c18e41acfef520.html"
    },
    {
        "time": 236281.38971,
        "requested_resource": "https://cdn.performax.cz/px2/flexo.js?aab=ulite_loaderv4.7.0",
        "initiator": {
            "stack": {
                "callFrames": [
                    {
                        "columnNumber": 1388,
                        "functionName": "h",
                        "lineNumber": 0,
                        "scriptId": "72",
                        "url": "https://cdn.performax.cz/acc/loader.js?aab=loader"
                    }
                ]
            },
            "type": "script"
        },
        "requested_for": "https://www.extra.cz/"
    },
    {
        "time": 236281.427797,
        "requested_resource": "https://region1.google-analytics.com/g/collect?v=2&tid=G-TSDF8YRS0L&gtm=45je52k0v878349137z878279455za200zb78279455&_p=1740224108064&gcs=G100&gcd=13p3pPp2p5l1&npa=1&dma_cps=-&dma=1&tcfd=10001&tag_exp=101732279~101732281~102067808~102482433~102539968~102558064~102587591~102605417~102640600~102658453&cid=204697158.1740224109&ul=en-us&sr=2560x1440&uaa=x86&uab=64&uafvl=Chromium%3B133.0.6943.126%7CNot(A%253ABrand%3B99.0.0.0&uamb=0&uam=&uap=Windows&uapv=19.0.0&uaw=0&are=1&frm=0&pscdl=denied&_s=1&cm=&cs=&dr=&sid=1740224108&sct=1&seg=0&dl=https%3A%2F%2Fwww.extra.cz%2F&dt=eXtra.cz%20%E2%80%93%20Lifestylov%C3%BD%20magaz%C3%ADn&en=page_view&_fv=1&_nsi=1&_ss=1&ep.page_title_grouped=eXtra.cz%20%E2%80%93%20Lifestylov%C3%BD%20magaz%C3%ADn&up.gtm_id_mode=GTM-5LG2BB5_false&up.page_referrer_original=&tfd=1490",
        "initiator": {
            "stack": {
                "callFrames": [
                    {
                        "columnNumber": 285,
                        "functionName": "Ec",
                        "lineNumber": 187,
                        "scriptId": "78",
                        "url": "https://www.googletagmanager.com/gtag/js?id=G-TSDF8YRS0L&l=dataLayer&cx=c&gtm=45He52k0v78279455za200"
                    }
                ]
            },
            "type": "script"
        },
        "requested_for": "https://www.extra.cz/"
    },
    {
        "time": 236281.453811,
        "requested_resource": "https://region1.google-analytics.com/g/collect?v=2&tid=G-D0HY453659&gtm=45je52k0v875439874z878279455za200zb78279455&_p=1740224108064&gcs=G100&gcd=13p3pPp2p5l1&npa=1&dma_cps=-&dma=1&tcfd=10001&tag_exp=101732279~101732281~102067808~102482433~102539968~102558064~102587591~102605417~102640600~102658453&cid=204697158.1740224109&ul=en-us&sr=2560x1440&uaa=x86&uab=64&uafvl=Chromium%3B133.0.6943.126%7CNot(A%253ABrand%3B99.0.0.0&uamb=0&uam=&uap=Windows&uapv=19.0.0&uaw=0&are=1&frm=0&pscdl=denied&_s=1&cm=&cs=&dr=&sid=1740224108&sct=1&seg=0&dl=https%3A%2F%2Fwww.extra.cz%2F&dt=eXtra.cz%20%E2%80%93%20Lifestylov%C3%BD%20magaz%C3%ADn&en=page_view&_fv=1&_ss=1&ep.gtm_id_mode=GTM-5LG2BB5_false&ep.page_referrer_original=&ep.page_title_grouped=eXtra.cz%20%E2%80%93%20Lifestylov%C3%BD%20magaz%C3%ADn&tfd=1516",
        "initiator": {
            "stack": {
                "callFrames": [
                    {
                        "columnNumber": 285,
                        "functionName": "Ec",
                        "lineNumber": 188,
                        "scriptId": "76",
                        "url": "https://www.googletagmanager.com/gtag/js?id=G-D0HY453659&l=dataLayer&cx=c&gtm=45He52k0v78279455za200"
                    }
                ]
            },
            "type": "script"
        },
        "requested_for": "https://www.extra.cz/"
    },
    {
        "time": 236281.538758,
        "requested_resource": "https://cdn.browsiprod.com/bootstrap/bootstrap.js",
        "initiator": {
            "stack": {
                "callFrames": [
                    {
                        "columnNumber": 156772,
                        "functionName": "wn",
                        "lineNumber": 13,
                        "scriptId": "47",
                        "url": "https://micro.rubiconproject.com/prebid/dynamic/26636.js"
                    }
                ]
            },
            "type": "script"
        },
        "requested_for": "https://www.extra.cz/"
    },
    {
        "time": 236281.598656,
        "requested_resource": "https://h.seznam.cz/js/dot-small.js",
        "initiator": {
            "stack": {
                "callFrames": [
                    {
                        "columnNumber": 86624,
                        "functionName": "",
                        "lineNumber": 0,
                        "scriptId": "80",
                        "url": "https://ssp.seznam.cz/static/js/ssp.js"
                    }
                ]
            },
            "type": "script"
        },
        "requested_for": "https://www.extra.cz/"
    },
    {
        "time": 236281.751677,
        "requested_resource": "https://sdk.privacy-center.org/sdk/169ca3ee90aab3f8a29c09a328c18e41acfef520/modern/ui-web-cs-web.169ca3ee90aab3f8a29c09a328c18e41acfef520.js",
        "initiator": {
            "stack": {
                "callFrames": [
                    {
                        "columnNumber": 262993,
                        "functionName": "o.l",
                        "lineNumber": 1,
                        "scriptId": "77",
                        "url": "https://sdk.privacy-center.org/sdk/169ca3ee90aab3f8a29c09a328c18e41acfef520/modern/sdk.169ca3ee90aab3f8a29c09a328c18e41acfef520.js"
                    }
                ]
            },
            "type": "script"
        },
        "requested_for": "https://www.extra.cz/"
    },
    {
        "time": 236281.784853,
        "requested_resource": "https://events.browsiprod.com/events/v2/supply?p=wJWpwPbq",
        "initiator": {
            "stack": {
                "callFrames": [
                    {
                        "columnNumber": 11519,
                        "functionName": "t.send",
                        "lineNumber": 0,
                        "scriptId": "91",
                        "url": "https://cdn.browsiprod.com/bootstrap/bootstrap.js"
                    }
                ]
            },
            "type": "script"
        },
        "requested_for": "https://www.extra.cz/"
    },
    {
        "time": 236281.785889,
        "requested_resource": "https://yield-manager.browsiprod.com/supply/v5?sk=d_mapping&pk=burdacz&url=https%3A%2F%2Fwww.extra.cz%2F&bid=wJWpwPbq%23soPMjEEqQV%23&at=eXtra.cz%20%E2%80%93%20Lifestylov%C3%BD%20magaz%C3%ADn&sw=2560&sh=1440&rp=false&pvid=5c51667f-67e5-4e6e-bf1d-441e55ed8e52&l=cs_CZ",
        "initiator": {
            "stack": {
                "callFrames": [
                    {
                        "columnNumber": 5868,
                        "functionName": "",
                        "lineNumber": 0,
                        "scriptId": "91",
                        "url": "https://cdn.browsiprod.com/bootstrap/bootstrap.js"
                    }
                ]
            },
            "type": "script"
        },
        "requested_for": "https://www.extra.cz/"
    },
    {
        "time": 236281.802973,
        "requested_resource": "https://cdn.cpex.cz/logos/burda-media-extra.webp",
        "initiator": {
            "columnNumber": 3112,
            "lineNumber": 35,
            "type": "parser",
            "url": "https://www.extra.cz/"
        },
        "requested_for": "https://www.extra.cz/"
    },
    {
        "time": 236281.824008,
        "requested_resource": "https://h.seznam.cz/udid",
        "initiator": {
            "requestId": "9864.212",
            "type": "preflight",
            "url": "https://h.seznam.cz/udid"
        },
        "requested_for": "https://h.seznam.cz/udid"
    },
    {
        "time": 236281.82236,
        "requested_resource": "https://h.seznam.cz/udid",
        "initiator": {
            "stack": {
                "callFrames": [
                    {
                        "columnNumber": 82839,
                        "functionName": "Lc.t.catch.Dc.message",
                        "lineNumber": 6,
                        "scriptId": "92",
                        "url": "https://h.seznam.cz/js/dot-small.js"
                    }
                ]
            },
            "type": "script"
        },
        "requested_for": "https://www.extra.cz/"
    },
    {
        "time": 236281.825926,
        "requested_resource": "https://h.seznam.cz/hit",
        "initiator": {
            "stack": {
                "callFrames": [
                    {
                        "columnNumber": 36830,
                        "functionName": "ys",
                        "lineNumber": 6,
                        "scriptId": "92",
                        "url": "https://h.seznam.cz/js/dot-small.js"
                    }
                ]
            },
            "type": "script"
        },
        "requested_for": "https://www.extra.cz/"
    },
    {
        "time": 236281.826779,
        "requested_resource": "https://h.seznam.cz/hit",
        "initiator": {
            "stack": {
                "callFrames": [
                    {
                        "columnNumber": 36830,
                        "functionName": "ys",
                        "lineNumber": 6,
                        "scriptId": "92",
                        "url": "https://h.seznam.cz/js/dot-small.js"
                    }
                ]
            },
            "type": "script"
        },
        "requested_for": "https://www.extra.cz/"
    },
    {
        "time": 236281.828574,
        "requested_resource": "https://h.seznam.cz/hit",
        "initiator": {
            "stack": {
                "callFrames": [
                    {
                        "columnNumber": 39350,
                        "functionName": "",
                        "lineNumber": 6,
                        "scriptId": "92",
                        "url": "https://h.seznam.cz/js/dot-small.js"
                    }
                ]
            },
            "type": "script"
        },
        "requested_for": "https://www.extra.cz/"
    },
    {
        "time": 236281.830801,
        "requested_resource": "https://h.seznam.cz/hit",
        "initiator": {
            "requestId": "9864.213",
            "type": "preflight",
            "url": "https://h.seznam.cz/hit"
        },
        "requested_for": "https://h.seznam.cz/hit"
    },
    {
        "time": 236281.83164,
        "requested_resource": "https://h.seznam.cz/hit",
        "initiator": {
            "requestId": "9864.214",
            "type": "preflight",
            "url": "https://h.seznam.cz/hit"
        },
        "requested_for": "https://h.seznam.cz/hit"
    },
    {
        "time": 236281.832093,
        "requested_resource": "https://h.seznam.cz/hit",
        "initiator": {
            "requestId": "9864.215",
            "type": "preflight",
            "url": "https://h.seznam.cz/hit"
        },
        "requested_for": "https://h.seznam.cz/hit"
    },
    {
        "time": 236281.832056,
        "requested_resource": "https://www.extra.cz/favicon.ico",
        "initiator": {
            "type": "other"
        },
        "requested_for": "https://www.extra.cz/"
    },
    {
        "time": 236281.891664,
        "requested_resource": "https://cdn.browsiprod.com/sd/apps/middy/middy-desktop-4.38.733.js",
        "initiator": {
            "stack": {
                "callFrames": [
                    {
                        "columnNumber": 33536,
                        "functionName": "mainApp.getMiddy",
                        "lineNumber": 0,
                        "scriptId": "91",
                        "url": "https://cdn.browsiprod.com/bootstrap/bootstrap.js"
                    }
                ]
            },
            "type": "script"
        },
        "requested_for": "https://www.extra.cz/"
    },
    {
        "time": 236281.936906,
        "requested_resource": "https://events.browsiprod.com/events/v2/supply?p=5c51667f-67e5-4e6e-bf1d-441e55ed8e52",
        "initiator": {
            "stack": {
                "callFrames": [
                    {
                        "columnNumber": 110751,
                        "functionName": "send",
                        "lineNumber": 0,
                        "scriptId": "93",
                        "url": "https://cdn.browsiprod.com/sd/apps/middy/middy-desktop-4.38.733.js"
                    }
                ]
            },
            "type": "script"
        },
        "requested_for": "https://www.extra.cz/"
    },
    {
        "time": 236281.93732,
        "requested_resource": "https://cdn.browsiprod.com/abd.js",
        "initiator": {
            "stack": {
                "callFrames": [
                    {
                        "columnNumber": 160367,
                        "functionName": "",
                        "lineNumber": 0,
                        "scriptId": "93",
                        "url": "https://cdn.browsiprod.com/sd/apps/middy/middy-desktop-4.38.733.js"
                    }
                ]
            },
            "type": "script"
        },
        "requested_for": "https://www.extra.cz/"
    },
    {
        "time": 236281.938129,
        "requested_resource": "https://cdn.browsiprod.com/web-vitals/web-vitals-4.2.3.js",
        "initiator": {
            "stack": {
                "callFrames": [
                    {
                        "columnNumber": 6534,
                        "functionName": "",
                        "lineNumber": 0,
                        "scriptId": "93",
                        "url": "https://cdn.browsiprod.com/sd/apps/middy/middy-desktop-4.38.733.js"
                    }
                ]
            },
            "type": "script"
        },
        "requested_for": "https://www.extra.cz/"
    },
    {
        "time": 236281.947003,
        "requested_resource": "https://ai.browsiprod.com/scroll/v2?pk=burdacz&sk=extra&h=6&gl=cz&os=Windows&d=Unknown%20Desktop%7CEmulator&dt=DESKTOP&ts=DEFAULT&b=Chrome&pl=13498&mc=-1&sl=1172&ul=0&to=164&almi=0&v=Scroll-Predictor-v6&sf=0&iru=false&uva=0&uvs=0&vp=0&p=0&i=0&cs=0&cr=0",
        "initiator": {
            "stack": {
                "callFrames": [
                    {
                        "columnNumber": 250666,
                        "functionName": "",
                        "lineNumber": 0,
                        "scriptId": "93",
                        "url": "https://cdn.browsiprod.com/sd/apps/middy/middy-desktop-4.38.733.js"
                    }
                ]
            },
            "type": "script"
        },
        "requested_for": "https://www.extra.cz/"
    },
    {
        "time": 236281.947836,
        "requested_resource": "https://ai.browsiprod.com/profit?mc=-1&pl=13498&pk=burdacz&sk=extra&d=Unknown%20Desktop%7CEmulator&dt=DESKTOP&os=Windows&sc=a3252c04-6b0f-4888-844d-53b5ac373adc_A&ts=DEFAULT&iru=false&gl=cz&aa=4160&aid=extra_-1821471237_2009850597&h=6&iamin=0&tamin=0&samin=0&ramin=0&v=Profit-Predictor-18",
        "initiator": {
            "stack": {
                "callFrames": [
                    {
                        "columnNumber": 250666,
                        "functionName": "",
                        "lineNumber": 0,
                        "scriptId": "93",
                        "url": "https://cdn.browsiprod.com/sd/apps/middy/middy-desktop-4.38.733.js"
                    }
                ]
            },
            "type": "script"
        },
        "requested_for": "https://www.extra.cz/"
    },
    {
        "time": 236281.948392,
        "requested_resource": "https://events.browsiprod.com/events/v2/supply?p=5c51667f-67e5-4e6e-bf1d-441e55ed8e52",
        "initiator": {
            "stack": {
                "callFrames": [
                    {
                        "columnNumber": 110751,
                        "functionName": "send",
                        "lineNumber": 0,
                        "scriptId": "93",
                        "url": "https://cdn.browsiprod.com/sd/apps/middy/middy-desktop-4.38.733.js"
                    }
                ]
            },
            "type": "script"
        },
        "requested_for": "https://www.extra.cz/"
    },
    {
        "time": 236282.19887,
        "requested_resource": "https://events.browsiprod.com/events/v2/supply?p=5c51667f-67e5-4e6e-bf1d-441e55ed8e52",
        "initiator": {
            "stack": {
                "callFrames": [
                    {
                        "columnNumber": 110751,
                        "functionName": "send",
                        "lineNumber": 0,
                        "scriptId": "93",
                        "url": "https://cdn.browsiprod.com/sd/apps/middy/middy-desktop-4.38.733.js"
                    }
                ]
            },
            "type": "script"
        },
        "requested_for": "https://www.extra.cz/"
    },
    {
        "time": 236282.429395,
        "requested_resource": "https://t.pubmatic.com/wl?pubid=159945",
        "initiator": {
            "stack": {
                "callFrames": [
                    {
                        "columnNumber": 28080,
                        "functionName": "",
                        "lineNumber": 0,
                        "scriptId": "64",
                        "url": "https://ads.pubmatic.com/AdServer/js/pwt/159945/11630/2/pwt.js"
                    }
                ]
            },
            "type": "script"
        },
        "requested_for": "about:blank"
    },
    {
        "time": 236282.446237,
        "requested_resource": "https://dale.performax.cz/?slotId=extra-cz-aab-conf&client=flexo:v4.2.0&aab=ulite_loader",
        "initiator": {
            "stack": {
                "callFrames": [
                    {
                        "columnNumber": 15503,
                        "functionName": "de",
                        "lineNumber": 0,
                        "scriptId": "52",
                        "url": "https://cdn.performax.cz/px2/flexo.js"
                    }
                ]
            },
            "type": "script"
        },
        "requested_for": "https://www.extra.cz/"
    },
    {
        "time": 236282.447308,
        "requested_resource": "https://dale.performax.cz/?slotId=extra-cz-aab-conf&client=flexo:v4.2.0&aab=ulite_loader",
        "initiator": {
            "requestId": "9864.226",
            "type": "preflight",
            "url": "https://dale.performax.cz/?slotId=extra-cz-aab-conf&client=flexo:v4.2.0&aab=ulite_loader"
        },
        "requested_for": "https://dale.performax.cz/?slotId=extra-cz-aab-conf&client=flexo:v4.2.0&aab=ulite_loader"
    },
    {
        "time": 236282.811873,
        "requested_resource": "https://cdn.performax.cz/acc/insert_rtb.js?aab=conf&483396",
        "initiator": {
            "stack": {
                "callFrames": [
                    {
                        "columnNumber": 8833,
                        "functionName": "J",
                        "lineNumber": 0,
                        "scriptId": "52",
                        "url": "https://cdn.performax.cz/px2/flexo.js"
                    }
                ]
            },
            "type": "script"
        },
        "requested_for": "https://www.extra.cz/"
    },
    {
        "time": 236282.812589,
        "requested_resource": "https://chip.performax.cz/imp?creative_id=62483&slot_id=11633&req_id=ss31il-sextra-cz-aab-conf-1dan6d&pv_id=ss31ik-pv-13eg6v&device=desktop&os=windows&browser=chrome&unsafe=0&autoreload_type=none&cmp=cmpuishown&aab=ulite_loader",
        "initiator": {
            "type": "other"
        },
        "requested_for": "https://www.extra.cz/"
    },
    {
        "time": 236286.766467,
        "requested_resource": "https://region1.google-analytics.com/g/collect?v=2&tid=G-TSDF8YRS0L&gtm=45je52k0v878349137z878279455za200zb78279455&_p=1740224108064&gcs=G100&gcd=13q3qPq2q5l1&npa=1&dma_cps=-&dma=1&tcfd=10001&tag_exp=101732279~101732281~102067808~102482433~102539968~102558064~102587591~102605417~102640600~102658453&cid=204697158.1740224109&ul=en-us&sr=2560x1440&uaa=x86&uab=64&uafvl=Chromium%3B133.0.6943.126%7CNot(A%253ABrand%3B99.0.0.0&uamb=0&uam=&uap=Windows&uapv=19.0.0&uaw=0&are=1&frm=0&pscdl=denied&_s=2&cm=&cs=&dr=&sid=1740224108&sct=1&seg=0&dl=https%3A%2F%2Fwww.extra.cz%2F&dt=eXtra.cz%20%E2%80%93%20Lifestylov%C3%BD%20magaz%C3%ADn&en=didomi-consent&ep.page_title_grouped=eXtra.cz%20%E2%80%93%20Lifestylov%C3%BD%20magaz%C3%ADn&_et=337&up.cmp_status=denied_denied&tfd=6829",
        "initiator": {
            "stack": {
                "callFrames": [
                    {
                        "columnNumber": 285,
                        "functionName": "Ec",
                        "lineNumber": 187,
                        "scriptId": "78",
                        "url": "https://www.googletagmanager.com/gtag/js?id=G-TSDF8YRS0L&l=dataLayer&cx=c&gtm=45He52k0v78279455za200"
                    }
                ]
            },
            "type": "script"
        },
        "requested_for": "https://www.extra.cz/"
    },
    {
        "time": 236286.844254,
        "requested_resource": "https://h.seznam.cz/hit",
        "initiator": {
            "stack": {
                "callFrames": [
                    {
                        "columnNumber": 39350,
                        "functionName": "",
                        "lineNumber": 6,
                        "scriptId": "92",
                        "url": "https://h.seznam.cz/js/dot-small.js"
                    }
                ]
            },
            "type": "script"
        },
        "requested_for": "https://www.extra.cz/"
    }
]