{
    "edgekey.net": {
        "pubmatic": {
            "A": [],
            "CNAME": [
                "e6603.g.akamaiedge.net"
            ]
        },
        "digicertwc.rubiconproject.com": {
            "A": [],
            "CNAME": [
                "e8960.e2.akamaiedge.net"
            ]
        },
        "www.albert.cz": {
            "A": [],
            "CNAME": [
                "e68650.a.akamaiedge.net"
            ]
        },
        "static.albert.cz": {
            "A": [],
            "CNAME": [
                "e84273.a.akamaiedge.net"
            ]
        },
        "cn-assets.adobedtm.com": {
            "A": [],
            "CNAME": [
                "e7808.dscg.akamaiedge.net"
            ]
        }
    },
    "akamaiedge.net": {
        "e6603.g": {
            "A": [
                "23.218.208.200"
            ],
            "CNAME": []
        },
        "e8960.e2": {
            "A": [
                "23.192.95.113"
            ],
            "CNAME": []
        },
        "e68650.a": {
            "A": [
                "104.83.4.41",
                "104.83.4.42"
            ],
            "CNAME": []
        },
        "e84273.a": {
            "A": [
                "104.83.4.34",
                "104.83.4.16"
            ],
            "CNAME": []
        },
        "e7808.dscg": {
            "A": [
                "23.218.208.236"
            ],
            "CNAME": []
        }
    },
    "albert.cz": {
        "albert.cz": {
            "A": [
                "23.212.110.177"
            ],
            "CNAME": []
        },
        "www": {
            "A": [
                "104.83.4.41",
                "104.83.4.42"
            ],
            "CNAME": [
                "www.albert.cz.edgekey.net",
                "e68650.a.akamaiedge.net"
            ]
        },
        "static": {
            "A": [
                "104.83.4.16",
                "104.83.4.34"
            ],
            "CNAME": [
                "static.albert.cz.edgekey.net",
                "e84273.a.akamaiedge.net"
            ]
        },
        "letaky": {
            "A": [
                "104.83.4.34",
                "104.83.4.16"
            ],
            "CNAME": [
                "static.albert.cz.edgekey.net",
                "e84273.a.akamaiedge.net"
            ]
        }
    },
    "adobedtm.com": {
        "assets": {
            "A": [
                "23.218.208.236"
            ],
            "CNAME": [
                "cn-assets.adobedtm.com.edgekey.net",
                "e7808.dscg.akamaiedge.net"
            ]
        }
    }
}