{
    "google.com": {
        "accounts": {
            "A": [
                "64.233.184.84"
            ],
            "CNAME": []
        },
        "android.clients": {
            "A": [
                "142.251.36.78",
                "142.251.37.110",
                "142.251.36.142",
                "142.251.36.110"
            ],
            "CNAME": [
                "android.l.google.com"
            ]
        },
        "android.l": {
            "A": [
                "142.251.36.78",
                "142.251.37.110",
                "142.251.36.142",
                "142.251.36.110"
            ],
            "CNAME": []
        },
        "mtalk": {
            "A": [
                "142.250.27.188"
            ],
            "CNAME": []
        }
    },
    "notino.cz": {
        "notino.cz": {
            "A": [
                "104.18.42.6",
                "172.64.145.250"
            ],
            "CNAME": []
        },
        "www": {
            "A": [
                "172.64.145.250",
                "104.18.42.6"
            ],
            "CNAME": []
        }
    },
    "googletagmanager.com": {
        "www": {
            "A": [
                "142.251.36.104"
            ],
            "CNAME": []
        }
    },
    "notinoimg.com": {
        "cdn": {
            "A": [
                "104.18.92.100",
                "104.18.93.100"
            ],
            "CNAME": []
        }
    },
    "jsdelivr.net": {
        "cdn": {
            "A": [
                "199.232.17.229"
            ],
            "CNAME": [
                "jsdelivr.map.fastly.net"
            ]
        }
    },
    "fastly.net": {
        "jsdelivr.map": {
            "A": [
                "199.232.17.229"
            ],
            "CNAME": []
        }
    },
    "featureassets.org": {
        "featureassets.org": {
            "A": [
                "34.128.128.0"
            ],
            "CNAME": []
        }
    },
    "luigisbox.com": {
        "cdn.notino": {
            "A": [
                "65.9.95.16",
                "65.9.95.3",
                "65.9.95.79",
                "65.9.95.54"
            ],
            "CNAME": []
        },
        "scripts": {
            "A": [
                "65.9.95.23",
                "65.9.95.65",
                "65.9.95.127",
                "65.9.95.69"
            ],
            "CNAME": []
        },
        "cdn": {
            "A": [
                "65.9.95.54",
                "65.9.95.70",
                "65.9.95.12",
                "65.9.95.58"
            ],
            "CNAME": []
        },
        "collector-cz.notino": {
            "A": [
                "3.78.118.246",
                "18.193.211.57"
            ],
            "CNAME": []
        },
        "api": {
            "A": [
                "3.120.2.3",
                "3.64.169.75"
            ],
            "CNAME": []
        }
    },
    "cloudflareinsights.com": {
        "static": {
            "A": [
                "104.16.80.73",
                "104.16.79.73"
            ],
            "CNAME": []
        }
    },
    "notino.com": {
        "api.campaigns": {
            "A": [
                "34.149.32.21"
            ],
            "CNAME": [
                "notino-api.exponea.com"
            ]
        }
    },
    "exponea.com": {
        "notino-api": {
            "A": [
                "34.149.32.21"
            ],
            "CNAME": []
        }
    },
    "appsflyer.com": {
        "websdk": {
            "A": [
                "65.9.95.116",
                "65.9.95.114",
                "65.9.95.102",
                "65.9.95.69"
            ],
            "CNAME": []
        }
    },
    "googleapis.com": {
        "content-autofill": {
            "A": [
                "142.251.36.106",
                "142.251.36.74",
                "142.251.36.138",
                "142.251.37.106"
            ],
            "CNAME": []
        }
    },
    "prodregistryv2.org": {
        "prodregistryv2.org": {
            "A": [
                "34.128.128.0"
            ],
            "CNAME": []
        }
    },
    "mailkit.eu": {
        "u": {
            "A": [
                "185.136.200.36"
            ],
            "CNAME": []
        }
    },
    "google-analytics.com": {
        "www": {
            "A": [
                "142.251.37.110"
            ],
            "CNAME": []
        },
        "region1": {
            "A": [
                "216.239.32.36",
                "216.239.34.36"
            ],
            "CNAME": []
        }
    },
    "doubleclick.net": {
        "stats.g": {
            "A": [
                "142.250.27.155",
                "142.250.27.156",
                "142.250.27.154",
                "142.250.27.157"
            ],
            "CNAME": []
        }
    }
}