{
    "notino.cz": {
        "notino.cz": {
            "A": [
                "104.18.42.6",
                "172.64.145.250"
            ],
            "CNAME": []
        },
        "www": {
            "A": [
                "172.64.145.250",
                "104.18.42.6"
            ],
            "CNAME": []
        }
    },
    "cloudflareinsights.com": {
        "static": {
            "A": [
                "104.16.79.73",
                "104.16.80.73"
            ],
            "CNAME": []
        }
    },
    "cloudflare.com": {
        "challenges": {
            "A": [
                "104.18.94.41",
                "104.18.95.41"
            ],
            "CNAME": []
        }
    }
}