{
    "europa.eu": {
        "europa.eu": {
            "A": [
                "147.67.34.45",
                "147.67.210.45"
            ],
            "CNAME": []
        },
        "european-union": {
            "A": [
                "65.9.95.93",
                "65.9.95.111",
                "65.9.95.84",
                "65.9.95.55"
            ],
            "CNAME": [
                "d1d395kgk3q1uk.cloudfront.net"
            ]
        },
        "webtools": {
            "A": [
                "65.9.95.78",
                "65.9.95.106",
                "65.9.95.125",
                "65.9.95.15"
            ],
            "CNAME": [
                "d2xqr2nqz3178h.cloudfront.net"
            ]
        },
        "ec": {
            "A": [
                "147.67.34.30",
                "147.67.210.30"
            ],
            "CNAME": []
        },
        "webanalytics": {
            "A": [
                "3.72.192.228",
                "3.65.149.252"
            ],
            "CNAME": [
                "webanalytics-eu-prd.fpfis.tech.ec.europa.eu",
                "webanalytics-291277692.eu-central-1.elb.amazonaws.com"
            ]
        },
        "webanalytics-eu-prd.fpfis.tech.ec": {
            "A": [],
            "CNAME": [
                "webanalytics-291277692.eu-central-1.elb.amazonaws.com"
            ]
        }
    },
    "cloudfront.net": {
        "d1d395kgk3q1uk": {
            "A": [
                "65.9.95.93",
                "65.9.95.111",
                "65.9.95.84",
                "65.9.95.55"
            ],
            "CNAME": []
        },
        "d2xqr2nqz3178h": {
            "A": [
                "65.9.95.78",
                "65.9.95.106",
                "65.9.95.125",
                "65.9.95.15"
            ],
            "CNAME": []
        }
    },
    "amazonaws.com": {
        "webanalytics-291277692.eu-central-1.elb": {
            "A": [
                "3.72.192.228",
                "3.65.149.252"
            ],
            "CNAME": []
        }
    }
}