[
    {
        "time": 236333.933631,
        "requested_resource": "https://europa.eu/",
        "initiator": {
            "type": "other"
        },
        "requested_for": "https://europa.eu/"
    },
    {
        "time": 236334.366652,
        "requested_resource": "https://european-union.europa.eu/select-language?destination=/node/1",
        "initiator": {
            "type": "other"
        },
        "requested_for": "https://european-union.europa.eu/select-language?destination=/node/1"
    },
    {
        "time": 236334.516722,
        "requested_resource": "https://european-union.europa.eu/sites/default/files/css/css_wl5e5R8Bui77yQi-A1uvlICH97LMI66U7zl_BJOYd0A.css?delta=0&language=en&theme=ewcms_theme&include=eJxtjEEOgzAMBD8UiSdZId0Wq4kd2UaQ3zcHOCD1ttrZWQXFhoalaOsqkKDKq2UbhD358EBb1uxIei-7sUTCUZpfzZtRX4QzYJIrcVF58CuPrh_LfRt_4FRiHuxTryxf_wES4Dzr",
        "initiator": {
            "columnNumber": 320,
            "lineNumber": 32,
            "type": "parser",
            "url": "https://european-union.europa.eu/select-language?destination=/node/1"
        },
        "requested_for": "https://european-union.europa.eu/select-language?destination=/node/1"
    },
    {
        "time": 236334.516878,
        "requested_resource": "https://european-union.europa.eu/sites/default/files/css/css_ObeP9tMElVXp59Cu9z4AgRE078KCq3CfH2sLPYElYTM.css?delta=1&language=en&theme=ewcms_theme&include=eJxtjEEOgzAMBD8UiSdZId0Wq4kd2UaQ3zcHOCD1ttrZWQXFhoalaOsqkKDKq2UbhD358EBb1uxIei-7sUTCUZpfzZtRX4QzYJIrcVF58CuPrh_LfRt_4FRiHuxTryxf_wES4Dzr",
        "initiator": {
            "columnNumber": 316,
            "lineNumber": 33,
            "type": "parser",
            "url": "https://european-union.europa.eu/select-language?destination=/node/1"
        },
        "requested_for": "https://european-union.europa.eu/select-language?destination=/node/1"
    },
    {
        "time": 236334.516912,
        "requested_resource": "https://european-union.europa.eu/sites/default/files/css/css_TLiC1S7dNeqQgJciYsvvl203wdLqCIKKBPWd0O3Ky8U.css?delta=3&language=en&theme=ewcms_theme&include=eJxtjEEOgzAMBD8UiSdZId0Wq4kd2UaQ3zcHOCD1ttrZWQXFhoalaOsqkKDKq2UbhD358EBb1uxIei-7sUTCUZpfzZtRX4QzYJIrcVF58CuPrh_LfRt_4FRiHuxTryxf_wES4Dzr",
        "initiator": {
            "columnNumber": 316,
            "lineNumber": 35,
            "type": "parser",
            "url": "https://european-union.europa.eu/select-language?destination=/node/1"
        },
        "requested_for": "https://european-union.europa.eu/select-language?destination=/node/1"
    },
    {
        "time": 236334.516939,
        "requested_resource": "https://european-union.europa.eu/sites/default/files/css/css_W1nj3RC6E-OOXh6wTU1iy_j2IK1YN-vYfUIkBFJW-dY.css?delta=5&language=en&theme=ewcms_theme&include=eJxtjEEOgzAMBD8UiSdZId0Wq4kd2UaQ3zcHOCD1ttrZWQXFhoalaOsqkKDKq2UbhD358EBb1uxIei-7sUTCUZpfzZtRX4QzYJIrcVF58CuPrh_LfRt_4FRiHuxTryxf_wES4Dzr",
        "initiator": {
            "columnNumber": 316,
            "lineNumber": 37,
            "type": "parser",
            "url": "https://european-union.europa.eu/select-language?destination=/node/1"
        },
        "requested_for": "https://european-union.europa.eu/select-language?destination=/node/1"
    },
    {
        "time": 236334.516966,
        "requested_resource": "https://european-union.europa.eu/profiles/contrib/ewcms/modules/ewcms_multilingual/assets/js/ewcms_js_language_layover.js",
        "initiator": {
            "columnNumber": 109,
            "lineNumber": 42,
            "type": "parser",
            "url": "https://european-union.europa.eu/select-language?destination=/node/1"
        },
        "requested_for": "https://european-union.europa.eu/select-language?destination=/node/1"
    },
    {
        "time": 236334.517012,
        "requested_resource": "https://european-union.europa.eu/themes/contrib/oe_theme/dist/eu/images/logo/standard-version/positive/logo-eu--en.svg",
        "initiator": {
            "columnNumber": 11,
            "lineNumber": 74,
            "type": "parser",
            "url": "https://european-union.europa.eu/select-language?destination=/node/1"
        },
        "requested_for": "https://european-union.europa.eu/select-language?destination=/node/1"
    },
    {
        "time": 236334.517045,
        "requested_resource": "https://european-union.europa.eu/sites/default/files/js/js_QulTpLCILVoYn8gIT76iTFeYEBBM97lAX91dCZJzwcM.js?scope=footer&delta=0&language=en&theme=ewcms_theme&include=eJxVy2sOgzAMA-ALsXGkKBSr65Q2KElh3H4PgdD-2f5kBW2YQlV8nK0vLPez37yyhSjPsEFB8UDFmLQu2tCCpEzGthP6pXgFrLGQr3nAlqqf8Mv8oT1K8n9L5N1W7Mdau0SR0nJnOY5PJ-HvkEENWaNwFG1vWyVMVw",
        "initiator": {
            "columnNumber": 326,
            "lineNumber": 188,
            "type": "parser",
            "url": "https://european-union.europa.eu/select-language?destination=/node/1"
        },
        "requested_for": "https://european-union.europa.eu/select-language?destination=/node/1"
    },
    {
        "time": 236334.517078,
        "requested_resource": "https://webtools.europa.eu/load.js",
        "initiator": {
            "columnNumber": 55,
            "lineNumber": 189,
            "type": "parser",
            "url": "https://european-union.europa.eu/select-language?destination=/node/1"
        },
        "requested_for": "https://european-union.europa.eu/select-language?destination=/node/1"
    },
    {
        "time": 236334.517104,
        "requested_resource": "https://european-union.europa.eu/sites/default/files/js/js_YiVm-XBf42ftrBdHRIBbIn-eUkRntSnAotUncyROjbc.js?scope=footer&delta=2&language=en&theme=ewcms_theme&include=eJxVy2sOgzAMA-ALsXGkKBSr65Q2KElh3H4PgdD-2f5kBW2YQlV8nK0vLPez37yyhSjPsEFB8UDFmLQu2tCCpEzGthP6pXgFrLGQr3nAlqqf8Mv8oT1K8n9L5N1W7Mdau0SR0nJnOY5PJ-HvkEENWaNwFG1vWyVMVw",
        "initiator": {
            "columnNumber": 326,
            "lineNumber": 190,
            "type": "parser",
            "url": "https://european-union.europa.eu/select-language?destination=/node/1"
        },
        "requested_for": "https://european-union.europa.eu/select-language?destination=/node/1"
    },
    {
        "time": 236334.51713,
        "requested_resource": "https://ec.europa.eu/wel/surveys/wr_survey01/wr_survey.js",
        "initiator": {
            "columnNumber": 78,
            "lineNumber": 191,
            "type": "parser",
            "url": "https://european-union.europa.eu/select-language?destination=/node/1"
        },
        "requested_for": "https://european-union.europa.eu/select-language?destination=/node/1"
    },
    {
        "time": 236334.517152,
        "requested_resource": "https://european-union.europa.eu/sites/default/files/js/js_m2mv0iGh7W6TNITvbQEYgHQSQCtY7Ji9BU8T-qK0FPg.js?scope=footer&delta=4&language=en&theme=ewcms_theme&include=eJxVy2sOgzAMA-ALsXGkKBSr65Q2KElh3H4PgdD-2f5kBW2YQlV8nK0vLPez37yyhSjPsEFB8UDFmLQu2tCCpEzGthP6pXgFrLGQr3nAlqqf8Mv8oT1K8n9L5N1W7Mdau0SR0nJnOY5PJ-HvkEENWaNwFG1vWyVMVw",
        "initiator": {
            "columnNumber": 326,
            "lineNumber": 192,
            "type": "parser",
            "url": "https://european-union.europa.eu/select-language?destination=/node/1"
        },
        "requested_for": "https://european-union.europa.eu/select-language?destination=/node/1"
    },
    {
        "time": 236334.527701,
        "requested_resource": "https://european-union.europa.eu/sites/default/files/css/css_FmO9fFDFCGldlQGwMPnQEt9Z9mUd0lPQ3WGPKaggA8w.css?delta=2&language=en&theme=ewcms_theme&include=eJxtjEEOgzAMBD8UiSdZId0Wq4kd2UaQ3zcHOCD1ttrZWQXFhoalaOsqkKDKq2UbhD358EBb1uxIei-7sUTCUZpfzZtRX4QzYJIrcVF58CuPrh_LfRt_4FRiHuxTryxf_wES4Dzr",
        "initiator": {
            "columnNumber": 318,
            "lineNumber": 34,
            "type": "parser",
            "url": "https://european-union.europa.eu/select-language?destination=/node/1"
        },
        "requested_for": "https://european-union.europa.eu/select-language?destination=/node/1"
    },
    {
        "time": 236334.527787,
        "requested_resource": "https://european-union.europa.eu/sites/default/files/css/css_brbHafvpfTH1U0-BNcuKFSyK7sEsv-aEmOSff9NoBDQ.css?delta=4&language=en&theme=ewcms_theme&include=eJxtjEEOgzAMBD8UiSdZId0Wq4kd2UaQ3zcHOCD1ttrZWQXFhoalaOsqkKDKq2UbhD358EBb1uxIei-7sUTCUZpfzZtRX4QzYJIrcVF58CuPrh_LfRt_4FRiHuxTryxf_wES4Dzr",
        "initiator": {
            "columnNumber": 318,
            "lineNumber": 36,
            "type": "parser",
            "url": "https://european-union.europa.eu/select-language?destination=/node/1"
        },
        "requested_for": "https://european-union.europa.eu/select-language?destination=/node/1"
    },
    {
        "time": 236334.737845,
        "requested_resource": "https://webtools.europa.eu/css/webtools.theme-eu.css?t=1740124244",
        "initiator": {
            "stack": {
                "callFrames": [
                    {
                        "columnNumber": 103,
                        "functionName": "include",
                        "lineNumber": 80,
                        "scriptId": "18",
                        "url": "https://webtools.europa.eu/load.js"
                    }
                ]
            },
            "type": "script"
        },
        "requested_for": "https://european-union.europa.eu/select-language?destination=/node/1"
    },
    {
        "time": 236334.782081,
        "requested_resource": "https://webtools.europa.eu/rest/requests/files?type=json&urlToRequest=https%3A%2F%2Feams.fpfis.tech.ec.europa.eu%2Fconfig%3FsiteID%3Dc9513597-70e6-4b84-80c5-36f9dddf8c7c%26instance%3Dec&ref=aHR0cHM6Ly9ldXJvcGVhbi11bmlvbi5ldXJvcGEuZXU=",
        "initiator": {
            "requestId": "19888.27",
            "type": "preflight",
            "url": "https://webtools.europa.eu/rest/requests/files?type=json&urlToRequest=https%3A%2F%2Feams.fpfis.tech.ec.europa.eu%2Fconfig%3FsiteID%3Dc9513597-70e6-4b84-80c5-36f9dddf8c7c%26instance%3Dec&ref=aHR0cHM6Ly9ldXJvcGVhbi11bmlvbi5ldXJvcGEuZXU="
        },
        "requested_for": "https://webtools.europa.eu/rest/requests/files?type=json&urlToRequest=https%3A%2F%2Feams.fpfis.tech.ec.europa.eu%2Fconfig%3FsiteID%3Dc9513597-70e6-4b84-80c5-36f9dddf8c7c%26instance%3Dec&ref=aHR0cHM6Ly9ldXJvcGVhbi11bmlvbi5ldXJvcGEuZXU="
    },
    {
        "time": 236334.781239,
        "requested_resource": "https://webtools.europa.eu/rest/requests/files?type=json&urlToRequest=https%3A%2F%2Feams.fpfis.tech.ec.europa.eu%2Fconfig%3FsiteID%3Dc9513597-70e6-4b84-80c5-36f9dddf8c7c%26instance%3Dec&ref=aHR0cHM6Ly9ldXJvcGVhbi11bmlvbi5ldXJvcGEuZXU=",
        "initiator": {
            "stack": {
                "callFrames": [
                    {
                        "columnNumber": 67,
                        "functionName": "ajax",
                        "lineNumber": 102,
                        "scriptId": "18",
                        "url": "https://webtools.europa.eu/load.js"
                    }
                ]
            },
            "type": "script"
        },
        "requested_for": "https://european-union.europa.eu/select-language?destination=/node/1"
    },
    {
        "time": 236334.793193,
        "requested_resource": "https://webtools.europa.eu/js/webtools.globan.js?t=1740124244",
        "initiator": {
            "stack": {
                "callFrames": [
                    {
                        "columnNumber": 103,
                        "functionName": "include",
                        "lineNumber": 80,
                        "scriptId": "18",
                        "url": "https://webtools.europa.eu/load.js"
                    }
                ]
            },
            "type": "script"
        },
        "requested_for": "https://european-union.europa.eu/select-language?destination=/node/1"
    },
    {
        "time": 236334.831925,
        "requested_resource": "https://ec.europa.eu/wel/surveys/wr_survey03/js/main.js?966791",
        "initiator": {
            "stack": {
                "callFrames": [
                    {
                        "columnNumber": 5,
                        "functionName": "",
                        "lineNumber": 17,
                        "scriptId": "23",
                        "url": "https://ec.europa.eu/wel/surveys/wr_survey01/wr_survey.js"
                    }
                ]
            },
            "type": "script"
        },
        "requested_for": "https://european-union.europa.eu/select-language?destination=/node/1"
    },
    {
        "time": 236334.83469,
        "requested_resource": "https://european-union.europa.eu/index_en",
        "initiator": {
            "stack": {
                "callFrames": [
                    {
                        "columnNumber": 544,
                        "functionName": "attach",
                        "lineNumber": 1,
                        "scriptId": "19",
                        "url": "https://european-union.europa.eu/sites/default/files/js/js_m2mv0iGh7W6TNITvbQEYgHQSQCtY7Ji9BU8T-qK0FPg.js?scope=footer&delta=4&language=en&theme=ewcms_theme&include=eJxVy2sOgzAMA-ALsXGkKBSr65Q2KElh3H4PgdD-2f5kBW2YQlV8nK0vLPez37yyhSjPsEFB8UDFmLQu2tCCpEzGthP6pXgFrLGQr3nAlqqf8Mv8oT1K8n9L5N1W7Mdau0SR0nJnOY5PJ-HvkEENWaNwFG1vWyVMVw"
                    }
                ]
            },
            "type": "script"
        },
        "requested_for": "https://european-union.europa.eu/index_en"
    },
    {
        "time": 236334.838654,
        "requested_resource": "https://webtools.europa.eu/js/webtools.cck.js?t=1740124244",
        "initiator": {
            "stack": {
                "callFrames": [
                    {
                        "columnNumber": 103,
                        "functionName": "include",
                        "lineNumber": 80,
                        "scriptId": "18",
                        "url": "https://webtools.europa.eu/load.js"
                    }
                ]
            },
            "type": "script"
        },
        "requested_for": "https://european-union.europa.eu/select-language?destination=/node/1"
    },
    {
        "time": 236334.860881,
        "requested_resource": "https://webanalytics.europa.eu/ppms.js?t=1740124244",
        "initiator": {
            "stack": {
                "callFrames": [
                    {
                        "columnNumber": 103,
                        "functionName": "include",
                        "lineNumber": 80,
                        "scriptId": "18",
                        "url": "https://webtools.europa.eu/load.js"
                    }
                ]
            },
            "type": "script"
        },
        "requested_for": "https://european-union.europa.eu/select-language?destination=/node/1"
    },
    {
        "time": 236334.869178,
        "requested_resource": "https://webtools.europa.eu/webtools.preview.css?t=1740124244",
        "initiator": {
            "stack": {
                "callFrames": [
                    {
                        "columnNumber": 103,
                        "functionName": "include",
                        "lineNumber": 80,
                        "scriptId": "18",
                        "url": "https://webtools.europa.eu/load.js"
                    }
                ]
            },
            "type": "script"
        },
        "requested_for": "https://european-union.europa.eu/select-language?destination=/node/1"
    },
    {
        "time": 236334.869266,
        "requested_resource": "https://webtools.europa.eu/webtools.preview.js?t=1740124244",
        "initiator": {
            "stack": {
                "callFrames": [
                    {
                        "columnNumber": 103,
                        "functionName": "include",
                        "lineNumber": 80,
                        "scriptId": "18",
                        "url": "https://webtools.europa.eu/load.js"
                    }
                ]
            },
            "type": "script"
        },
        "requested_for": "https://european-union.europa.eu/select-language?destination=/node/1"
    },
    {
        "time": 236334.87987,
        "requested_resource": "https://ec.europa.eu/wel/surveys/wr_survey03/data/survey_url_rules.js?966791v0.63",
        "initiator": {
            "stack": {
                "callFrames": [
                    {
                        "columnNumber": 3211,
                        "functionName": "load_javascript_file",
                        "lineNumber": 0,
                        "scriptId": "25",
                        "url": "https://ec.europa.eu/wel/surveys/wr_survey03/js/main.js?966791"
                    }
                ]
            },
            "type": "script"
        },
        "requested_for": "https://european-union.europa.eu/select-language?destination=/node/1"
    },
    {
        "time": 236334.884,
        "requested_resource": "https://webtools.europa.eu/css/webtools.icons.default.css?t=1740124244",
        "initiator": {
            "stack": {
                "callFrames": [
                    {
                        "columnNumber": 103,
                        "functionName": "include",
                        "lineNumber": 80,
                        "scriptId": "18",
                        "url": "https://webtools.europa.eu/load.js"
                    }
                ]
            },
            "type": "script"
        },
        "requested_for": "https://european-union.europa.eu/select-language?destination=/node/1"
    },
    {
        "time": 236334.897408,
        "requested_resource": "https://european-union.europa.eu/sites/default/files/css/css_g87XRVI_oRecDMv9AlT6PRZg4xqjULEygJD5YcjarlA.css?delta=0&language=en&theme=ewcms_theme&include=eJxtjFEKAyEMRC8k65EkalqlMYZEab19pWxZCv0b5s2bjmEUbOhTb9IZeQSqUUFXwOls2cDmIxi6_l2KVh4On6nZ2dwqUg74GqgMFGrq_MPPvKTfFaSsP3ArYx_MrVPlhzkBhc_afNYpQMfVHJNlRqpWML8BI6xNHw",
        "initiator": {
            "columnNumber": 346,
            "lineNumber": 58,
            "type": "parser",
            "url": "https://european-union.europa.eu/index_en"
        },
        "requested_for": "https://european-union.europa.eu/index_en"
    },
    {
        "time": 236334.897589,
        "requested_resource": "https://european-union.europa.eu/sites/default/files/css/css_ObeP9tMElVXp59Cu9z4AgRE078KCq3CfH2sLPYElYTM.css?delta=1&language=en&theme=ewcms_theme&include=eJxtjFEKAyEMRC8k65EkalqlMYZEab19pWxZCv0b5s2bjmEUbOhTb9IZeQSqUUFXwOls2cDmIxi6_l2KVh4On6nZ2dwqUg74GqgMFGrq_MPPvKTfFaSsP3ArYx_MrVPlhzkBhc_afNYpQMfVHJNlRqpWML8BI6xNHw",
        "initiator": {
            "columnNumber": 342,
            "lineNumber": 59,
            "type": "parser",
            "url": "https://european-union.europa.eu/index_en"
        },
        "requested_for": "https://european-union.europa.eu/index_en"
    },
    {
        "time": 236334.897643,
        "requested_resource": "https://european-union.europa.eu/sites/default/files/css/css_TLiC1S7dNeqQgJciYsvvl203wdLqCIKKBPWd0O3Ky8U.css?delta=3&language=en&theme=ewcms_theme&include=eJxtjFEKAyEMRC8k65EkalqlMYZEab19pWxZCv0b5s2bjmEUbOhTb9IZeQSqUUFXwOls2cDmIxi6_l2KVh4On6nZ2dwqUg74GqgMFGrq_MPPvKTfFaSsP3ArYx_MrVPlhzkBhc_afNYpQMfVHJNlRqpWML8BI6xNHw",
        "initiator": {
            "columnNumber": 342,
            "lineNumber": 61,
            "type": "parser",
            "url": "https://european-union.europa.eu/index_en"
        },
        "requested_for": "https://european-union.europa.eu/index_en"
    },
    {
        "time": 236334.897672,
        "requested_resource": "https://european-union.europa.eu/sites/default/files/css/css_W1nj3RC6E-OOXh6wTU1iy_j2IK1YN-vYfUIkBFJW-dY.css?delta=5&language=en&theme=ewcms_theme&include=eJxtjFEKAyEMRC8k65EkalqlMYZEab19pWxZCv0b5s2bjmEUbOhTb9IZeQSqUUFXwOls2cDmIxi6_l2KVh4On6nZ2dwqUg74GqgMFGrq_MPPvKTfFaSsP3ArYx_MrVPlhzkBhc_afNYpQMfVHJNlRqpWML8BI6xNHw",
        "initiator": {
            "columnNumber": 342,
            "lineNumber": 63,
            "type": "parser",
            "url": "https://european-union.europa.eu/index_en"
        },
        "requested_for": "https://european-union.europa.eu/index_en"
    },
    {
        "time": 236334.897722,
        "requested_resource": "https://european-union.europa.eu/themes/contrib/oe_theme/dist/eu/images/logo/standard-version/positive/logo-eu--en.svg",
        "initiator": {
            "columnNumber": 11,
            "lineNumber": 74,
            "type": "parser",
            "url": "https://european-union.europa.eu/index_en"
        },
        "requested_for": "https://european-union.europa.eu/index_en"
    },
    {
        "time": 236334.897806,
        "requested_resource": "https://european-union.europa.eu/sites/default/files/styles/oe_theme_full_width_banner_4_1/public/2023-10/peace-dove2.png.webp?itok=CjSVBY6q",
        "initiator": {
            "columnNumber": 11,
            "lineNumber": 866,
            "type": "parser",
            "url": "https://european-union.europa.eu/index_en"
        },
        "requested_for": "https://european-union.europa.eu/index_en"
    },
    {
        "time": 236334.897863,
        "requested_resource": "https://european-union.europa.eu/sites/default/files/styles/oe_theme_ratio_3_2_medium/public/2024-08/History-of-the-EU_2.jpg?h=ef1d7280&itok=0kwyyRHW",
        "initiator": {
            "columnNumber": 11,
            "lineNumber": 894,
            "type": "parser",
            "url": "https://european-union.europa.eu/index_en"
        },
        "requested_for": "https://european-union.europa.eu/index_en"
    },
    {
        "time": 236334.897886,
        "requested_resource": "https://european-union.europa.eu/sites/default/files/styles/oe_theme_ratio_3_2_medium/public/2024-08/EU-countries_2_0.jpg?h=ef1d7280&itok=9GsAkAha",
        "initiator": {
            "columnNumber": 11,
            "lineNumber": 913,
            "type": "parser",
            "url": "https://european-union.europa.eu/index_en"
        },
        "requested_for": "https://european-union.europa.eu/index_en"
    },
    {
        "time": 236334.897901,
        "requested_resource": "https://european-union.europa.eu/sites/default/files/styles/oe_theme_ratio_3_2_medium/public/2024-08/institutions-and-bodies_2.jpg?h=ef1d7280&itok=Br_lYEAH",
        "initiator": {
            "columnNumber": 11,
            "lineNumber": 932,
            "type": "parser",
            "url": "https://european-union.europa.eu/index_en"
        },
        "requested_for": "https://european-union.europa.eu/index_en"
    },
    {
        "time": 236334.897923,
        "requested_resource": "https://european-union.europa.eu/sites/default/files/styles/oe_theme_ratio_3_2_medium/public/2025-02/smiling-farmer.jpg?h=ef1d7280&itok=INBRVC_Y",
        "initiator": {
            "columnNumber": 11,
            "lineNumber": 973,
            "type": "parser",
            "url": "https://european-union.europa.eu/index_en"
        },
        "requested_for": "https://european-union.europa.eu/index_en"
    },
    {
        "time": 236334.89794,
        "requested_resource": "https://european-union.europa.eu/sites/default/files/styles/oe_theme_ratio_3_2_medium/public/2025-02/vision%20for%20agriculture.jpg?h=8658c219&itok=rMsIe-Rn",
        "initiator": {
            "columnNumber": 11,
            "lineNumber": 992,
            "type": "parser",
            "url": "https://european-union.europa.eu/index_en"
        },
        "requested_for": "https://european-union.europa.eu/index_en"
    },
    {
        "time": 236334.897958,
        "requested_resource": "https://european-union.europa.eu/sites/default/files/styles/oe_theme_ratio_3_2_medium/avportal/P-060708/00-03.jpg?itok=0cOCrzi5",
        "initiator": {
            "columnNumber": 11,
            "lineNumber": 1011,
            "type": "parser",
            "url": "https://european-union.europa.eu/index_en"
        },
        "requested_for": "https://european-union.europa.eu/index_en"
    },
    {
        "time": 236334.897986,
        "requested_resource": "https://european-union.europa.eu/sites/default/files/js/js_QulTpLCILVoYn8gIT76iTFeYEBBM97lAX91dCZJzwcM.js?scope=footer&delta=0&language=en&theme=ewcms_theme&include=eJxVjWsKg0AMhC9k65FCXFNdyEOSrNbbdylK6Y-BGb5hxggOmtKMY5y9bcjPOz9C0JMNZ_LBCHIlobGYbKakCVwnRz-B2o_SO8kVGWJfBjqKxA2-Hjs6s5a4mDTOylWXhnxVBMtate85ajBmNQW1frbT_2CBaL7TOcSG0qWjTa8WBZM-sDpVfw",
        "initiator": {
            "columnNumber": 346,
            "lineNumber": 1235,
            "type": "parser",
            "url": "https://european-union.europa.eu/index_en"
        },
        "requested_for": "https://european-union.europa.eu/index_en"
    },
    {
        "time": 236334.89801,
        "requested_resource": "https://webtools.europa.eu/load.js",
        "initiator": {
            "columnNumber": 55,
            "lineNumber": 189,
            "type": "parser",
            "url": "https://european-union.europa.eu/index_en"
        },
        "requested_for": "https://european-union.europa.eu/index_en"
    },
    {
        "time": 236334.898083,
        "requested_resource": "https://european-union.europa.eu/sites/default/files/js/js_t5vFBJfxplpMCNTIl-C4fG_EXxwMIpM65p8QTTGvjNk.js?scope=footer&delta=2&language=en&theme=ewcms_theme&include=eJxVjWsKg0AMhC9k65FCXFNdyEOSrNbbdylK6Y-BGb5hxggOmtKMY5y9bcjPOz9C0JMNZ_LBCHIlobGYbKakCVwnRz-B2o_SO8kVGWJfBjqKxA2-Hjs6s5a4mDTOylWXhnxVBMtate85ajBmNQW1frbT_2CBaL7TOcSG0qWjTa8WBZM-sDpVfw",
        "initiator": {
            "columnNumber": 346,
            "lineNumber": 1237,
            "type": "parser",
            "url": "https://european-union.europa.eu/index_en"
        },
        "requested_for": "https://european-union.europa.eu/index_en"
    },
    {
        "time": 236334.898103,
        "requested_resource": "https://ec.europa.eu/wel/surveys/wr_survey01/wr_survey.js",
        "initiator": {
            "columnNumber": 78,
            "lineNumber": 191,
            "type": "parser",
            "url": "https://european-union.europa.eu/index_en"
        },
        "requested_for": "https://european-union.europa.eu/index_en"
    },
    {
        "time": 236334.898142,
        "requested_resource": "https://european-union.europa.eu/sites/default/files/js/js_Ms4Hi22J1LVPNSi-0JgDaDRzYxLzcD-K2XiEE2Ja36c.js?scope=footer&delta=4&language=en&theme=ewcms_theme&include=eJxVjWsKg0AMhC9k65FCXFNdyEOSrNbbdylK6Y-BGb5hxggOmtKMY5y9bcjPOz9C0JMNZ_LBCHIlobGYbKakCVwnRz-B2o_SO8kVGWJfBjqKxA2-Hjs6s5a4mDTOylWXhnxVBMtate85ajBmNQW1frbT_2CBaL7TOcSG0qWjTa8WBZM-sDpVfw",
        "initiator": {
            "columnNumber": 346,
            "lineNumber": 1239,
            "type": "parser",
            "url": "https://european-union.europa.eu/index_en"
        },
        "requested_for": "https://european-union.europa.eu/index_en"
    },
    {
        "time": 236334.902309,
        "requested_resource": "https://european-union.europa.eu/sites/default/files/css/css_FmO9fFDFCGldlQGwMPnQEt9Z9mUd0lPQ3WGPKaggA8w.css?delta=2&language=en&theme=ewcms_theme&include=eJxtjFEKAyEMRC8k65EkalqlMYZEab19pWxZCv0b5s2bjmEUbOhTb9IZeQSqUUFXwOls2cDmIxi6_l2KVh4On6nZ2dwqUg74GqgMFGrq_MPPvKTfFaSsP3ArYx_MrVPlhzkBhc_afNYpQMfVHJNlRqpWML8BI6xNHw",
        "initiator": {
            "columnNumber": 344,
            "lineNumber": 60,
            "type": "parser",
            "url": "https://european-union.europa.eu/index_en"
        },
        "requested_for": "https://european-union.europa.eu/index_en"
    },
    {
        "time": 236334.902354,
        "requested_resource": "https://european-union.europa.eu/sites/default/files/css/css_brbHafvpfTH1U0-BNcuKFSyK7sEsv-aEmOSff9NoBDQ.css?delta=4&language=en&theme=ewcms_theme&include=eJxtjFEKAyEMRC8k65EkalqlMYZEab19pWxZCv0b5s2bjmEUbOhTb9IZeQSqUUFXwOls2cDmIxi6_l2KVh4On6nZ2dwqUg74GqgMFGrq_MPPvKTfFaSsP3ArYx_MrVPlhzkBhc_afNYpQMfVHJNlRqpWML8BI6xNHw",
        "initiator": {
            "columnNumber": 344,
            "lineNumber": 62,
            "type": "parser",
            "url": "https://european-union.europa.eu/index_en"
        },
        "requested_for": "https://european-union.europa.eu/index_en"
    },
    {
        "time": 236334.90258,
        "requested_resource": "https://european-union.europa.eu/themes/contrib/oe_theme/dist/eu/images/icons/sprites/icons.svg",
        "initiator": {
            "columnNumber": 109,
            "lineNumber": 118,
            "type": "parser",
            "url": "https://european-union.europa.eu/index_en"
        },
        "requested_for": "https://european-union.europa.eu/index_en"
    },
    {
        "time": 236334.999506,
        "requested_resource": "data:image/gif;base64,R0lGODlhAQABAIAAAAAAAP///yH5BAEAAAAALAAAAAABAAEAAAIBRAA7",
        "initiator": {
            "type": "parser",
            "url": "https://european-union.europa.eu/sites/default/files/css/css_ObeP9tMElVXp59Cu9z4AgRE078KCq3CfH2sLPYElYTM.css?delta=1&language=en&theme=ewcms_theme&include=eJxtjFEKAyEMRC8k65EkalqlMYZEab19pWxZCv0b5s2bjmEUbOhTb9IZeQSqUUFXwOls2cDmIxi6_l2KVh4On6nZ2dwqUg74GqgMFGrq_MPPvKTfFaSsP3ArYx_MrVPlhzkBhc_afNYpQMfVHJNlRqpWML8BI6xNHw"
        },
        "requested_for": "https://european-union.europa.eu/index_en"
    },
    {
        "time": 236335.026843,
        "requested_resource": "https://ec.europa.eu/wel/surveys/wr_survey03/js/main.js?966791",
        "initiator": {
            "stack": {
                "callFrames": [
                    {
                        "columnNumber": 5,
                        "functionName": "",
                        "lineNumber": 17,
                        "scriptId": "23",
                        "url": "https://ec.europa.eu/wel/surveys/wr_survey01/wr_survey.js"
                    }
                ]
            },
            "type": "script"
        },
        "requested_for": "https://european-union.europa.eu/index_en"
    },
    {
        "time": 236335.037275,
        "requested_resource": "https://webtools.europa.eu/css/webtools.theme-eu.css?t=1740124244",
        "initiator": {
            "stack": {
                "callFrames": [
                    {
                        "columnNumber": 103,
                        "functionName": "include",
                        "lineNumber": 80,
                        "scriptId": "18",
                        "url": "https://webtools.europa.eu/load.js"
                    }
                ]
            },
            "type": "script"
        },
        "requested_for": "https://european-union.europa.eu/index_en"
    },
    {
        "time": 236335.037655,
        "requested_resource": "https://webtools.europa.eu/rest/requests/files?type=json&urlToRequest=https%3A%2F%2Feams.fpfis.tech.ec.europa.eu%2Fconfig%3FsiteID%3Dc9513597-70e6-4b84-80c5-36f9dddf8c7c%26instance%3Dec&ref=aHR0cHM6Ly9ldXJvcGVhbi11bmlvbi5ldXJvcGEuZXU=",
        "initiator": {
            "stack": {
                "callFrames": [
                    {
                        "columnNumber": 67,
                        "functionName": "ajax",
                        "lineNumber": 102,
                        "scriptId": "18",
                        "url": "https://webtools.europa.eu/load.js"
                    }
                ]
            },
            "type": "script"
        },
        "requested_for": "https://european-union.europa.eu/index_en"
    },
    {
        "time": 236335.039596,
        "requested_resource": "https://webtools.europa.eu/images/spinner.svg?t=1740124244",
        "initiator": {
            "type": "parser",
            "url": "https://webtools.europa.eu/css/webtools.theme-eu.css?t=1740124244"
        },
        "requested_for": "https://european-union.europa.eu/index_en"
    },
    {
        "time": 236335.041135,
        "requested_resource": "https://webanalytics.europa.eu/ppms.js?t=1740124244",
        "initiator": {
            "stack": {
                "callFrames": [
                    {
                        "columnNumber": 103,
                        "functionName": "include",
                        "lineNumber": 80,
                        "scriptId": "18",
                        "url": "https://webtools.europa.eu/load.js"
                    }
                ]
            },
            "type": "script"
        },
        "requested_for": "https://european-union.europa.eu/index_en"
    },
    {
        "time": 236335.041279,
        "requested_resource": "https://european-union.europa.eu/themes/contrib/oe_theme/images/favicons/eu/favicon.svg",
        "initiator": {
            "type": "other"
        },
        "requested_for": "https://european-union.europa.eu/index_en"
    },
    {
        "time": 236335.04518,
        "requested_resource": "https://ec.europa.eu/wel/surveys/wr_survey03/data/survey_url_rules.js?966791v0.63",
        "initiator": {
            "stack": {
                "callFrames": [
                    {
                        "columnNumber": 3211,
                        "functionName": "load_javascript_file",
                        "lineNumber": 0,
                        "scriptId": "25",
                        "url": "https://ec.europa.eu/wel/surveys/wr_survey03/js/main.js?966791"
                    }
                ]
            },
            "type": "script"
        },
        "requested_for": "https://european-union.europa.eu/index_en"
    },
    {
        "time": 236335.0482,
        "requested_resource": "https://webtools.europa.eu/js/webtools.globan.js?t=1740124244",
        "initiator": {
            "stack": {
                "callFrames": [
                    {
                        "columnNumber": 103,
                        "functionName": "include",
                        "lineNumber": 80,
                        "scriptId": "18",
                        "url": "https://webtools.europa.eu/load.js"
                    }
                ]
            },
            "type": "script"
        },
        "requested_for": "https://european-union.europa.eu/index_en"
    },
    {
        "time": 236335.04933,
        "requested_resource": "https://webtools.europa.eu/images/flag.svg?t=1740124244",
        "initiator": {
            "type": "other"
        },
        "requested_for": "https://european-union.europa.eu/index_en"
    },
    {
        "time": 236335.049417,
        "requested_resource": "https://webtools.europa.eu/images/chevron-grey.svg?t=1740124244",
        "initiator": {
            "type": "other"
        },
        "requested_for": "https://european-union.europa.eu/index_en"
    },
    {
        "time": 236335.053879,
        "requested_resource": "https://european-union.europa.eu/themes/contrib/oe_theme/images/favicons/eu/favicon.ico",
        "initiator": {
            "type": "other"
        },
        "requested_for": "https://european-union.europa.eu/index_en"
    },
    {
        "time": 236335.061198,
        "requested_resource": "https://webtools.europa.eu/js/webtools.cck.js?t=1740124244",
        "initiator": {
            "stack": {
                "callFrames": [
                    {
                        "columnNumber": 103,
                        "functionName": "include",
                        "lineNumber": 80,
                        "scriptId": "18",
                        "url": "https://webtools.europa.eu/load.js"
                    }
                ]
            },
            "type": "script"
        },
        "requested_for": "https://european-union.europa.eu/index_en"
    },
    {
        "time": 236335.065779,
        "requested_resource": "https://webtools.europa.eu/css/webtools.icons.default.css?t=1740124244",
        "initiator": {
            "stack": {
                "callFrames": [
                    {
                        "columnNumber": 103,
                        "functionName": "include",
                        "lineNumber": 80,
                        "scriptId": "18",
                        "url": "https://webtools.europa.eu/load.js"
                    }
                ]
            },
            "type": "script"
        },
        "requested_for": "https://european-union.europa.eu/index_en"
    },
    {
        "time": 236335.077136,
        "requested_resource": "https://webanalytics.europa.eu/ppms.php?action_name=Your%20gateway%20to%20the%20EU%2C%20News%2C%20Highlights%20%7C%20European%20Union&idsite=c9513597-70e6-4b84-80c5-36f9dddf8c7c&rec=1&r=016275&h=12&m=36&s=2&url=https%3A%2F%2Feuropean-union.europa.eu%2Findex_en&urlref=https%3A%2F%2Feuropean-union.europa.eu%2Fselect-language%3Fdestination%3D%2Fnode%2F1&_id=fe88942728a968ba&_idts=1740224162&_idvc=1&_idn=0&_viewts=1740224162&send_image=1&pdf=1&qt=0&realp=0&wma=0&dir=0&fla=0&java=0&gears=0&ag=0&cookie=1&res=2560x1440&dimension1=en&dimension3=Landing%20Page&dimension4=European-Commission&dimension5=Directorate-General-for-Communication&dimension6=Your%20gateway%20to%20the%20European%20Union&dimension7=73fc4117-158e-423c-bdec-535ef5b0dedd&dimension8=EU%20-%20CORE&dimension9=EU-institution%20European-Commission%20European-Union&dimension10=Not%20Easy-to-read&gt_ms=60&t_us=62&t_ue=62&t_fs=1&t_ds=1&t_cs=1&t_ce=1&t_qs=1&t_as=61&t_ae=61&t_dl=63&t_di=191&t_ls=193&t_le=200&t_dc=202&t_ee=202&pv_id=iio1VZ",
        "initiator": {
            "type": "other"
        },
        "requested_for": "https://european-union.europa.eu/index_en"
    },
    {
        "time": 236335.07822,
        "requested_resource": "https://webtools.europa.eu/css/webtools.etrans.css?t=1740124244",
        "initiator": {
            "stack": {
                "callFrames": [
                    {
                        "columnNumber": 103,
                        "functionName": "include",
                        "lineNumber": 80,
                        "scriptId": "18",
                        "url": "https://webtools.europa.eu/load.js"
                    }
                ]
            },
            "type": "script"
        },
        "requested_for": "https://european-union.europa.eu/index_en"
    },
    {
        "time": 236335.078342,
        "requested_resource": "https://webtools.europa.eu/js/webtools.etrans.js?t=1740124244",
        "initiator": {
            "stack": {
                "callFrames": [
                    {
                        "columnNumber": 103,
                        "functionName": "include",
                        "lineNumber": 80,
                        "scriptId": "18",
                        "url": "https://webtools.europa.eu/load.js"
                    }
                ]
            },
            "type": "script"
        },
        "requested_for": "https://european-union.europa.eu/index_en"
    },
    {
        "time": 236335.112282,
        "requested_resource": "https://webtools.europa.eu/css/webtools.sbkm.2.0.css?t=1740124244",
        "initiator": {
            "stack": {
                "callFrames": [
                    {
                        "columnNumber": 103,
                        "functionName": "include",
                        "lineNumber": 80,
                        "scriptId": "18",
                        "url": "https://webtools.europa.eu/load.js"
                    }
                ]
            },
            "type": "script"
        },
        "requested_for": "https://european-union.europa.eu/index_en"
    },
    {
        "time": 236335.112401,
        "requested_resource": "https://webtools.europa.eu/js/webtools.sbkm.2.0.js?t=1740124244",
        "initiator": {
            "stack": {
                "callFrames": [
                    {
                        "columnNumber": 103,
                        "functionName": "include",
                        "lineNumber": 80,
                        "scriptId": "18",
                        "url": "https://webtools.europa.eu/load.js"
                    }
                ]
            },
            "type": "script"
        },
        "requested_for": "https://european-union.europa.eu/index_en"
    },
    {
        "time": 236335.14072,
        "requested_resource": "https://webtools.europa.eu/webtools.preview.css?t=1740124244",
        "initiator": {
            "stack": {
                "callFrames": [
                    {
                        "columnNumber": 103,
                        "functionName": "include",
                        "lineNumber": 80,
                        "scriptId": "18",
                        "url": "https://webtools.europa.eu/load.js"
                    }
                ]
            },
            "type": "script"
        },
        "requested_for": "https://european-union.europa.eu/index_en"
    },
    {
        "time": 236335.140823,
        "requested_resource": "https://webtools.europa.eu/webtools.preview.js?t=1740124244",
        "initiator": {
            "stack": {
                "callFrames": [
                    {
                        "columnNumber": 103,
                        "functionName": "include",
                        "lineNumber": 80,
                        "scriptId": "18",
                        "url": "https://webtools.europa.eu/load.js"
                    }
                ]
            },
            "type": "script"
        },
        "requested_for": "https://european-union.europa.eu/index_en"
    },
    {
        "time": 236335.152221,
        "requested_resource": "https://webtools.europa.eu/css/webtools.search.css?t=1740124244",
        "initiator": {
            "stack": {
                "callFrames": [
                    {
                        "columnNumber": 103,
                        "functionName": "include",
                        "lineNumber": 80,
                        "scriptId": "18",
                        "url": "https://webtools.europa.eu/load.js"
                    }
                ]
            },
            "type": "script"
        },
        "requested_for": "https://european-union.europa.eu/index_en"
    },
    {
        "time": 236335.152332,
        "requested_resource": "https://webtools.europa.eu/js/webtools.search.js?t=1740124244",
        "initiator": {
            "stack": {
                "callFrames": [
                    {
                        "columnNumber": 103,
                        "functionName": "include",
                        "lineNumber": 80,
                        "scriptId": "18",
                        "url": "https://webtools.europa.eu/load.js"
                    }
                ]
            },
            "type": "script"
        },
        "requested_for": "https://european-union.europa.eu/index_en"
    },
    {
        "time": 236335.156226,
        "requested_resource": "https://webtools.europa.eu/css/webtools.icons.networks.css?t=1740124244",
        "initiator": {
            "stack": {
                "callFrames": [
                    {
                        "columnNumber": 103,
                        "functionName": "include",
                        "lineNumber": 80,
                        "scriptId": "18",
                        "url": "https://webtools.europa.eu/load.js"
                    }
                ]
            },
            "type": "script"
        },
        "requested_for": "https://european-union.europa.eu/index_en"
    },
    {
        "time": 236335.181221,
        "requested_resource": "https://ec.europa.eu/wel/surveys/wr_survey03/data/invitation_settings/eu_online_survey/01/invitation_settings.js?966791v0.63",
        "initiator": {
            "stack": {
                "callFrames": [
                    {
                        "columnNumber": 3211,
                        "functionName": "load_javascript_file",
                        "lineNumber": 0,
                        "scriptId": "25",
                        "url": "https://ec.europa.eu/wel/surveys/wr_survey03/js/main.js?966791"
                    }
                ]
            },
            "type": "script"
        },
        "requested_for": "https://european-union.europa.eu/index_en"
    },
    {
        "time": 236335.554142,
        "requested_resource": "https://webtools.europa.eu/rest/service-inventory",
        "initiator": {
            "stack": {
                "callFrames": [
                    {
                        "columnNumber": 43,
                        "functionName": "ajax",
                        "lineNumber": 102,
                        "scriptId": "18",
                        "url": "https://webtools.europa.eu/load.js"
                    }
                ]
            },
            "type": "script"
        },
        "requested_for": "https://european-union.europa.eu/index_en"
    },
    {
        "time": 236335.554997,
        "requested_resource": "https://webtools.europa.eu/rest/service-inventory",
        "initiator": {
            "requestId": "19888.108",
            "type": "preflight",
            "url": "https://webtools.europa.eu/rest/service-inventory"
        },
        "requested_for": "https://webtools.europa.eu/rest/service-inventory"
    }
]