[
    {
        "time": 236346.076958,
        "requested_resource": "https://odkarla.cz/",
        "initiator": {
            "type": "other"
        },
        "requested_for": "https://odkarla.cz/"
    },
    {
        "time": 236346.11169,
        "requested_resource": "https://www.odkarla.cz/",
        "initiator": {
            "type": "other"
        },
        "requested_for": "https://www.odkarla.cz/"
    },
    {
        "time": 236346.17711,
        "requested_resource": "https://cdn.odkarla.cz/fontawesome/6.1.1-web/webfonts/fa-solid-900.woff2",
        "initiator": {
            "columnNumber": 156,
            "lineNumber": 43,
            "type": "parser",
            "url": "https://www.odkarla.cz/"
        },
        "requested_for": "https://www.odkarla.cz/"
    },
    {
        "time": 236346.177282,
        "requested_resource": "https://cdn.odkarla.cz/fontawesome/6.1.1-web/webfonts/fa-regular-400.woff2",
        "initiator": {
            "columnNumber": 158,
            "lineNumber": 44,
            "type": "parser",
            "url": "https://www.odkarla.cz/"
        },
        "requested_for": "https://www.odkarla.cz/"
    },
    {
        "time": 236346.17736,
        "requested_resource": "https://cdn.odkarla.cz/fontawesome/6.1.1-web/css/all.min.css",
        "initiator": {
            "columnNumber": 135,
            "lineNumber": 45,
            "type": "parser",
            "url": "https://www.odkarla.cz/"
        },
        "requested_for": "https://www.odkarla.cz/"
    },
    {
        "time": 236346.177432,
        "requested_resource": "https://cdn.odkarla.cz/bootstrap/3.4.1/css/bootstrap.min.css",
        "initiator": {
            "columnNumber": 135,
            "lineNumber": 47,
            "type": "parser",
            "url": "https://www.odkarla.cz/"
        },
        "requested_for": "https://www.odkarla.cz/"
    },
    {
        "time": 236346.177473,
        "requested_resource": "https://cdn.odkarla.cz/bootstrap-slider/9.1.1/css/bootstrap-slider.min.css",
        "initiator": {
            "columnNumber": 149,
            "lineNumber": 48,
            "type": "parser",
            "url": "https://www.odkarla.cz/"
        },
        "requested_for": "https://www.odkarla.cz/"
    },
    {
        "time": 236346.17751,
        "requested_resource": "https://cdn.odkarla.cz/bootstrap-select/1.12.4/css/bootstrap-select.min.css",
        "initiator": {
            "columnNumber": 150,
            "lineNumber": 49,
            "type": "parser",
            "url": "https://www.odkarla.cz/"
        },
        "requested_for": "https://www.odkarla.cz/"
    },
    {
        "time": 236346.177547,
        "requested_resource": "https://cdn.odkarla.cz/fonts/roboto-v20-latin_latin-ext-regular.woff2",
        "initiator": {
            "columnNumber": 153,
            "lineNumber": 51,
            "type": "parser",
            "url": "https://www.odkarla.cz/"
        },
        "requested_for": "https://www.odkarla.cz/"
    },
    {
        "time": 236346.177579,
        "requested_resource": "https://cdn.odkarla.cz/fonts/roboto-v20-latin_latin-ext-italic.woff2",
        "initiator": {
            "columnNumber": 152,
            "lineNumber": 52,
            "type": "parser",
            "url": "https://www.odkarla.cz/"
        },
        "requested_for": "https://www.odkarla.cz/"
    },
    {
        "time": 236346.177642,
        "requested_resource": "https://cdn.odkarla.cz/fonts/roboto-v20-latin_latin-ext-100.woff2",
        "initiator": {
            "columnNumber": 149,
            "lineNumber": 53,
            "type": "parser",
            "url": "https://www.odkarla.cz/"
        },
        "requested_for": "https://www.odkarla.cz/"
    },
    {
        "time": 236346.177691,
        "requested_resource": "https://cdn.odkarla.cz/fonts/roboto-v20-latin_latin-ext-100italic.woff2",
        "initiator": {
            "columnNumber": 155,
            "lineNumber": 54,
            "type": "parser",
            "url": "https://www.odkarla.cz/"
        },
        "requested_for": "https://www.odkarla.cz/"
    },
    {
        "time": 236346.177777,
        "requested_resource": "https://cdn.odkarla.cz/fonts/roboto-v20-latin_latin-ext-500.woff2",
        "initiator": {
            "columnNumber": 149,
            "lineNumber": 55,
            "type": "parser",
            "url": "https://www.odkarla.cz/"
        },
        "requested_for": "https://www.odkarla.cz/"
    },
    {
        "time": 236346.177819,
        "requested_resource": "https://cdn.odkarla.cz/fonts/roboto-v20-latin_latin-ext-500italic.woff2",
        "initiator": {
            "columnNumber": 155,
            "lineNumber": 56,
            "type": "parser",
            "url": "https://www.odkarla.cz/"
        },
        "requested_for": "https://www.odkarla.cz/"
    },
    {
        "time": 236346.177861,
        "requested_resource": "https://cdn.odkarla.cz/fonts/roboto-v20-latin_latin-ext-700.woff2",
        "initiator": {
            "columnNumber": 149,
            "lineNumber": 57,
            "type": "parser",
            "url": "https://www.odkarla.cz/"
        },
        "requested_for": "https://www.odkarla.cz/"
    },
    {
        "time": 236346.177924,
        "requested_resource": "https://cdn.odkarla.cz/fonts/roboto-v20-latin_latin-ext-700italic.woff2",
        "initiator": {
            "columnNumber": 155,
            "lineNumber": 58,
            "type": "parser",
            "url": "https://www.odkarla.cz/"
        },
        "requested_for": "https://www.odkarla.cz/"
    },
    {
        "time": 236346.177999,
        "requested_resource": "https://cdn.odkarla.cz/fonts/roboto-v20-latin_latin-ext-900.woff2",
        "initiator": {
            "columnNumber": 149,
            "lineNumber": 59,
            "type": "parser",
            "url": "https://www.odkarla.cz/"
        },
        "requested_for": "https://www.odkarla.cz/"
    },
    {
        "time": 236346.178032,
        "requested_resource": "https://cdn.odkarla.cz/fonts/roboto-v20-latin_latin-ext-900italic.woff2",
        "initiator": {
            "columnNumber": 155,
            "lineNumber": 60,
            "type": "parser",
            "url": "https://www.odkarla.cz/"
        },
        "requested_for": "https://www.odkarla.cz/"
    },
    {
        "time": 236346.178082,
        "requested_resource": "https://www.odkarla.cz/css/style.min.css?r=1740223628",
        "initiator": {
            "columnNumber": 82,
            "lineNumber": 73,
            "type": "parser",
            "url": "https://www.odkarla.cz/"
        },
        "requested_for": "https://www.odkarla.cz/"
    },
    {
        "time": 236346.178126,
        "requested_resource": "https://scripts.luigisbox.com/LBX-260203.js",
        "initiator": {
            "columnNumber": 72,
            "lineNumber": 79,
            "type": "parser",
            "url": "https://www.odkarla.cz/"
        },
        "requested_for": "https://www.odkarla.cz/"
    },
    {
        "time": 236346.178281,
        "requested_resource": "https://cdn.odkarla.cz/css/image/logo.png",
        "initiator": {
            "columnNumber": 126,
            "lineNumber": 258,
            "type": "parser",
            "url": "https://www.odkarla.cz/"
        },
        "requested_for": "https://www.odkarla.cz/"
    },
    {
        "time": 236346.178325,
        "requested_resource": "https://cdn.odkarla.cz/css/image/bublina-dt-1.png",
        "initiator": {
            "columnNumber": 103,
            "lineNumber": 331,
            "type": "parser",
            "url": "https://www.odkarla.cz/"
        },
        "requested_for": "https://www.odkarla.cz/"
    },
    {
        "time": 236346.178352,
        "requested_resource": "https://cdn.odkarla.cz/css/image/bublina-mb-1.png",
        "initiator": {
            "columnNumber": 102,
            "lineNumber": 332,
            "type": "parser",
            "url": "https://www.odkarla.cz/"
        },
        "requested_for": "https://www.odkarla.cz/"
    },
    {
        "time": 236346.17837,
        "requested_resource": "https://cdn.odkarla.cz/css/image/karel-kuk-1.png",
        "initiator": {
            "columnNumber": 79,
            "lineNumber": 333,
            "type": "parser",
            "url": "https://www.odkarla.cz/"
        },
        "requested_for": "https://www.odkarla.cz/"
    },
    {
        "time": 236346.178387,
        "requested_resource": "https://cdn.odkarla.cz/css/image/paleta-1.png",
        "initiator": {
            "columnNumber": 76,
            "lineNumber": 334,
            "type": "parser",
            "url": "https://www.odkarla.cz/"
        },
        "requested_for": "https://www.odkarla.cz/"
    },
    {
        "time": 236346.17841,
        "requested_resource": "https://cdn.odkarla.cz/css/image/logo-greyscale-small-heureka-1.png",
        "initiator": {
            "columnNumber": 110,
            "lineNumber": 341,
            "type": "parser",
            "url": "https://www.odkarla.cz/"
        },
        "requested_for": "https://www.odkarla.cz/"
    },
    {
        "time": 236346.178433,
        "requested_resource": "https://cdn.odkarla.cz/css/image/five-stars-grey-1.png",
        "initiator": {
            "columnNumber": 105,
            "lineNumber": 345,
            "type": "parser",
            "url": "https://www.odkarla.cz/"
        },
        "requested_for": "https://www.odkarla.cz/"
    },
    {
        "time": 236346.178454,
        "requested_resource": "https://cdn.odkarla.cz/css/image/logo-greyscale-small-google-1.png",
        "initiator": {
            "columnNumber": 109,
            "lineNumber": 352,
            "type": "parser",
            "url": "https://www.odkarla.cz/"
        },
        "requested_for": "https://www.odkarla.cz/"
    },
    {
        "time": 236346.178485,
        "requested_resource": "https://cdn.odkarla.cz/css/image/logo-greyscale-small-facebook-1.png",
        "initiator": {
            "columnNumber": 111,
            "lineNumber": 363,
            "type": "parser",
            "url": "https://www.odkarla.cz/"
        },
        "requested_for": "https://www.odkarla.cz/"
    },
    {
        "time": 236346.178514,
        "requested_resource": "https://cdn.odkarla.cz/css/image/logo-greyscale-small-firmy-1.png",
        "initiator": {
            "columnNumber": 108,
            "lineNumber": 374,
            "type": "parser",
            "url": "https://www.odkarla.cz/"
        },
        "requested_for": "https://www.odkarla.cz/"
    },
    {
        "time": 236346.17854,
        "requested_resource": "https://cdn.odkarla.cz/css/image/karel-trhak-2.png",
        "initiator": {
            "columnNumber": 101,
            "lineNumber": 455,
            "type": "parser",
            "url": "https://www.odkarla.cz/"
        },
        "requested_for": "https://www.odkarla.cz/"
    },
    {
        "time": 236346.178558,
        "requested_resource": "https://cdn.odkarla.cz/css/image/karel-trhak-3.png",
        "initiator": {
            "columnNumber": 101,
            "lineNumber": 456,
            "type": "parser",
            "url": "https://www.odkarla.cz/"
        },
        "requested_for": "https://www.odkarla.cz/"
    },
    {
        "time": 236346.189263,
        "requested_resource": "https://www.googletagmanager.com/gtm.js?id=GTM-T3R3LC2",
        "initiator": {
            "stack": {
                "callFrames": [
                    {
                        "columnNumber": 80,
                        "functionName": "",
                        "lineNumber": 19,
                        "scriptId": "15",
                        "url": "https://www.odkarla.cz/"
                    }
                ]
            },
            "type": "script"
        },
        "requested_for": "https://www.odkarla.cz/"
    },
    {
        "time": 236346.198739,
        "requested_resource": "https://www.odkarla.cz/dist/js/vendor.js?r=1740223628",
        "initiator": {
            "columnNumber": 67,
            "lineNumber": 1520,
            "type": "parser",
            "url": "https://www.odkarla.cz/"
        },
        "requested_for": "https://www.odkarla.cz/"
    },
    {
        "time": 236346.198792,
        "requested_resource": "https://www.odkarla.cz/dist/js/index.js?r=1740223628",
        "initiator": {
            "columnNumber": 66,
            "lineNumber": 1521,
            "type": "parser",
            "url": "https://www.odkarla.cz/"
        },
        "requested_for": "https://www.odkarla.cz/"
    },
    {
        "time": 236346.19898,
        "requested_resource": "https://static.cloudflareinsights.com/beacon.min.js/vcd15cbe7772f49c399c6a5babf22c1241717689176015",
        "initiator": {
            "columnNumber": 1394,
            "lineNumber": 1526,
            "type": "parser",
            "url": "https://www.odkarla.cz/"
        },
        "requested_for": "https://www.odkarla.cz/"
    },
    {
        "time": 236346.276841,
        "requested_resource": "https://www.odkarla.cz/css/image/rating-star-gold.png",
        "initiator": {
            "columnNumber": 938,
            "lineNumber": 1526,
            "type": "parser",
            "url": "https://www.odkarla.cz/"
        },
        "requested_for": "https://www.odkarla.cz/"
    },
    {
        "time": 236346.277584,
        "requested_resource": "https://cdn.odkarla.cz/css/image/footer-bg.jpg",
        "initiator": {
            "type": "parser",
            "url": "https://www.odkarla.cz/css/style.min.css?r=1740223628"
        },
        "requested_for": "https://www.odkarla.cz/"
    },
    {
        "time": 236346.277662,
        "requested_resource": "https://cdn.odkarla.cz/css/image/benefits_icons_v2.png",
        "initiator": {
            "type": "parser",
            "url": "https://www.odkarla.cz/css/style.min.css?r=1740223628"
        },
        "requested_for": "https://www.odkarla.cz/"
    },
    {
        "time": 236346.31551,
        "requested_resource": "https://www.odkarla.cz/css/image/slidetop.png",
        "initiator": {
            "columnNumber": 938,
            "lineNumber": 1526,
            "type": "parser",
            "url": "https://www.odkarla.cz/"
        },
        "requested_for": "https://www.odkarla.cz/"
    },
    {
        "time": 236346.351587,
        "requested_resource": "https://kobra.odkarla.cz/t1/210x210/1d/ff/1419122/1419122_0.jpg/~/softbox-smallrig-rc-350d-cerny-350w",
        "initiator": {
            "columnNumber": 1,
            "lineNumber": 1529,
            "type": "parser",
            "url": "https://www.odkarla.cz/"
        },
        "requested_for": "https://www.odkarla.cz/"
    },
    {
        "time": 236346.351637,
        "requested_resource": "https://kobra.odkarla.cz/t1/210x210/38/5c/1393781/1393781_0.jpg/~/elektricky-ohrivac-innovagoods-cerny",
        "initiator": {
            "columnNumber": 1,
            "lineNumber": 1529,
            "type": "parser",
            "url": "https://www.odkarla.cz/"
        },
        "requested_for": "https://www.odkarla.cz/"
    },
    {
        "time": 236346.351658,
        "requested_resource": "https://kobra.odkarla.cz/t1/210x210/95/a6/1399901/1399901_0.jpg/~/taska-rlsoco-pro-zehlicku-na-vlasy-dyson-airstrait-ht01-a-zehlicku-na-vlasy-corralezehlicku",
        "initiator": {
            "columnNumber": 1,
            "lineNumber": 1529,
            "type": "parser",
            "url": "https://www.odkarla.cz/"
        },
        "requested_for": "https://www.odkarla.cz/"
    },
    {
        "time": 236346.351677,
        "requested_resource": "https://kobra.odkarla.cz/t1/210x210/48/d1/1393763/1393763_0.jpg/~/celorocni-prikryvka-sonive-bedding-z-mikrovlakna-200gsm-mekka-vypln-prodysna-prikryvka-na-spani",
        "initiator": {
            "columnNumber": 1,
            "lineNumber": 1529,
            "type": "parser",
            "url": "https://www.odkarla.cz/"
        },
        "requested_for": "https://www.odkarla.cz/"
    },
    {
        "time": 236346.351692,
        "requested_resource": "https://kobra.odkarla.cz/t1/210x210/b7/34/1266697/1266697_0.jpg/~/jimeida-dvojita-zasuvka-sklenena-2-prihradky-16-a-panel-z-tvrzeneho-skla-standardni-zasuvka-sedy",
        "initiator": {
            "columnNumber": 1,
            "lineNumber": 1529,
            "type": "parser",
            "url": "https://www.odkarla.cz/"
        },
        "requested_for": "https://www.odkarla.cz/"
    },
    {
        "time": 236346.351707,
        "requested_resource": "https://kobra.odkarla.cz/t1/210x210/74/d9/1396236/1396236_0.jpg/~/osvetleni-bazenu-qoolife-ql-rpl-1e",
        "initiator": {
            "columnNumber": 1,
            "lineNumber": 1529,
            "type": "parser",
            "url": "https://www.odkarla.cz/"
        },
        "requested_for": "https://www.odkarla.cz/"
    },
    {
        "time": 236346.351724,
        "requested_resource": "https://kobra.odkarla.cz/t1/210x210/e3/f6/1418303/1418303_0.jpg/~/rotacni-nastroj-chokmax-mini",
        "initiator": {
            "columnNumber": 1,
            "lineNumber": 1529,
            "type": "parser",
            "url": "https://www.odkarla.cz/"
        },
        "requested_for": "https://www.odkarla.cz/"
    },
    {
        "time": 236346.351741,
        "requested_resource": "https://kobra.odkarla.cz/t1/210x210/98/6c/802806/802806_0.jpg/~/blesk-pro-kameru-photoolex",
        "initiator": {
            "columnNumber": 1,
            "lineNumber": 1529,
            "type": "parser",
            "url": "https://www.odkarla.cz/"
        },
        "requested_for": "https://www.odkarla.cz/"
    },
    {
        "time": 236346.351849,
        "requested_resource": "https://kobra.odkarla.cz/t1/210x210/21/bf/841162/841162_0.jpg/~/sada-klavesnice-a-mysi-redthunder-k10-de",
        "initiator": {
            "columnNumber": 1,
            "lineNumber": 1529,
            "type": "parser",
            "url": "https://www.odkarla.cz/"
        },
        "requested_for": "https://www.odkarla.cz/"
    },
    {
        "time": 236346.351881,
        "requested_resource": "https://kobra.odkarla.cz/t1/210x210/ee/36/1221450/1221450_0.jpg/~/damske-saty-grace-karin-trpytive-vel-xxl",
        "initiator": {
            "columnNumber": 1,
            "lineNumber": 1529,
            "type": "parser",
            "url": "https://www.odkarla.cz/"
        },
        "requested_for": "https://www.odkarla.cz/"
    },
    {
        "time": 236346.351912,
        "requested_resource": "https://kobra.odkarla.cz/t1/210x210/d4/af/699274/699274_0.jpg/~/nahradni-displej-yhx-ou-galaxy-a32-5g-a326b",
        "initiator": {
            "columnNumber": 1,
            "lineNumber": 1529,
            "type": "parser",
            "url": "https://www.odkarla.cz/"
        },
        "requested_for": "https://www.odkarla.cz/"
    },
    {
        "time": 236346.351979,
        "requested_resource": "https://kobra.odkarla.cz/t1/210x210/b8/b5/1246596/1246596_0.jpg/~/stupatko-donken-cerne-do-6-let",
        "initiator": {
            "columnNumber": 1,
            "lineNumber": 1529,
            "type": "parser",
            "url": "https://www.odkarla.cz/"
        },
        "requested_for": "https://www.odkarla.cz/"
    },
    {
        "time": 236346.352021,
        "requested_resource": "https://cdn.odkarla.cz/css/image/benefit_1.png",
        "initiator": {
            "columnNumber": 1,
            "lineNumber": 1529,
            "type": "parser",
            "url": "https://www.odkarla.cz/"
        },
        "requested_for": "https://www.odkarla.cz/"
    },
    {
        "time": 236346.352053,
        "requested_resource": "https://cdn.odkarla.cz/css/image/heureka_blue_small.png",
        "initiator": {
            "columnNumber": 1,
            "lineNumber": 1529,
            "type": "parser",
            "url": "https://www.odkarla.cz/"
        },
        "requested_for": "https://www.odkarla.cz/"
    },
    {
        "time": 236346.352117,
        "requested_resource": "https://cdn.odkarla.cz/css/image/benefit_3.png",
        "initiator": {
            "columnNumber": 1,
            "lineNumber": 1529,
            "type": "parser",
            "url": "https://www.odkarla.cz/"
        },
        "requested_for": "https://www.odkarla.cz/"
    },
    {
        "time": 236346.352138,
        "requested_resource": "https://cdn.odkarla.cz/css/image/karel_banner_big.png",
        "initiator": {
            "columnNumber": 1,
            "lineNumber": 1529,
            "type": "parser",
            "url": "https://www.odkarla.cz/"
        },
        "requested_for": "https://www.odkarla.cz/"
    },
    {
        "time": 236346.367661,
        "requested_resource": "https://www.odkarla.cz/cdn-cgi/challenge-platform/scripts/jsd/main.js",
        "initiator": {
            "stack": {
                "callFrames": [
                    {
                        "columnNumber": 406,
                        "functionName": "c",
                        "lineNumber": 1526,
                        "scriptId": "21",
                        "url": "https://www.odkarla.cz/"
                    }
                ]
            },
            "type": "script"
        },
        "requested_for": "about:blank"
    },
    {
        "time": 236346.389879,
        "requested_resource": "https://www.odkarla.cz/cdn-cgi/challenge-platform/h/b/scripts/jsd/b0e4a89976ce/main.js?",
        "initiator": {
            "columnNumber": 1,
            "lineNumber": 1529,
            "type": "parser",
            "url": "https://www.odkarla.cz/"
        },
        "requested_for": "about:blank"
    },
    {
        "time": 236346.463809,
        "requested_resource": "https://www.odkarla.cz/cdn-cgi/challenge-platform/h/b/jsd/r/0.7634154880559704:1740222511:kqOwN-vk-_m22ryZH80xrfvaOQs0Y8WxsZJ1-SJB5Wk/915ead60aefd6e9a",
        "initiator": {
            "stack": {
                "callFrames": [
                    {
                        "columnNumber": 8331,
                        "functionName": "z",
                        "lineNumber": 0,
                        "scriptId": "23",
                        "url": "https://www.odkarla.cz/cdn-cgi/challenge-platform/scripts/jsd/main.js"
                    }
                ]
            },
            "type": "script"
        },
        "requested_for": "about:blank"
    },
    {
        "time": 236346.57448,
        "requested_resource": "https://cdn.luigisbox.com/odkarla-cz.js",
        "initiator": {
            "stack": {
                "callFrames": [
                    {
                        "columnNumber": 567,
                        "functionName": "",
                        "lineNumber": 0,
                        "scriptId": "24",
                        "url": "https://scripts.luigisbox.com/LBX-260203.js"
                    }
                ]
            },
            "type": "script"
        },
        "requested_for": "https://www.odkarla.cz/"
    },
    {
        "time": 236346.611233,
        "requested_resource": "https://api.luigisbox.com/",
        "initiator": {
            "stack": {
                "callFrames": [
                    {
                        "columnNumber": 28535,
                        "functionName": "run",
                        "lineNumber": 12,
                        "scriptId": "26",
                        "url": "https://cdn.luigisbox.com/odkarla-cz.js"
                    }
                ]
            },
            "type": "script"
        },
        "requested_for": "https://www.odkarla.cz/"
    },
    {
        "time": 236346.611855,
        "requested_resource": "https://api.luigisbox.com/",
        "initiator": {
            "requestId": "15428.179",
            "type": "preflight",
            "url": "https://api.luigisbox.com/"
        },
        "requested_for": "https://api.luigisbox.com/"
    },
    {
        "time": 236346.646948,
        "requested_resource": "https://app.prijmout-cookies.cz/static/cc/2.9.1/cookieconsent.css",
        "initiator": {
            "stack": {
                "callFrames": [
                    {
                        "columnNumber": 110,
                        "functionName": "",
                        "lineNumber": 710,
                        "scriptId": "25",
                        "url": "https://www.googletagmanager.com/gtm.js?id=GTM-T3R3LC2"
                    }
                ]
            },
            "type": "script"
        },
        "requested_for": "https://www.odkarla.cz/"
    },
    {
        "time": 236346.647442,
        "requested_resource": "https://app.prijmout-cookies.cz/static/cc/2.9.1/cookieconsent.js",
        "initiator": {
            "stack": {
                "callFrames": [
                    {
                        "columnNumber": 391,
                        "functionName": "pc",
                        "lineNumber": 161,
                        "scriptId": "25",
                        "url": "https://www.googletagmanager.com/gtm.js?id=GTM-T3R3LC2"
                    }
                ]
            },
            "type": "script"
        },
        "requested_for": "https://www.odkarla.cz/"
    },
    {
        "time": 236346.649145,
        "requested_resource": "https://www.googletagmanager.com/gtag/destination?id=G-1SGB4S0B5V&l=dataLayer&cx=c&gtm=45He52k0v76056746za200",
        "initiator": {
            "stack": {
                "callFrames": [
                    {
                        "columnNumber": 482,
                        "functionName": "pc",
                        "lineNumber": 161,
                        "scriptId": "25",
                        "url": "https://www.googletagmanager.com/gtm.js?id=GTM-T3R3LC2"
                    }
                ]
            },
            "type": "script"
        },
        "requested_for": "https://www.odkarla.cz/"
    },
    {
        "time": 236346.651958,
        "requested_resource": "https://www.googletagmanager.com/gtag/js?id=G-1SGB4S0B5V&l=dataLayer&cx=c&gtm=45He52k0v76056746za200",
        "initiator": {
            "stack": {
                "callFrames": [
                    {
                        "columnNumber": 482,
                        "functionName": "pc",
                        "lineNumber": 161,
                        "scriptId": "25",
                        "url": "https://www.googletagmanager.com/gtm.js?id=GTM-T3R3LC2"
                    }
                ]
            },
            "type": "script"
        },
        "requested_for": "https://www.odkarla.cz/"
    },
    {
        "time": 236346.653338,
        "requested_resource": "https://c.seznam.cz/js/rc.js",
        "initiator": {
            "stack": {
                "callFrames": [
                    {
                        "columnNumber": 482,
                        "functionName": "pc",
                        "lineNumber": 161,
                        "scriptId": "25",
                        "url": "https://www.googletagmanager.com/gtm.js?id=GTM-T3R3LC2"
                    }
                ]
            },
            "type": "script"
        },
        "requested_for": "https://www.odkarla.cz/"
    },
    {
        "time": 236346.654302,
        "requested_resource": "https://connect.facebook.net/en_US/fbevents.js",
        "initiator": {
            "stack": {
                "callFrames": [
                    {
                        "columnNumber": 482,
                        "functionName": "pc",
                        "lineNumber": 161,
                        "scriptId": "25",
                        "url": "https://www.googletagmanager.com/gtm.js?id=GTM-T3R3LC2"
                    }
                ]
            },
            "type": "script"
        },
        "requested_for": "https://www.odkarla.cz/"
    },
    {
        "time": 236346.74145,
        "requested_resource": "https://www.googletagmanager.com/gtag/destination?id=AW-867195661&l=dataLayer&cx=c&gtm=45je52k0v9126996838za200zb76056746",
        "initiator": {
            "stack": {
                "callFrames": [
                    {
                        "columnNumber": 482,
                        "functionName": "pc",
                        "lineNumber": 200,
                        "scriptId": "51",
                        "url": "https://www.googletagmanager.com/gtag/js?id=G-1SGB4S0B5V&l=dataLayer&cx=c&gtm=45He52k0v76056746za200"
                    }
                ]
            },
            "type": "script"
        },
        "requested_for": "https://www.odkarla.cz/"
    },
    {
        "time": 236346.808711,
        "requested_resource": "https://c.seznam.cz/retargeting?id=41676&url=https%3A%2F%2Fwww.odkarla.cz%2F&consent=0",
        "initiator": {
            "columnNumber": 1,
            "lineNumber": 1529,
            "type": "parser",
            "url": "https://www.odkarla.cz/"
        },
        "requested_for": "https://www.odkarla.cz/"
    },
    {
        "time": 236346.830799,
        "requested_resource": "https://www.odkarla.cz/cdn-cgi/rum?",
        "initiator": {
            "stack": {
                "callFrames": [
                    {
                        "columnNumber": 43296,
                        "functionName": "XMLHttpRequest.send",
                        "lineNumber": 42,
                        "scriptId": "26",
                        "url": "https://cdn.luigisbox.com/odkarla-cz.js"
                    }
                ]
            },
            "type": "script"
        },
        "requested_for": "https://www.odkarla.cz/"
    },
    {
        "time": 236346.832041,
        "requested_resource": "https://cdn.odkarla.cz/ico/favicon.ico",
        "initiator": {
            "type": "other"
        },
        "requested_for": "https://www.odkarla.cz/"
    }
]