{
    "netflix.com": {
        "netflix.com": {
            "A": [
                "54.155.178.5",
                "3.251.50.149",
                "54.74.73.31"
            ],
            "CNAME": []
        },
        "www": {
            "A": [
                "52.214.181.141",
                "54.170.196.176",
                "54.246.79.9"
            ],
            "CNAME": [
                "www.dradis.netflix.com",
                "www.eu-west-1.internal.dradis.netflix.com",
                "apiproxy-website-nlb-prod-1-5675d5ecda6efdd8.elb.eu-west-1.amazonaws.com"
            ]
        },
        "www.dradis": {
            "A": [],
            "CNAME": [
                "www.eu-west-1.internal.dradis.netflix.com"
            ]
        },
        "www.eu-west-1.internal.dradis": {
            "A": [],
            "CNAME": [
                "apiproxy-website-nlb-prod-1-5675d5ecda6efdd8.elb.eu-west-1.amazonaws.com"
            ]
        },
        "logs": {
            "A": [
                "54.76.138.123",
                "54.217.229.70",
                "3.255.31.202"
            ],
            "CNAME": [
                "logs.dradis.netflix.com",
                "logs.eu-west-1.internal.dradis.netflix.com",
                "apiproxy-logging-s3-ceebd8eaebff6734.elb.eu-west-1.amazonaws.com"
            ]
        },
        "logs.dradis": {
            "A": [],
            "CNAME": [
                "logs.eu-west-1.internal.dradis.netflix.com"
            ]
        },
        "logs.eu-west-1.internal.dradis": {
            "A": [],
            "CNAME": [
                "apiproxy-logging-s3-ceebd8eaebff6734.elb.eu-west-1.amazonaws.com"
            ]
        },
        "ichnaea-web": {
            "A": [
                "3.248.131.46",
                "34.242.157.156",
                "79.125.115.158",
                "54.76.225.15",
                "34.246.52.177",
                "63.34.205.22",
                "54.229.47.49",
                "34.253.80.67"
            ],
            "CNAME": [
                "ichnaea-web.dradis.netflix.com",
                "ichnaea-web.eu-west-1.internal.dradis.netflix.com",
                "dualstack.ichnaea-web-323206729.eu-west-1.elb.amazonaws.com"
            ]
        },
        "ichnaea-web.dradis": {
            "A": [],
            "CNAME": [
                "ichnaea-web.eu-west-1.internal.dradis.netflix.com"
            ]
        },
        "ichnaea-web.eu-west-1.internal.dradis": {
            "A": [],
            "CNAME": [
                "dualstack.ichnaea-web-323206729.eu-west-1.elb.amazonaws.com"
            ]
        }
    },
    "amazonaws.com": {
        "apiproxy-website-nlb-prod-1-5675d5ecda6efdd8.elb.eu-west-1": {
            "A": [
                "52.214.181.141",
                "54.170.196.176",
                "54.246.79.9"
            ],
            "CNAME": []
        },
        "apiproxy-logging-s3-ceebd8eaebff6734.elb.eu-west-1": {
            "A": [
                "54.76.138.123",
                "54.217.229.70",
                "3.255.31.202"
            ],
            "CNAME": []
        },
        "dualstack.ichnaea-web-323206729.eu-west-1.elb": {
            "A": [
                "3.248.131.46",
                "34.242.157.156",
                "79.125.115.158",
                "54.76.225.15",
                "34.246.52.177",
                "63.34.205.22",
                "54.229.47.49",
                "34.253.80.67"
            ],
            "CNAME": []
        }
    },
    "nflxext.com": {
        "assets": {
            "A": [
                "45.57.91.1",
                "45.57.90.1"
            ],
            "CNAME": []
        },
        "help": {
            "A": [
                "104.103.95.23"
            ],
            "CNAME": [
                "e13252.dscg.akamaiedge.net"
            ]
        }
    },
    "akamaiedge.net": {
        "e13252.dscg": {
            "A": [
                "104.103.95.23"
            ],
            "CNAME": []
        }
    },
    "onetrust.com": {
        "geolocation": {
            "A": [
                "172.64.155.119",
                "104.18.32.137"
            ],
            "CNAME": []
        }
    },
    "nflxso.net": {
        "occ-0-7471-2773.1": {
            "A": [
                "78.102.0.242",
                "78.102.0.254"
            ],
            "CNAME": []
        }
    },
    "nflximg.net": {
        "ae": {
            "A": [
                "104.103.95.23"
            ],
            "CNAME": [
                "e13252.dscg.akamaiedge.net"
            ]
        }
    }
}