{
    "google.com": {
        "accounts": {
            "A": [
                "64.233.184.84"
            ],
            "CNAME": []
        },
        "android.clients": {
            "A": [
                "142.251.36.78",
                "142.251.37.110",
                "142.251.36.142",
                "142.251.36.110"
            ],
            "CNAME": [
                "android.l.google.com"
            ]
        },
        "android.l": {
            "A": [
                "142.251.36.78",
                "142.251.37.110",
                "142.251.36.142",
                "142.251.36.110"
            ],
            "CNAME": []
        },
        "mtalk": {
            "A": [
                "142.250.102.188"
            ],
            "CNAME": []
        }
    },
    "netflix.com": {
        "netflix.com": {
            "A": [
                "54.170.196.176",
                "52.214.181.141",
                "54.246.79.9"
            ],
            "CNAME": []
        },
        "www": {
            "A": [
                "54.246.79.9",
                "52.214.181.141",
                "54.170.196.176"
            ],
            "CNAME": [
                "www.dradis.netflix.com",
                "www.eu-west-1.internal.dradis.netflix.com",
                "apiproxy-website-nlb-prod-1-5675d5ecda6efdd8.elb.eu-west-1.amazonaws.com"
            ]
        },
        "www.dradis": {
            "A": [],
            "CNAME": [
                "www.eu-west-1.internal.dradis.netflix.com"
            ]
        },
        "www.eu-west-1.internal.dradis": {
            "A": [],
            "CNAME": [
                "apiproxy-website-nlb-prod-1-5675d5ecda6efdd8.elb.eu-west-1.amazonaws.com"
            ]
        },
        "logs": {
            "A": [
                "34.242.48.77",
                "54.246.58.140",
                "54.72.107.8"
            ],
            "CNAME": [
                "logs.dradis.netflix.com",
                "logs.eu-west-1.internal.dradis.netflix.com",
                "apiproxy-logging-s1-bc2f1b420f34a65d.elb.eu-west-1.amazonaws.com"
            ]
        },
        "logs.dradis": {
            "A": [],
            "CNAME": [
                "logs.eu-west-1.internal.dradis.netflix.com"
            ]
        },
        "logs.eu-west-1.internal.dradis": {
            "A": [],
            "CNAME": [
                "apiproxy-logging-s1-bc2f1b420f34a65d.elb.eu-west-1.amazonaws.com"
            ]
        },
        "ichnaea-web": {
            "A": [
                "54.154.108.193",
                "18.200.214.105",
                "18.203.130.218",
                "34.253.80.67",
                "52.49.251.106",
                "54.76.225.15",
                "54.194.235.68",
                "54.220.235.104"
            ],
            "CNAME": [
                "ichnaea-web.dradis.netflix.com",
                "ichnaea-web.eu-west-1.internal.dradis.netflix.com",
                "dualstack.ichnaea-web-323206729.eu-west-1.elb.amazonaws.com"
            ]
        },
        "ichnaea-web.dradis": {
            "A": [],
            "CNAME": [
                "ichnaea-web.eu-west-1.internal.dradis.netflix.com"
            ]
        },
        "ichnaea-web.eu-west-1.internal.dradis": {
            "A": [],
            "CNAME": [
                "dualstack.ichnaea-web-323206729.eu-west-1.elb.amazonaws.com"
            ]
        }
    },
    "amazonaws.com": {
        "apiproxy-website-nlb-prod-1-5675d5ecda6efdd8.elb.eu-west-1": {
            "A": [
                "54.246.79.9",
                "52.214.181.141",
                "54.170.196.176"
            ],
            "CNAME": []
        },
        "apiproxy-logging-s1-bc2f1b420f34a65d.elb.eu-west-1": {
            "A": [
                "34.242.48.77",
                "54.246.58.140",
                "54.72.107.8"
            ],
            "CNAME": []
        },
        "dualstack.ichnaea-web-323206729.eu-west-1.elb": {
            "A": [
                "54.154.108.193",
                "18.200.214.105",
                "18.203.130.218",
                "34.253.80.67",
                "52.49.251.106",
                "54.76.225.15",
                "54.194.235.68",
                "54.220.235.104"
            ],
            "CNAME": []
        }
    },
    "nflxext.com": {
        "assets": {
            "A": [
                "45.57.90.1",
                "45.57.91.1"
            ],
            "CNAME": []
        },
        "help": {
            "A": [
                "104.96.150.32"
            ],
            "CNAME": [
                "e13252.dscg.akamaiedge.net"
            ]
        }
    },
    "akamaiedge.net": {
        "e13252.dscg": {
            "A": [
                "104.96.150.32"
            ],
            "CNAME": []
        }
    },
    "onetrust.com": {
        "geolocation": {
            "A": [
                "104.18.32.137",
                "172.64.155.119"
            ],
            "CNAME": []
        }
    },
    "nflxso.net": {
        "occ-0-7471-2773.1": {
            "A": [
                "78.102.0.246",
                "78.102.0.250"
            ],
            "CNAME": []
        }
    },
    "googleapis.com": {
        "content-autofill": {
            "A": [
                "142.251.37.106",
                "142.251.36.106",
                "142.251.36.138",
                "142.251.36.74"
            ],
            "CNAME": []
        }
    },
    "nflximg.net": {
        "ae": {
            "A": [
                "104.96.150.32"
            ],
            "CNAME": [
                "e13252.dscg.akamaiedge.net"
            ]
        }
    }
}