{
    "google.com": {
        "accounts": {
            "A": [
                "142.250.102.84"
            ],
            "CNAME": []
        },
        "android.clients": {
            "A": [
                "142.251.37.110",
                "142.251.36.110",
                "142.251.36.142",
                "142.251.36.78"
            ],
            "CNAME": [
                "android.l.google.com"
            ]
        },
        "android.l": {
            "A": [
                "142.251.37.110",
                "142.251.36.110",
                "142.251.36.142",
                "142.251.36.78"
            ],
            "CNAME": []
        },
        "mtalk": {
            "A": [
                "142.251.18.188"
            ],
            "CNAME": []
        },
        "region1.analytics": {
            "A": [
                "216.239.32.36",
                "216.239.34.36"
            ],
            "CNAME": []
        },
        "www": {
            "A": [
                "142.251.36.132"
            ],
            "CNAME": []
        }
    },
    "wikiwand.com": {
        "wikiwand.com": {
            "A": [
                "65.9.95.7",
                "65.9.95.125",
                "65.9.95.27",
                "65.9.95.86"
            ],
            "CNAME": []
        },
        "www": {
            "A": [
                "65.9.95.86",
                "65.9.95.125",
                "65.9.95.27",
                "65.9.95.7"
            ],
            "CNAME": []
        },
        "cdnv2": {
            "A": [
                "185.172.151.128"
            ],
            "CNAME": [
                "wikiomniv2-19431.kxcdn.com",
                "p-atvi00.kxcdn.com"
            ]
        },
        "assets": {
            "A": [
                "65.9.95.12",
                "65.9.95.115",
                "65.9.95.9",
                "65.9.95.121"
            ],
            "CNAME": []
        }
    },
    "kxcdn.com": {
        "wikiomniv2-19431": {
            "A": [],
            "CNAME": [
                "p-atvi00.kxcdn.com"
            ]
        },
        "p-atvi00": {
            "A": [
                "185.172.151.128"
            ],
            "CNAME": []
        }
    },
    "googletagmanager.com": {
        "www": {
            "A": [
                "142.251.36.104"
            ],
            "CNAME": []
        }
    },
    "googlesyndication.com": {
        "pagead2": {
            "A": [
                "142.251.36.66"
            ],
            "CNAME": []
        }
    },
    "doubleclick.net": {
        "googleads.g": {
            "A": [
                "142.251.37.98"
            ],
            "CNAME": []
        },
        "stats.g": {
            "A": [
                "142.251.18.156",
                "142.251.18.157",
                "142.251.18.155",
                "142.251.18.154"
            ],
            "CNAME": []
        }
    },
    "stripe.com": {
        "js": {
            "A": [
                "199.232.16.176"
            ],
            "CNAME": [
                "stripecdn.map.fastly.net"
            ]
        },
        "api": {
            "A": [
                "34.241.202.139",
                "34.240.123.193",
                "34.241.54.72"
            ],
            "CNAME": []
        },
        "r": {
            "A": [
                "54.186.23.98",
                "54.187.119.242",
                "54.187.159.182"
            ],
            "CNAME": []
        },
        "m": {
            "A": [
                "44.230.184.187",
                "54.190.218.128",
                "52.12.156.69",
                "54.185.28.157",
                "54.189.235.82",
                "34.208.66.174",
                "44.240.252.152",
                "52.10.237.17"
            ],
            "CNAME": []
        }
    },
    "fastly.net": {
        "stripecdn.map": {
            "A": [
                "199.232.16.176"
            ],
            "CNAME": []
        }
    },
    "google.cz": {
        "www": {
            "A": [
                "142.251.36.67"
            ],
            "CNAME": []
        }
    },
    "adtrafficquality.google": {
        "ep1": {
            "A": [
                "142.251.36.130"
            ],
            "CNAME": []
        },
        "ep2": {
            "A": [
                "142.251.37.97"
            ],
            "CNAME": []
        }
    }
}