{
    "google.com": {
        "accounts": {
            "A": [
                "64.233.184.84"
            ],
            "CNAME": []
        },
        "region1.analytics": {
            "A": [
                "216.239.34.36",
                "216.239.32.36"
            ],
            "CNAME": []
        },
        "android.clients": {
            "A": [
                "142.251.36.110",
                "142.251.36.142",
                "142.251.37.110",
                "142.251.36.78"
            ],
            "CNAME": [
                "android.l.google.com"
            ]
        },
        "android.l": {
            "A": [
                "142.251.36.110",
                "142.251.36.142",
                "142.251.37.110",
                "142.251.36.78"
            ],
            "CNAME": []
        },
        "mtalk": {
            "A": [
                "142.250.102.188"
            ],
            "CNAME": []
        }
    },
    "euro.cz": {
        "euro.cz": {
            "A": [
                "91.213.160.123"
            ],
            "CNAME": []
        },
        "www": {
            "A": [
                "91.213.160.123"
            ],
            "CNAME": []
        },
        "f": {
            "A": [
                "91.213.160.17"
            ],
            "CNAME": []
        }
    },
    "googleapis.com": {
        "fonts": {
            "A": [
                "142.251.36.138"
            ],
            "CNAME": []
        },
        "imasdk": {
            "A": [
                "142.251.36.106"
            ],
            "CNAME": []
        }
    },
    "iinfo.cz": {
        "i": {
            "A": [
                "91.213.160.36"
            ],
            "CNAME": []
        }
    },
    "gstatic.com": {
        "fonts": {
            "A": [
                "142.251.37.99"
            ],
            "CNAME": []
        }
    },
    "googlesyndication.com": {
        "pagead2": {
            "A": [
                "142.251.37.98"
            ],
            "CNAME": []
        }
    },
    "seznam.cz": {
        "d": {
            "A": [
                "77.75.79.163"
            ],
            "CNAME": []
        },
        "ssp": {
            "A": [
                "77.75.78.101",
                "77.75.76.101"
            ],
            "CNAME": []
        },
        "h": {
            "A": [
                "77.75.78.30",
                "77.75.76.30"
            ],
            "CNAME": []
        }
    },
    "doubleclick.net": {
        "googleads.g": {
            "A": [
                "142.251.36.130"
            ],
            "CNAME": []
        },
        "securepubads.g": {
            "A": [
                "142.251.36.130"
            ],
            "CNAME": []
        },
        "stats.g": {
            "A": [
                "142.250.27.157",
                "142.250.27.156",
                "142.250.27.155",
                "142.250.27.154"
            ],
            "CNAME": []
        }
    },
    "r2b2.cz": {
        "delivery": {
            "A": [
                "185.59.208.153",
                "185.59.208.177"
            ],
            "CNAME": []
        }
    },
    "cpex.cz": {
        "cdn": {
            "A": [
                "185.152.65.27",
                "84.17.61.35",
                "84.17.61.33"
            ],
            "CNAME": [
                "1341732386.rsc.cdn77.org"
            ]
        },
        "privacy": {
            "A": [
                "65.9.95.70",
                "65.9.95.39",
                "65.9.95.41",
                "65.9.95.60"
            ],
            "CNAME": []
        },
        "analytics": {
            "A": [
                "217.16.188.181"
            ],
            "CNAME": [
                "edge01.analytics.cpex.cz"
            ]
        },
        "edge01.analytics": {
            "A": [
                "217.16.188.181"
            ],
            "CNAME": []
        }
    },
    "cdn77.org": {
        "1341732386.rsc": {
            "A": [
                "185.152.65.27",
                "84.17.61.35",
                "84.17.61.33"
            ],
            "CNAME": []
        }
    },
    "googletagmanager.com": {
        "www": {
            "A": [
                "142.251.36.104"
            ],
            "CNAME": []
        }
    },
    "performax.cz": {
        "cdn": {
            "A": [
                "109.123.221.171",
                "109.123.210.83",
                "109.123.210.81"
            ],
            "CNAME": []
        },
        "dale": {
            "A": [
                "109.123.221.50",
                "109.123.221.51",
                "109.123.221.54"
            ],
            "CNAME": []
        },
        "chip": {
            "A": [
                "109.123.221.51",
                "109.123.221.54",
                "109.123.221.50"
            ],
            "CNAME": []
        }
    },
    "privacy-center.org": {
        "sdk": {
            "A": [
                "65.9.95.111",
                "65.9.95.124",
                "65.9.95.56",
                "65.9.95.23"
            ],
            "CNAME": []
        }
    },
    "criteo.net": {
        "static": {
            "A": [
                "178.250.7.137"
            ],
            "CNAME": [
                "in-ftd-172.fr3.vip.prod.criteo.net"
            ]
        },
        "in-ftd-172.fr3.vip.prod": {
            "A": [
                "178.250.7.137"
            ],
            "CNAME": []
        }
    },
    "adform.net": {
        "adx": {
            "A": [
                "37.157.5.141",
                "37.157.5.84",
                "37.157.4.28",
                "37.157.4.29",
                "37.157.5.87",
                "37.157.5.132"
            ],
            "CNAME": [
                "track-eu.adformnet.akadns.net"
            ]
        }
    },
    "akadns.net": {
        "track-eu.adformnet": {
            "A": [
                "37.157.5.141",
                "37.157.5.84",
                "37.157.4.28",
                "37.157.4.29",
                "37.157.5.87",
                "37.157.5.132"
            ],
            "CNAME": []
        },
        "hb-geo-global.delivery-prod-sas": {
            "A": [],
            "CNAME": [
                "hb-eu.delivery-prod-sas.akadns.net"
            ]
        },
        "hb-eu.delivery-prod-sas": {
            "A": [],
            "CNAME": [
                "euw2.smartadserver.com"
            ]
        },
        "tagged-by.rubiconproject.net": {
            "A": [
                "69.173.156.139"
            ],
            "CNAME": []
        }
    },
    "pubmatic.com": {
        "openbid": {
            "A": [
                "185.64.191.208"
            ],
            "CNAME": [
                "openbid-v2.pubmnet.com",
                "openbid-lhr-bc.pubmnet.com"
            ]
        },
        "hbopenbid": {
            "A": [
                "185.64.189.112"
            ],
            "CNAME": [
                "hbprebid-v3.pubmnet.com",
                "hbopenbid-ams.pubmnet.com"
            ]
        },
        "ads": {
            "A": [
                "23.75.64.240"
            ],
            "CNAME": [
                "pubmatic.edgekey.net",
                "e6603.g.akamaiedge.net"
            ]
        }
    },
    "pubmnet.com": {
        "openbid-v2": {
            "A": [],
            "CNAME": [
                "openbid-lhr-bc.pubmnet.com"
            ]
        },
        "openbid-lhr-bc": {
            "A": [
                "185.64.191.208"
            ],
            "CNAME": []
        },
        "hbprebid-v3": {
            "A": [],
            "CNAME": [
                "hbopenbid-ams.pubmnet.com"
            ]
        },
        "hbopenbid-ams": {
            "A": [
                "185.64.189.112"
            ],
            "CNAME": []
        }
    },
    "smartadserver.com": {
        "prg": {
            "A": [
                "164.132.25.176",
                "5.196.111.65",
                "5.135.209.96",
                "149.202.238.97",
                "217.182.178.225",
                "178.32.210.227",
                "178.32.197.48",
                "178.32.210.226",
                "217.182.178.224",
                "178.32.197.49",
                "5.135.209.97",
                "51.178.195.208",
                "51.178.195.209",
                "149.202.238.96",
                "91.134.110.128",
                "91.134.110.129",
                "5.196.111.64",
                "164.132.25.177"
            ],
            "CNAME": [
                "prga.smartadserver.com",
                "hb-geo-global.delivery-prod-sas.akadns.net",
                "hb-eu.delivery-prod-sas.akadns.net",
                "euw2.smartadserver.com"
            ]
        },
        "prga": {
            "A": [],
            "CNAME": [
                "hb-geo-global.delivery-prod-sas.akadns.net"
            ]
        },
        "euw2": {
            "A": [
                "164.132.25.176",
                "5.196.111.65",
                "5.135.209.96",
                "149.202.238.97",
                "217.182.178.225",
                "178.32.210.227",
                "178.32.197.48",
                "178.32.210.226",
                "217.182.178.224",
                "178.32.197.49",
                "5.135.209.97",
                "51.178.195.208",
                "51.178.195.209",
                "149.202.238.96",
                "91.134.110.128",
                "91.134.110.129",
                "5.196.111.64",
                "164.132.25.177"
            ],
            "CNAME": []
        }
    },
    "criteo.com": {
        "bidder": {
            "A": [
                "178.250.7.48"
            ],
            "CNAME": [
                "in-ftd-65.fr3.vip.prod.criteo.com"
            ]
        },
        "in-ftd-65.fr3.vip.prod": {
            "A": [
                "178.250.7.48"
            ],
            "CNAME": []
        },
        "gum": {
            "A": [
                "178.250.7.13"
            ],
            "CNAME": [
                "gum.fr3.vip.prod.criteo.com"
            ]
        },
        "gum.fr3.vip.prod": {
            "A": [
                "178.250.7.13"
            ],
            "CNAME": []
        },
        "grid-bidder": {
            "A": [
                "178.250.7.136"
            ],
            "CNAME": [
                "in-ftd-170.fr3.vip.prod.criteo.com"
            ]
        },
        "in-ftd-170.fr3.vip.prod": {
            "A": [
                "178.250.7.136"
            ],
            "CNAME": []
        }
    },
    "adscale.de": {
        "hb": {
            "A": [
                "52.28.235.252",
                "18.194.149.76",
                "18.184.192.234"
            ],
            "CNAME": []
        },
        "js": {
            "A": [
                "65.9.95.53",
                "65.9.95.124",
                "65.9.95.46",
                "65.9.95.96"
            ],
            "CNAME": [
                "d2w45tum40fmzp.cloudfront.net"
            ]
        }
    },
    "creativecdn.com": {
        "prebid-eu": {
            "A": [
                "185.184.8.90"
            ],
            "CNAME": []
        }
    },
    "a-mo.net": {
        "prebid": {
            "A": [
                "163.5.194.33",
                "163.5.194.37",
                "163.5.194.35",
                "163.5.194.36",
                "163.5.194.31",
                "163.5.194.34",
                "163.5.194.30",
                "163.5.194.32"
            ],
            "CNAME": [
                "nld-prebid.a-mx.net"
            ]
        }
    },
    "a-mx.net": {
        "nld-prebid": {
            "A": [
                "163.5.194.33",
                "163.5.194.37",
                "163.5.194.35",
                "163.5.194.36",
                "163.5.194.31",
                "163.5.194.34",
                "163.5.194.30",
                "163.5.194.32"
            ],
            "CNAME": []
        }
    },
    "onetag-sys.com": {
        "onetag-sys.com": {
            "A": [
                "51.89.9.254",
                "51.89.9.253",
                "51.89.9.251",
                "51.38.120.206",
                "51.75.86.98",
                "51.89.9.252"
            ],
            "CNAME": []
        }
    },
    "adnxs.com": {
        "r2b2-emea": {
            "A": [
                "185.89.210.59",
                "185.89.211.83",
                "185.89.211.52",
                "185.89.210.211",
                "185.89.211.26"
            ],
            "CNAME": [
                "default-emea.ssp.adnxs.net"
            ]
        },
        "ams3-ib": {
            "A": [
                "185.89.210.244",
                "185.89.210.90",
                "185.89.210.212",
                "185.89.210.20",
                "185.89.210.141",
                "185.89.210.46",
                "185.89.211.116",
                "185.89.210.180",
                "185.89.210.82",
                "185.89.210.122",
                "185.89.210.153",
                "185.89.211.84"
            ],
            "CNAME": []
        }
    },
    "adnxs.net": {
        "default-emea.ssp": {
            "A": [
                "185.89.210.59",
                "185.89.211.83",
                "185.89.211.52",
                "185.89.210.211",
                "185.89.211.26"
            ],
            "CNAME": []
        }
    },
    "connectad.io": {
        "i": {
            "A": [
                "104.22.55.206",
                "104.22.54.206",
                "172.67.8.174"
            ],
            "CNAME": []
        }
    },
    "us.org": {
        "track": {
            "A": [
                "185.59.208.177"
            ],
            "CNAME": []
        }
    },
    "gemius.pl": {
        "spir.hit": {
            "A": [
                "141.95.47.54",
                "141.95.47.53",
                "141.95.47.56",
                "141.95.47.55"
            ],
            "CNAME": []
        },
        "ls.hit": {
            "A": [
                "146.59.30.104",
                "146.59.30.96",
                "145.239.237.56",
                "146.59.30.108",
                "146.59.30.100"
            ],
            "CNAME": []
        }
    },
    "google.cz": {
        "www": {
            "A": [
                "142.251.36.67"
            ],
            "CNAME": []
        }
    },
    "jsdelivr.net": {
        "cdn": {
            "A": [
                "199.232.17.229"
            ],
            "CNAME": [
                "jsdelivr.map.fastly.net"
            ]
        }
    },
    "fastly.net": {
        "jsdelivr.map": {
            "A": [
                "199.232.17.229"
            ],
            "CNAME": []
        }
    },
    "rubiconproject.com": {
        "fastlane": {
            "A": [
                "69.173.156.139"
            ],
            "CNAME": [
                "tagged-by.rubiconproject.net.akadns.net"
            ]
        }
    },
    "adnxs-simple.com": {
        "ib": {
            "A": [
                "185.89.210.244",
                "185.89.210.90",
                "185.89.210.212",
                "185.89.210.20",
                "185.89.210.141",
                "185.89.210.46",
                "185.89.211.116",
                "185.89.210.180",
                "185.89.210.82",
                "185.89.210.122",
                "185.89.210.153",
                "185.89.211.84"
            ],
            "CNAME": [
                "xandr-adnxs-simple-ib.trafficmanager.net",
                "ams3-ib.adnxs.com"
            ]
        }
    },
    "trafficmanager.net": {
        "xandr-adnxs-simple-ib": {
            "A": [],
            "CNAME": [
                "ams3-ib.adnxs.com"
            ]
        }
    },
    "casalemedia.com": {
        "htlb": {
            "A": [
                "104.18.26.193",
                "104.18.27.193"
            ],
            "CNAME": []
        }
    },
    "edgekey.net": {
        "pubmatic": {
            "A": [],
            "CNAME": [
                "e6603.g.akamaiedge.net"
            ]
        }
    },
    "akamaiedge.net": {
        "e6603.g": {
            "A": [
                "23.75.64.240"
            ],
            "CNAME": []
        }
    },
    "cloudfront.net": {
        "d2w45tum40fmzp": {
            "A": [
                "65.9.95.53",
                "65.9.95.124",
                "65.9.95.46",
                "65.9.95.96"
            ],
            "CNAME": []
        }
    }
}