[
    {
        "requested_for": "https://bab.la/",
        "time": 339164.834011,
        "requestId": "CC7AC711FD15CE5333AB1AEEB002FDC9",
        "loaderId": "CC7AC711FD15CE5333AB1AEEB002FDC9",
        "requested_resource": "https://bab.la/",
        "initiator": {
            "type": "other"
        }
    },
    {
        "requested_for": "https://bab.la/",
        "time": 339164.881877,
        "requestId": "24012.2",
        "loaderId": "CC7AC711FD15CE5333AB1AEEB002FDC9",
        "requested_resource": "https://bab.la/cdn-cgi/styles/cf.errors.css",
        "initiator": {
            "columnNumber": 81,
            "lineNumber": 12,
            "type": "parser",
            "url": "https://bab.la/"
        }
    },
    {
        "requested_for": "https://bab.la/",
        "time": 339164.882095,
        "requestId": "24012.3",
        "loaderId": "CC7AC711FD15CE5333AB1AEEB002FDC9",
        "requested_resource": "https://static.cloudflareinsights.com/beacon.min.js/vcd15cbe7772f49c399c6a5babf22c1241717689176015",
        "initiator": {
            "columnNumber": 1400,
            "lineNumber": 91,
            "type": "parser",
            "url": "https://bab.la/"
        }
    },
    {
        "requested_for": "https://bab.la/",
        "time": 339164.903282,
        "requestId": "24012.6",
        "loaderId": "CC7AC711FD15CE5333AB1AEEB002FDC9",
        "requested_resource": "https://bab.la/cdn-cgi/images/browser-bar.png?1376755637",
        "initiator": {
            "type": "parser",
            "url": "https://bab.la/cdn-cgi/styles/cf.errors.css"
        }
    },
    {
        "requested_for": "https://bab.la/",
        "time": 339164.903351,
        "requestId": "24012.7",
        "loaderId": "CC7AC711FD15CE5333AB1AEEB002FDC9",
        "requested_resource": "https://bab.la/cdn-cgi/images/cf-no-screenshot-error.png",
        "initiator": {
            "type": "parser",
            "url": "https://bab.la/cdn-cgi/styles/cf.errors.css"
        }
    },
    {
        "requested_for": "about:blank",
        "time": 339164.957899,
        "requestId": "24012.8",
        "loaderId": "E07E138C1014CB2ADBB074C744D3DCFB",
        "requested_resource": "https://bab.la/cdn-cgi/challenge-platform/scripts/jsd/main.js",
        "initiator": {
            "stack": {
                "callFrames": [
                    {
                        "columnNumber": 26,
                        "functionName": "apply",
                        "lineNumber": 284,
                        "scriptId": "13",
                        "url": "chrome-extension://bbogkpojpmdnlonjjogfkaclifmgnbfe/9493ed51-1ca3-4fce-bbc9-cfa2d74f8b37"
                    },
                    {
                        "columnNumber": 24,
                        "functionName": "apply",
                        "lineNumber": 404,
                        "scriptId": "13",
                        "url": "chrome-extension://bbogkpojpmdnlonjjogfkaclifmgnbfe/9493ed51-1ca3-4fce-bbc9-cfa2d74f8b37"
                    },
                    {
                        "columnNumber": 221,
                        "functionName": "",
                        "lineNumber": 0,
                        "scriptId": "21",
                        "url": ""
                    },
                    {
                        "columnNumber": 26,
                        "functionName": "apply",
                        "lineNumber": 284,
                        "scriptId": "13",
                        "url": "chrome-extension://bbogkpojpmdnlonjjogfkaclifmgnbfe/9493ed51-1ca3-4fce-bbc9-cfa2d74f8b37"
                    },
                    {
                        "columnNumber": 24,
                        "functionName": "apply",
                        "lineNumber": 404,
                        "scriptId": "13",
                        "url": "chrome-extension://bbogkpojpmdnlonjjogfkaclifmgnbfe/9493ed51-1ca3-4fce-bbc9-cfa2d74f8b37"
                    },
                    {
                        "columnNumber": 406,
                        "functionName": "c",
                        "lineNumber": 91,
                        "scriptId": "19",
                        "url": "https://bab.la/"
                    }
                ]
            },
            "type": "script"
        }
    },
    {
        "requested_for": "https://bab.la/",
        "time": 339164.960565,
        "requestId": "24012.9",
        "loaderId": "CC7AC711FD15CE5333AB1AEEB002FDC9",
        "requested_resource": "https://bab.la/cdn-cgi/rum?",
        "initiator": {
            "stack": {
                "callFrames": [
                    {
                        "columnNumber": 9089,
                        "functionName": "t.sendObjectBeacon",
                        "lineNumber": 0,
                        "scriptId": "20",
                        "url": "https://static.cloudflareinsights.com/beacon.min.js/vcd15cbe7772f49c399c6a5babf22c1241717689176015"
                    },
                    {
                        "columnNumber": 4134,
                        "functionName": "P",
                        "lineNumber": 0,
                        "scriptId": "20",
                        "url": "https://static.cloudflareinsights.com/beacon.min.js/vcd15cbe7772f49c399c6a5babf22c1241717689176015"
                    },
                    {
                        "columnNumber": 5054,
                        "functionName": "R",
                        "lineNumber": 0,
                        "scriptId": "20",
                        "url": "https://static.cloudflareinsights.com/beacon.min.js/vcd15cbe7772f49c399c6a5babf22c1241717689176015"
                    }
                ]
            },
            "type": "script"
        }
    },
    {
        "requested_for": "https://bab.la/",
        "time": 339164.962248,
        "requestId": "24012.10",
        "loaderId": "CC7AC711FD15CE5333AB1AEEB002FDC9",
        "requested_resource": "https://bab.la/favicon.ico",
        "initiator": {
            "type": "other"
        }
    },
    {
        "requested_for": "about:blank",
        "time": 339164.973901,
        "requestId": "24012.8",
        "loaderId": "E07E138C1014CB2ADBB074C744D3DCFB",
        "requested_resource": "https://bab.la/cdn-cgi/challenge-platform/h/g/scripts/jsd/f3b948d8acb8/main.js?",
        "initiator": {
            "type": "other"
        }
    },
    {
        "requested_for": "about:blank",
        "time": 339165.032159,
        "requestId": "24012.11",
        "loaderId": "E07E138C1014CB2ADBB074C744D3DCFB",
        "requested_resource": "https://bab.la/cdn-cgi/challenge-platform/h/g/jsd/r/0.1689613390187371:1742326221:8DRyalsbpZM5vgP9dDMuaaBEjf7kR4TO9bEV8E9GHSY/9227547a1a64f98c",
        "initiator": {
            "stack": {
                "callFrames": [
                    {
                        "columnNumber": 5049,
                        "functionName": "m",
                        "lineNumber": 0,
                        "scriptId": "23",
                        "url": "https://bab.la/cdn-cgi/challenge-platform/scripts/jsd/main.js"
                    },
                    {
                        "columnNumber": 4495,
                        "functionName": "f",
                        "lineNumber": 0,
                        "scriptId": "23",
                        "url": "https://bab.la/cdn-cgi/challenge-platform/scripts/jsd/main.js"
                    },
                    {
                        "columnNumber": 4566,
                        "functionName": "C",
                        "lineNumber": 0,
                        "scriptId": "23",
                        "url": "https://bab.la/cdn-cgi/challenge-platform/scripts/jsd/main.js"
                    },
                    {
                        "columnNumber": 4350,
                        "functionName": "",
                        "lineNumber": 0,
                        "scriptId": "23",
                        "url": "https://bab.la/cdn-cgi/challenge-platform/scripts/jsd/main.js"
                    },
                    {
                        "columnNumber": 8422,
                        "functionName": "",
                        "lineNumber": 0,
                        "scriptId": "23",
                        "url": "https://bab.la/cdn-cgi/challenge-platform/scripts/jsd/main.js"
                    }
                ]
            },
            "type": "script"
        }
    }
]