{
    "wikiskripta.eu": {
        "wikiskripta.eu": {
            "A": [
                "195.113.49.4"
            ],
            "CNAME": []
        },
        "www": {
            "A": [
                "195.113.49.4"
            ],
            "CNAME": [
                "dek-freebsd-wiki4.lf1.cuni.cz",
                "dek-freebsd-wiki5.lf1.cuni.cz"
            ]
        }
    },
    "cuni.cz": {
        "dek-freebsd-wiki4.lf1": {
            "A": [],
            "CNAME": [
                "dek-freebsd-wiki5.lf1.cuni.cz"
            ]
        },
        "dek-freebsd-wiki5.lf1": {
            "A": [
                "195.113.49.4"
            ],
            "CNAME": []
        },
        "analytics.lf1": {
            "A": [
                "195.113.48.145"
            ],
            "CNAME": [
                "dek-plausible.lf1.cuni.cz"
            ]
        },
        "dek-plausible.lf1": {
            "A": [
                "195.113.48.145"
            ],
            "CNAME": []
        }
    },
    "creativecommons.org": {
        "i": {
            "A": [
                "172.67.1.191",
                "104.20.5.134",
                "104.20.6.134"
            ],
            "CNAME": []
        }
    },
    "licensebuttons.net": {
        "licensebuttons.net": {
            "A": [
                "104.22.11.121",
                "104.22.10.121",
                "172.67.7.63"
            ],
            "CNAME": []
        }
    }
}