[
    {
        "requested_by": "https://lingea.cz/",
        "time": 236523.271348,
        "requested_resource": "https://lingea.cz/",
        "initiator": {
            "type": "other"
        }
    },
    {
        "requested_by": "https://www.lingea.cz/",
        "time": 236523.59818,
        "requested_resource": "https://www.lingea.cz/",
        "initiator": {
            "type": "other"
        }
    },
    {
        "requested_by": "https://www.lingea.cz/",
        "time": 236523.9294,
        "requested_resource": "https://fonts.googleapis.com/css2?family=Noto+Sans:ital,wght@0,100..900;1,100..900&display=swap",
        "initiator": {
            "columnNumber": 156,
            "lineNumber": 10,
            "type": "parser",
            "url": "https://www.lingea.cz/"
        }
    },
    {
        "requested_by": "https://www.lingea.cz/",
        "time": 236523.929585,
        "requested_resource": "https://www.lingea.cz/dist/layout.css?v=20241024",
        "initiator": {
            "columnNumber": 62,
            "lineNumber": 12,
            "type": "parser",
            "url": "https://www.lingea.cz/"
        }
    },
    {
        "requested_by": "https://www.lingea.cz/",
        "time": 236523.92963,
        "requested_resource": "https://www.lingea.cz/dist/swip.css?v=20240812",
        "initiator": {
            "columnNumber": 56,
            "lineNumber": 62,
            "type": "parser",
            "url": "https://www.lingea.cz/"
        }
    },
    {
        "requested_by": "https://www.lingea.cz/",
        "time": 236523.929668,
        "requested_resource": "https://www.lingea.cz/img/lingea/logo-white.svg?v=1",
        "initiator": {
            "columnNumber": 86,
            "lineNumber": 72,
            "type": "parser",
            "url": "https://www.lingea.cz/"
        }
    },
    {
        "requested_by": "https://www.lingea.cz/",
        "time": 236523.929699,
        "requested_resource": "https://www.lingea.cz/img/lingea/search.svg",
        "initiator": {
            "columnNumber": 88,
            "lineNumber": 86,
            "type": "parser",
            "url": "https://www.lingea.cz/"
        }
    },
    {
        "requested_by": "https://www.lingea.cz/",
        "time": 236523.929727,
        "requested_resource": "https://www.lingea.cz/img/lingea/exit-gray.svg",
        "initiator": {
            "columnNumber": 95,
            "lineNumber": 87,
            "type": "parser",
            "url": "https://www.lingea.cz/"
        }
    },
    {
        "requested_by": "https://www.lingea.cz/",
        "time": 236523.929752,
        "requested_resource": "https://www.lingea.cz/img/lingea/exit-black.svg",
        "initiator": {
            "columnNumber": 126,
            "lineNumber": 90,
            "type": "parser",
            "url": "https://www.lingea.cz/"
        }
    },
    {
        "requested_by": "https://www.lingea.cz/",
        "time": 236523.929782,
        "requested_resource": "https://www.lingea.cz/img/lingea/search-white.svg",
        "initiator": {
            "columnNumber": 144,
            "lineNumber": 99,
            "type": "parser",
            "url": "https://www.lingea.cz/"
        }
    },
    {
        "requested_by": "https://www.lingea.cz/",
        "time": 236523.929803,
        "requested_resource": "https://www.lingea.cz/img/lingea/cart-white.svg",
        "initiator": {
            "columnNumber": 70,
            "lineNumber": 103,
            "type": "parser",
            "url": "https://www.lingea.cz/"
        }
    },
    {
        "requested_by": "https://www.lingea.cz/",
        "time": 236523.929821,
        "requested_resource": "https://www.lingea.cz/img/lingea/user-white.svg",
        "initiator": {
            "columnNumber": 75,
            "lineNumber": 113,
            "type": "parser",
            "url": "https://www.lingea.cz/"
        }
    },
    {
        "requested_by": "https://www.lingea.cz/",
        "time": 236523.929843,
        "requested_resource": "https://www.lingea.cz/img/lingea/bars-white.svg",
        "initiator": {
            "columnNumber": 128,
            "lineNumber": 134,
            "type": "parser",
            "url": "https://www.lingea.cz/"
        }
    },
    {
        "requested_by": "https://www.lingea.cz/",
        "time": 236523.929863,
        "requested_resource": "https://www.lingea.cz/img/lingea/empty-banner.png",
        "initiator": {
            "columnNumber": 262,
            "lineNumber": 152,
            "type": "parser",
            "url": "https://www.lingea.cz/"
        }
    },
    {
        "requested_by": "https://www.lingea.cz/",
        "time": 236523.929917,
        "requested_resource": "https://www.lingea.cz/img/lingea/service-icon-dark.png",
        "initiator": {
            "columnNumber": 84,
            "lineNumber": 180,
            "type": "parser",
            "url": "https://www.lingea.cz/"
        }
    },
    {
        "requested_by": "https://www.lingea.cz/",
        "time": 236523.929938,
        "requested_resource": "https://www.lingea.cz/img/lingea/bulb-icon.png",
        "initiator": {
            "columnNumber": 64,
            "lineNumber": 240,
            "type": "parser",
            "url": "https://www.lingea.cz/"
        }
    },
    {
        "requested_by": "https://www.lingea.cz/",
        "time": 236523.929958,
        "requested_resource": "https://www.lingea.cz/img/lingea/cart-icon-dark.png",
        "initiator": {
            "columnNumber": 83,
            "lineNumber": 340,
            "type": "parser",
            "url": "https://www.lingea.cz/"
        }
    },
    {
        "requested_by": "https://www.lingea.cz/",
        "time": 236523.929979,
        "requested_resource": "https://www.lingea.cz/img/lingea/mobile-icon-dark.png",
        "initiator": {
            "columnNumber": 86,
            "lineNumber": 378,
            "type": "parser",
            "url": "https://www.lingea.cz/"
        }
    },
    {
        "requested_by": "https://www.lingea.cz/",
        "time": 236523.930004,
        "requested_resource": "https://www.lingea.cz/img/lingea/google-icon.png?v=1",
        "initiator": {
            "columnNumber": 153,
            "lineNumber": 384,
            "type": "parser",
            "url": "https://www.lingea.cz/"
        }
    },
    {
        "requested_by": "https://www.lingea.cz/",
        "time": 236523.930022,
        "requested_resource": "https://www.lingea.cz/img/lingea/apple-icon.png?v=1",
        "initiator": {
            "columnNumber": 169,
            "lineNumber": 385,
            "type": "parser",
            "url": "https://www.lingea.cz/"
        }
    },
    {
        "requested_by": "https://www.lingea.cz/",
        "time": 236523.930045,
        "requested_resource": "https://www.lingea.cz/img/lingea/huawei-icon.png?v=1",
        "initiator": {
            "columnNumber": 143,
            "lineNumber": 386,
            "type": "parser",
            "url": "https://www.lingea.cz/"
        }
    },
    {
        "requested_by": "https://www.lingea.cz/",
        "time": 236523.930074,
        "requested_resource": "https://www.lingea.cz/dist/layout.js?v=20241024",
        "initiator": {
            "columnNumber": 58,
            "lineNumber": 470,
            "type": "parser",
            "url": "https://www.lingea.cz/"
        }
    },
    {
        "requested_by": "https://www.lingea.cz/",
        "time": 236523.930096,
        "requested_resource": "https://www.lingea.cz/js/netteForms.min.js",
        "initiator": {
            "columnNumber": 53,
            "lineNumber": 471,
            "type": "parser",
            "url": "https://www.lingea.cz/"
        }
    },
    {
        "requested_by": "https://www.lingea.cz/",
        "time": 236523.930115,
        "requested_resource": "https://www.lingea.cz/dist/swip.js?v=20241105",
        "initiator": {
            "columnNumber": 46,
            "lineNumber": 472,
            "type": "parser",
            "url": "https://www.lingea.cz/"
        }
    },
    {
        "requested_by": "https://www.lingea.cz/",
        "time": 236524.305029,
        "requested_resource": "https://connect.facebook.net/en_US/fbevents.js",
        "initiator": {
            "stack": {
                "callFrames": [
                    {
                        "columnNumber": 19,
                        "functionName": "",
                        "lineNumber": 36,
                        "scriptId": "19",
                        "url": "https://www.lingea.cz/"
                    }
                ]
            },
            "type": "script"
        }
    },
    {
        "requested_by": "https://www.lingea.cz/",
        "time": 236524.305319,
        "requested_resource": "https://www.googletagmanager.com/gtm.js?v=20241219&id=GTM-KG3GJ7",
        "initiator": {
            "stack": {
                "callFrames": [
                    {
                        "columnNumber": 19,
                        "functionName": "",
                        "lineNumber": 50,
                        "scriptId": "19",
                        "url": "https://www.lingea.cz/"
                    }
                ]
            },
            "type": "script"
        }
    },
    {
        "requested_by": "https://www.lingea.cz/",
        "time": 236524.30678,
        "requested_resource": "https://cz.im9.cz/direct/i/gjs.php?n=wdgt&sak=41C37692E1579B5AD84FAF4732AD8C55",
        "initiator": {
            "stack": {
                "callFrames": [
                    {
                        "columnNumber": 19,
                        "functionName": "",
                        "lineNumber": 421,
                        "scriptId": "20",
                        "url": "https://www.lingea.cz/"
                    }
                ]
            },
            "type": "script"
        }
    },
    {
        "requested_by": "https://www.lingea.cz/",
        "time": 236524.309436,
        "requested_resource": "https://fonts.gstatic.com/s/notosans/v38/o-0bIpQlx3QUlC5A4PNB6Ryti20_6n1iPHjc5a7duw.woff2",
        "initiator": {
            "type": "parser",
            "url": "https://fonts.googleapis.com/css2?family=Noto+Sans:ital,wght@0,100..900;1,100..900&display=swap"
        }
    },
    {
        "requested_by": "https://www.lingea.cz/",
        "time": 236524.311763,
        "requested_resource": "https://www.lingea.cz/dist/20fd1704ea223900efa9.woff2?v=4.7.0",
        "initiator": {
            "type": "parser",
            "url": "https://www.lingea.cz/dist/layout.css?v=20241024"
        }
    },
    {
        "requested_by": "https://www.lingea.cz/",
        "time": 236524.311918,
        "requested_resource": "https://fonts.gstatic.com/s/notosans/v38/o-0ZIpQlx3QUlC5A4PNr4C5OaxRsfNNlKbCePevtuXOm.woff2",
        "initiator": {
            "type": "parser",
            "url": "https://fonts.googleapis.com/css2?family=Noto+Sans:ital,wght@0,100..900;1,100..900&display=swap"
        }
    },
    {
        "requested_by": "https://www.lingea.cz/",
        "time": 236524.313603,
        "requested_resource": "https://fonts.gstatic.com/s/notosans/v38/o-0bIpQlx3QUlC5A4PNB6Ryti20_6n1iPHjc5aDdu2ui.woff2",
        "initiator": {
            "type": "parser",
            "url": "https://fonts.googleapis.com/css2?family=Noto+Sans:ital,wght@0,100..900;1,100..900&display=swap"
        }
    },
    {
        "requested_by": "https://www.lingea.cz/",
        "time": 236524.363555,
        "requested_resource": "https://www.lingea.cz/img/lingea/cz/banner/card-cz-pruvodce-exotika.webp?v=1",
        "initiator": {
            "columnNumber": 1,
            "lineNumber": 514,
            "type": "parser",
            "url": "https://www.lingea.cz/"
        }
    },
    {
        "requested_by": "https://www.lingea.cz/",
        "time": 236524.36879,
        "requested_resource": "https://www.lingea.cz/img/lingea/cz/banner/card-food-group-2.webp?v=1",
        "initiator": {
            "columnNumber": 1,
            "lineNumber": 514,
            "type": "parser",
            "url": "https://www.lingea.cz/"
        }
    },
    {
        "requested_by": "https://www.lingea.cz/",
        "time": 236524.379168,
        "requested_resource": "https://www.lingea.cz/img/lingea/cz/banner/card-educa-nomos.webp?v=1",
        "initiator": {
            "columnNumber": 1,
            "lineNumber": 514,
            "type": "parser",
            "url": "https://www.lingea.cz/"
        }
    },
    {
        "requested_by": "https://www.lingea.cz/",
        "time": 236524.386596,
        "requested_resource": "https://www.lingea.cz/img/lingea/cz/banner/card-jed_v2.webp?v=1",
        "initiator": {
            "columnNumber": 1,
            "lineNumber": 514,
            "type": "parser",
            "url": "https://www.lingea.cz/"
        }
    },
    {
        "requested_by": "https://www.lingea.cz/",
        "time": 236524.389895,
        "requested_resource": "https://www.lingea.cz/img/lingea/cz/banner/card-educa-25cities.webp?v=1",
        "initiator": {
            "columnNumber": 1,
            "lineNumber": 514,
            "type": "parser",
            "url": "https://www.lingea.cz/"
        }
    },
    {
        "requested_by": "https://www.lingea.cz/",
        "time": 236524.423203,
        "requested_resource": "https://connect.facebook.net/signals/config/1416217815384198?v=2.9.184&r=stable&domain=www.lingea.cz&hme=93c44828b638838a88daf3a14a90ff297f7fc4ade758f21de5500c9f17542765&ex_m=70%2C122%2C107%2C111%2C61%2C4%2C100%2C69%2C16%2C97%2C89%2C51%2C54%2C173%2C176%2C188%2C184%2C185%2C187%2C29%2C101%2C53%2C77%2C186%2C168%2C171%2C181%2C182%2C189%2C132%2C41%2C194%2C191%2C192%2C34%2C144%2C15%2C50%2C198%2C197%2C134%2C18%2C40%2C1%2C43%2C65%2C66%2C67%2C71%2C93%2C17%2C14%2C96%2C92%2C91%2C108%2C52%2C110%2C39%2C109%2C30%2C94%2C26%2C169%2C172%2C141%2C86%2C56%2C84%2C33%2C73%2C0%2C95%2C32%2C28%2C82%2C83%2C88%2C47%2C46%2C87%2C37%2C11%2C12%2C13%2C6%2C7%2C25%2C22%2C23%2C57%2C62%2C64%2C75%2C102%2C27%2C76%2C9%2C8%2C80%2C48%2C21%2C104%2C103%2C105%2C98%2C10%2C20%2C3%2C38%2C74%2C19%2C5%2C90%2C81%2C44%2C35%2C85%2C2%2C36%2C63%2C42%2C106%2C45%2C79%2C68%2C112%2C60%2C59%2C31%2C99%2C58%2C55%2C49%2C78%2C72%2C24%2C113",
        "initiator": {
            "stack": {
                "callFrames": [
                    {
                        "columnNumber": 715,
                        "functionName": "e",
                        "lineNumber": 127,
                        "scriptId": "23",
                        "url": "https://connect.facebook.net/en_US/fbevents.js"
                    }
                ]
            },
            "type": "script"
        }
    },
    {
        "requested_by": "https://www.lingea.cz/",
        "time": 236524.445942,
        "requested_resource": "https://www.facebook.com/tr/?id=1416217815384198&ev=PageView&dl=https%3A%2F%2Fwww.lingea.cz%2F&rl=&if=false&ts=1740224351846&sw=2560&sh=1440&v=2.9.184&r=stable&ec=0&o=4126&fbp=fb.1.1740224351844.119876815481322409&ler=empty&it=1740224351823&coo=false&cdl=&rqm=GET",
        "initiator": {
            "columnNumber": 1,
            "lineNumber": 514,
            "type": "parser",
            "url": "https://www.lingea.cz/"
        }
    },
    {
        "requested_by": "https://www.lingea.cz/",
        "time": 236524.445998,
        "requested_resource": "https://www.facebook.com/privacy_sandbox/pixel/register/trigger/?id=1416217815384198&ev=PageView&dl=https%3A%2F%2Fwww.lingea.cz%2F&rl=&if=false&ts=1740224351846&sw=2560&sh=1440&v=2.9.184&r=stable&ec=0&o=4126&fbp=fb.1.1740224351844.119876815481322409&ler=empty&it=1740224351823&coo=false&cdl=&rqm=FGET",
        "initiator": {
            "columnNumber": 1,
            "lineNumber": 514,
            "type": "parser",
            "url": "https://www.lingea.cz/"
        }
    },
    {
        "requested_by": "https://www.lingea.cz/",
        "time": 236524.708676,
        "requested_resource": "https://im9.cz/cb/56437-11.png",
        "initiator": {
            "columnNumber": 1,
            "lineNumber": 514,
            "type": "parser",
            "url": "https://www.lingea.cz/"
        }
    },
    {
        "requested_by": "https://www.lingea.cz/",
        "time": 236524.795159,
        "requested_resource": "https://cdn.cookie-script.com/s/9fcd57058e8e9cba7c637977c451bf9b.js",
        "initiator": {
            "stack": {
                "callFrames": [
                    {
                        "columnNumber": 482,
                        "functionName": "pc",
                        "lineNumber": 146,
                        "scriptId": "26",
                        "url": "https://www.googletagmanager.com/gtm.js?v=20241219&id=GTM-KG3GJ7"
                    }
                ]
            },
            "type": "script"
        }
    },
    {
        "requested_by": "https://www.lingea.cz/",
        "time": 236524.798123,
        "requested_resource": "https://www.googletagmanager.com/gtag/destination?id=AW-1025941478&l=dataLayer&cx=c&gtm=45He52k0v6887243za200",
        "initiator": {
            "stack": {
                "callFrames": [
                    {
                        "columnNumber": 482,
                        "functionName": "pc",
                        "lineNumber": 146,
                        "scriptId": "26",
                        "url": "https://www.googletagmanager.com/gtm.js?v=20241219&id=GTM-KG3GJ7"
                    }
                ]
            },
            "type": "script"
        }
    },
    {
        "requested_by": "https://www.lingea.cz/",
        "time": 236524.799576,
        "requested_resource": "https://c.seznam.cz/js/rc.js",
        "initiator": {
            "stack": {
                "callFrames": [
                    {
                        "columnNumber": 482,
                        "functionName": "pc",
                        "lineNumber": 146,
                        "scriptId": "26",
                        "url": "https://www.googletagmanager.com/gtm.js?v=20241219&id=GTM-KG3GJ7"
                    }
                ]
            },
            "type": "script"
        }
    },
    {
        "requested_by": "https://www.lingea.cz/",
        "time": 236524.802112,
        "requested_resource": "https://www.googletagmanager.com/gtag/js?id=G-SCG2EQ70CX&l=dataLayer&cx=c&gtm=45He52k0v6887243za200",
        "initiator": {
            "stack": {
                "callFrames": [
                    {
                        "columnNumber": 482,
                        "functionName": "pc",
                        "lineNumber": 146,
                        "scriptId": "26",
                        "url": "https://www.googletagmanager.com/gtm.js?v=20241219&id=GTM-KG3GJ7"
                    }
                ]
            },
            "type": "script"
        }
    },
    {
        "requested_by": "https://www.lingea.cz/",
        "time": 236525.197121,
        "requested_resource": "https://c.seznam.cz/retargeting?id=29024&url=https%3A%2F%2Fwww.lingea.cz%2F&consent=0",
        "initiator": {
            "columnNumber": 1,
            "lineNumber": 514,
            "type": "parser",
            "url": "https://www.lingea.cz/"
        }
    },
    {
        "requested_by": "https://www.lingea.cz/",
        "time": 236525.218225,
        "requested_resource": "https://www.google-analytics.com/analytics.js",
        "initiator": {
            "stack": {
                "callFrames": [
                    {
                        "columnNumber": 482,
                        "functionName": "pc",
                        "lineNumber": 146,
                        "scriptId": "26",
                        "url": "https://www.googletagmanager.com/gtm.js?v=20241219&id=GTM-KG3GJ7"
                    }
                ]
            },
            "type": "script"
        }
    },
    {
        "requested_by": "https://www.lingea.cz/",
        "time": 236525.221159,
        "requested_resource": "https://www.lingea.cz/img/lingea/favicon.ico",
        "initiator": {
            "type": "other"
        }
    },
    {
        "requested_by": "https://www.lingea.cz/",
        "time": 236525.411243,
        "requested_resource": "https://www.google-analytics.com/collect?v=1&_v=j101&a=1142509532&t=event&ni=1&_s=1&dl=https%3A%2F%2Fwww.lingea.cz%2F&ul=en-us&de=UTF-8&dt=Elektronick%C3%A9%20a%20kni%C5%BEn%C3%AD%20slovn%C3%ADky%2C%20jazykov%C3%A9%20technologie%2C%20p%C5%99eklady%20%7C%20Lingea%20s.r.o.&sd=24-bit&sr=2560x1440&vp=1249x1172&je=0&ec=Scroll&ea=50%20%25&el=%2F&_u=aEAAAAABEAAAAAAAIk~&cid=912731286.1740224353&tid=UA-49294979-1&_gid=477299359.1740224353&gtm=45He52k0n71KG3GJ7v6887243za200&gcs=G100&gcd=13p3p3p2p5l1&dma_cps=-&dma=1&tag_exp=101732282~101732284~102067808~102482433~102539968~102558064~102587591~102605417~102640600~102658453&npa=1&z=1719106653",
        "initiator": {
            "type": "other"
        }
    },
    {
        "requested_by": "https://www.lingea.cz/",
        "time": 236525.411293,
        "requested_resource": "https://www.google-analytics.com/collect?v=1&_v=j101&a=1142509532&t=event&ni=1&_s=1&dl=https%3A%2F%2Fwww.lingea.cz%2F&ul=en-us&de=UTF-8&dt=Elektronick%C3%A9%20a%20kni%C5%BEn%C3%AD%20slovn%C3%ADky%2C%20jazykov%C3%A9%20technologie%2C%20p%C5%99eklady%20%7C%20Lingea%20s.r.o.&sd=24-bit&sr=2560x1440&vp=1249x1172&je=0&ec=Scroll&ea=75%20%25&el=%2F&_u=aEgAAAABEAAAAAAAIk~&cid=912731286.1740224353&tid=UA-49294979-1&_gid=1535989913.1740224353&gtm=45He52k0n71KG3GJ7v6887243za200&gcs=G100&gcd=13p3p3p2p5l1&dma_cps=-&dma=1&tag_exp=101732282~101732284~102067808~102482433~102539968~102558064~102587591~102605417~102640600~102658453&npa=1&z=230406269",
        "initiator": {
            "type": "other"
        }
    },
    {
        "requested_by": "https://www.lingea.cz/",
        "time": 236525.411313,
        "requested_resource": "https://www.google-analytics.com/collect?v=1&_v=j101&a=1142509532&t=event&ni=1&_s=1&dl=https%3A%2F%2Fwww.lingea.cz%2F&ul=en-us&de=UTF-8&dt=Elektronick%C3%A9%20a%20kni%C5%BEn%C3%AD%20slovn%C3%ADky%2C%20jazykov%C3%A9%20technologie%2C%20p%C5%99eklady%20%7C%20Lingea%20s.r.o.&sd=24-bit&sr=2560x1440&vp=1249x1172&je=0&ec=Scroll&ea=100%20%25&el=%2F&_u=aEgAAAABEAAAAAAAIk~&cid=912731286.1740224353&tid=UA-49294979-1&_gid=2082094936.1740224353&gtm=45He52k0n71KG3GJ7v6887243za200&gcs=G100&gcd=13p3p3p2p5l1&dma_cps=-&dma=1&tag_exp=101732282~101732284~102067808~102482433~102539968~102558064~102587591~102605417~102640600~102658453&npa=1&z=95718989",
        "initiator": {
            "type": "other"
        }
    },
    {
        "requested_by": "https://www.lingea.cz/",
        "time": 236525.41368,
        "requested_resource": "https://pagead2.googlesyndication.com/ccm/collect?en=page_view&dl=https%3A%2F%2Fwww.lingea.cz%2F&scrsrc=www.googletagmanager.com&frm=0&rnd=819250990.1740224353&navt=n&npa=1&gtm=45He52k0v6887243za200&gcs=G100&gcd=13p3p3p2p5l1&dma_cps=-&dma=1&tag_exp=101732282~101732284~102067808~102482433~102539968~102558064~102587591~102605417~102640600~102658453&tft=1740224352814&tfd=2143&apve=1",
        "initiator": {
            "stack": {
                "callFrames": [
                    {
                        "columnNumber": 322,
                        "functionName": "Cc",
                        "lineNumber": 150,
                        "scriptId": "26",
                        "url": "https://www.googletagmanager.com/gtm.js?v=20241219&id=GTM-KG3GJ7"
                    }
                ]
            },
            "type": "script"
        }
    },
    {
        "requested_by": "https://www.lingea.cz/",
        "time": 236525.41915,
        "requested_resource": "https://region1.google-analytics.com/g/collect?v=2&tid=G-SCG2EQ70CX&gtm=45je52k0v9108072326z86887243za200zb6887243&_p=1740224351706&gcs=G100&gcd=13p3pPp2p5l1&npa=1&dma_cps=-&dma=1&tag_exp=101732279~101732281~102067808~102482433~102539968~102558064~102587591~102605417~102640600~102658453&gdid=dMmY1Mm&cid=912731286.1740224353&ul=en-us&sr=2560x1440&uaa=x86&uab=64&uafvl=Chromium%3B133.0.6943.126%7CNot(A%253ABrand%3B99.0.0.0&uamb=0&uam=&uap=Windows&uapv=19.0.0&uaw=0&are=1&frm=0&pscdl=denied&_s=1&uid=undefined&sid=1740224352&sct=1&seg=0&dl=https%3A%2F%2Fwww.lingea.cz%2F&dt=Elektronick%C3%A9%20a%20kni%C5%BEn%C3%AD%20slovn%C3%ADky%2C%20jazykov%C3%A9%20technologie%2C%20p%C5%99eklady%20%7C%20Lingea%20s.r.o.&en=page_view&_fv=1&_ss=1&ep.content_group=home&ep.page_category=none&up.login_state=anonymous&tfd=2148",
        "initiator": {
            "stack": {
                "callFrames": [
                    {
                        "columnNumber": 285,
                        "functionName": "Ec",
                        "lineNumber": 225,
                        "scriptId": "30",
                        "url": "https://www.googletagmanager.com/gtag/js?id=G-SCG2EQ70CX&l=dataLayer&cx=c&gtm=45He52k0v6887243za200"
                    }
                ]
            },
            "type": "script"
        }
    },
    {
        "requested_by": "https://www.lingea.cz/",
        "time": 236525.421856,
        "requested_resource": "https://region1.google-analytics.com/g/collect?v=2&tid=G-SCG2EQ70CX&gtm=45je52k0v9108072326z86887243za200zb6887243&_p=1740224351706&gcs=G100&gcd=13p3pPp2p5l1&npa=1&dma_cps=-&dma=1&tag_exp=101732279~101732281~102067808~102482433~102539968~102558064~102587591~102605417~102640600~102658453&gdid=dMmY1Mm&cid=912731286.1740224353&ul=en-us&sr=2560x1440&uaa=x86&uab=64&uafvl=Chromium%3B133.0.6943.126%7CNot(A%253ABrand%3B99.0.0.0&uamb=0&uam=&uap=Windows&uapv=19.0.0&uaw=0&are=1&frm=0&pscdl=denied&_s=2&uid=undefined&sid=1740224352&sct=1&seg=0&dl=https%3A%2F%2Fwww.lingea.cz%2F&dt=Elektronick%C3%A9%20a%20kni%C5%BEn%C3%AD%20slovn%C3%ADky%2C%20jazykov%C3%A9%20technologie%2C%20p%C5%99eklady%20%7C%20Lingea%20s.r.o.&en=view_promotion&pr1=pi227~pnVyrazte%20na%20cesty%20do%20exotick%C3%BDch%20destinac%C3%AD%20s%20na%C5%A1imi%20pr%C5%AFvodci.~cshomepage&pr2=pi187~pnOkouzluj%C3%ADc%C3%AD%20p%C5%99%C3%ADb%C4%9Bhy%20pro%20citliv%C3%A9%20d%C4%9Bti~cshomepage&pr3=pi176~pnZa%20tajemstv%C3%ADm%20vesm%C3%ADrn%C3%BDch%20fenom%C3%A9n%C5%AF~cshomepage&pr4=pi164~pnJedovat%C3%A1%20stvo%C5%99en%C3%AD%20v%20%C5%BEivo%C4%8Di%C5%A1n%C3%A9%20%C5%99%C3%AD%C5%A1i~cshomepage&pr5=pi175~pnOd%20starov%C4%9Bk%C3%BDch%20m%C4%9Bst%20po%20modern%C3%AD%20metropole~cshomepage&ep.content_group=home&ep.page_category=none&_et=1&tfd=2151",
        "initiator": {
            "stack": {
                "callFrames": [
                    {
                        "columnNumber": 285,
                        "functionName": "Ec",
                        "lineNumber": 225,
                        "scriptId": "30",
                        "url": "https://www.googletagmanager.com/gtag/js?id=G-SCG2EQ70CX&l=dataLayer&cx=c&gtm=45He52k0v6887243za200"
                    }
                ]
            },
            "type": "script"
        }
    },
    {
        "requested_by": "https://www.googletagmanager.com/static/service_worker/5230/sw_iframe.html?origin=https%3A%2F%2Fwww.lingea.cz",
        "time": 236525.428767,
        "requested_resource": "https://www.googletagmanager.com/static/service_worker/5230/sw_iframe.html?origin=https%3A%2F%2Fwww.lingea.cz",
        "initiator": {
            "stack": {
                "callFrames": [
                    {
                        "columnNumber": 263,
                        "functionName": "q",
                        "lineNumber": 510,
                        "scriptId": "26",
                        "url": "https://www.googletagmanager.com/gtm.js?v=20241219&id=GTM-KG3GJ7"
                    }
                ]
            },
            "type": "script"
        }
    },
    {
        "requested_by": "https://www.lingea.cz/",
        "time": 236530.423294,
        "requested_resource": "https://region1.google-analytics.com/g/collect?v=2&tid=G-SCG2EQ70CX&gtm=45je52k0v9108072326za200zb6887243&_p=1740224351706&gcs=G100&gcd=13p3pPp2p5l1&npa=1&dma_cps=-&dma=1&tag_exp=101732279~101732281~102067808~102482433~102539968~102558064~102587591~102605417~102640600~102658453&gdid=dMmY1Mm&cid=912731286.1740224353&ul=en-us&sr=2560x1440&uaa=x86&uab=64&uafvl=Chromium%3B133.0.6943.126%7CNot(A%253ABrand%3B99.0.0.0&uamb=0&uam=&uap=Windows&uapv=19.0.0&uaw=0&are=1&frm=0&pscdl=denied&_eu=AEA&_s=3&uid=undefined&sid=1740224352&sct=1&seg=0&dl=https%3A%2F%2Fwww.lingea.cz%2F&dt=Elektronick%C3%A9%20a%20kni%C5%BEn%C3%AD%20slovn%C3%ADky%2C%20jazykov%C3%A9%20technologie%2C%20p%C5%99eklady%20%7C%20Lingea%20s.r.o.&en=scroll&ep.content_group=home&ep.page_category=none&epn.percent_scrolled=90&_et=1&tfd=7152",
        "initiator": {
            "stack": {
                "callFrames": [
                    {
                        "columnNumber": 285,
                        "functionName": "Ec",
                        "lineNumber": 225,
                        "scriptId": "30",
                        "url": "https://www.googletagmanager.com/gtag/js?id=G-SCG2EQ70CX&l=dataLayer&cx=c&gtm=45He52k0v6887243za200"
                    }
                ]
            },
            "type": "script"
        }
    }
]