{
    "google.com": {
        "accounts": {
            "A": [
                "64.233.184.84"
            ],
            "CNAME": []
        },
        "android.clients": {
            "A": [
                "142.251.36.110",
                "142.251.37.110",
                "142.251.36.142",
                "142.251.36.78"
            ],
            "CNAME": [
                "android.l.google.com"
            ]
        },
        "android.l": {
            "A": [
                "142.251.36.110",
                "142.251.37.110",
                "142.251.36.142",
                "142.251.36.78"
            ],
            "CNAME": []
        },
        "mtalk": {
            "A": [
                "142.250.102.188"
            ],
            "CNAME": []
        }
    },
    "cambridge.org": {
        "cambridge.org": {
            "A": [
                "104.17.111.190",
                "104.17.110.190"
            ],
            "CNAME": []
        },
        "www": {
            "A": [
                "104.17.110.190",
                "104.17.111.190"
            ],
            "CNAME": []
        }
    },
    "datatables.net": {
        "cdn": {
            "A": [
                "104.26.8.123",
                "104.26.9.123",
                "172.67.75.33"
            ],
            "CNAME": []
        }
    },
    "onetrust.com": {
        "cdn-ukwest": {
            "A": [
                "104.18.32.137",
                "172.64.155.119"
            ],
            "CNAME": []
        }
    },
    "googleapis.com": {
        "fonts": {
            "A": [
                "142.251.36.138"
            ],
            "CNAME": []
        },
        "content-autofill": {
            "A": [
                "142.251.36.138",
                "142.251.36.74",
                "142.251.37.106",
                "142.251.36.106"
            ],
            "CNAME": []
        }
    },
    "cloudflare.com": {
        "cdnjs": {
            "A": [
                "104.17.24.14",
                "104.17.25.14"
            ],
            "CNAME": []
        }
    },
    "gstatic.com": {
        "fonts": {
            "A": [
                "142.251.37.99"
            ],
            "CNAME": []
        }
    },
    "gigya.com": {
        "cdns.eu1": {
            "A": [
                "65.9.95.113",
                "65.9.95.47",
                "65.9.95.111",
                "65.9.95.59"
            ],
            "CNAME": [
                "d18uol17ln7pq5.cloudfront.net"
            ]
        }
    },
    "cloudfront.net": {
        "d18uol17ln7pq5": {
            "A": [
                "65.9.95.113",
                "65.9.95.47",
                "65.9.95.111",
                "65.9.95.59"
            ],
            "CNAME": []
        }
    },
    "newrelic.com": {
        "js-agent": {
            "A": [
                "162.247.243.39"
            ],
            "CNAME": []
        }
    },
    "nr-data.net": {
        "bam": {
            "A": [
                "162.247.243.29"
            ],
            "CNAME": [
                "bam.cell.nr-data.net",
                "fastly-tls12-bam.nr-data.net"
            ]
        },
        "bam.cell": {
            "A": [],
            "CNAME": [
                "fastly-tls12-bam.nr-data.net"
            ]
        },
        "fastly-tls12-bam": {
            "A": [
                "162.247.243.29"
            ],
            "CNAME": []
        }
    }
}