{
    "tiktok.com": {
        "tiktok.com": {
            "A": [
                "95.100.146.40",
                "95.100.146.19",
                "95.100.146.34"
            ],
            "CNAME": []
        },
        "www": {
            "A": [
                "95.100.146.64",
                "95.100.146.59",
                "95.100.146.65",
                "95.100.146.72",
                "95.100.146.75",
                "95.100.146.67",
                "95.100.146.58",
                "95.100.146.73",
                "95.100.146.74"
            ],
            "CNAME": [
                "www.tiktok.com.edgesuite.net",
                "a2047.api10.akamai.net"
            ]
        },
        "webcast": {
            "A": [
                "95.100.146.40",
                "95.100.146.19",
                "95.100.146.34"
            ],
            "CNAME": [
                "webcast.tiktok.com.ttdns2.com",
                "webcast.tiktok.com.edgekey.net",
                "e35058.api2.akamaiedge.net"
            ]
        },
        "v16-webapp-prime": {
            "A": [
                "95.100.146.49",
                "95.100.146.50"
            ],
            "CNAME": [
                "v16-webapp-prime.tiktok.com.edgesuite.net",
                "v16-webapp-prime.tiktok.com.bytegeo.akadns.net",
                "a1124.b.akamai.net"
            ]
        }
    },
    "edgesuite.net": {
        "www.tiktok.com": {
            "A": [],
            "CNAME": [
                "a2047.api10.akamai.net"
            ]
        },
        "sf16-website-login.neutral.ttwstatic.com": {
            "A": [],
            "CNAME": [
                "a1015.mm2.akamai.net"
            ]
        },
        "libraweb-ttp2.tiktokw.eu": {
            "A": [],
            "CNAME": [
                "a1505.t.akamai.net"
            ]
        },
        "mcs16-normal-no1a.tiktokw.eu": {
            "A": [],
            "CNAME": [
                "a946.t.akamai.net"
            ]
        },
        "v16.tiktokcdn.com": {
            "A": [],
            "CNAME": [
                "a1962.w155.akamai.net"
            ]
        },
        "p16-va-default": {
            "A": [],
            "CNAME": [
                "a1815.b.akamai.net"
            ]
        },
        "s20.tiktokcdn.com": {
            "A": [],
            "CNAME": [
                "a1904.mm2.akamai.net"
            ]
        },
        "mon16-normal-no1a.tiktokv.eu": {
            "A": [],
            "CNAME": [
                "a1149.t.akamai.net"
            ]
        },
        "p16-pu-sign-no.tiktokcdn-eu.com": {
            "A": [],
            "CNAME": [
                "a126.b.akamai.net"
            ]
        },
        "p16-pu-sign-useast8.tiktokcdn-us.com": {
            "A": [],
            "CNAME": [
                "a901.mm3.akamai.net"
            ]
        },
        "v16-webapp-prime.tiktok.com": {
            "A": [],
            "CNAME": [
                "v16-webapp-prime.tiktok.com.bytegeo.akadns.net"
            ]
        },
        "lf16-tiktok-common.ibytedtos.com": {
            "A": [],
            "CNAME": [
                "a606.b.akamai.net"
            ]
        },
        "sf16-sg.tiktokcdn.com": {
            "A": [],
            "CNAME": [
                "a1880.mm2.akamai.net"
            ]
        },
        "starling-ttp2.tiktokv.eu": {
            "A": [],
            "CNAME": [
                "a1642.t.akamai.net"
            ]
        },
        "webmssdk16-normal-no1a.tiktokw.eu": {
            "A": [],
            "CNAME": [
                "a43.t.akamai.net"
            ]
        },
        "mcs-ie2.tiktokw.eu": {
            "A": [],
            "CNAME": [
                "a1839.t.akamai.net"
            ]
        },
        "mon.tiktokv.com": {
            "A": [],
            "CNAME": [
                "a2047.r.akamai.net"
            ]
        }
    },
    "akamai.net": {
        "a2047.api10": {
            "A": [
                "95.100.146.64",
                "95.100.146.59",
                "95.100.146.65",
                "95.100.146.72",
                "95.100.146.75",
                "95.100.146.67",
                "95.100.146.58",
                "95.100.146.73",
                "95.100.146.74"
            ],
            "CNAME": []
        },
        "a1015.mm2": {
            "A": [
                "95.100.146.81",
                "95.100.146.72"
            ],
            "CNAME": []
        },
        "a1505.t": {
            "A": [
                "95.100.146.83",
                "95.100.146.88"
            ],
            "CNAME": []
        },
        "a946.t": {
            "A": [
                "95.100.146.80",
                "95.100.146.74"
            ],
            "CNAME": []
        },
        "a1962.w155": {
            "A": [
                "2.17.147.59",
                "2.17.147.8"
            ],
            "CNAME": []
        },
        "a1815.b": {
            "A": [
                "95.100.146.41",
                "95.100.146.67"
            ],
            "CNAME": []
        },
        "a1904.mm2": {
            "A": [
                "95.100.146.72",
                "95.100.146.65"
            ],
            "CNAME": []
        },
        "a1149.t": {
            "A": [
                "95.100.146.73",
                "95.100.146.58"
            ],
            "CNAME": []
        },
        "a2047.mm2": {
            "A": [
                "95.100.146.67",
                "95.100.146.82",
                "95.100.146.48",
                "95.100.146.75",
                "95.100.146.43",
                "95.100.146.59",
                "95.100.146.64",
                "95.100.146.66",
                "95.100.146.57"
            ],
            "CNAME": []
        },
        "a126.b": {
            "A": [
                "95.100.146.66",
                "95.100.146.42",
                "95.100.146.82",
                "95.100.146.58",
                "95.100.146.65",
                "95.100.146.57",
                "95.100.146.75",
                "95.100.146.74",
                "95.100.146.80"
            ],
            "CNAME": []
        },
        "a901.mm3": {
            "A": [
                "23.218.216.132",
                "23.218.216.134",
                "23.218.216.145",
                "23.218.216.153",
                "23.218.216.148",
                "23.218.216.152"
            ],
            "CNAME": []
        },
        "a1124.b": {
            "A": [
                "95.100.146.49",
                "95.100.146.50"
            ],
            "CNAME": []
        },
        "a606.b": {
            "A": [
                "95.100.146.82",
                "95.100.146.74"
            ],
            "CNAME": []
        },
        "a1880.mm2": {
            "A": [
                "95.100.146.64",
                "95.100.146.75"
            ],
            "CNAME": []
        },
        "a1642.t": {
            "A": [
                "95.100.146.42",
                "95.100.146.74"
            ],
            "CNAME": []
        },
        "a43.t": {
            "A": [
                "95.100.146.49",
                "95.100.146.81"
            ],
            "CNAME": []
        },
        "a1839.t": {
            "A": [
                "95.100.146.66",
                "95.100.146.41"
            ],
            "CNAME": []
        },
        "a2047.r": {
            "A": [
                "95.100.146.88",
                "95.100.146.80",
                "95.100.146.73",
                "95.100.146.66",
                "95.100.146.58",
                "95.100.146.42",
                "95.100.146.83",
                "95.100.146.74",
                "95.100.146.41"
            ],
            "CNAME": []
        }
    },
    "ttwstatic.com": {
        "sf16-website-login.neutral": {
            "A": [
                "95.100.146.81",
                "95.100.146.72"
            ],
            "CNAME": [
                "sf16-website-login.neutral.ttwstatic.com.edgesuite.net",
                "a1015.mm2.akamai.net"
            ]
        }
    },
    "tiktokw.eu": {
        "libraweb-ttp2": {
            "A": [
                "95.100.146.83",
                "95.100.146.88"
            ],
            "CNAME": [
                "libraweb-ttp2.tiktokw.eu.ttdns3.com",
                "libraweb-ttp2.tiktokw.eu.edgesuite.net",
                "a1505.t.akamai.net"
            ]
        },
        "mcs16-normal-no1a": {
            "A": [
                "95.100.146.80",
                "95.100.146.74"
            ],
            "CNAME": [
                "mcs16-normal-no1a.tiktokw.eu.edgesuite.net",
                "a946.t.akamai.net"
            ]
        },
        "webmssdk16-normal-no1a": {
            "A": [
                "95.100.146.49",
                "95.100.146.81"
            ],
            "CNAME": [
                "webmssdk16-normal-no1a.tiktokw.eu.edgesuite.net",
                "a43.t.akamai.net"
            ]
        },
        "mcs-ie2": {
            "A": [
                "95.100.146.66",
                "95.100.146.41"
            ],
            "CNAME": [
                "mcs-ie2.tiktokw.eu.ttdns3.com",
                "mcs-ie2.tiktokw.eu.edgesuite.net",
                "a1839.t.akamai.net"
            ]
        }
    },
    "ttdns3.com": {
        "libraweb-ttp2.tiktokw.eu": {
            "A": [],
            "CNAME": [
                "libraweb-ttp2.tiktokw.eu.edgesuite.net"
            ]
        },
        "starling-ttp2.tiktokv.eu": {
            "A": [],
            "CNAME": [
                "starling-ttp2.tiktokv.eu.edgesuite.net"
            ]
        },
        "mcs-ie2.tiktokw.eu": {
            "A": [],
            "CNAME": [
                "mcs-ie2.tiktokw.eu.edgesuite.net"
            ]
        }
    },
    "tiktokcdn.com": {
        "v16": {
            "A": [
                "2.17.147.59",
                "2.17.147.8"
            ],
            "CNAME": [
                "v16.tiktokcdn.com.edgesuite.net",
                "a1962.w155.akamai.net"
            ]
        },
        "p16-va": {
            "A": [
                "95.100.146.41",
                "95.100.146.67"
            ],
            "CNAME": [
                "p16-va-default.edgesuite.net",
                "a1815.b.akamai.net"
            ]
        },
        "s20": {
            "A": [
                "95.100.146.72",
                "95.100.146.65"
            ],
            "CNAME": [
                "s20.tiktokcdn.com.ttdns2.com",
                "s20.tiktokcdn.com.edgesuite.net",
                "a1904.mm2.akamai.net"
            ]
        },
        "p16-sign-va": {
            "A": [
                "95.100.146.75",
                "95.100.146.64",
                "95.100.146.82",
                "95.100.146.59",
                "95.100.146.48",
                "95.100.146.43",
                "95.100.146.66",
                "95.100.146.57",
                "95.100.146.67"
            ],
            "CNAME": [
                "p16-sign-va.tiktokcdn.com.akamaized.net",
                "a2047.mm2.akamai.net"
            ]
        },
        "p16-sign-sg": {
            "A": [
                "95.100.146.67",
                "95.100.146.82",
                "95.100.146.48",
                "95.100.146.75",
                "95.100.146.43",
                "95.100.146.59",
                "95.100.146.64",
                "95.100.146.66",
                "95.100.146.57"
            ],
            "CNAME": [
                "p16-sign-sg.tiktokcdn.com.akamaized.net",
                "a2047.mm2.akamai.net"
            ]
        },
        "p77-sign-va": {
            "A": [
                "45.136.152.16",
                "185.180.14.179",
                "143.244.32.12",
                "143.244.32.99"
            ],
            "CNAME": [
                "1450622545.rsc.cdn77.org"
            ]
        },
        "p77-sign-sg-lite": {
            "A": [
                "143.244.32.11",
                "143.244.32.99",
                "185.180.14.179",
                "45.136.152.16"
            ],
            "CNAME": [
                "1712227574.rsc.cdn77.org"
            ]
        },
        "p77-sign-sg": {
            "A": [
                "143.244.32.11",
                "143.244.32.99",
                "185.180.14.178",
                "45.136.152.17"
            ],
            "CNAME": [
                "1562951790.rsc.cdn77.org"
            ]
        },
        "sf16-sg": {
            "A": [
                "95.100.146.64",
                "95.100.146.75"
            ],
            "CNAME": [
                "sf16-sg.tiktokcdn.com.edgesuite.net",
                "a1880.mm2.akamai.net"
            ]
        }
    },
    "ttdns2.com": {
        "s20.tiktokcdn.com": {
            "A": [],
            "CNAME": [
                "s20.tiktokcdn.com.edgesuite.net"
            ]
        },
        "webcast.tiktok.com": {
            "A": [],
            "CNAME": [
                "webcast.tiktok.com.edgekey.net"
            ]
        },
        "mon-i18n.tiktokv.com": {
            "A": [],
            "CNAME": [
                "api39-i18n.gts.byteoversea.net"
            ]
        },
        "mon.tiktokv.com": {
            "A": [],
            "CNAME": [
                "mon.tiktokv.com.edgesuite.net"
            ]
        }
    },
    "tiktokv.eu": {
        "mon16-normal-no1a": {
            "A": [
                "95.100.146.73",
                "95.100.146.58"
            ],
            "CNAME": [
                "mon16-normal-no1a.tiktokv.eu.edgesuite.net",
                "a1149.t.akamai.net"
            ]
        },
        "starling-ttp2": {
            "A": [
                "95.100.146.42",
                "95.100.146.74"
            ],
            "CNAME": [
                "starling-ttp2.tiktokv.eu.ttdns3.com",
                "starling-ttp2.tiktokv.eu.edgesuite.net",
                "a1642.t.akamai.net"
            ]
        }
    },
    "edgekey.net": {
        "webcast.tiktok.com": {
            "A": [],
            "CNAME": [
                "e35058.api2.akamaiedge.net"
            ]
        }
    },
    "akamaiedge.net": {
        "e35058.api2": {
            "A": [
                "95.100.146.40",
                "95.100.146.19",
                "95.100.146.34"
            ],
            "CNAME": []
        }
    },
    "akamaized.net": {
        "p16-sign-va.tiktokcdn.com": {
            "A": [],
            "CNAME": [
                "a2047.mm2.akamai.net"
            ]
        },
        "p16-sign-sg.tiktokcdn.com": {
            "A": [],
            "CNAME": [
                "a2047.mm2.akamai.net"
            ]
        }
    },
    "tiktokcdn-eu.com": {
        "p16-pu-sign-no": {
            "A": [
                "95.100.146.66",
                "95.100.146.42",
                "95.100.146.82",
                "95.100.146.58",
                "95.100.146.65",
                "95.100.146.57",
                "95.100.146.75",
                "95.100.146.74",
                "95.100.146.80"
            ],
            "CNAME": [
                "p16-pu-sign-no.tiktokcdn-eu.com.edgesuite.net",
                "a126.b.akamai.net"
            ]
        }
    },
    "cdn77.org": {
        "1450622545.rsc": {
            "A": [
                "45.136.152.16",
                "185.180.14.179",
                "143.244.32.12",
                "143.244.32.99"
            ],
            "CNAME": []
        },
        "1712227574.rsc": {
            "A": [
                "143.244.32.11",
                "143.244.32.99",
                "185.180.14.179",
                "45.136.152.16"
            ],
            "CNAME": []
        },
        "1562951790.rsc": {
            "A": [
                "143.244.32.11",
                "143.244.32.99",
                "185.180.14.178",
                "45.136.152.17"
            ],
            "CNAME": []
        }
    },
    "tiktokcdn-us.com": {
        "p19-sign": {
            "A": [
                "199.232.38.73"
            ],
            "CNAME": [
                "us.bytedance.map.fastly.net"
            ]
        },
        "p16-pu-sign-useast8": {
            "A": [
                "23.218.216.132",
                "23.218.216.134",
                "23.218.216.145",
                "23.218.216.153",
                "23.218.216.148",
                "23.218.216.152"
            ],
            "CNAME": [
                "p16-pu-sign-useast8.tiktokcdn-us.com.edgesuite.net",
                "a901.mm3.akamai.net"
            ]
        }
    },
    "fastly.net": {
        "us.bytedance.map": {
            "A": [
                "199.232.38.73"
            ],
            "CNAME": []
        }
    },
    "akadns.net": {
        "v16-webapp-prime.tiktok.com.bytegeo": {
            "A": [],
            "CNAME": [
                "a1124.b.akamai.net"
            ]
        }
    },
    "tiktokv.com": {
        "mon-i18n": {
            "A": [
                "139.177.240.209",
                "71.18.20.241",
                "139.177.245.196",
                "71.18.21.241"
            ],
            "CNAME": [
                "mon-i18n.tiktokv.com.ttdns2.com",
                "api39-i18n.gts.byteoversea.net"
            ]
        },
        "mon": {
            "A": [
                "95.100.146.88",
                "95.100.146.80",
                "95.100.146.73",
                "95.100.146.66",
                "95.100.146.58",
                "95.100.146.42",
                "95.100.146.83",
                "95.100.146.74",
                "95.100.146.41"
            ],
            "CNAME": [
                "mon.tiktokv.com.ttdns2.com",
                "mon.tiktokv.com.edgesuite.net",
                "a2047.r.akamai.net"
            ]
        }
    },
    "byteoversea.net": {
        "api39-i18n.gts": {
            "A": [
                "139.177.240.209",
                "71.18.20.241",
                "139.177.245.196",
                "71.18.21.241"
            ],
            "CNAME": []
        }
    }
}