[
    {
        "time": 236585.07714,
        "requested_resource": "https://zalando.cz/",
        "initiator": {
            "type": "other"
        },
        "requested_for": "https://zalando.cz/"
    },
    {
        "time": 236585.434936,
        "requested_resource": "https://www.zalando.cz/",
        "initiator": {
            "type": "other"
        },
        "requested_for": "https://www.zalando.cz/"
    },
    {
        "time": 236585.63705,
        "requested_resource": "https://mosaic02.ztat.net/zds/assets/fonts/HelveticaNowText-Regular.79118717.woff2",
        "initiator": {
            "type": "other"
        },
        "requested_for": "https://www.zalando.cz/"
    },
    {
        "time": 236585.637188,
        "requested_resource": "https://mosaic02.ztat.net/zds/assets/fonts/HelveticaNowText-Bold.7d962f1b.woff2",
        "initiator": {
            "type": "other"
        },
        "requested_for": "https://www.zalando.cz/"
    },
    {
        "time": 236585.637218,
        "requested_resource": "https://mosaic02.ztat.net/zds/assets/fonts/TiemposText-Regular.3b6d5360.woff2",
        "initiator": {
            "type": "other"
        },
        "requested_for": "https://www.zalando.cz/"
    },
    {
        "time": 236585.637242,
        "requested_resource": "https://mosaic01.ztat.net/zds/assets/fonts/06e0ab8.woff2",
        "initiator": {
            "type": "other"
        },
        "requested_for": "https://www.zalando.cz/"
    },
    {
        "time": 236585.637264,
        "requested_resource": "https://mosaic01.ztat.net/base-assets/8-3-1/require-2.1.22.min.js",
        "initiator": {
            "type": "other"
        },
        "requested_for": "https://www.zalando.cz/"
    },
    {
        "time": 236585.637289,
        "requested_resource": "https://mosaic01.ztat.net/base-assets/8-3-1/assets/bundle.js",
        "initiator": {
            "type": "other"
        },
        "requested_for": "https://www.zalando.cz/"
    },
    {
        "time": 236585.637853,
        "requested_resource": "https://mosaic01.ztat.net/base-assets/8-3-1/assets/style.css",
        "initiator": {
            "columnNumber": 102,
            "lineNumber": 14,
            "type": "parser",
            "url": "https://www.zalando.cz/"
        },
        "requested_for": "https://www.zalando.cz/"
    },
    {
        "time": 236585.637907,
        "requested_resource": "https://mosaic01.ztat.net/base-assets/8-3-1/assets/z-shop-ui-styles.css",
        "initiator": {
            "columnNumber": 206,
            "lineNumber": 14,
            "type": "parser",
            "url": "https://www.zalando.cz/"
        },
        "requested_for": "https://www.zalando.cz/"
    },
    {
        "time": 236585.63794,
        "requested_resource": "https://mosaic02.ztat.net/zds/tokens/tokens-lagom-stage-0-3.4.1.css",
        "initiator": {
            "columnNumber": 100,
            "lineNumber": 15,
            "type": "parser",
            "url": "https://www.zalando.cz/"
        },
        "requested_for": "https://www.zalando.cz/"
    },
    {
        "time": 236585.637961,
        "requested_resource": "https://mosaic02.ztat.net/zds/dx-ui/lib/atom-76.4.3-75-74.css",
        "initiator": {
            "columnNumber": 94,
            "lineNumber": 16,
            "type": "parser",
            "url": "https://www.zalando.cz/"
        },
        "requested_for": "https://www.zalando.cz/"
    },
    {
        "time": 236585.649065,
        "requested_resource": "https://www.zalando.cz/fl7r/ZsPj/FXzGO/B8COw/i13h0wphakXGEz/U2MDMBYB/d0o/cTXxbZ2YB",
        "initiator": {
            "columnNumber": 334,
            "lineNumber": 87,
            "type": "parser",
            "url": "https://www.zalando.cz/"
        },
        "requested_for": "https://www.zalando.cz/"
    },
    {
        "time": 236585.649112,
        "requested_resource": "https://www.zalando.cz/fl7r/ZsPj/FXzGO/B8COw/tQ3h0w3Vak/HQMKMBYB/GlZ/OMhxzFhM?v=01e8105d-3fe9-89df-7aec-29b73bb217d4",
        "initiator": {
            "columnNumber": 482,
            "lineNumber": 87,
            "type": "parser",
            "url": "https://www.zalando.cz/"
        },
        "requested_for": "https://www.zalando.cz/"
    },
    {
        "time": 236585.68841,
        "requested_resource": "https://mosaic02.ztat.net/rnd/ng/runtime-concurrent-2b05b4ebdd9c7b34a664.js",
        "initiator": {
            "stack": {
                "callFrames": [
                    {
                        "columnNumber": 381,
                        "functionName": "k.load",
                        "lineNumber": 34,
                        "scriptId": "16",
                        "url": "https://mosaic01.ztat.net/base-assets/8-3-1/require-2.1.22.min.js"
                    }
                ]
            },
            "type": "script"
        },
        "requested_for": "https://www.zalando.cz/"
    },
    {
        "time": 236585.688672,
        "requested_resource": "https://mosaic02.ztat.net/rnd/ng/re-runtime-chunk/index-20ed28b049896adca26d.js",
        "initiator": {
            "stack": {
                "callFrames": [
                    {
                        "columnNumber": 381,
                        "functionName": "k.load",
                        "lineNumber": 34,
                        "scriptId": "16",
                        "url": "https://mosaic01.ztat.net/base-assets/8-3-1/require-2.1.22.min.js"
                    }
                ]
            },
            "type": "script"
        },
        "requested_for": "https://www.zalando.cz/"
    },
    {
        "time": 236585.688724,
        "requested_resource": "https://mosaic02.ztat.net/rnd/ng/re-common-chunk/index-ccf8095dd846297c9d47.js",
        "initiator": {
            "stack": {
                "callFrames": [
                    {
                        "columnNumber": 381,
                        "functionName": "k.load",
                        "lineNumber": 34,
                        "scriptId": "16",
                        "url": "https://mosaic01.ztat.net/base-assets/8-3-1/require-2.1.22.min.js"
                    }
                ]
            },
            "type": "script"
        },
        "requested_for": "https://www.zalando.cz/"
    },
    {
        "time": 236585.688856,
        "requested_resource": "https://mosaic01.ztat.net/base-assets/8-3-1/assets/z-shop-ui-fallback.js",
        "initiator": {
            "stack": {
                "callFrames": [
                    {
                        "columnNumber": 381,
                        "functionName": "k.load",
                        "lineNumber": 34,
                        "scriptId": "16",
                        "url": "https://mosaic01.ztat.net/base-assets/8-3-1/require-2.1.22.min.js"
                    }
                ]
            },
            "type": "script"
        },
        "requested_for": "https://www.zalando.cz/"
    },
    {
        "time": 236585.825913,
        "requested_resource": "https://www.zalando.cz/fl7r/ZsPj/FXzGO/B8COw/i13h0wphakXGEz/U2MDMBYB/d0o/cTXxbZ2YB",
        "initiator": {
            "stack": {
                "callFrames": [
                    {
                        "columnNumber": 132959,
                        "functionName": "JQM",
                        "lineNumber": 0,
                        "scriptId": "26",
                        "url": "https://www.zalando.cz/fl7r/ZsPj/FXzGO/B8COw/i13h0wphakXGEz/U2MDMBYB/d0o/cTXxbZ2YB"
                    }
                ]
            },
            "type": "script"
        },
        "requested_for": "https://www.zalando.cz/"
    },
    {
        "time": 236585.945021,
        "requested_resource": "https://mosaic01.ztat.net/zds/assets/favicon/favicon-lagom-v3.svg",
        "initiator": {
            "type": "other"
        },
        "requested_for": "https://www.zalando.cz/"
    },
    {
        "time": 236585.954779,
        "requested_resource": "https://mosaic01.ztat.net/zds/assets/favicon/favicon-lagom-v3.png",
        "initiator": {
            "type": "other"
        },
        "requested_for": "https://www.zalando.cz/"
    },
    {
        "time": 236586.479151,
        "requested_resource": "blob:https://www.zalando.cz/53ea7925-4f67-4f8d-9ae0-5d7babc4a422",
        "initiator": {
            "type": "other",
            "url": "https://www.zalando.cz/"
        },
        "requested_for": "blob:https://www.zalando.cz/53ea7925-4f67-4f8d-9ae0-5d7babc4a422"
    },
    {
        "time": 236586.939336,
        "requested_resource": "https://www.zalando.cz/fl7r/ZsPj/FXzGO/B8COw/tQ3h0w3Vak/HQMKMBYB/GlZ/OMhxzFhM",
        "initiator": {
            "stack": {
                "callFrames": [
                    {
                        "columnNumber": 283017,
                        "functionName": "X8D",
                        "lineNumber": 0,
                        "scriptId": "27",
                        "url": "https://www.zalando.cz/fl7r/ZsPj/FXzGO/B8COw/tQ3h0w3Vak/HQMKMBYB/GlZ/OMhxzFhM?v=01e8105d-3fe9-89df-7aec-29b73bb217d4"
                    }
                ]
            },
            "type": "script"
        },
        "requested_for": "https://www.zalando.cz/"
    },
    {
        "time": 236586.965562,
        "requested_resource": "https://www.zalando.cz/fl7r/ZsPj/FXzGO/B8COw/i13h0wphakXGEz/U2MDMBYB/d0o/cTXxbZ2YB",
        "initiator": {
            "stack": {
                "callFrames": [
                    {
                        "columnNumber": 132959,
                        "functionName": "JQM",
                        "lineNumber": 0,
                        "scriptId": "26",
                        "url": "https://www.zalando.cz/fl7r/ZsPj/FXzGO/B8COw/i13h0wphakXGEz/U2MDMBYB/d0o/cTXxbZ2YB"
                    }
                ]
            },
            "type": "script"
        },
        "requested_for": "https://www.zalando.cz/"
    },
    {
        "time": 236587.893122,
        "requested_resource": "https://www.zalando.cz/fl7r/ZsPj/FXzGO/B8COw/tQ3h0w3Vak/HQMKMBYB/GlZ/OMhxzFhM",
        "initiator": {
            "stack": {
                "callFrames": [
                    {
                        "columnNumber": 283017,
                        "functionName": "X8D",
                        "lineNumber": 0,
                        "scriptId": "27",
                        "url": "https://www.zalando.cz/fl7r/ZsPj/FXzGO/B8COw/tQ3h0w3Vak/HQMKMBYB/GlZ/OMhxzFhM?v=01e8105d-3fe9-89df-7aec-29b73bb217d4"
                    }
                ]
            },
            "type": "script"
        },
        "requested_for": "https://www.zalando.cz/"
    }
]