{
    "google.com": {
        "accounts": {
            "A": [
                "64.233.184.84"
            ],
            "CNAME": []
        },
        "android.clients": {
            "A": [
                "142.251.36.78",
                "142.251.36.110",
                "142.251.36.142",
                "142.251.37.110"
            ],
            "CNAME": [
                "android.l.google.com"
            ]
        },
        "android.l": {
            "A": [
                "142.251.36.78",
                "142.251.36.110",
                "142.251.36.142",
                "142.251.37.110"
            ],
            "CNAME": []
        },
        "mtalk": {
            "A": [
                "142.250.102.188"
            ],
            "CNAME": []
        }
    },
    "srovname.cz": {
        "srovname.cz": {
            "A": [
                "88.86.109.145"
            ],
            "CNAME": []
        },
        "www": {
            "A": [
                "88.86.109.145"
            ],
            "CNAME": [
                "srovname.cz"
            ]
        },
        "image": {
            "A": [
                "88.86.109.145"
            ],
            "CNAME": [
                "srovname.cz"
            ]
        },
        "dataimg": {
            "A": [
                "88.86.109.145"
            ],
            "CNAME": []
        }
    },
    "vscode-cdn.net": {
        "main": {
            "A": [
                "13.107.253.45"
            ],
            "CNAME": [
                "vscode-cdn.z01.azurefd.net",
                "star-azurefd-prod.trafficmanager.net",
                "shed.dual-low.s-part-0017.t-0009.t-msedge.net",
                "azurefd-t-fb-prod.trafficmanager.net",
                "dual.s-part-0017.t-0009.fb-t-msedge.net",
                "s-part-0017.t-0009.fb-t-msedge.net"
            ]
        }
    },
    "azurefd.net": {
        "vscode-cdn.z01": {
            "A": [],
            "CNAME": [
                "star-azurefd-prod.trafficmanager.net"
            ]
        },
        "clarity": {
            "A": [],
            "CNAME": [
                "azurefd-t-prod.trafficmanager.net"
            ]
        }
    },
    "trafficmanager.net": {
        "star-azurefd-prod": {
            "A": [],
            "CNAME": [
                "shed.dual-low.s-part-0017.t-0009.t-msedge.net"
            ]
        },
        "azurefd-t-fb-prod": {
            "A": [],
            "CNAME": [
                "dual.s-part-0017.t-0009.fb-t-msedge.net"
            ]
        },
        "azurefd-t-prod": {
            "A": [],
            "CNAME": [
                "shed.dual-low.s-part-0017.t-0009.t-msedge.net"
            ]
        },
        "c-msn-pme": {
            "A": [
                "13.74.129.1"
            ],
            "CNAME": []
        }
    },
    "t-msedge.net": {
        "shed.dual-low.s-part-0017.t-0009": {
            "A": [],
            "CNAME": [
                "azurefd-t-fb-prod.trafficmanager.net"
            ]
        }
    },
    "fb-t-msedge.net": {
        "dual.s-part-0017.t-0009": {
            "A": [],
            "CNAME": [
                "s-part-0017.t-0009.fb-t-msedge.net"
            ]
        },
        "s-part-0017.t-0009": {
            "A": [
                "13.107.253.45"
            ],
            "CNAME": []
        }
    },
    "googletagmanager.com": {
        "www": {
            "A": [
                "142.251.36.104"
            ],
            "CNAME": []
        }
    },
    "facebook.net": {
        "connect": {
            "A": [
                "157.240.30.27"
            ],
            "CNAME": [
                "scontent.xx.fbcdn.net"
            ]
        }
    },
    "fbcdn.net": {
        "scontent.xx": {
            "A": [
                "157.240.30.27"
            ],
            "CNAME": []
        }
    },
    "googleapis.com": {
        "content-autofill": {
            "A": [
                "142.251.36.106",
                "142.251.37.106",
                "142.251.36.74",
                "142.251.36.138"
            ],
            "CNAME": []
        }
    },
    "facebook.com": {
        "www": {
            "A": [
                "157.240.30.35"
            ],
            "CNAME": [
                "star-mini.c10r.facebook.com"
            ]
        },
        "star-mini.c10r": {
            "A": [
                "157.240.30.35"
            ],
            "CNAME": []
        }
    },
    "google-analytics.com": {
        "www": {
            "A": [
                "142.251.37.110"
            ],
            "CNAME": [
                "www-alv.google-analytics.com"
            ]
        },
        "www-alv": {
            "A": [
                "142.251.37.110"
            ],
            "CNAME": []
        },
        "region1": {
            "A": [
                "216.239.32.36",
                "216.239.34.36"
            ],
            "CNAME": []
        }
    },
    "cdn-cookieyes.com": {
        "cdn-cookieyes.com": {
            "A": [
                "104.22.59.91",
                "172.67.20.8",
                "104.22.58.91"
            ],
            "CNAME": []
        }
    },
    "seznam.cz": {
        "c": {
            "A": [
                "77.75.79.172",
                "77.75.77.172"
            ],
            "CNAME": []
        }
    },
    "bing.com": {
        "bat": {
            "A": [
                "150.171.27.10",
                "150.171.28.10"
            ],
            "CNAME": [
                "bat-bing-com.ax-0001.ax-msedge.net",
                "ax-0001.ax-msedge.net"
            ]
        },
        "c": {
            "A": [
                "150.171.27.10",
                "150.171.28.10"
            ],
            "CNAME": [
                "c-bing-com.ax-0001.ax-msedge.net"
            ]
        }
    },
    "ax-msedge.net": {
        "bat-bing-com.ax-0001": {
            "A": [],
            "CNAME": [
                "ax-0001.ax-msedge.net"
            ]
        },
        "ax-0001": {
            "A": [
                "150.171.27.10",
                "150.171.28.10"
            ],
            "CNAME": []
        },
        "c-bing-com.ax-0001": {
            "A": [
                "150.171.27.10",
                "150.171.28.10"
            ],
            "CNAME": []
        }
    },
    "clarity.ms": {
        "www": {
            "A": [
                "13.107.253.45"
            ],
            "CNAME": [
                "clarity.azurefd.net",
                "azurefd-t-prod.trafficmanager.net",
                "shed.dual-low.s-part-0017.t-0009.t-msedge.net",
                "azurefd-t-fb-prod.trafficmanager.net",
                "dual.s-part-0017.t-0009.fb-t-msedge.net",
                "s-part-0017.t-0009.fb-t-msedge.net"
            ]
        },
        "r": {
            "A": [
                "20.119.174.243"
            ],
            "CNAME": [
                "clarity-ingest-eus2-b-sc.eastus2.cloudapp.azure.com"
            ]
        },
        "c": {
            "A": [
                "13.74.129.1"
            ],
            "CNAME": [
                "c.msn.com",
                "c-msn-pme.trafficmanager.net"
            ]
        }
    },
    "cookieyes.com": {
        "log": {
            "A": [
                "34.253.125.225",
                "54.72.96.5"
            ],
            "CNAME": []
        }
    },
    "azure.com": {
        "clarity-ingest-eus2-b-sc.eastus2.cloudapp": {
            "A": [
                "20.119.174.243"
            ],
            "CNAME": []
        }
    },
    "msn.com": {
        "c": {
            "A": [],
            "CNAME": [
                "c-msn-pme.trafficmanager.net"
            ]
        }
    },
    "googlesyndication.com": {
        "pagead2": {
            "A": [
                "142.251.37.98"
            ],
            "CNAME": []
        }
    },
    "brave.com": {
        "variations": {
            "A": [
                "65.9.95.77",
                "65.9.95.125",
                "65.9.95.3",
                "65.9.95.103"
            ],
            "CNAME": [
                "d17ndjuagurpsr.cloudfront.net"
            ]
        },
        "go-updater": {
            "A": [
                "54.69.136.171",
                "54.69.161.74",
                "44.235.36.89",
                "44.239.79.15",
                "44.227.0.212",
                "44.229.236.74"
            ],
            "CNAME": [
                "go-updater-1830831421.us-west-2.elb.amazonaws.com"
            ]
        }
    },
    "cloudfront.net": {
        "d17ndjuagurpsr": {
            "A": [
                "65.9.95.77",
                "65.9.95.125",
                "65.9.95.3",
                "65.9.95.103"
            ],
            "CNAME": []
        }
    },
    "amazonaws.com": {
        "go-updater-1830831421.us-west-2.elb": {
            "A": [
                "54.69.136.171",
                "54.69.161.74",
                "44.235.36.89",
                "44.239.79.15",
                "44.227.0.212",
                "44.229.236.74"
            ],
            "CNAME": []
        }
    }
}