{
    "srovname.cz": {
        "srovname.cz": {
            "A": [
                "88.86.109.145"
            ],
            "CNAME": []
        },
        "www": {
            "A": [
                "88.86.109.145"
            ],
            "CNAME": [
                "srovname.cz"
            ]
        },
        "image": {
            "A": [
                "88.86.109.145"
            ],
            "CNAME": [
                "srovname.cz"
            ]
        },
        "dataimg": {
            "A": [
                "88.86.109.145"
            ],
            "CNAME": []
        }
    },
    "googletagmanager.com": {
        "www": {
            "A": [
                "142.251.36.104"
            ],
            "CNAME": []
        }
    },
    "facebook.net": {
        "connect": {
            "A": [
                "157.240.30.27"
            ],
            "CNAME": [
                "scontent.xx.fbcdn.net"
            ]
        }
    },
    "fbcdn.net": {
        "scontent.xx": {
            "A": [
                "157.240.30.27"
            ],
            "CNAME": []
        }
    },
    "facebook.com": {
        "www": {
            "A": [
                "157.240.30.35"
            ],
            "CNAME": [
                "star-mini.c10r.facebook.com"
            ]
        },
        "star-mini.c10r": {
            "A": [
                "157.240.30.35"
            ],
            "CNAME": []
        }
    },
    "cdn-cookieyes.com": {
        "cdn-cookieyes.com": {
            "A": [
                "104.22.59.91",
                "104.22.58.91",
                "172.67.20.8"
            ],
            "CNAME": []
        }
    },
    "google-analytics.com": {
        "www": {
            "A": [
                "142.251.37.110"
            ],
            "CNAME": [
                "www-alv.google-analytics.com"
            ]
        },
        "www-alv": {
            "A": [
                "142.251.37.110"
            ],
            "CNAME": []
        },
        "region1": {
            "A": [
                "216.239.32.36",
                "216.239.34.36"
            ],
            "CNAME": []
        }
    },
    "seznam.cz": {
        "c": {
            "A": [
                "77.75.77.172",
                "77.75.79.172"
            ],
            "CNAME": []
        }
    },
    "bing.com": {
        "bat": {
            "A": [
                "150.171.28.10",
                "150.171.27.10"
            ],
            "CNAME": [
                "bat-bing-com.ax-0001.ax-msedge.net",
                "ax-0001.ax-msedge.net"
            ]
        },
        "c": {
            "A": [
                "150.171.28.10",
                "150.171.27.10"
            ],
            "CNAME": [
                "c-bing-com.ax-0001.ax-msedge.net",
                "ax-0001.ax-msedge.net"
            ]
        }
    },
    "ax-msedge.net": {
        "bat-bing-com.ax-0001": {
            "A": [],
            "CNAME": [
                "ax-0001.ax-msedge.net"
            ]
        },
        "ax-0001": {
            "A": [
                "150.171.28.10",
                "150.171.27.10"
            ],
            "CNAME": []
        },
        "c-bing-com.ax-0001": {
            "A": [],
            "CNAME": [
                "ax-0001.ax-msedge.net"
            ]
        }
    },
    "clarity.ms": {
        "www": {
            "A": [
                "13.107.246.45"
            ],
            "CNAME": [
                "clarity.azurefd.net",
                "azurefd-t-prod.trafficmanager.net",
                "shed.dual-low.s-part-0017.t-0009.t-msedge.net",
                "s-part-0017.t-0009.t-msedge.net"
            ]
        },
        "r": {
            "A": [
                "20.119.174.243"
            ],
            "CNAME": [
                "clarity-ingest-eus2-b-sc.eastus2.cloudapp.azure.com"
            ]
        },
        "c": {
            "A": [
                "13.74.129.1"
            ],
            "CNAME": [
                "c.msn.com",
                "c-msn-pme.trafficmanager.net"
            ]
        }
    },
    "azurefd.net": {
        "clarity": {
            "A": [],
            "CNAME": [
                "azurefd-t-prod.trafficmanager.net"
            ]
        },
        "vscode-cdn.z01": {
            "A": [],
            "CNAME": [
                "star-azurefd-prod.trafficmanager.net"
            ]
        }
    },
    "trafficmanager.net": {
        "azurefd-t-prod": {
            "A": [],
            "CNAME": [
                "shed.dual-low.s-part-0017.t-0009.t-msedge.net"
            ]
        },
        "c-msn-pme": {
            "A": [
                "13.74.129.1"
            ],
            "CNAME": []
        },
        "mobile.events.data": {
            "A": [],
            "CNAME": [
                "onedscolprdcus01.centralus.cloudapp.azure.com"
            ]
        },
        "star-azurefd-prod": {
            "A": [],
            "CNAME": [
                "shed.dual-low.s-part-0017.t-0009.t-msedge.net"
            ]
        }
    },
    "t-msedge.net": {
        "shed.dual-low.s-part-0017.t-0009": {
            "A": [],
            "CNAME": [
                "s-part-0017.t-0009.t-msedge.net"
            ]
        },
        "s-part-0017.t-0009": {
            "A": [
                "13.107.246.45"
            ],
            "CNAME": []
        }
    },
    "azure.com": {
        "clarity-ingest-eus2-b-sc.eastus2.cloudapp": {
            "A": [
                "20.119.174.243"
            ],
            "CNAME": []
        },
        "onedscolprdcus01.centralus.cloudapp": {
            "A": [
                "52.182.141.63"
            ],
            "CNAME": []
        }
    },
    "cookieyes.com": {
        "log": {
            "A": [
                "52.210.73.34",
                "52.51.3.234"
            ],
            "CNAME": []
        }
    },
    "msn.com": {
        "c": {
            "A": [],
            "CNAME": [
                "c-msn-pme.trafficmanager.net"
            ]
        }
    },
    "googlesyndication.com": {
        "pagead2": {
            "A": [
                "142.251.36.130"
            ],
            "CNAME": []
        }
    }
}