[
    {
        "requested_by": "https://sportisimo.cz/",
        "time": 236609.261863,
        "requested_resource": "https://sportisimo.cz/",
        "initiator": {
            "type": "other"
        }
    },
    {
        "requested_by": "https://www.sportisimo.cz/",
        "time": 236609.595714,
        "requested_resource": "https://www.sportisimo.cz/",
        "initiator": {
            "type": "other"
        }
    },
    {
        "requested_by": "https://www.sportisimo.cz/",
        "time": 236609.828163,
        "requested_resource": "https://sdp-api.lnd.bz/versions/v3/interactions-sps.js",
        "initiator": {
            "columnNumber": 79,
            "lineNumber": 22,
            "type": "parser",
            "url": "https://www.sportisimo.cz/"
        }
    },
    {
        "requested_by": "https://www.sportisimo.cz/",
        "time": 236609.828367,
        "requested_resource": "https://www.sportisimo.cz/assets/sportisimo/fonts/open-sans-v27-latin-ext-regular.woff2",
        "initiator": {
            "columnNumber": 173,
            "lineNumber": 23,
            "type": "parser",
            "url": "https://www.sportisimo.cz/"
        }
    },
    {
        "requested_by": "https://www.sportisimo.cz/",
        "time": 236609.828457,
        "requested_resource": "https://www.sportisimo.cz/assets/sportisimo/fonts/open-sans-v27-latin-ext-600.woff2",
        "initiator": {
            "columnNumber": 165,
            "lineNumber": 24,
            "type": "parser",
            "url": "https://www.sportisimo.cz/"
        }
    },
    {
        "requested_by": "https://www.sportisimo.cz/",
        "time": 236609.828508,
        "requested_resource": "https://www.sportisimo.cz/assets/sportisimo/fonts/open-sans-v27-latin-ext-700.woff2",
        "initiator": {
            "columnNumber": 165,
            "lineNumber": 25,
            "type": "parser",
            "url": "https://www.sportisimo.cz/"
        }
    },
    {
        "requested_by": "https://www.sportisimo.cz/",
        "time": 236609.828547,
        "requested_resource": "https://www.sportisimo.cz/assets/sportisimo/css/layout.css?h=3ef90433c41ff76cc6992af03128403c9daeb959",
        "initiator": {
            "columnNumber": 165,
            "lineNumber": 28,
            "type": "parser",
            "url": "https://www.sportisimo.cz/"
        }
    },
    {
        "requested_by": "https://www.sportisimo.cz/",
        "time": 236609.82858,
        "requested_resource": "https://www.sportisimo.cz/assets/sportisimo/js/vendor-02eab891.js",
        "initiator": {
            "columnNumber": 86,
            "lineNumber": 67,
            "type": "parser",
            "url": "https://www.sportisimo.cz/"
        }
    },
    {
        "requested_by": "https://www.sportisimo.cz/",
        "time": 236609.828618,
        "requested_resource": "https://www.sportisimo.cz/assets/sportisimo/js/sm.main-468ae5dd.js",
        "initiator": {
            "columnNumber": 101,
            "lineNumber": 68,
            "type": "parser",
            "url": "https://www.sportisimo.cz/"
        }
    },
    {
        "requested_by": "https://www.sportisimo.cz/",
        "time": 236609.828658,
        "requested_resource": "https://rum-static.pingdom.net/pa-67234c0c5c6a700012000128.js",
        "initiator": {
            "columnNumber": 76,
            "lineNumber": 70,
            "type": "parser",
            "url": "https://www.sportisimo.cz/"
        }
    },
    {
        "requested_by": "https://www.sportisimo.cz/",
        "time": 236609.828691,
        "requested_resource": "https://web-integration.recombee.com/v1/recombee.js",
        "initiator": {
            "columnNumber": 95,
            "lineNumber": 80,
            "type": "parser",
            "url": "https://www.sportisimo.cz/"
        }
    },
    {
        "requested_by": "https://www.sportisimo.cz/",
        "time": 236609.828718,
        "requested_resource": "https://scripts.luigisbox.com/LBX-553610.js",
        "initiator": {
            "columnNumber": 68,
            "lineNumber": 81,
            "type": "parser",
            "url": "https://www.sportisimo.cz/"
        }
    },
    {
        "requested_by": "https://www.sportisimo.cz/",
        "time": 236609.828748,
        "requested_resource": "https://www.sportisimo.cz/assets/sportisimo/images/logo.svg?5",
        "initiator": {
            "columnNumber": 99,
            "lineNumber": 90,
            "type": "parser",
            "url": "https://www.sportisimo.cz/"
        }
    },
    {
        "requested_by": "https://www.sportisimo.cz/",
        "time": 236609.828779,
        "requested_resource": "https://i.sportisimo.com/cms/menus/39582/icons/club-card.svg",
        "initiator": {
            "columnNumber": 85,
            "lineNumber": 104,
            "type": "parser",
            "url": "https://www.sportisimo.cz/"
        }
    },
    {
        "requested_by": "https://www.sportisimo.cz/",
        "time": 236609.828801,
        "requested_resource": "https://i.sportisimo.com/cms/menus/40084/icons/-.svg",
        "initiator": {
            "columnNumber": 77,
            "lineNumber": 110,
            "type": "parser",
            "url": "https://www.sportisimo.cz/"
        }
    },
    {
        "requested_by": "https://www.sportisimo.cz/",
        "time": 236609.837569,
        "requested_resource": "https://sdk.privacy-center.org/1a1ba383-6316-42b9-923a-8b927ae7bd4b/loader.js?target=www.sportisimo.cz",
        "initiator": {
            "stack": {
                "callFrames": [
                    {
                        "columnNumber": 266,
                        "functionName": "",
                        "lineNumber": 19,
                        "scriptId": "15",
                        "url": "https://www.sportisimo.cz/"
                    }
                ]
            },
            "type": "script"
        }
    },
    {
        "requested_by": "https://www.sportisimo.cz/",
        "time": 236609.901185,
        "requested_resource": "https://www.sportisimo.cz/assets/sportisimo/css/images/loader_24.svg",
        "initiator": {
            "type": "parser",
            "url": "https://www.sportisimo.cz/assets/sportisimo/css/layout.css?h=3ef90433c41ff76cc6992af03128403c9daeb959"
        }
    },
    {
        "requested_by": "https://www.sportisimo.cz/",
        "time": 236609.901991,
        "requested_resource": "https://www.sportisimo.cz/assets/sportisimo/css/images/arrow.svg",
        "initiator": {
            "type": "parser",
            "url": "https://www.sportisimo.cz/assets/sportisimo/css/layout.css?h=3ef90433c41ff76cc6992af03128403c9daeb959"
        }
    },
    {
        "requested_by": "https://www.sportisimo.cz/",
        "time": 236610.082563,
        "requested_resource": "https://i.sportisimo.com/cms/banners/126391/background/Vyprodej_1556x352_desktop_CZCZ.jpg",
        "initiator": {
            "columnNumber": 1,
            "lineNumber": 1458,
            "type": "parser",
            "url": "https://www.sportisimo.cz/"
        }
    },
    {
        "requested_by": "https://www.sportisimo.cz/",
        "time": 236610.089122,
        "requested_resource": "https://www.sportisimo.cz/?load-section=1&section=531792",
        "initiator": {
            "stack": {
                "callFrames": [
                    {
                        "columnNumber": 80325,
                        "functionName": "send",
                        "lineNumber": 0,
                        "scriptId": "23",
                        "url": "https://www.sportisimo.cz/assets/sportisimo/js/vendor-02eab891.js"
                    }
                ]
            },
            "type": "script"
        }
    },
    {
        "requested_by": "https://www.sportisimo.cz/",
        "time": 236610.089476,
        "requested_resource": "https://www.sportisimo.cz/?load-section=1&section=531788",
        "initiator": {
            "stack": {
                "callFrames": [
                    {
                        "columnNumber": 80325,
                        "functionName": "send",
                        "lineNumber": 0,
                        "scriptId": "23",
                        "url": "https://www.sportisimo.cz/assets/sportisimo/js/vendor-02eab891.js"
                    }
                ]
            },
            "type": "script"
        }
    },
    {
        "requested_by": "https://www.sportisimo.cz/",
        "time": 236610.091599,
        "requested_resource": "https://i.sportisimo.com/cms/menus/45619/icons/procento-velke-1.png",
        "initiator": {
            "columnNumber": 1,
            "lineNumber": 1458,
            "type": "parser",
            "url": "https://www.sportisimo.cz/"
        }
    },
    {
        "requested_by": "https://www.sportisimo.cz/",
        "time": 236610.091639,
        "requested_resource": "https://i.sportisimo.com/cms/menus/45511/icons/cinky-osy-kotouce.png",
        "initiator": {
            "columnNumber": 1,
            "lineNumber": 1458,
            "type": "parser",
            "url": "https://www.sportisimo.cz/"
        }
    },
    {
        "requested_by": "https://www.sportisimo.cz/",
        "time": 236610.091661,
        "requested_resource": "https://i.sportisimo.com/cms/menus/44670/icons/zimni-fashion-boty-ok.png",
        "initiator": {
            "columnNumber": 1,
            "lineNumber": 1458,
            "type": "parser",
            "url": "https://www.sportisimo.cz/"
        }
    },
    {
        "requested_by": "https://www.sportisimo.cz/",
        "time": 236610.091677,
        "requested_resource": "https://i.sportisimo.com/cms/menus/44174/icons/01-200x200-vychaz-boty.png",
        "initiator": {
            "columnNumber": 1,
            "lineNumber": 1458,
            "type": "parser",
            "url": "https://www.sportisimo.cz/"
        }
    },
    {
        "requested_by": "https://www.sportisimo.cz/",
        "time": 236610.091692,
        "requested_resource": "https://i.sportisimo.com/cms/menus/44178/icons/vysoka-trekova-obuv-ok.png",
        "initiator": {
            "columnNumber": 1,
            "lineNumber": 1458,
            "type": "parser",
            "url": "https://www.sportisimo.cz/"
        }
    },
    {
        "requested_by": "https://www.sportisimo.cz/",
        "time": 236610.091706,
        "requested_resource": "https://i.sportisimo.com/cms/menus/45114/icons/salovky.png",
        "initiator": {
            "columnNumber": 1,
            "lineNumber": 1458,
            "type": "parser",
            "url": "https://www.sportisimo.cz/"
        }
    },
    {
        "requested_by": "https://www.sportisimo.cz/",
        "time": 236610.091725,
        "requested_resource": "https://i.sportisimo.com/cms/menus/44186/icons/trika-fashion.png",
        "initiator": {
            "columnNumber": 1,
            "lineNumber": 1458,
            "type": "parser",
            "url": "https://www.sportisimo.cz/"
        }
    },
    {
        "requested_by": "https://www.sportisimo.cz/",
        "time": 236610.091742,
        "requested_resource": "https://i.sportisimo.com/cms/menus/44188/icons/mikiny-svetry.png",
        "initiator": {
            "columnNumber": 1,
            "lineNumber": 1458,
            "type": "parser",
            "url": "https://www.sportisimo.cz/"
        }
    },
    {
        "requested_by": "https://www.sportisimo.cz/",
        "time": 236610.091762,
        "requested_resource": "https://i.sportisimo.com/cms/menus/44176/icons/merino-triko-ikona-ok.png",
        "initiator": {
            "columnNumber": 1,
            "lineNumber": 1458,
            "type": "parser",
            "url": "https://www.sportisimo.cz/"
        }
    },
    {
        "requested_by": "https://www.sportisimo.cz/",
        "time": 236610.091778,
        "requested_resource": "https://i.sportisimo.com/cms/menus/45116/icons/bundy-kabaty.png",
        "initiator": {
            "columnNumber": 1,
            "lineNumber": 1458,
            "type": "parser",
            "url": "https://www.sportisimo.cz/"
        }
    },
    {
        "requested_by": "https://www.sportisimo.cz/",
        "time": 236610.091793,
        "requested_resource": "https://i.sportisimo.com/cms/menus/44190/icons/09-200x200-kalhoty.png",
        "initiator": {
            "columnNumber": 1,
            "lineNumber": 1458,
            "type": "parser",
            "url": "https://www.sportisimo.cz/"
        }
    },
    {
        "requested_by": "https://www.sportisimo.cz/",
        "time": 236610.091808,
        "requested_resource": "https://i.sportisimo.com/cms/menus/44200/icons/ikona-horska-kola.png",
        "initiator": {
            "columnNumber": 1,
            "lineNumber": 1458,
            "type": "parser",
            "url": "https://www.sportisimo.cz/"
        }
    },
    {
        "requested_by": "https://www.sportisimo.cz/",
        "time": 236610.091824,
        "requested_resource": "https://i.sportisimo.com/cms/menus/45527/icons/400x400-kolobezky.png",
        "initiator": {
            "columnNumber": 1,
            "lineNumber": 1458,
            "type": "parser",
            "url": "https://www.sportisimo.cz/"
        }
    },
    {
        "requested_by": "https://www.sportisimo.cz/",
        "time": 236610.09184,
        "requested_resource": "https://i.sportisimo.com/cms/menus/44672/icons/16-200x200-fotbal.png",
        "initiator": {
            "columnNumber": 1,
            "lineNumber": 1458,
            "type": "parser",
            "url": "https://www.sportisimo.cz/"
        }
    },
    {
        "requested_by": "https://www.sportisimo.cz/",
        "time": 236610.091858,
        "requested_resource": "https://i.sportisimo.com/cms/menus/44198/icons/13-200x200-behani.png",
        "initiator": {
            "columnNumber": 1,
            "lineNumber": 1458,
            "type": "parser",
            "url": "https://www.sportisimo.cz/"
        }
    },
    {
        "requested_by": "https://www.sportisimo.cz/",
        "time": 236610.091877,
        "requested_resource": "https://i.sportisimo.com/cms/menus/44214/icons/ledni-brusle-ok.png",
        "initiator": {
            "columnNumber": 1,
            "lineNumber": 1458,
            "type": "parser",
            "url": "https://www.sportisimo.cz/"
        }
    },
    {
        "requested_by": "https://www.sportisimo.cz/",
        "time": 236610.0919,
        "requested_resource": "https://i.sportisimo.com/cms/menus/45521/icons/bezky-klasika.png",
        "initiator": {
            "columnNumber": 1,
            "lineNumber": 1458,
            "type": "parser",
            "url": "https://www.sportisimo.cz/"
        }
    },
    {
        "requested_by": "https://www.sportisimo.cz/",
        "time": 236610.091918,
        "requested_resource": "https://i.sportisimo.com/cms/menus/45525/icons/lyzaky.png",
        "initiator": {
            "columnNumber": 1,
            "lineNumber": 1458,
            "type": "parser",
            "url": "https://www.sportisimo.cz/"
        }
    },
    {
        "requested_by": "https://www.sportisimo.cz/",
        "time": 236610.091933,
        "requested_resource": "https://i.sportisimo.com/cms/menus/44216/icons/21-200x200-muzi.png",
        "initiator": {
            "columnNumber": 1,
            "lineNumber": 1458,
            "type": "parser",
            "url": "https://www.sportisimo.cz/"
        }
    },
    {
        "requested_by": "https://www.sportisimo.cz/",
        "time": 236610.091948,
        "requested_resource": "https://i.sportisimo.com/cms/menus/44218/icons/22-200x200-zeny.png",
        "initiator": {
            "columnNumber": 1,
            "lineNumber": 1458,
            "type": "parser",
            "url": "https://www.sportisimo.cz/"
        }
    },
    {
        "requested_by": "https://www.sportisimo.cz/",
        "time": 236610.091968,
        "requested_resource": "https://i.sportisimo.com/cms/menus/44220/icons/23-200x200-deti.png",
        "initiator": {
            "columnNumber": 1,
            "lineNumber": 1458,
            "type": "parser",
            "url": "https://www.sportisimo.cz/"
        }
    },
    {
        "requested_by": "https://www.sportisimo.cz/",
        "time": 236610.091985,
        "requested_resource": "https://i.sportisimo.com/cms/menus/44222/icons/24-200x200-znacky.png",
        "initiator": {
            "columnNumber": 1,
            "lineNumber": 1458,
            "type": "parser",
            "url": "https://www.sportisimo.cz/"
        }
    },
    {
        "requested_by": "https://www.sportisimo.cz/",
        "time": 236610.091999,
        "requested_resource": "https://i.sportisimo.com/cms/menus/46045/icons/ico-big.png",
        "initiator": {
            "columnNumber": 1,
            "lineNumber": 1458,
            "type": "parser",
            "url": "https://www.sportisimo.cz/"
        }
    },
    {
        "requested_by": "https://www.sportisimo.cz/",
        "time": 236610.092022,
        "requested_resource": "https://i.sportisimo.com/cms/menus/44224/icons/klub-category-ico.png",
        "initiator": {
            "columnNumber": 1,
            "lineNumber": 1458,
            "type": "parser",
            "url": "https://www.sportisimo.cz/"
        }
    },
    {
        "requested_by": "https://www.sportisimo.cz/",
        "time": 236610.092039,
        "requested_resource": "https://i.sportisimo.com/cms/banners/126287/full/CZ-Double_SBAN_740x275.jpg",
        "initiator": {
            "columnNumber": 1,
            "lineNumber": 1458,
            "type": "parser",
            "url": "https://www.sportisimo.cz/"
        }
    },
    {
        "requested_by": "https://www.sportisimo.cz/",
        "time": 236610.092056,
        "requested_resource": "https://i.sportisimo.com/cms/banners/126175/full/Double_SBAN_740x275_CZ_CZ.jpg",
        "initiator": {
            "columnNumber": 1,
            "lineNumber": 1458,
            "type": "parser",
            "url": "https://www.sportisimo.cz/"
        }
    },
    {
        "requested_by": "https://www.sportisimo.cz/",
        "time": 236610.190482,
        "requested_resource": "https://www.sportisimo.cz/assets/sportisimo/css/images/loading.png",
        "initiator": {
            "columnNumber": 1,
            "lineNumber": 1458,
            "type": "parser",
            "url": "https://www.sportisimo.cz/"
        }
    },
    {
        "requested_by": "https://www.sportisimo.cz/",
        "time": 236610.203123,
        "requested_resource": "https://i.sportisimo.com/promo-actions/12663/logo-image-small/czech/klub-male-cz.svg",
        "initiator": {
            "columnNumber": 1,
            "lineNumber": 1458,
            "type": "parser",
            "url": "https://www.sportisimo.cz/"
        }
    },
    {
        "requested_by": "https://www.sportisimo.cz/",
        "time": 236610.203186,
        "requested_resource": "https://i.sportisimo.com/products/images/1037/1037465/450x450/fitforce-adbr-10kg_0.jpg",
        "initiator": {
            "columnNumber": 1,
            "lineNumber": 1458,
            "type": "parser",
            "url": "https://www.sportisimo.cz/"
        }
    },
    {
        "requested_by": "https://www.sportisimo.cz/",
        "time": 236610.203223,
        "requested_resource": "https://i.sportisimo.com/products/images/1379/1379693/450x450/fitforce-g-max3-1-u1a-blk-pos-lavice-blk_4.jpg",
        "initiator": {
            "columnNumber": 1,
            "lineNumber": 1458,
            "type": "parser",
            "url": "https://www.sportisimo.cz/"
        }
    },
    {
        "requested_by": "https://www.sportisimo.cz/",
        "time": 236610.20325,
        "requested_resource": "https://i.sportisimo.com/products/images/1743/1743054/450x450/fitforce-wall-ball-4-kg_0.jpg",
        "initiator": {
            "columnNumber": 1,
            "lineNumber": 1458,
            "type": "parser",
            "url": "https://www.sportisimo.cz/"
        }
    },
    {
        "requested_by": "https://www.sportisimo.cz/",
        "time": 236610.203282,
        "requested_resource": "https://i.sportisimo.com/products/images/2029/2029238/450x450/vans-old-skool-print-backpack-port-royale_0.jpg",
        "initiator": {
            "columnNumber": 1,
            "lineNumber": 1458,
            "type": "parser",
            "url": "https://www.sportisimo.cz/"
        }
    },
    {
        "requested_by": "https://www.sportisimo.cz/",
        "time": 236610.214438,
        "requested_resource": "https://sdk.privacy-center.org/sdk/169ca3ee90aab3f8a29c09a328c18e41acfef520/modern/sdk.169ca3ee90aab3f8a29c09a328c18e41acfef520.js",
        "initiator": {
            "stack": {
                "callFrames": [
                    {
                        "columnNumber": 16190,
                        "functionName": "e",
                        "lineNumber": 0,
                        "scriptId": "26",
                        "url": "https://sdk.privacy-center.org/1a1ba383-6316-42b9-923a-8b927ae7bd4b/loader.js?target=www.sportisimo.cz"
                    }
                ]
            },
            "type": "script"
        }
    },
    {
        "requested_by": "https://www.sportisimo.cz/",
        "time": 236610.276099,
        "requested_resource": "https://sdk.privacy-center.org/sdk/169ca3ee90aab3f8a29c09a328c18e41acfef520/modern/ui-web-cs-web.169ca3ee90aab3f8a29c09a328c18e41acfef520.js",
        "initiator": {
            "stack": {
                "callFrames": [
                    {
                        "columnNumber": 262993,
                        "functionName": "o.l",
                        "lineNumber": 1,
                        "scriptId": "28",
                        "url": "https://sdk.privacy-center.org/sdk/169ca3ee90aab3f8a29c09a328c18e41acfef520/modern/sdk.169ca3ee90aab3f8a29c09a328c18e41acfef520.js"
                    }
                ]
            },
            "type": "script"
        }
    },
    {
        "requested_by": "https://www.sportisimo.cz/",
        "time": 236610.286925,
        "requested_resource": "https://cdn.luigisbox.com/autocomplete.js",
        "initiator": {
            "stack": {
                "callFrames": [
                    {
                        "columnNumber": 5163,
                        "functionName": "initializeAutocomplete",
                        "lineNumber": 3,
                        "scriptId": "29",
                        "url": "https://scripts.luigisbox.com/LBX-553610.js"
                    }
                ]
            },
            "type": "script"
        }
    },
    {
        "requested_by": "https://www.sportisimo.cz/",
        "time": 236610.287071,
        "requested_resource": "https://cdn.luigisbox.com/autocomplete.css",
        "initiator": {
            "stack": {
                "callFrames": [
                    {
                        "columnNumber": 5341,
                        "functionName": "initializeAutocomplete",
                        "lineNumber": 3,
                        "scriptId": "29",
                        "url": "https://scripts.luigisbox.com/LBX-553610.js"
                    }
                ]
            },
            "type": "script"
        }
    },
    {
        "requested_by": "https://www.sportisimo.cz/",
        "time": 236610.287372,
        "requested_resource": "https://cdn.luigisbox.com/sportisimo.js",
        "initiator": {
            "stack": {
                "callFrames": [
                    {
                        "columnNumber": 13311,
                        "functionName": "",
                        "lineNumber": 3,
                        "scriptId": "29",
                        "url": "https://scripts.luigisbox.com/LBX-553610.js"
                    }
                ]
            },
            "type": "script"
        }
    },
    {
        "requested_by": "https://www.sportisimo.cz/",
        "time": 236610.305005,
        "requested_resource": "https://www.googletagmanager.com/gtm.js?id=GTM-TR2Q5RX",
        "initiator": {
            "stack": {
                "callFrames": [
                    {
                        "columnNumber": 266,
                        "functionName": "",
                        "lineNumber": 57,
                        "scriptId": "19",
                        "url": "https://www.sportisimo.cz/"
                    }
                ]
            },
            "type": "script"
        }
    },
    {
        "requested_by": "https://www.sportisimo.cz/",
        "time": 236610.448552,
        "requested_resource": "https://www.googletagmanager.com/gtag/js?id=G-BZ2DK05WT8&l=dataLayer&cx=c&gtm=45He52k0v811975323za200",
        "initiator": {
            "stack": {
                "callFrames": [
                    {
                        "columnNumber": 482,
                        "functionName": "pc",
                        "lineNumber": 293,
                        "scriptId": "31",
                        "url": "https://www.googletagmanager.com/gtm.js?id=GTM-TR2Q5RX"
                    }
                ]
            },
            "type": "script"
        }
    },
    {
        "requested_by": "https://www.sportisimo.cz/",
        "time": 236610.480148,
        "requested_resource": "https://pagead2.googlesyndication.com/ccm/collect?en=page_view&dl=https%3A%2F%2Fwww.sportisimo.cz%2F&scrsrc=www.googletagmanager.com&frm=0&rnd=874979723.1740224438&navt=n&npa=1&gtm=45He52k0v811975323za200&gcs=G100&gcd=13p3p3p2p5l1&dma_cps=-&dma=1&tcfd=10001&tag_exp=101732279~101732281~102067808~102482433~102539968~102558064~102587591~102605417~102640600~102658453&tft=1740224437881&tfd=1219&apve=1",
        "initiator": {
            "stack": {
                "callFrames": [
                    {
                        "columnNumber": 322,
                        "functionName": "Cc",
                        "lineNumber": 297,
                        "scriptId": "31",
                        "url": "https://www.googletagmanager.com/gtm.js?id=GTM-TR2Q5RX"
                    }
                ]
            },
            "type": "script"
        }
    },
    {
        "requested_by": "https://www.sportisimo.cz/",
        "time": 236610.497876,
        "requested_resource": "https://c.seznam.cz/js/rc.js",
        "initiator": {
            "stack": {
                "callFrames": [
                    {
                        "columnNumber": 482,
                        "functionName": "pc",
                        "lineNumber": 293,
                        "scriptId": "31",
                        "url": "https://www.googletagmanager.com/gtm.js?id=GTM-TR2Q5RX"
                    }
                ]
            },
            "type": "script"
        }
    },
    {
        "requested_by": "https://www.sportisimo.cz/",
        "time": 236610.50073,
        "requested_resource": "https://sportisimo.bot.coworkers.ai/ew/vendor.js",
        "initiator": {
            "stack": {
                "callFrames": [
                    {
                        "columnNumber": 428,
                        "functionName": "",
                        "lineNumber": 858,
                        "scriptId": "31",
                        "url": "https://www.googletagmanager.com/gtm.js?id=GTM-TR2Q5RX"
                    }
                ]
            },
            "type": "script"
        }
    },
    {
        "requested_by": "https://www.sportisimo.cz/",
        "time": 236610.500961,
        "requested_resource": "https://sportisimo.bot.coworkers.ai/ew/app.js",
        "initiator": {
            "stack": {
                "callFrames": [
                    {
                        "columnNumber": 428,
                        "functionName": "",
                        "lineNumber": 858,
                        "scriptId": "31",
                        "url": "https://www.googletagmanager.com/gtm.js?id=GTM-TR2Q5RX"
                    }
                ]
            },
            "type": "script"
        }
    },
    {
        "requested_by": "https://www.sportisimo.cz/",
        "time": 236610.501106,
        "requested_resource": "https://region1.analytics.google.com/g/collect?v=2&tid=G-WJZDST5F3C&cid=1740224437890.bkctk7&en=page_view&dl=%2F&dr=&dt=Sportisimo%20e-shop%20~%20%C5%BEivot%20v%20pohybu%20%7C%20sportisimo.cz&gcs=G111&ep.consents=fun~granted~~ana~denied~~ads~denied&ep.page_type=home&ep.content_group=home&_dbg=1&gtmcb=928179401",
        "initiator": {
            "columnNumber": 1,
            "lineNumber": 1458,
            "type": "parser",
            "url": "https://www.sportisimo.cz/"
        }
    },
    {
        "requested_by": "https://www.googletagmanager.com/static/service_worker/5230/sw_iframe.html?origin=https%3A%2F%2Fwww.sportisimo.cz",
        "time": 236610.507704,
        "requested_resource": "https://www.googletagmanager.com/static/service_worker/5230/sw_iframe.html?origin=https%3A%2F%2Fwww.sportisimo.cz",
        "initiator": {
            "stack": {
                "callFrames": [
                    {
                        "columnNumber": 263,
                        "functionName": "q",
                        "lineNumber": 660,
                        "scriptId": "31",
                        "url": "https://www.googletagmanager.com/gtm.js?id=GTM-TR2Q5RX"
                    }
                ]
            },
            "type": "script"
        }
    },
    {
        "requested_by": "https://www.sportisimo.cz/",
        "time": 236610.594532,
        "requested_resource": "https://www.googletagmanager.com/gtag/destination?id=AW-1037407580&l=dataLayer&cx=c&gtm=45je52k0v876005312za200zb811975323",
        "initiator": {
            "stack": {
                "callFrames": [
                    {
                        "columnNumber": 482,
                        "functionName": "pc",
                        "lineNumber": 238,
                        "scriptId": "150",
                        "url": "https://www.googletagmanager.com/gtag/js?id=G-BZ2DK05WT8&l=dataLayer&cx=c&gtm=45He52k0v811975323za200"
                    }
                ]
            },
            "type": "script"
        }
    },
    {
        "requested_by": "https://www.sportisimo.cz/",
        "time": 236610.611961,
        "requested_resource": "https://analytics.sportisimo.cz/g/collect?v=2&tid=G-BZ2DK05WT8&gtm=45je52k0v876005312z8811975323za200zb811975323&_p=1740224437706&gcs=G100&gcd=13p3pPp2p5l1&npa=1&dma_cps=-&dma=1&tcfd=10001&tag_exp=101732282~101732284~102067808~102482433~102539968~102558064~102587591~102605417~102640600~102658453&cid=1456190604.1740224438&ecid=1587028173&ul=en-us&sr=2560x1440&_fplc=0&ir=1&ur=CZ-64&uaa=x86&uab=64&uafvl=Chromium%3B133.0.6943.126%7CNot(A%253ABrand%3B99.0.0.0&uamb=0&uam=&uap=Windows&uapv=19.0.0&uaw=0&are=1&frm=0&pscdl=denied&_eu=EA&sst.rnd=874979723.1740224438&sst.etld=google.cz&sst.gcsub=region1&sst.tft=1740224437706&sst.lpc=204677970&sst.navt=n&sst.ude=0&_s=1&dr=&dl=https%3A%2F%2Fwww.sportisimo.cz%2F&sid=1740224438&sct=1&seg=0&dt=Sportisimo%20e-shop%20~%20%C5%BEivot%20v%20pohybu%20%7C%20sportisimo.cz&en=page_view&_fv=1&_nsi=1&_ss=1&ep.gtm=GTM-TR2Q5RX%20%2F%20410&ep.technology_platform=web&ep.login_status=logged-out&ep.page_type=home&ep.ab_test=RecoEngine2-A&ep.page_version=11.10.0&ep.page_fragment=&up.user_login_status=logged-out&up.user_ab_test=RecoEngine2-A&tfd=1350&richsstsse",
        "initiator": {
            "stack": {
                "callFrames": [
                    {
                        "columnNumber": 91,
                        "functionName": "mK",
                        "lineNumber": 822,
                        "scriptId": "150",
                        "url": "https://www.googletagmanager.com/gtag/js?id=G-BZ2DK05WT8&l=dataLayer&cx=c&gtm=45He52k0v811975323za200"
                    }
                ]
            },
            "type": "script"
        }
    },
    {
        "requested_by": "https://www.sportisimo.cz/",
        "time": 236610.619599,
        "requested_resource": "https://sdp-api.lnd.bz/api/v3/event?et=sa&ea=pageview&token=XOT8gNvWL1kXh8FjsopQmu3zQoUfeffE",
        "initiator": {
            "stack": {
                "callFrames": [
                    {
                        "columnNumber": 156163,
                        "functionName": "l",
                        "lineNumber": 0,
                        "scriptId": "27",
                        "url": "https://sdp-api.lnd.bz/versions/v3/interactions-sps.js"
                    }
                ]
            },
            "type": "script"
        }
    },
    {
        "requested_by": "https://www.sportisimo.cz/",
        "time": 236610.620059,
        "requested_resource": "https://sa-sdp.lnd.bz/versions/v3/interactions-sps-c138.js",
        "initiator": {
            "stack": {
                "callFrames": [
                    {
                        "columnNumber": 175713,
                        "functionName": "s.l",
                        "lineNumber": 0,
                        "scriptId": "27",
                        "url": "https://sdp-api.lnd.bz/versions/v3/interactions-sps.js"
                    }
                ]
            },
            "type": "script"
        }
    },
    {
        "requested_by": "https://www.sportisimo.cz/",
        "time": 236610.656558,
        "requested_resource": "https://api.luigisbox.com/",
        "initiator": {
            "stack": {
                "callFrames": [
                    {
                        "columnNumber": 39678,
                        "functionName": "run",
                        "lineNumber": 12,
                        "scriptId": "151",
                        "url": "https://cdn.luigisbox.com/sportisimo.js"
                    }
                ]
            },
            "type": "script"
        }
    },
    {
        "requested_by": "https://api.luigisbox.com/",
        "time": 236610.657409,
        "requested_resource": "https://api.luigisbox.com/",
        "initiator": {
            "requestId": "8548.137",
            "type": "preflight",
            "url": "https://api.luigisbox.com/"
        }
    },
    {
        "requested_by": "https://www.sportisimo.cz/",
        "time": 236610.675214,
        "requested_resource": "https://live.luigisbox.com/v2/trending_queries?tracker_id=459079-553610&hostname=www.sportisimo.cz",
        "initiator": {
            "stack": {
                "callFrames": [
                    {
                        "columnNumber": 96047,
                        "functionName": "XMLHttpRequest.send",
                        "lineNumber": 42,
                        "scriptId": "151",
                        "url": "https://cdn.luigisbox.com/sportisimo.js"
                    }
                ]
            },
            "type": "script"
        }
    },
    {
        "requested_by": "https://live.luigisbox.com/v2/trending_queries?tracker_id=459079-553610&hostname=www.sportisimo.cz",
        "time": 236610.677009,
        "requested_resource": "https://live.luigisbox.com/v2/trending_queries?tracker_id=459079-553610&hostname=www.sportisimo.cz",
        "initiator": {
            "requestId": "8548.138",
            "type": "preflight",
            "url": "https://live.luigisbox.com/v2/trending_queries?tracker_id=459079-553610&hostname=www.sportisimo.cz"
        }
    },
    {
        "requested_by": "https://www.sportisimo.cz/",
        "time": 236610.76496,
        "requested_resource": "https://api.luigisbox.com/",
        "initiator": {
            "stack": {
                "callFrames": [
                    {
                        "columnNumber": 96047,
                        "functionName": "XMLHttpRequest.send",
                        "lineNumber": 42,
                        "scriptId": "151",
                        "url": "https://cdn.luigisbox.com/sportisimo.js"
                    }
                ]
            },
            "type": "script"
        }
    },
    {
        "requested_by": "https://api.luigisbox.com/",
        "time": 236610.76795,
        "requested_resource": "https://api.luigisbox.com/",
        "initiator": {
            "requestId": "8548.139",
            "type": "preflight",
            "url": "https://api.luigisbox.com/"
        }
    },
    {
        "requested_by": "https://www.sportisimo.cz/",
        "time": 236610.81555,
        "requested_resource": "https://c.seznam.cz/retargeting?id=10187&url=https%3A%2F%2Fwww.sportisimo.cz%2F&consent=0",
        "initiator": {
            "columnNumber": 1,
            "lineNumber": 1458,
            "type": "parser",
            "url": "https://www.sportisimo.cz/"
        }
    },
    {
        "requested_by": "https://www.sportisimo.cz/",
        "time": 236610.824307,
        "requested_resource": "https://www.sportisimo.cz/assets/sportisimo/css/images/icons/favicons/site.webmanifest",
        "initiator": {
            "columnNumber": 1,
            "lineNumber": 1458,
            "type": "parser",
            "url": "https://www.sportisimo.cz/"
        }
    },
    {
        "requested_by": "https://www.sportisimo.cz/",
        "time": 236610.898977,
        "requested_resource": "https://www.google.com/recaptcha/api.js?render=6LdBIpAUAAAAAMG3hfpNHLYA27M5EuB8uNO1kg4p",
        "initiator": {
            "stack": {
                "callFrames": [
                    {
                        "columnNumber": 81097,
                        "functionName": "send",
                        "lineNumber": 0,
                        "scriptId": "23",
                        "url": "https://www.sportisimo.cz/assets/sportisimo/js/vendor-02eab891.js"
                    }
                ]
            },
            "type": "script"
        }
    },
    {
        "requested_by": "https://www.sportisimo.cz/",
        "time": 236610.911161,
        "requested_resource": "https://www.sportisimo.cz/assets/sportisimo/css/images/icons/favicons/favicon.svg",
        "initiator": {
            "type": "other"
        }
    },
    {
        "requested_by": "https://www.sportisimo.cz/",
        "time": 236610.911268,
        "requested_resource": "https://www.sportisimo.cz/assets/sportisimo/css/images/icons/favicons/favicon-192x192.png",
        "initiator": {
            "type": "other"
        }
    },
    {
        "requested_by": "https://www.sportisimo.cz/",
        "time": 236610.925737,
        "requested_resource": "https://rum-collector-2.pingdom.net/img/beacon.gif?id=67234c0c5c6a700012000128&sAW=2560&sAH=1392&bIW=1249&bIH=1172&pD=24&dPR=1&or=landscape-primary&nT=0&rC=0&nS=0&cS=481&cE=499&dLE=481&dLS=335&fS=334&hS=487&rE=-1&rS=-1&reS=499&resS=558&resE=572&uEE=-1&uES=-1&dL=561&dI=661&dCLES=822&dCLEE=822&dC=1636&lES=1637&lEE=1644&s=nt&title=Sportisimo%20e-shop%20~%20%C5%BEivot%20v%20pohybu%20%7C%20sportisimo.cz&path=https%3A%2F%2Fwww.sportisimo.cz%2F&ref=&sId=n3tpg00f&sST=1740224438&sIS=1&rV=0&v=1.4.1",
        "initiator": {
            "stack": {
                "callFrames": [
                    {
                        "columnNumber": 96047,
                        "functionName": "XMLHttpRequest.send",
                        "lineNumber": 42,
                        "scriptId": "151",
                        "url": "https://cdn.luigisbox.com/sportisimo.js"
                    }
                ]
            },
            "type": "script"
        }
    },
    {
        "requested_by": "https://www.sportisimo.cz/",
        "time": 236610.967191,
        "requested_resource": "https://www.gstatic.com/recaptcha/releases/IyZ984yGrXrBd6ihLOYGwy9X/recaptcha__en.js",
        "initiator": {
            "stack": {
                "callFrames": [
                    {
                        "columnNumber": 1484,
                        "functionName": "",
                        "lineNumber": 0,
                        "scriptId": "173",
                        "url": "https://www.google.com/recaptcha/api.js?render=6LdBIpAUAAAAAMG3hfpNHLYA27M5EuB8uNO1kg4p"
                    }
                ]
            },
            "type": "script"
        }
    },
    {
        "requested_by": "https://www.sportisimo.cz/",
        "time": 236610.9827,
        "requested_resource": "https://sportisimo.bot.coworkers.ai/initial-configuration?instanceId=4&userToken=c0d23d51-2716-4770-835b-8f256ecb2968",
        "initiator": {
            "stack": {
                "callFrames": [
                    {
                        "columnNumber": 96047,
                        "functionName": "XMLHttpRequest.send",
                        "lineNumber": 42,
                        "scriptId": "151",
                        "url": "https://cdn.luigisbox.com/sportisimo.js"
                    }
                ]
            },
            "type": "script"
        }
    },
    {
        "requested_by": "https://www.sportisimo.cz/",
        "time": 236611.128074,
        "requested_resource": "https://sportisimo.bot.coworkers.ai/configuration?instanceId=4",
        "initiator": {
            "stack": {
                "callFrames": [
                    {
                        "columnNumber": 96047,
                        "functionName": "XMLHttpRequest.send",
                        "lineNumber": 42,
                        "scriptId": "151",
                        "url": "https://cdn.luigisbox.com/sportisimo.js"
                    }
                ]
            },
            "type": "script"
        }
    },
    {
        "requested_by": "https://www.sportisimo.cz/",
        "time": 236611.148237,
        "requested_resource": "https://www.google-analytics.com/analytics.js",
        "initiator": {
            "stack": {
                "callFrames": [
                    {
                        "columnNumber": 40552,
                        "functionName": "",
                        "lineNumber": 9,
                        "scriptId": "167",
                        "url": "https://sportisimo.bot.coworkers.ai/ew/app.js"
                    }
                ]
            },
            "type": "script"
        }
    },
    {
        "requested_by": "https://www.sportisimo.cz/",
        "time": 236611.160816,
        "requested_resource": "https://sportisimo.bot.coworkers.ai/environment-file/c9e934fad328bd421c37e5960156ab5c49c7981998588459c7fdb8dfa206a272",
        "initiator": {
            "type": "other"
        }
    },
    {
        "requested_by": "https://www.google.com/recaptcha/api2/anchor?ar=1&k=6LdBIpAUAAAAAMG3hfpNHLYA27M5EuB8uNO1kg4p&co=aHR0cHM6Ly93d3cuc3BvcnRpc2ltby5jejo0NDM.&hl=en&v=IyZ984yGrXrBd6ihLOYGwy9X&size=invisible&cb=bntcpup8xw0i",
        "time": 236611.361503,
        "requested_resource": "https://www.google.com/recaptcha/api2/anchor?ar=1&k=6LdBIpAUAAAAAMG3hfpNHLYA27M5EuB8uNO1kg4p&co=aHR0cHM6Ly93d3cuc3BvcnRpc2ltby5jejo0NDM.&hl=en&v=IyZ984yGrXrBd6ihLOYGwy9X&size=invisible&cb=bntcpup8xw0i",
        "initiator": {
            "stack": {
                "callFrames": [
                    {
                        "columnNumber": 17,
                        "functionName": "",
                        "lineNumber": 167,
                        "scriptId": "176",
                        "url": "https://www.gstatic.com/recaptcha/releases/IyZ984yGrXrBd6ihLOYGwy9X/recaptcha__en.js"
                    }
                ]
            },
            "type": "script"
        }
    },
    {
        "requested_by": "https://www.sportisimo.cz/",
        "time": 236611.426934,
        "requested_resource": "https://www.sportisimo.cz/assets/sportisimo/css/images/icons/favicons/favicon.ico",
        "initiator": {
            "type": "other"
        }
    },
    {
        "requested_by": "https://www.sportisimo.cz/",
        "time": 236613.214253,
        "requested_resource": "https://i.sportisimo.com/cms/banners/127257/background/CZ_HP_1556x352_desktop.jpg",
        "initiator": {
            "type": "other"
        }
    },
    {
        "requested_by": "https://www.sportisimo.cz/",
        "time": 236616.30777,
        "requested_resource": "https://i.sportisimo.com/cms/banners/127433/background/HP_1556x352_desktop_CZ.jpg",
        "initiator": {
            "type": "other"
        }
    },
    {
        "requested_by": "https://www.sportisimo.cz/",
        "time": 236616.781704,
        "requested_resource": "https://analytics.sportisimo.cz/g/collect?v=2&tid=G-BZ2DK05WT8&gtm=45je52k0v876005312z8811975323za200zb811975323&_p=1740224437706&gcs=G100&gcd=13p3pPp2p5l1&npa=1&dma_cps=-&dma=1&tcfd=10001&tag_exp=101732282~101732284~102067808~102482433~102539968~102558064~102587591~102605417~102640600~102658453&cid=1456190604.1740224438&ecid=1587028173&ul=en-us&sr=2560x1440&_fplc=0&ir=1&ur=CZ-64&uaa=x86&uab=64&uafvl=Chromium%3B133.0.6943.126%7CNot(A%253ABrand%3B99.0.0.0&uamb=0&uam=&uap=Windows&uapv=19.0.0&uaw=0&are=1&frm=0&pscdl=denied&_eu=EA&sst.rnd=874979723.1740224438&sst.etld=google.cz&sst.gcsub=region1&sst.tft=1740224437706&sst.lpc=204677970&sst.navt=n&sst.ude=0&_s=2&dr=&dl=https%3A%2F%2Fwww.sportisimo.cz%2F&cu=CZK&sid=1740224438&sct=1&seg=0&dt=Sportisimo%20e-shop%20~%20%C5%BEivot%20v%20pohybu%20%7C%20sportisimo.cz&en=view_promotion&pr1=pn241202-oneill-winter-sban~pi126175~cnhome%3A%20%2F%20%5Bstatic%202%5D~cs4&pr2=pn241206-reaper-snowboard-sban~pi126287~cnhome%3A%20%2F%20%5Bstatic%201%5D~cs5&pr3=pn241225-winter-sale~pi126391~cnhome%3A%20%2F%20%5Bdynamic_promo%5D~cs4&pr4=pn250220-adidas-football~pi127257~cnhome%3A%20%2F%20%5Bdynamic_promo%5D~cs5&ep.gtm=GTM-TR2Q5RX%20%2F%20410&ep.technology_platform=web&ep.login_status=logged-out&ep.page_type=home&ep.ab_test=RecoEngine2-A&ep.page_version=11.10.0&ep.page_fragment=&_et=5668&up.user_ab_test=RecoEngine2-A&tfd=7520&richsstsse",
        "initiator": {
            "stack": {
                "callFrames": [
                    {
                        "columnNumber": 91,
                        "functionName": "mK",
                        "lineNumber": 822,
                        "scriptId": "150",
                        "url": "https://www.googletagmanager.com/gtag/js?id=G-BZ2DK05WT8&l=dataLayer&cx=c&gtm=45He52k0v811975323za200"
                    }
                ]
            },
            "type": "script"
        }
    }
]