[
    {
        "requested_for": "https://cas.cz/",
        "time": 339460.05698,
        "requestId": "2837C9B5D7BF21CBF24AF615478426E7",
        "loaderId": "2837C9B5D7BF21CBF24AF615478426E7",
        "requested_resource": "https://cas.cz/",
        "initiator": {
            "type": "other"
        }
    },
    {
        "requested_for": "https://www.avcr.cz/",
        "time": 339460.393624,
        "requestId": "2837C9B5D7BF21CBF24AF615478426E7",
        "loaderId": "2837C9B5D7BF21CBF24AF615478426E7",
        "requested_resource": "https://www.avcr.cz/",
        "initiator": {
            "type": "other"
        }
    },
    {
        "requested_for": "https://www.avcr.cz/cs/",
        "time": 339460.458672,
        "requestId": "2837C9B5D7BF21CBF24AF615478426E7",
        "loaderId": "2837C9B5D7BF21CBF24AF615478426E7",
        "requested_resource": "https://www.avcr.cz/cs/",
        "initiator": {
            "type": "other"
        }
    },
    {
        "requested_for": "https://www.avcr.cz/cs/",
        "time": 339461.043644,
        "requestId": "27000.2",
        "loaderId": "2837C9B5D7BF21CBF24AF615478426E7",
        "requested_resource": "https://www.avcr.cz/export/system/modules/cz.nelasoft.opencms.avcr/resources/css/main.css",
        "initiator": {
            "columnNumber": 119,
            "lineNumber": 13,
            "type": "parser",
            "url": "https://www.avcr.cz/cs/"
        }
    },
    {
        "requested_for": "https://www.avcr.cz/cs/",
        "time": 339461.043878,
        "requestId": "27000.3",
        "loaderId": "2837C9B5D7BF21CBF24AF615478426E7",
        "requested_resource": "https://www.avcr.cz/export/system/modules/cz.nelasoft.opencms.avcr/resources/css/owl.carousel.css",
        "initiator": {
            "columnNumber": 127,
            "lineNumber": 14,
            "type": "parser",
            "url": "https://www.avcr.cz/cs/"
        }
    },
    {
        "requested_for": "https://www.avcr.cz/cs/",
        "time": 339461.043938,
        "requestId": "27000.4",
        "loaderId": "2837C9B5D7BF21CBF24AF615478426E7",
        "requested_resource": "https://www.avcr.cz/export/system/modules/cz.nelasoft.opencms.avcr/resources/css/custom.css",
        "initiator": {
            "columnNumber": 121,
            "lineNumber": 15,
            "type": "parser",
            "url": "https://www.avcr.cz/cs/"
        }
    },
    {
        "requested_for": "https://www.avcr.cz/cs/",
        "time": 339461.043971,
        "requestId": "27000.5",
        "loaderId": "2837C9B5D7BF21CBF24AF615478426E7",
        "requested_resource": "https://www.avcr.cz/export/system/modules/cz.nelasoft.opencms.avcr/resources/css/owl.theme.css",
        "initiator": {
            "columnNumber": 124,
            "lineNumber": 16,
            "type": "parser",
            "url": "https://www.avcr.cz/cs/"
        }
    },
    {
        "requested_for": "https://www.avcr.cz/cs/",
        "time": 339461.044015,
        "requestId": "27000.6",
        "loaderId": "2837C9B5D7BF21CBF24AF615478426E7",
        "requested_resource": "https://www.avcr.cz/export/system/modules/cz.nelasoft.opencms.avcr/resources/css/ukraine.css",
        "initiator": {
            "columnNumber": 122,
            "lineNumber": 17,
            "type": "parser",
            "url": "https://www.avcr.cz/cs/"
        }
    },
    {
        "requested_for": "https://www.avcr.cz/cs/",
        "time": 339461.044055,
        "requestId": "27000.7",
        "loaderId": "2837C9B5D7BF21CBF24AF615478426E7",
        "requested_resource": "https://www.avcr.cz/export/system/modules/cz.nelasoft.opencms.avcr/resources/css/jeduvedu/jeduvedu.css",
        "initiator": {
            "columnNumber": 132,
            "lineNumber": 18,
            "type": "parser",
            "url": "https://www.avcr.cz/cs/"
        }
    },
    {
        "requested_for": "https://www.avcr.cz/cs/",
        "time": 339461.044089,
        "requestId": "27000.8",
        "loaderId": "2837C9B5D7BF21CBF24AF615478426E7",
        "requested_resource": "https://www.avcr.cz/export/system/modules/cz.nelasoft.opencms.avcr/resources/css/jeduvedu/jeduveduCustom.css",
        "initiator": {
            "columnNumber": 138,
            "lineNumber": 19,
            "type": "parser",
            "url": "https://www.avcr.cz/cs/"
        }
    },
    {
        "requested_for": "https://www.avcr.cz/cs/",
        "time": 339461.044188,
        "requestId": "27000.9",
        "loaderId": "2837C9B5D7BF21CBF24AF615478426E7",
        "requested_resource": "https://www.avcr.cz/export/system/modules/cz.osw.opencms.types/resources/slick-photos/slick-photos.min.css",
        "initiator": {
            "columnNumber": 136,
            "lineNumber": 20,
            "type": "parser",
            "url": "https://www.avcr.cz/cs/"
        }
    },
    {
        "requested_for": "https://www.avcr.cz/cs/",
        "time": 339461.044241,
        "requestId": "27000.10",
        "loaderId": "2837C9B5D7BF21CBF24AF615478426E7",
        "requested_resource": "https://netdna.bootstrapcdn.com/font-awesome/4.6.3/css/font-awesome.css",
        "initiator": {
            "columnNumber": 248,
            "lineNumber": 20,
            "type": "parser",
            "url": "https://www.avcr.cz/cs/"
        }
    },
    {
        "requested_for": "https://www.avcr.cz/cs/",
        "time": 339461.044266,
        "requestId": "27000.11",
        "loaderId": "2837C9B5D7BF21CBF24AF615478426E7",
        "requested_resource": "https://www.avcr.cz/export/system/modules/cz.nelasoft.opencms.media/resources/build/mediaelementplayer.css",
        "initiator": {
            "columnNumber": 43,
            "lineNumber": 22,
            "type": "parser",
            "url": "https://www.avcr.cz/cs/"
        }
    },
    {
        "requested_for": "https://www.avcr.cz/cs/",
        "time": 339461.044353,
        "requestId": "27000.12",
        "loaderId": "2837C9B5D7BF21CBF24AF615478426E7",
        "requested_resource": "https://ajax.googleapis.com/ajax/libs/jquery/1.11.0/jquery.min.js",
        "initiator": {
            "columnNumber": 78,
            "lineNumber": 25,
            "type": "parser",
            "url": "https://www.avcr.cz/cs/"
        }
    },
    {
        "requested_for": "https://www.avcr.cz/cs/",
        "time": 339461.044419,
        "requestId": "27000.13",
        "loaderId": "2837C9B5D7BF21CBF24AF615478426E7",
        "requested_resource": "https://www.avcr.cz/system/modules/cz.nelasoft.opencms.avcr/resources/js/jquery-ui.min.js",
        "initiator": {
            "columnNumber": 89,
            "lineNumber": 27,
            "type": "parser",
            "url": "https://www.avcr.cz/cs/"
        }
    },
    {
        "requested_for": "https://www.avcr.cz/cs/",
        "time": 339461.044481,
        "requestId": "27000.14",
        "loaderId": "2837C9B5D7BF21CBF24AF615478426E7",
        "requested_resource": "https://www.avcr.cz/export/system/modules/cz.nelasoft.opencms.media/resources/build/mediaelement-and-player.min.js",
        "initiator": {
            "columnNumber": 114,
            "lineNumber": 28,
            "type": "parser",
            "url": "https://www.avcr.cz/cs/"
        }
    },
    {
        "requested_for": "https://www.avcr.cz/cs/",
        "time": 339461.044512,
        "requestId": "27000.15",
        "loaderId": "2837C9B5D7BF21CBF24AF615478426E7",
        "requested_resource": "https://www.avcr.cz/system/modules/cz.nelasoft.opencms.avcr/resources/js/modernizr.js",
        "initiator": {
            "columnNumber": 85,
            "lineNumber": 30,
            "type": "parser",
            "url": "https://www.avcr.cz/cs/"
        }
    },
    {
        "requested_for": "https://www.avcr.cz/cs/",
        "time": 339461.044541,
        "requestId": "27000.16",
        "loaderId": "2837C9B5D7BF21CBF24AF615478426E7",
        "requested_resource": "https://www.avcr.cz/system/modules/cz.nelasoft.opencms.avcr/resources/js/owl.carousel.min.js",
        "initiator": {
            "columnNumber": 92,
            "lineNumber": 31,
            "type": "parser",
            "url": "https://www.avcr.cz/cs/"
        }
    },
    {
        "requested_for": "https://www.avcr.cz/cs/",
        "time": 339461.044571,
        "requestId": "27000.17",
        "loaderId": "2837C9B5D7BF21CBF24AF615478426E7",
        "requested_resource": "https://www.avcr.cz/system/modules/cz.nelasoft.opencms.avcr/resources/js/dropdown.js",
        "initiator": {
            "columnNumber": 84,
            "lineNumber": 32,
            "type": "parser",
            "url": "https://www.avcr.cz/cs/"
        }
    },
    {
        "requested_for": "https://www.avcr.cz/cs/",
        "time": 339461.04461,
        "requestId": "27000.18",
        "loaderId": "2837C9B5D7BF21CBF24AF615478426E7",
        "requested_resource": "https://www.avcr.cz/system/modules/cz.nelasoft.opencms.avcr/resources/js/jquery.dotdotdot.min.js",
        "initiator": {
            "columnNumber": 100,
            "lineNumber": 38,
            "type": "parser",
            "url": "https://www.avcr.cz/cs/"
        }
    },
    {
        "requested_for": "https://www.avcr.cz/cs/",
        "time": 339461.044642,
        "requestId": "27000.19",
        "loaderId": "2837C9B5D7BF21CBF24AF615478426E7",
        "requested_resource": "https://www.avcr.cz/system/modules/cz.osw.opencms.types/resources/slick-photos/slick/slick.min.js",
        "initiator": {
            "columnNumber": 116,
            "lineNumber": 40,
            "type": "parser",
            "url": "https://www.avcr.cz/cs/"
        }
    },
    {
        "requested_for": "https://www.avcr.cz/cs/",
        "time": 339461.044698,
        "requestId": "27000.20",
        "loaderId": "2837C9B5D7BF21CBF24AF615478426E7",
        "requested_resource": "https://www.avcr.cz/export/system/modules/cz.nelasoft.opencms.avcr/resources/img/logo-cs.png_618290174.png",
        "initiator": {
            "columnNumber": 163,
            "lineNumber": 83,
            "type": "parser",
            "url": "https://www.avcr.cz/cs/"
        }
    },
    {
        "requested_for": "https://www.avcr.cz/cs/",
        "time": 339461.044774,
        "requestId": "27000.21",
        "loaderId": "2837C9B5D7BF21CBF24AF615478426E7",
        "requested_resource": "https://www.avcr.cz/export/sites/avcr.cz/.content/galerie-obrazku/aktuality/2025/2025_03_13_A1_Hmyz.jpg_1653491599.jpg",
        "initiator": {
            "columnNumber": 146,
            "lineNumber": 196,
            "type": "parser",
            "url": "https://www.avcr.cz/cs/"
        }
    },
    {
        "requested_for": "https://www.avcr.cz/cs/",
        "time": 339461.044822,
        "requestId": "27000.22",
        "loaderId": "2837C9B5D7BF21CBF24AF615478426E7",
        "requested_resource": "https://www.avcr.cz/export/sites/avcr.cz/.content/galerie-obrazku/aktuality/2025/2025_03_18_termiti-uvodni.jpg_1799723761.jpg",
        "initiator": {
            "columnNumber": 170,
            "lineNumber": 233,
            "type": "parser",
            "url": "https://www.avcr.cz/cs/"
        }
    },
    {
        "requested_for": "https://www.avcr.cz/cs/",
        "time": 339461.044855,
        "requestId": "27000.23",
        "loaderId": "2837C9B5D7BF21CBF24AF615478426E7",
        "requested_resource": "https://www.avcr.cz/export/sites/avcr.cz/.content/galerie-obrazku/aktuality/2025/2025_03_18_recyklace-uvodni.jpg_1799723761.jpg",
        "initiator": {
            "columnNumber": 172,
            "lineNumber": 255,
            "type": "parser",
            "url": "https://www.avcr.cz/cs/"
        }
    },
    {
        "requested_for": "https://www.avcr.cz/cs/",
        "time": 339461.044876,
        "requestId": "27000.24",
        "loaderId": "2837C9B5D7BF21CBF24AF615478426E7",
        "requested_resource": "https://www.avcr.cz/export/sites/avcr.cz/.content/galerie-obrazku/aktuality/2025/shutterstock_523868392.jpg_1799723761.jpg",
        "initiator": {
            "columnNumber": 167,
            "lineNumber": 277,
            "type": "parser",
            "url": "https://www.avcr.cz/cs/"
        }
    },
    {
        "requested_for": "https://www.avcr.cz/cs/",
        "time": 339461.044902,
        "requestId": "27000.25",
        "loaderId": "2837C9B5D7BF21CBF24AF615478426E7",
        "requested_resource": "https://www.avcr.cz/export/sites/avcr.cz/.content/galerie-obrazku/aktuality/2025/2025_03_14_Bryja.jpg_1799723761.jpg",
        "initiator": {
            "columnNumber": 161,
            "lineNumber": 299,
            "type": "parser",
            "url": "https://www.avcr.cz/cs/"
        }
    },
    {
        "requested_for": "https://www.avcr.cz/cs/",
        "time": 339461.044923,
        "requestId": "27000.26",
        "loaderId": "2837C9B5D7BF21CBF24AF615478426E7",
        "requested_resource": "https://www.avcr.cz/export/sites/avcr.cz/.content/galerie-obrazku/aktuality/2025/2024-12-10_Akademicky-snem_LXIV_web-47.jpg_1799723761.jpg",
        "initiator": {
            "columnNumber": 183,
            "lineNumber": 381,
            "type": "parser",
            "url": "https://www.avcr.cz/cs/"
        }
    },
    {
        "requested_for": "https://www.avcr.cz/cs/",
        "time": 339461.044944,
        "requestId": "27000.27",
        "loaderId": "2837C9B5D7BF21CBF24AF615478426E7",
        "requested_resource": "https://www.avcr.cz/export/sites/avcr.cz/.content/galerie-obrazku/aktuality/2025/2025_03_13_jmenovani-Radomira-Panka.jpg_1799723761.jpg",
        "initiator": {
            "columnNumber": 180,
            "lineNumber": 400,
            "type": "parser",
            "url": "https://www.avcr.cz/cs/"
        }
    },
    {
        "requested_for": "https://www.avcr.cz/cs/",
        "time": 339461.044962,
        "requestId": "27000.28",
        "loaderId": "2837C9B5D7BF21CBF24AF615478426E7",
        "requested_resource": "https://www.avcr.cz/export/sites/avcr.cz/.content/galerie-obrazku/aktuality/2025/2025-02-17_Predstaveni-iniciativy-EOSC-CZ-na-AV-CR_web-6.jpg_1799723761.jpg",
        "initiator": {
            "columnNumber": 201,
            "lineNumber": 419,
            "type": "parser",
            "url": "https://www.avcr.cz/cs/"
        }
    },
    {
        "requested_for": "https://www.avcr.cz/cs/",
        "time": 339461.044984,
        "requestId": "27000.29",
        "loaderId": "2837C9B5D7BF21CBF24AF615478426E7",
        "requested_resource": "https://www.avcr.cz/export/sites/avcr.cz/.content/galerie-obrazku/aktuality/2025/2025-03-04_Medaile-AV-CR_Pavol-Sajgalik_web-30.jpg_1799723761.jpg",
        "initiator": {
            "columnNumber": 191,
            "lineNumber": 438,
            "type": "parser",
            "url": "https://www.avcr.cz/cs/"
        }
    },
    {
        "requested_for": "https://www.avcr.cz/cs/",
        "time": 339461.045006,
        "requestId": "27000.30",
        "loaderId": "2837C9B5D7BF21CBF24AF615478426E7",
        "requested_resource": "https://www.avcr.cz/export/sites/avcr.cz/.content/galerie-obrazku/aktuality/2025/2025_01_24_FOTOSTORY_nahrobky/2025_01_24_FOTOSTORY_nahrobky_01.jpg_1965147124.jpg",
        "initiator": {
            "columnNumber": 601,
            "lineNumber": 522,
            "type": "parser",
            "url": "https://www.avcr.cz/cs/"
        }
    },
    {
        "requested_for": "https://www.avcr.cz/cs/",
        "time": 339461.045027,
        "requestId": "27000.31",
        "loaderId": "2837C9B5D7BF21CBF24AF615478426E7",
        "requested_resource": "https://www.avcr.cz/export/sites/avcr.cz/.content/galerie-obrazku/aktuality/2025/2025_01_24_FOTOSTORY_nahrobky/2025_01_24_FOTOSTORY_nahrobky_02.jpg_717609951.jpg",
        "initiator": {
            "columnNumber": 438,
            "lineNumber": 525,
            "type": "parser",
            "url": "https://www.avcr.cz/cs/"
        }
    },
    {
        "requested_for": "https://www.avcr.cz/cs/",
        "time": 339461.045048,
        "requestId": "27000.32",
        "loaderId": "2837C9B5D7BF21CBF24AF615478426E7",
        "requested_resource": "https://www.avcr.cz/export/sites/avcr.cz/.content/galerie-obrazku/aktuality/2025/2025_01_24_FOTOSTORY_nahrobky/2025_01_24_FOTOSTORY_nahrobky_03.jpg_717609951.jpg",
        "initiator": {
            "columnNumber": 463,
            "lineNumber": 528,
            "type": "parser",
            "url": "https://www.avcr.cz/cs/"
        }
    },
    {
        "requested_for": "https://www.avcr.cz/cs/",
        "time": 339461.045072,
        "requestId": "27000.33",
        "loaderId": "2837C9B5D7BF21CBF24AF615478426E7",
        "requested_resource": "https://www.avcr.cz/export/sites/avcr.cz/.content/galerie-obrazku/aktuality/2025/2025_01_24_FOTOSTORY_nahrobky/2025_01_24_FOTOSTORY_nahrobky_04.jpg_717609951.jpg",
        "initiator": {
            "columnNumber": 463,
            "lineNumber": 531,
            "type": "parser",
            "url": "https://www.avcr.cz/cs/"
        }
    },
    {
        "requested_for": "https://www.avcr.cz/cs/",
        "time": 339461.0451,
        "requestId": "27000.34",
        "loaderId": "2837C9B5D7BF21CBF24AF615478426E7",
        "requested_resource": "https://www.avcr.cz/export/sites/avcr.cz/.content/galerie-obrazku/aktuality/2025/2025_01_24_FOTOSTORY_nahrobky/2025_01_24_FOTOSTORY_nahrobky_01.jpg_1799723761.jpg",
        "initiator": {
            "columnNumber": 207,
            "lineNumber": 545,
            "type": "parser",
            "url": "https://www.avcr.cz/cs/"
        }
    },
    {
        "requested_for": "https://www.avcr.cz/cs/",
        "time": 339461.045122,
        "requestId": "27000.35",
        "loaderId": "2837C9B5D7BF21CBF24AF615478426E7",
        "requested_resource": "https://www.avcr.cz/export/sites/avcr.cz/.content/galerie-obrazku/aktuality/2024/2024_08_23_Ceske-Svycarsko/01_Ceske-Svycarsko-63.jpg_1965147124.jpg",
        "initiator": {
            "columnNumber": 340,
            "lineNumber": 560,
            "type": "parser",
            "url": "https://www.avcr.cz/cs/"
        }
    },
    {
        "requested_for": "https://www.avcr.cz/cs/",
        "time": 339461.045139,
        "requestId": "27000.36",
        "loaderId": "2837C9B5D7BF21CBF24AF615478426E7",
        "requested_resource": "https://www.avcr.cz/export/sites/avcr.cz/.content/galerie-obrazku/aktuality/2024/2024_08_23_Ceske-Svycarsko/02_Ceske-Svycarsko-1.jpg_717609951.jpg",
        "initiator": {
            "columnNumber": 408,
            "lineNumber": 563,
            "type": "parser",
            "url": "https://www.avcr.cz/cs/"
        }
    },
    {
        "requested_for": "https://www.avcr.cz/cs/",
        "time": 339461.045158,
        "requestId": "27000.37",
        "loaderId": "2837C9B5D7BF21CBF24AF615478426E7",
        "requested_resource": "https://www.avcr.cz/export/sites/avcr.cz/.content/galerie-obrazku/aktuality/2024/2024_08_23_Ceske-Svycarsko/03_Ceske-Svycarsko-2.jpg_717609951.jpg",
        "initiator": {
            "columnNumber": 422,
            "lineNumber": 566,
            "type": "parser",
            "url": "https://www.avcr.cz/cs/"
        }
    },
    {
        "requested_for": "https://www.avcr.cz/cs/",
        "time": 339461.045177,
        "requestId": "27000.38",
        "loaderId": "2837C9B5D7BF21CBF24AF615478426E7",
        "requested_resource": "https://www.avcr.cz/export/sites/avcr.cz/.content/galerie-obrazku/aktuality/2024/2024_08_23_Ceske-Svycarsko/04_Ceske-Svycarsko-3.jpg_717609951.jpg",
        "initiator": {
            "columnNumber": 417,
            "lineNumber": 569,
            "type": "parser",
            "url": "https://www.avcr.cz/cs/"
        }
    },
    {
        "requested_for": "https://www.avcr.cz/cs/",
        "time": 339461.045199,
        "requestId": "27000.39",
        "loaderId": "2837C9B5D7BF21CBF24AF615478426E7",
        "requested_resource": "https://www.avcr.cz/export/sites/avcr.cz/.content/galerie-obrazku/aktuality/2024/2024_08_23_Ceske-Svycarsko/01_Ceske-Svycarsko-63.jpg_1799723761.jpg",
        "initiator": {
            "columnNumber": 193,
            "lineNumber": 583,
            "type": "parser",
            "url": "https://www.avcr.cz/cs/"
        }
    },
    {
        "requested_for": "https://www.avcr.cz/cs/",
        "time": 339461.045217,
        "requestId": "27000.40",
        "loaderId": "2837C9B5D7BF21CBF24AF615478426E7",
        "requested_resource": "https://www.avcr.cz/export/sites/avcr.cz/.content/galerie-obrazku/aktuality/2024/2024_06_21_jablka/01.jpg_1965147124.jpg",
        "initiator": {
            "columnNumber": 331,
            "lineNumber": 598,
            "type": "parser",
            "url": "https://www.avcr.cz/cs/"
        }
    },
    {
        "requested_for": "https://www.avcr.cz/cs/",
        "time": 339461.045237,
        "requestId": "27000.41",
        "loaderId": "2837C9B5D7BF21CBF24AF615478426E7",
        "requested_resource": "https://www.avcr.cz/export/sites/avcr.cz/.content/galerie-obrazku/aktuality/2024/2024_06_21_jablka/02.jpg_717609951.jpg",
        "initiator": {
            "columnNumber": 386,
            "lineNumber": 601,
            "type": "parser",
            "url": "https://www.avcr.cz/cs/"
        }
    },
    {
        "requested_for": "https://www.avcr.cz/cs/",
        "time": 339461.045257,
        "requestId": "27000.42",
        "loaderId": "2837C9B5D7BF21CBF24AF615478426E7",
        "requested_resource": "https://www.avcr.cz/export/sites/avcr.cz/.content/galerie-obrazku/aktuality/2024/2024_06_21_jablka/03.jpg_717609951.jpg",
        "initiator": {
            "columnNumber": 384,
            "lineNumber": 604,
            "type": "parser",
            "url": "https://www.avcr.cz/cs/"
        }
    },
    {
        "requested_for": "https://www.avcr.cz/cs/",
        "time": 339461.045279,
        "requestId": "27000.43",
        "loaderId": "2837C9B5D7BF21CBF24AF615478426E7",
        "requested_resource": "https://www.avcr.cz/export/sites/avcr.cz/.content/galerie-obrazku/aktuality/2024/2024_06_21_jablka/04.jpg_717609951.jpg",
        "initiator": {
            "columnNumber": 392,
            "lineNumber": 607,
            "type": "parser",
            "url": "https://www.avcr.cz/cs/"
        }
    },
    {
        "requested_for": "https://www.avcr.cz/cs/",
        "time": 339461.045305,
        "requestId": "27000.44",
        "loaderId": "2837C9B5D7BF21CBF24AF615478426E7",
        "requested_resource": "https://www.avcr.cz/export/sites/avcr.cz/.content/galerie-obrazku/aktuality/2024/01.jpg_1799723761.jpg",
        "initiator": {
            "columnNumber": 147,
            "lineNumber": 621,
            "type": "parser",
            "url": "https://www.avcr.cz/cs/"
        }
    },
    {
        "requested_for": "https://www.avcr.cz/cs/",
        "time": 339461.045326,
        "requestId": "27000.45",
        "loaderId": "2837C9B5D7BF21CBF24AF615478426E7",
        "requested_resource": "https://www.avcr.cz/export/sites/avcr.cz/.content/galerie-obrazku/aktuality/2024/2024_04_26_stozar/01.jpg_1965147124.jpg",
        "initiator": {
            "columnNumber": 419,
            "lineNumber": 636,
            "type": "parser",
            "url": "https://www.avcr.cz/cs/"
        }
    },
    {
        "requested_for": "https://www.avcr.cz/cs/",
        "time": 339461.045343,
        "requestId": "27000.46",
        "loaderId": "2837C9B5D7BF21CBF24AF615478426E7",
        "requested_resource": "https://www.avcr.cz/export/sites/avcr.cz/.content/galerie-obrazku/aktuality/2024/2024_04_26_stozar/02.jpg_717609951.jpg",
        "initiator": {
            "columnNumber": 466,
            "lineNumber": 639,
            "type": "parser",
            "url": "https://www.avcr.cz/cs/"
        }
    },
    {
        "requested_for": "https://www.avcr.cz/cs/",
        "time": 339461.045363,
        "requestId": "27000.47",
        "loaderId": "2837C9B5D7BF21CBF24AF615478426E7",
        "requested_resource": "https://www.avcr.cz/export/sites/avcr.cz/.content/galerie-obrazku/aktuality/2024/2024_04_26_stozar/03.jpg_717609951.jpg",
        "initiator": {
            "columnNumber": 366,
            "lineNumber": 642,
            "type": "parser",
            "url": "https://www.avcr.cz/cs/"
        }
    },
    {
        "requested_for": "https://www.avcr.cz/cs/",
        "time": 339461.045384,
        "requestId": "27000.48",
        "loaderId": "2837C9B5D7BF21CBF24AF615478426E7",
        "requested_resource": "https://www.avcr.cz/export/sites/avcr.cz/.content/galerie-obrazku/aktuality/2024/2024_04_26_stozar/04.jpg_717609951.jpg",
        "initiator": {
            "columnNumber": 523,
            "lineNumber": 645,
            "type": "parser",
            "url": "https://www.avcr.cz/cs/"
        }
    },
    {
        "requested_for": "https://www.avcr.cz/cs/",
        "time": 339461.045413,
        "requestId": "27000.49",
        "loaderId": "2837C9B5D7BF21CBF24AF615478426E7",
        "requested_resource": "https://www.avcr.cz/export/sites/avcr.cz/.content/galerie-obrazku/aktuality/2024/2024_04_26_stozar/09.jpg_1799723761.jpg",
        "initiator": {
            "columnNumber": 165,
            "lineNumber": 659,
            "type": "parser",
            "url": "https://www.avcr.cz/cs/"
        }
    },
    {
        "requested_for": "https://www.avcr.cz/cs/",
        "time": 339461.04544,
        "requestId": "27000.50",
        "loaderId": "2837C9B5D7BF21CBF24AF615478426E7",
        "requested_resource": "https://www.avcr.cz/export/sites/avcr.cz/.content/galerie-obrazku/aktuality/2024/2024_04_12_Kasperky/01.jpg_1965147124.jpg",
        "initiator": {
            "columnNumber": 489,
            "lineNumber": 674,
            "type": "parser",
            "url": "https://www.avcr.cz/cs/"
        }
    },
    {
        "requested_for": "https://www.avcr.cz/cs/",
        "time": 339461.045474,
        "requestId": "27000.51",
        "loaderId": "2837C9B5D7BF21CBF24AF615478426E7",
        "requested_resource": "https://www.avcr.cz/export/sites/avcr.cz/.content/galerie-obrazku/aktuality/2024/2024_04_12_Kasperky/02.jpg_717609951.jpg",
        "initiator": {
            "columnNumber": 568,
            "lineNumber": 677,
            "type": "parser",
            "url": "https://www.avcr.cz/cs/"
        }
    },
    {
        "requested_for": "https://www.avcr.cz/cs/",
        "time": 339461.045504,
        "requestId": "27000.52",
        "loaderId": "2837C9B5D7BF21CBF24AF615478426E7",
        "requested_resource": "https://www.avcr.cz/export/sites/avcr.cz/.content/galerie-obrazku/aktuality/2024/2024_04_12_Kasperky/03.jpg_717609951.jpg",
        "initiator": {
            "columnNumber": 437,
            "lineNumber": 680,
            "type": "parser",
            "url": "https://www.avcr.cz/cs/"
        }
    },
    {
        "requested_for": "https://www.avcr.cz/cs/",
        "time": 339461.058468,
        "requestId": "27000.64",
        "loaderId": "2837C9B5D7BF21CBF24AF615478426E7",
        "requested_resource": "https://www.avcr.cz/export/sites/avcr.cz/.content/galerie-obrazku/aktuality/2024/2024_04_12_Kasperky/04.jpg_717609951.jpg",
        "initiator": {
            "columnNumber": 215,
            "lineNumber": 683,
            "type": "parser",
            "url": "https://www.avcr.cz/cs/"
        }
    },
    {
        "requested_for": "https://www.avcr.cz/cs/",
        "time": 339461.058509,
        "requestId": "27000.65",
        "loaderId": "2837C9B5D7BF21CBF24AF615478426E7",
        "requested_resource": "https://www.avcr.cz/export/sites/avcr.cz/.content/galerie-obrazku/aktuality/2024/2024_04_12_Kasperky/13.jpg_1799723761.jpg",
        "initiator": {
            "columnNumber": 167,
            "lineNumber": 697,
            "type": "parser",
            "url": "https://www.avcr.cz/cs/"
        }
    },
    {
        "requested_for": "https://www.avcr.cz/cs/",
        "time": 339461.05853,
        "requestId": "27000.66",
        "loaderId": "2837C9B5D7BF21CBF24AF615478426E7",
        "requested_resource": "https://www.avcr.cz/export/sites/avcr.cz/.content/galerie-obrazku/aktuality/2025/shutterstock_2151557609.jpg_1799723761.jpg",
        "initiator": {
            "columnNumber": 172,
            "lineNumber": 775,
            "type": "parser",
            "url": "https://www.avcr.cz/cs/"
        }
    },
    {
        "requested_for": "https://www.avcr.cz/cs/",
        "time": 339461.05855,
        "requestId": "27000.67",
        "loaderId": "2837C9B5D7BF21CBF24AF615478426E7",
        "requested_resource": "https://www.avcr.cz/export/sites/avcr.cz/.content/galerie-obrazku/aktuality/2025/elektrina.jpg_1799723761.jpg",
        "initiator": {
            "columnNumber": 158,
            "lineNumber": 817,
            "type": "parser",
            "url": "https://www.avcr.cz/cs/"
        }
    },
    {
        "requested_for": "https://www.avcr.cz/cs/",
        "time": 339461.058574,
        "requestId": "27000.68",
        "loaderId": "2837C9B5D7BF21CBF24AF615478426E7",
        "requested_resource": "https://www.avcr.cz/export/sites/avcr.cz/.content/galerie-obrazku/aktuality/2025/ohnostroj-ok.jpg_1799723761.jpg",
        "initiator": {
            "columnNumber": 161,
            "lineNumber": 859,
            "type": "parser",
            "url": "https://www.avcr.cz/cs/"
        }
    },
    {
        "requested_for": "https://www.avcr.cz/cs/",
        "time": 339461.058604,
        "requestId": "27000.69",
        "loaderId": "2837C9B5D7BF21CBF24AF615478426E7",
        "requested_resource": "https://www.avcr.cz/export/sites/avcr.cz/.content/galerie-obrazku/aktuality/2025/gnotobiologicka-laborator-ok.jpg_1799723761.jpg",
        "initiator": {
            "columnNumber": 177,
            "lineNumber": 901,
            "type": "parser",
            "url": "https://www.avcr.cz/cs/"
        }
    },
    {
        "requested_for": "https://www.avcr.cz/cs/",
        "time": 339461.058673,
        "requestId": "27000.70",
        "loaderId": "2837C9B5D7BF21CBF24AF615478426E7",
        "requested_resource": "https://www.avcr.cz/export/sites/avcr.cz/.content/galerie-obrazku/aktuality/2025/usmev_predsedkyne.jpg_1799723761.jpg",
        "initiator": {
            "columnNumber": 166,
            "lineNumber": 943,
            "type": "parser",
            "url": "https://www.avcr.cz/cs/"
        }
    },
    {
        "requested_for": "https://www.avcr.cz/cs/",
        "time": 339461.0587,
        "requestId": "27000.71",
        "loaderId": "2837C9B5D7BF21CBF24AF615478426E7",
        "requested_resource": "https://www.avcr.cz/export/sites/avcr.cz/.content/galerie-obrazku/aktuality/2025/2025_03_13_A1_titulka.jpg_2065438586.jpg",
        "initiator": {
            "columnNumber": 166,
            "lineNumber": 1067,
            "type": "parser",
            "url": "https://www.avcr.cz/cs/"
        }
    },
    {
        "requested_for": "https://www.avcr.cz/cs/",
        "time": 339461.058723,
        "requestId": "27000.72",
        "loaderId": "2837C9B5D7BF21CBF24AF615478426E7",
        "requested_resource": "https://www.avcr.cz/export/sites/avcr.cz/.content/galerie-obrazku/aktuality/2024/titulka-acka-AJ-1.jpg_2065438586.jpg",
        "initiator": {
            "columnNumber": 162,
            "lineNumber": 1084,
            "type": "parser",
            "url": "https://www.avcr.cz/cs/"
        }
    },
    {
        "requested_for": "https://www.avcr.cz/cs/",
        "time": 339461.058743,
        "requestId": "27000.73",
        "loaderId": "2837C9B5D7BF21CBF24AF615478426E7",
        "requested_resource": "https://www.avcr.cz/export/sites/avcr.cz/.content/galerie-obrazku/aktuality/2024/titulka-acka-vune-kopie.jpg_2065438586.jpg",
        "initiator": {
            "columnNumber": 168,
            "lineNumber": 1101,
            "type": "parser",
            "url": "https://www.avcr.cz/cs/"
        }
    },
    {
        "requested_for": "https://www.avcr.cz/cs/",
        "time": 339461.058761,
        "requestId": "27000.74",
        "loaderId": "2837C9B5D7BF21CBF24AF615478426E7",
        "requested_resource": "https://www.avcr.cz/export/sites/avcr.cz/.content/galerie-obrazku/aktuality/2024/titulka-svetlo-litle.jpg_2065438586.jpg",
        "initiator": {
            "columnNumber": 165,
            "lineNumber": 1118,
            "type": "parser",
            "url": "https://www.avcr.cz/cs/"
        }
    },
    {
        "requested_for": "https://www.avcr.cz/cs/",
        "time": 339461.058782,
        "requestId": "27000.75",
        "loaderId": "2837C9B5D7BF21CBF24AF615478426E7",
        "requested_resource": "https://www.avcr.cz/export/sites/avcr.cz/.content/galerie-obrazku/aktuality/2024/A-2_2024_obalka.jpg_2065438586.jpg",
        "initiator": {
            "columnNumber": 160,
            "lineNumber": 1135,
            "type": "parser",
            "url": "https://www.avcr.cz/cs/"
        }
    },
    {
        "requested_for": "https://www.avcr.cz/cs/",
        "time": 339461.058805,
        "requestId": "27000.76",
        "loaderId": "2837C9B5D7BF21CBF24AF615478426E7",
        "requested_resource": "https://www.avcr.cz/export/sites/avcr.cz/.content/galerie-obrazku/aktuality/2024/hroh-s-rameckem.jpg_2065438586.jpg",
        "initiator": {
            "columnNumber": 160,
            "lineNumber": 1152,
            "type": "parser",
            "url": "https://www.avcr.cz/cs/"
        }
    },
    {
        "requested_for": "https://www.avcr.cz/cs/",
        "time": 339461.058825,
        "requestId": "27000.77",
        "loaderId": "2837C9B5D7BF21CBF24AF615478426E7",
        "requested_resource": "https://www.avcr.cz/export/sites/avcr.cz/.content/galerie-obrazku/aktuality/2024/titulka-easy-penize.jpg_2065438586.jpg",
        "initiator": {
            "columnNumber": 164,
            "lineNumber": 1169,
            "type": "parser",
            "url": "https://www.avcr.cz/cs/"
        }
    },
    {
        "requested_for": "https://www.avcr.cz/cs/",
        "time": 339461.058844,
        "requestId": "27000.78",
        "loaderId": "2837C9B5D7BF21CBF24AF615478426E7",
        "requested_resource": "https://www.avcr.cz/export/sites/avcr.cz/.content/galerie-obrazku/aktuality/2024/2024_05_13_Easy-titulka.jpg_2065438586.jpg",
        "initiator": {
            "columnNumber": 168,
            "lineNumber": 1186,
            "type": "parser",
            "url": "https://www.avcr.cz/cs/"
        }
    },
    {
        "requested_for": "https://www.avcr.cz/cs/",
        "time": 339461.058881,
        "requestId": "27000.79",
        "loaderId": "2837C9B5D7BF21CBF24AF615478426E7",
        "requested_resource": "https://www.avcr.cz/export/sites/avcr.cz/.content/galerie-obrazku/aktuality/2023/titulka-pohadky.jpg_2065438586.jpg",
        "initiator": {
            "columnNumber": 160,
            "lineNumber": 1203,
            "type": "parser",
            "url": "https://www.avcr.cz/cs/"
        }
    },
    {
        "requested_for": "https://www.avcr.cz/cs/",
        "time": 339461.058903,
        "requestId": "27000.80",
        "loaderId": "2837C9B5D7BF21CBF24AF615478426E7",
        "requested_resource": "https://www.avcr.cz/export/sites/avcr.cz/.content/galerie-obrazku/aktuality/2023/titulky-omegy-kopie.jpg_2065438586.jpg",
        "initiator": {
            "columnNumber": 164,
            "lineNumber": 1220,
            "type": "parser",
            "url": "https://www.avcr.cz/cs/"
        }
    },
    {
        "requested_for": "https://www.avcr.cz/cs/",
        "time": 339461.058943,
        "requestId": "27000.82",
        "loaderId": "2837C9B5D7BF21CBF24AF615478426E7",
        "requested_resource": "https://www.googletagmanager.com/gtag/js?id=G-ETQEE59TKV",
        "initiator": {
            "columnNumber": 81,
            "lineNumber": 1469,
            "type": "parser",
            "url": "https://www.avcr.cz/cs/"
        }
    },
    {
        "requested_for": "https://www.avcr.cz/cs/",
        "time": 339461.058967,
        "requestId": "27000.83",
        "loaderId": "2837C9B5D7BF21CBF24AF615478426E7",
        "requested_resource": "https://www.avcr.cz/system/modules/cz.osw.opencms.types/elements/cookies/cookieconsent.js",
        "initiator": {
            "columnNumber": 85,
            "lineNumber": 1481,
            "type": "parser",
            "url": "https://www.avcr.cz/cs/"
        }
    },
    {
        "requested_for": "https://www.avcr.cz/cs/",
        "time": 339461.058986,
        "requestId": "27000.84",
        "loaderId": "2837C9B5D7BF21CBF24AF615478426E7",
        "requested_resource": "https://www.avcr.cz/system/modules/cz.nelasoft.opencms.avcr/resources/js/cookieconsent-init.js",
        "initiator": {
            "columnNumber": 90,
            "lineNumber": 1483,
            "type": "parser",
            "url": "https://www.avcr.cz/cs/"
        }
    },
    {
        "requested_for": "https://www.avcr.cz/cs/",
        "time": 339461.075308,
        "requestId": "27000.85",
        "loaderId": "2837C9B5D7BF21CBF24AF615478426E7",
        "requested_resource": "https://www.avcr.cz/export/system/modules/cz.osw.opencms.types/resources/slick-photos/slick-lightbox.css",
        "initiator": {
            "columnNumber": 0,
            "lineNumber": 0,
            "type": "parser",
            "url": "https://www.avcr.cz/export/system/modules/cz.osw.opencms.types/resources/slick-photos/slick-photos.min.css"
        }
    },
    {
        "requested_for": "https://www.avcr.cz/cs/",
        "time": 339461.4467,
        "requestId": "27000.98",
        "loaderId": "2837C9B5D7BF21CBF24AF615478426E7",
        "requested_resource": "https://osw-analytics.avcr.cz/js/plausible.manual.file-downloads.js",
        "initiator": {
            "stack": {
                "callFrames": [
                    {
                        "columnNumber": 26,
                        "functionName": "apply",
                        "lineNumber": 284,
                        "scriptId": "14",
                        "url": "chrome-extension://bbogkpojpmdnlonjjogfkaclifmgnbfe/c7f88d02-77bb-48ff-8e34-bfe2db73cfc3"
                    },
                    {
                        "columnNumber": 24,
                        "functionName": "apply",
                        "lineNumber": 404,
                        "scriptId": "14",
                        "url": "chrome-extension://bbogkpojpmdnlonjjogfkaclifmgnbfe/c7f88d02-77bb-48ff-8e34-bfe2db73cfc3"
                    },
                    {
                        "columnNumber": 34,
                        "functionName": "",
                        "lineNumber": 46,
                        "scriptId": "24",
                        "url": "https://www.avcr.cz/cs/"
                    }
                ]
            },
            "type": "script"
        }
    },
    {
        "requested_for": "https://www.avcr.cz/cs/",
        "time": 339461.454546,
        "requestId": "27000.169",
        "loaderId": "2837C9B5D7BF21CBF24AF615478426E7",
        "requested_resource": "https://www.avcr.cz/system/modules/cz.nelasoft.opencms.avcr/resources/img/language-eng.png",
        "initiator": {
            "type": "parser",
            "url": "https://www.avcr.cz/export/system/modules/cz.nelasoft.opencms.avcr/resources/css/main.css"
        }
    },
    {
        "requested_for": "https://www.avcr.cz/cs/",
        "time": 339461.456167,
        "requestId": "27000.170",
        "loaderId": "2837C9B5D7BF21CBF24AF615478426E7",
        "requested_resource": "https://www.avcr.cz/system/modules/cz.nelasoft.opencms.avcr/resources/img/thin-arrow-left.svg",
        "initiator": {
            "type": "parser",
            "url": "https://www.avcr.cz/export/system/modules/cz.nelasoft.opencms.avcr/resources/css/custom.css"
        }
    },
    {
        "requested_for": "https://www.avcr.cz/cs/",
        "time": 339461.456222,
        "requestId": "27000.171",
        "loaderId": "2837C9B5D7BF21CBF24AF615478426E7",
        "requested_resource": "https://www.avcr.cz/system/modules/cz.nelasoft.opencms.avcr/resources/img/thin-arrow-right.svg",
        "initiator": {
            "type": "parser",
            "url": "https://www.avcr.cz/export/system/modules/cz.nelasoft.opencms.avcr/resources/css/custom.css"
        }
    },
    {
        "requested_for": "https://www.avcr.cz/cs/",
        "time": 339461.456316,
        "requestId": "27000.89",
        "loaderId": "2837C9B5D7BF21CBF24AF615478426E7",
        "requested_resource": "https://netdna.bootstrapcdn.com/font-awesome/4.6.3/fonts/fontawesome-webfont.woff2?v=4.6.3",
        "initiator": {
            "type": "parser",
            "url": "https://netdna.bootstrapcdn.com/font-awesome/4.6.3/css/font-awesome.css"
        }
    },
    {
        "requested_for": "https://www.avcr.cz/cs/",
        "time": 339461.456769,
        "requestId": "27000.172",
        "loaderId": "2837C9B5D7BF21CBF24AF615478426E7",
        "requested_resource": "https://www.avcr.cz/export/system/modules/cz.osw.opencms.types/resources/slick-photos/ajax-loader.gif",
        "initiator": {
            "type": "parser",
            "url": "https://www.avcr.cz/export/system/modules/cz.osw.opencms.types/resources/slick-photos/slick-photos.min.css"
        }
    },
    {
        "requested_for": "https://www.avcr.cz/cs/",
        "time": 339461.495439,
        "requestId": "27000.169",
        "loaderId": "2837C9B5D7BF21CBF24AF615478426E7",
        "requested_resource": "https://www.avcr.cz/export/system/modules/cz.nelasoft.opencms.avcr/resources/img/language-eng.png",
        "initiator": {
            "type": "parser",
            "url": "https://www.avcr.cz/export/system/modules/cz.nelasoft.opencms.avcr/resources/css/main.css"
        }
    },
    {
        "requested_for": "https://www.avcr.cz/cs/",
        "time": 339461.540132,
        "requestId": "27000.215",
        "loaderId": "2837C9B5D7BF21CBF24AF615478426E7",
        "requested_resource": "https://www.avcr.cz/export/system/modules/cz.osw.opencms.types/elements/cookies/cookieconsent.css",
        "initiator": {
            "stack": {
                "callFrames": [
                    {
                        "columnNumber": 26,
                        "functionName": "apply",
                        "lineNumber": 284,
                        "scriptId": "14",
                        "url": "chrome-extension://bbogkpojpmdnlonjjogfkaclifmgnbfe/c7f88d02-77bb-48ff-8e34-bfe2db73cfc3"
                    },
                    {
                        "columnNumber": 24,
                        "functionName": "apply",
                        "lineNumber": 404,
                        "scriptId": "14",
                        "url": "chrome-extension://bbogkpojpmdnlonjjogfkaclifmgnbfe/c7f88d02-77bb-48ff-8e34-bfe2db73cfc3"
                    },
                    {
                        "columnNumber": 20138,
                        "functionName": "",
                        "lineNumber": 2,
                        "scriptId": "22",
                        "url": "https://ajax.googleapis.com/ajax/libs/jquery/1.11.0/jquery.min.js"
                    },
                    {
                        "columnNumber": 22323,
                        "functionName": "domManip",
                        "lineNumber": 2,
                        "scriptId": "22",
                        "url": "https://ajax.googleapis.com/ajax/libs/jquery/1.11.0/jquery.min.js"
                    },
                    {
                        "columnNumber": 20027,
                        "functionName": "append",
                        "lineNumber": 2,
                        "scriptId": "22",
                        "url": "https://ajax.googleapis.com/ajax/libs/jquery/1.11.0/jquery.min.js"
                    },
                    {
                        "columnNumber": 10,
                        "functionName": "",
                        "lineNumber": 0,
                        "scriptId": "34",
                        "url": "https://www.avcr.cz/system/modules/cz.osw.opencms.types/elements/cookies/cookieconsent.js"
                    }
                ]
            },
            "type": "script"
        }
    },
    {
        "requested_for": "https://www.avcr.cz/cs/",
        "time": 339461.84968,
        "requestId": "27000.216",
        "loaderId": "2837C9B5D7BF21CBF24AF615478426E7",
        "requested_resource": "https://www.avcr.cz/favicon.ico",
        "initiator": {
            "type": "other"
        }
    }
]