{
    "google.com": {
        "accounts": {
            "A": [
                "64.233.184.84"
            ],
            "CNAME": []
        },
        "www": {
            "A": [
                "142.251.36.132"
            ],
            "CNAME": []
        },
        "android.clients": {
            "A": [
                "142.251.37.110",
                "142.251.36.142",
                "142.251.36.110",
                "142.251.36.78"
            ],
            "CNAME": [
                "android.l.google.com"
            ]
        },
        "android.l": {
            "A": [
                "142.251.37.110",
                "142.251.36.142",
                "142.251.36.110",
                "142.251.36.78"
            ],
            "CNAME": []
        },
        "mtalk": {
            "A": [
                "142.250.102.188"
            ],
            "CNAME": []
        }
    },
    "medium.com": {
        "medium.com": {
            "A": [
                "162.159.152.4",
                "162.159.153.4"
            ],
            "CNAME": []
        },
        "glyph": {
            "A": [
                "162.159.153.4",
                "162.159.152.4"
            ],
            "CNAME": []
        },
        "miro": {
            "A": [
                "162.159.153.4",
                "162.159.152.4"
            ],
            "CNAME": []
        },
        "cdn-client": {
            "A": [
                "162.159.153.4",
                "162.159.152.4"
            ],
            "CNAME": []
        }
    },
    "cloudflareinsights.com": {
        "static": {
            "A": [
                "104.16.79.73",
                "104.16.80.73"
            ],
            "CNAME": []
        }
    },
    "googletagmanager.com": {
        "www": {
            "A": [
                "142.251.36.104"
            ],
            "CNAME": []
        }
    },
    "branch.io": {
        "cdn": {
            "A": [
                "65.9.95.97",
                "65.9.95.15",
                "65.9.95.56",
                "65.9.95.129"
            ],
            "CNAME": []
        },
        "api2": {
            "A": [
                "65.9.95.10",
                "65.9.95.91",
                "65.9.95.112",
                "65.9.95.80"
            ],
            "CNAME": []
        }
    },
    "gstatic.com": {
        "www": {
            "A": [
                "142.251.36.99"
            ],
            "CNAME": []
        },
        "fonts": {
            "A": [
                "142.251.37.99"
            ],
            "CNAME": []
        }
    },
    "app.link": {
        "app.link": {
            "A": [
                "65.9.95.16",
                "65.9.95.63",
                "65.9.95.59",
                "65.9.95.49"
            ],
            "CNAME": []
        }
    },
    "google-analytics.com": {
        "region1": {
            "A": [
                "216.239.34.36",
                "216.239.32.36"
            ],
            "CNAME": []
        }
    },
    "googleapis.com": {
        "content-autofill": {
            "A": [
                "142.251.36.74",
                "142.251.36.106",
                "142.251.36.138",
                "142.251.37.106"
            ],
            "CNAME": []
        }
    }
}