[
    {
        "time": 236672.539128,
        "requested_resource": "https://decathlon.cz/",
        "initiator": {
            "type": "other"
        },
        "requested_for": "https://decathlon.cz/"
    },
    {
        "time": 236672.760694,
        "requested_resource": "https://www.decathlon.cz/",
        "initiator": {
            "type": "other"
        },
        "requested_for": "https://www.decathlon.cz/"
    },
    {
        "time": 236673.072369,
        "requested_resource": "https://www.decathlon.cz/client/style/vtmn-tailwind.72be600e0337cdb5722d.css",
        "initiator": {
            "type": "other"
        },
        "requested_for": "https://www.decathlon.cz/"
    },
    {
        "time": 236673.072579,
        "requested_resource": "https://www.decathlon.cz/client/style/vtmn-style.88921bae214f13da8115.css",
        "initiator": {
            "type": "other"
        },
        "requested_for": "https://www.decathlon.cz/"
    },
    {
        "time": 236673.072615,
        "requested_resource": "https://www.decathlon.cz/client/style/vtmn-new-visual-identity.baf19d8b0ed007285903.css",
        "initiator": {
            "type": "other"
        },
        "requested_for": "https://www.decathlon.cz/"
    },
    {
        "time": 236673.072644,
        "requested_resource": "https://www.decathlon.cz/client/style/style.61b34b2150bf75241692.css",
        "initiator": {
            "type": "other"
        },
        "requested_for": "https://www.decathlon.cz/"
    },
    {
        "time": 236673.07267,
        "requested_resource": "https://www.decathlon.cz/client/app/client.53b97d56d61b134332df.js",
        "initiator": {
            "type": "other"
        },
        "requested_for": "https://www.decathlon.cz/"
    },
    {
        "time": 236673.099518,
        "requested_resource": "https://fonts.googleapis.com/icon?family=Material+Icons",
        "initiator": {
            "columnNumber": 134,
            "lineNumber": 1307,
            "type": "parser",
            "url": "https://www.decathlon.cz/"
        },
        "requested_for": "https://www.decathlon.cz/"
    },
    {
        "time": 236673.100424,
        "requested_resource": "https://contents.mediadecathlon.com/s1082774/k$db98b0f2b69454a0e40a379df0dba41c/defaut.jpg?format=auto",
        "initiator": {
            "columnNumber": 298,
            "lineNumber": 686,
            "type": "parser",
            "url": "https://www.decathlon.cz/"
        },
        "requested_for": "https://www.decathlon.cz/"
    },
    {
        "time": 236673.100497,
        "requested_resource": "https://contents.mediadecathlon.com/s1186512/k$1939150cda0cbadee6545338b0afe9b0/250103_Appcomreview_mobile.png?format=auto",
        "initiator": {
            "columnNumber": 227,
            "lineNumber": 689,
            "type": "parser",
            "url": "https://www.decathlon.cz/"
        },
        "requested_for": "https://www.decathlon.cz/"
    },
    {
        "time": 236673.100525,
        "requested_resource": "https://contents.mediadecathlon.com/s1186513/k$7db31ffcf2e9cdac291ab84d90838c6c/250103_Appcomreview_mobile.png?format=auto",
        "initiator": {
            "columnNumber": 375,
            "lineNumber": 690,
            "type": "parser",
            "url": "https://www.decathlon.cz/"
        },
        "requested_for": "https://www.decathlon.cz/"
    },
    {
        "time": 236673.100557,
        "requested_resource": "https://contents.mediadecathlon.com/b100978/k$4edd6a6828098718b93beca2d8834041/defaut.jpg/sq/decathlon-aplikace.jpg",
        "initiator": {
            "columnNumber": 369,
            "lineNumber": 1361,
            "type": "parser",
            "url": "https://www.decathlon.cz/"
        },
        "requested_for": "https://www.decathlon.cz/"
    },
    {
        "time": 236673.100579,
        "requested_resource": "https://contents.mediadecathlon.com/s982921/k$f03b9ca0e78a9ba6f73f4f05b6e0aa6b/footer.png",
        "initiator": {
            "columnNumber": 161,
            "lineNumber": 1363,
            "type": "parser",
            "url": "https://www.decathlon.cz/"
        },
        "requested_for": "https://www.decathlon.cz/"
    },
    {
        "time": 236673.100618,
        "requested_resource": "https://www.decathlon.cz/static/content/footer/visa.svg",
        "initiator": {
            "columnNumber": 132,
            "lineNumber": 1365,
            "type": "parser",
            "url": "https://www.decathlon.cz/"
        },
        "requested_for": "https://www.decathlon.cz/"
    },
    {
        "time": 236673.100644,
        "requested_resource": "https://www.decathlon.cz/static/content/footer/mastercard.svg",
        "initiator": {
            "columnNumber": 97,
            "lineNumber": 1366,
            "type": "parser",
            "url": "https://www.decathlon.cz/"
        },
        "requested_for": "https://www.decathlon.cz/"
    },
    {
        "time": 236673.100665,
        "requested_resource": "https://www.decathlon.cz/static/content/footer/maestro.svg",
        "initiator": {
            "columnNumber": 90,
            "lineNumber": 1367,
            "type": "parser",
            "url": "https://www.decathlon.cz/"
        },
        "requested_for": "https://www.decathlon.cz/"
    },
    {
        "time": 236673.100687,
        "requested_resource": "https://contents.mediadecathlon.com/s1070868/k$fb771ac1d28eba0c4f95ea67e73e9fe6/defaut.jpg?format=auto",
        "initiator": {
            "columnNumber": 140,
            "lineNumber": 1368,
            "type": "parser",
            "url": "https://www.decathlon.cz/"
        },
        "requested_for": "https://www.decathlon.cz/"
    },
    {
        "time": 236673.100727,
        "requested_resource": "https://contents.mediadecathlon.com/s952124/k$21eefd120cfc5c4aef2d7b0a411d2896/apple%20pay.png?format=auto",
        "initiator": {
            "columnNumber": 140,
            "lineNumber": 1369,
            "type": "parser",
            "url": "https://www.decathlon.cz/"
        },
        "requested_for": "https://www.decathlon.cz/"
    },
    {
        "time": 236673.10075,
        "requested_resource": "https://contents.mediadecathlon.com/s857539/k$1c6684c23fe1b21559a9545658e20696/defaut.svg?format=auto",
        "initiator": {
            "columnNumber": 136,
            "lineNumber": 1370,
            "type": "parser",
            "url": "https://www.decathlon.cz/"
        },
        "requested_for": "https://www.decathlon.cz/"
    },
    {
        "time": 236673.100832,
        "requested_resource": "https://contents.mediadecathlon.com/s1100851/k$f67b131ab6c200513b1f9292318689da/klarna_logo.svg",
        "initiator": {
            "columnNumber": 126,
            "lineNumber": 1371,
            "type": "parser",
            "url": "https://www.decathlon.cz/"
        },
        "requested_for": "https://www.decathlon.cz/"
    },
    {
        "time": 236673.100881,
        "requested_resource": "https://contents.mediadecathlon.com/s1081198/k$605ec32248ca85462695e8e385e6f9e3/defaut.jpg?format=auto",
        "initiator": {
            "columnNumber": 184,
            "lineNumber": 1374,
            "type": "parser",
            "url": "https://www.decathlon.cz/"
        },
        "requested_for": "https://www.decathlon.cz/"
    },
    {
        "time": 236673.100962,
        "requested_resource": "https://contents.mediadecathlon.com/s1099339/k$8ad0c61f1670d21bb833b5deb1475393/Sustainability-STAR-2024_krivky_logo_horizontal.png?format=auto",
        "initiator": {
            "columnNumber": 207,
            "lineNumber": 1375,
            "type": "parser",
            "url": "https://www.decathlon.cz/"
        },
        "requested_for": "https://www.decathlon.cz/"
    },
    {
        "time": 236673.101049,
        "requested_resource": "https://www.decathlon.cz/static/content/footer/linkedin.svg",
        "initiator": {
            "columnNumber": 241,
            "lineNumber": 1377,
            "type": "parser",
            "url": "https://www.decathlon.cz/"
        },
        "requested_for": "https://www.decathlon.cz/"
    },
    {
        "time": 236673.101103,
        "requested_resource": "https://www.decathlon.cz/static/content/footer/youtube.svg",
        "initiator": {
            "columnNumber": 169,
            "lineNumber": 1378,
            "type": "parser",
            "url": "https://www.decathlon.cz/"
        },
        "requested_for": "https://www.decathlon.cz/"
    },
    {
        "time": 236673.101132,
        "requested_resource": "https://www.decathlon.cz/static/content/footer/instagram.svg",
        "initiator": {
            "columnNumber": 171,
            "lineNumber": 1379,
            "type": "parser",
            "url": "https://www.decathlon.cz/"
        },
        "requested_for": "https://www.decathlon.cz/"
    },
    {
        "time": 236673.101153,
        "requested_resource": "https://www.decathlon.cz/static/content/footer/facebook.svg",
        "initiator": {
            "columnNumber": 169,
            "lineNumber": 1380,
            "type": "parser",
            "url": "https://www.decathlon.cz/"
        },
        "requested_for": "https://www.decathlon.cz/"
    },
    {
        "time": 236673.10117,
        "requested_resource": "https://www.decathlon.cz/static/content/footer/spotify.svg",
        "initiator": {
            "columnNumber": 182,
            "lineNumber": 1381,
            "type": "parser",
            "url": "https://www.decathlon.cz/"
        },
        "requested_for": "https://www.decathlon.cz/"
    },
    {
        "time": 236673.101195,
        "requested_resource": "https://www.decathlon.cz/static/content/footer/itune.svg",
        "initiator": {
            "columnNumber": 182,
            "lineNumber": 1382,
            "type": "parser",
            "url": "https://www.decathlon.cz/"
        },
        "requested_for": "https://www.decathlon.cz/"
    },
    {
        "time": 236673.101214,
        "requested_resource": "https://www.decathlon.cz/static/content/footer/lemonway2.svg",
        "initiator": {
            "columnNumber": 193,
            "lineNumber": 1384,
            "type": "parser",
            "url": "https://www.decathlon.cz/"
        },
        "requested_for": "https://www.decathlon.cz/"
    },
    {
        "time": 236673.101244,
        "requested_resource": "https://www.decathlon.cz/render/scripts/loadDataApp.js",
        "initiator": {
            "columnNumber": 62,
            "lineNumber": 1387,
            "type": "parser",
            "url": "https://www.decathlon.cz/"
        },
        "requested_for": "https://www.decathlon.cz/"
    },
    {
        "time": 236673.109131,
        "requested_resource": "https://www.decathlon.cz/render/Roboto-Regular-cz.3a186a26f0f37c07e082.woff2",
        "initiator": {
            "columnNumber": 134,
            "lineNumber": 1307,
            "type": "parser",
            "url": "https://www.decathlon.cz/"
        },
        "requested_for": "https://www.decathlon.cz/"
    },
    {
        "time": 236673.109223,
        "requested_resource": "https://www.decathlon.cz/client/style/vitamix.39a3fcfa803b5b500c3f4d78a4b49b2c.woff2",
        "initiator": {
            "type": "parser",
            "url": "https://www.decathlon.cz/client/style/vtmn-style.88921bae214f13da8115.css"
        },
        "requested_for": "https://www.decathlon.cz/"
    },
    {
        "time": 236673.10927,
        "requested_resource": "https://www.decathlon.cz/render/Roboto-Bold-cz.aa988e41f7d260b52d8d.woff2",
        "initiator": {
            "columnNumber": 134,
            "lineNumber": 1307,
            "type": "parser",
            "url": "https://www.decathlon.cz/"
        },
        "requested_for": "https://www.decathlon.cz/"
    },
    {
        "time": 236673.174759,
        "requested_resource": "https://contents.mediadecathlon.com/s1185375/k$67de8764010acdc7a8072b32074d6962/pictogram-zimni-sporty.png/vybaveni-na-svah.png?format=auto&f=64x0",
        "initiator": {
            "columnNumber": 134,
            "lineNumber": 1307,
            "type": "parser",
            "url": "https://www.decathlon.cz/"
        },
        "requested_for": "https://www.decathlon.cz/"
    },
    {
        "time": 236673.174821,
        "requested_resource": "https://contents.mediadecathlon.com/s1180213/k$db7c190b9ae74f77444681732c035a87/bundy.png/zimni-bundy.png?format=auto&f=64x0",
        "initiator": {
            "columnNumber": 134,
            "lineNumber": 1307,
            "type": "parser",
            "url": "https://www.decathlon.cz/"
        },
        "requested_for": "https://www.decathlon.cz/"
    },
    {
        "time": 236673.17484,
        "requested_resource": "https://contents.mediadecathlon.com/s1181736/k$6e2a7694b19d8df4ab2f6fae3d66f801/kalhoty.png/zimni-kalhoty.png?format=auto&f=64x0",
        "initiator": {
            "columnNumber": 134,
            "lineNumber": 1307,
            "type": "parser",
            "url": "https://www.decathlon.cz/"
        },
        "requested_for": "https://www.decathlon.cz/"
    },
    {
        "time": 236673.174859,
        "requested_resource": "https://contents.mediadecathlon.com/s1180211/k$7c886ced608a6206c399076b4604733b/boty.webp/zimni-boty.png?format=auto&f=64x0",
        "initiator": {
            "columnNumber": 134,
            "lineNumber": 1307,
            "type": "parser",
            "url": "https://www.decathlon.cz/"
        },
        "requested_for": "https://www.decathlon.cz/"
    },
    {
        "time": 236673.174885,
        "requested_resource": "https://contents.mediadecathlon.com/s1198845/k$4148ec5fb20f2d9620392c0362796822/pictogram-menu-batohy.png/batohy.png?format=auto&f=64x0",
        "initiator": {
            "columnNumber": 134,
            "lineNumber": 1307,
            "type": "parser",
            "url": "https://www.decathlon.cz/"
        },
        "requested_for": "https://www.decathlon.cz/"
    },
    {
        "time": 236673.174907,
        "requested_resource": "https://contents.mediadecathlon.com/s1192578/k$05114432fbdab56718b18546aa17b292/pictogram-bikes.png/vyprodej-jizdnich-kol.png?format=auto&f=64x0",
        "initiator": {
            "columnNumber": 134,
            "lineNumber": 1307,
            "type": "parser",
            "url": "https://www.decathlon.cz/"
        },
        "requested_for": "https://www.decathlon.cz/"
    },
    {
        "time": 236673.174926,
        "requested_resource": "https://contents.mediadecathlon.com/s1200176/auto/.jpg?format=auto&f=undefinedx0",
        "initiator": {
            "columnNumber": 134,
            "lineNumber": 1307,
            "type": "parser",
            "url": "https://www.decathlon.cz/"
        },
        "requested_for": "https://www.decathlon.cz/"
    },
    {
        "time": 236673.174953,
        "requested_resource": "https://contents.mediadecathlon.com/s1200707/auto/.jpg?format=auto&f=undefinedx0",
        "initiator": {
            "columnNumber": 134,
            "lineNumber": 1307,
            "type": "parser",
            "url": "https://www.decathlon.cz/"
        },
        "requested_for": "https://www.decathlon.cz/"
    },
    {
        "time": 236673.174971,
        "requested_resource": "https://contents.mediadecathlon.com/s1198271/auto/.jpg?format=auto&f=undefinedx0",
        "initiator": {
            "columnNumber": 134,
            "lineNumber": 1307,
            "type": "parser",
            "url": "https://www.decathlon.cz/"
        },
        "requested_for": "https://www.decathlon.cz/"
    },
    {
        "time": 236673.174996,
        "requested_resource": "https://contents.mediadecathlon.com/s1197978/k$6e94c1f68de231f825f765158d733ff5/new-banner-kolo530.webp/.jpg?format=auto&f=720x0",
        "initiator": {
            "columnNumber": 134,
            "lineNumber": 1307,
            "type": "parser",
            "url": "https://www.decathlon.cz/"
        },
        "requested_for": "https://www.decathlon.cz/"
    },
    {
        "time": 236673.175017,
        "requested_resource": "https://contents.mediadecathlon.com/s1200209/k$f4ca4d4f3ec622cc21cba50d4ab3d08c/hpsalesbanner-akupresurnipodlozka.webp/.jpg?format=auto&f=720x0",
        "initiator": {
            "columnNumber": 134,
            "lineNumber": 1307,
            "type": "parser",
            "url": "https://www.decathlon.cz/"
        },
        "requested_for": "https://www.decathlon.cz/"
    },
    {
        "time": 236673.175035,
        "requested_resource": "https://contents.mediadecathlon.com/s1195281/k$5f860ee444ffcc2a1804ab56322cfd2f/novinky_gif.gif?format=auto/.jpg?format=auto&f=240x0",
        "initiator": {
            "columnNumber": 134,
            "lineNumber": 1307,
            "type": "parser",
            "url": "https://www.decathlon.cz/"
        },
        "requested_for": "https://www.decathlon.cz/"
    },
    {
        "time": 236673.175051,
        "requested_resource": "https://contents.mediadecathlon.com/s1200207/k$66c04a37869175965b17974da9b20529/galerie-zimnisporty.webp/.jpg?format=auto&f=240x0",
        "initiator": {
            "columnNumber": 134,
            "lineNumber": 1307,
            "type": "parser",
            "url": "https://www.decathlon.cz/"
        },
        "requested_for": "https://www.decathlon.cz/"
    },
    {
        "time": 236673.175072,
        "requested_resource": "https://contents.mediadecathlon.com/s1200204/k$39ff2fe169d3ca1e1d7bbb379359eb70/galerie-turistika.webp/.jpg?format=auto&f=240x0",
        "initiator": {
            "columnNumber": 134,
            "lineNumber": 1307,
            "type": "parser",
            "url": "https://www.decathlon.cz/"
        },
        "requested_for": "https://www.decathlon.cz/"
    },
    {
        "time": 236673.175089,
        "requested_resource": "https://contents.mediadecathlon.com/s1200203/k$780c026341e96d4a5cecae16cf18a864/galerie-cyklistika.webp/.jpg?format=auto&f=240x0",
        "initiator": {
            "columnNumber": 134,
            "lineNumber": 1307,
            "type": "parser",
            "url": "https://www.decathlon.cz/"
        },
        "requested_for": "https://www.decathlon.cz/"
    },
    {
        "time": 236673.175109,
        "requested_resource": "https://contents.mediadecathlon.com/s1200205/k$5f3340659ae67e22c2457bb44fcb6cf1/galerie-fitness.webp/.jpg?format=auto&f=240x0",
        "initiator": {
            "columnNumber": 134,
            "lineNumber": 1307,
            "type": "parser",
            "url": "https://www.decathlon.cz/"
        },
        "requested_for": "https://www.decathlon.cz/"
    },
    {
        "time": 236673.175127,
        "requested_resource": "https://contents.mediadecathlon.com/s1200206/k$0c0ae92c90393f29eaec2e674afbf272/galerie-beh.webp/.jpg?format=auto&f=240x0",
        "initiator": {
            "columnNumber": 134,
            "lineNumber": 1307,
            "type": "parser",
            "url": "https://www.decathlon.cz/"
        },
        "requested_for": "https://www.decathlon.cz/"
    },
    {
        "time": 236673.175156,
        "requested_resource": "https://contents.mediadecathlon.com/p2287070/k$6fc61274438c7da1d4ea3de1961b9e5c/400x599/LUGIK%20COMBI%20BB%20WARM%20GRAPH%20GRIS%20TRQ%20AH23.webp/deti-na-lyzich-a-snowboardu.jpg?format=auto&f=900x0",
        "initiator": {
            "columnNumber": 134,
            "lineNumber": 1307,
            "type": "parser",
            "url": "https://www.decathlon.cz/"
        },
        "requested_for": "https://www.decathlon.cz/"
    },
    {
        "time": 236673.175172,
        "requested_resource": "https://contents.mediadecathlon.com/p2582566/k$cf1b1fff888b5b0a5c521a09944d27d9/sq/8603763.jpg?format=auto&f=646x646",
        "initiator": {
            "columnNumber": 134,
            "lineNumber": 1307,
            "type": "parser",
            "url": "https://www.decathlon.cz/"
        },
        "requested_for": "https://www.decathlon.cz/"
    },
    {
        "time": 236673.175188,
        "requested_resource": "https://contents.mediadecathlon.com/p2582525/k$4009ab83dc5ab3c9309f78a2e8896587/sq/8641830.jpg?format=auto&f=646x646",
        "initiator": {
            "columnNumber": 134,
            "lineNumber": 1307,
            "type": "parser",
            "url": "https://www.decathlon.cz/"
        },
        "requested_for": "https://www.decathlon.cz/"
    },
    {
        "time": 236673.175212,
        "requested_resource": "https://contents.mediadecathlon.com/p2582511/k$43fb478afcb43e26feb672ee3d4df234/sq/8641914.jpg?format=auto&f=646x646",
        "initiator": {
            "columnNumber": 134,
            "lineNumber": 1307,
            "type": "parser",
            "url": "https://www.decathlon.cz/"
        },
        "requested_for": "https://www.decathlon.cz/"
    },
    {
        "time": 236673.175231,
        "requested_resource": "https://contents.mediadecathlon.com/p2701078/k$6863dc125f8505dae9f101f5f677017e/sq/8843996.jpg?format=auto&f=646x646",
        "initiator": {
            "columnNumber": 134,
            "lineNumber": 1307,
            "type": "parser",
            "url": "https://www.decathlon.cz/"
        },
        "requested_for": "https://www.decathlon.cz/"
    },
    {
        "time": 236673.175246,
        "requested_resource": "https://contents.mediadecathlon.com/p2597091/k$0b6ee833963f9075fe89a5bb4c0718a0/800x1199/DOMYOS%20T520B.jpeg?format=auto/picture-alternate-text.jpg?format=auto&f=900x0",
        "initiator": {
            "columnNumber": 134,
            "lineNumber": 1307,
            "type": "parser",
            "url": "https://www.decathlon.cz/"
        },
        "requested_for": "https://www.decathlon.cz/"
    },
    {
        "time": 236673.175266,
        "requested_resource": "https://contents.mediadecathlon.com/p2778702/k$09e9f40d8393670b83a3e70261d3151a/sq/8800625.jpg?format=auto&f=646x646",
        "initiator": {
            "columnNumber": 134,
            "lineNumber": 1307,
            "type": "parser",
            "url": "https://www.decathlon.cz/"
        },
        "requested_for": "https://www.decathlon.cz/"
    },
    {
        "time": 236673.175282,
        "requested_resource": "https://contents.mediadecathlon.com/p2332850/k$19c2898171f7fdb9245f3c11c6f11532/sq/8754269.jpg?format=auto&f=646x646",
        "initiator": {
            "columnNumber": 134,
            "lineNumber": 1307,
            "type": "parser",
            "url": "https://www.decathlon.cz/"
        },
        "requested_for": "https://www.decathlon.cz/"
    },
    {
        "time": 236673.175301,
        "requested_resource": "https://contents.mediadecathlon.com/p2500724/k$12e175a896fb0390b6a21d0ddef5c821/sq/8604435.jpg?format=auto&f=646x646",
        "initiator": {
            "columnNumber": 134,
            "lineNumber": 1307,
            "type": "parser",
            "url": "https://www.decathlon.cz/"
        },
        "requested_for": "https://www.decathlon.cz/"
    },
    {
        "time": 236673.519858,
        "requested_resource": "https://www.decathlon.cz/cs/ajax/loadData/content/Web/NFS/Ajax/Header",
        "initiator": {
            "stack": {
                "callFrames": [
                    {
                        "columnNumber": 381339,
                        "functionName": "s",
                        "lineNumber": 1,
                        "scriptId": "17",
                        "url": "https://www.decathlon.cz/client/app/client.53b97d56d61b134332df.js"
                    }
                ]
            },
            "type": "script"
        },
        "requested_for": "https://www.decathlon.cz/"
    },
    {
        "time": 236673.520195,
        "requested_resource": "https://www.decathlon.cz/cs/ajax/nfs/menu?useUrlManager=true",
        "initiator": {
            "stack": {
                "callFrames": [
                    {
                        "columnNumber": 381339,
                        "functionName": "s",
                        "lineNumber": 1,
                        "scriptId": "17",
                        "url": "https://www.decathlon.cz/client/app/client.53b97d56d61b134332df.js"
                    }
                ]
            },
            "type": "script"
        },
        "requested_for": "https://www.decathlon.cz/"
    },
    {
        "time": 236673.520862,
        "requested_resource": "https://www.decathlon.cz/client/app/6798.83f1ef87df05a007062a.js",
        "initiator": {
            "stack": {
                "callFrames": [
                    {
                        "columnNumber": 432677,
                        "functionName": "s.l",
                        "lineNumber": 1,
                        "scriptId": "17",
                        "url": "https://www.decathlon.cz/client/app/client.53b97d56d61b134332df.js"
                    }
                ]
            },
            "type": "script"
        },
        "requested_for": "https://www.decathlon.cz/"
    },
    {
        "time": 236673.521053,
        "requested_resource": "https://www.decathlon.cz/client/app/5283.3f01679dfc93d0c8e2b5.js",
        "initiator": {
            "stack": {
                "callFrames": [
                    {
                        "columnNumber": 432677,
                        "functionName": "s.l",
                        "lineNumber": 1,
                        "scriptId": "17",
                        "url": "https://www.decathlon.cz/client/app/client.53b97d56d61b134332df.js"
                    }
                ]
            },
            "type": "script"
        },
        "requested_for": "https://www.decathlon.cz/"
    },
    {
        "time": 236673.521148,
        "requested_resource": "https://www.decathlon.cz/client/app/569.5a803aab07317de4bfae.js",
        "initiator": {
            "stack": {
                "callFrames": [
                    {
                        "columnNumber": 432677,
                        "functionName": "s.l",
                        "lineNumber": 1,
                        "scriptId": "17",
                        "url": "https://www.decathlon.cz/client/app/client.53b97d56d61b134332df.js"
                    }
                ]
            },
            "type": "script"
        },
        "requested_for": "https://www.decathlon.cz/"
    },
    {
        "time": 236673.521229,
        "requested_resource": "https://www.decathlon.cz/cs/ajax/nfs/translations",
        "initiator": {
            "stack": {
                "callFrames": [
                    {
                        "columnNumber": 381339,
                        "functionName": "s",
                        "lineNumber": 1,
                        "scriptId": "17",
                        "url": "https://www.decathlon.cz/client/app/client.53b97d56d61b134332df.js"
                    }
                ]
            },
            "type": "script"
        },
        "requested_for": "https://www.decathlon.cz/"
    },
    {
        "time": 236673.521363,
        "requested_resource": "https://www.decathlon.cz/client/app/351.6a99222c7ce558bf92df.js",
        "initiator": {
            "stack": {
                "callFrames": [
                    {
                        "columnNumber": 432677,
                        "functionName": "s.l",
                        "lineNumber": 1,
                        "scriptId": "17",
                        "url": "https://www.decathlon.cz/client/app/client.53b97d56d61b134332df.js"
                    }
                ]
            },
            "type": "script"
        },
        "requested_for": "https://www.decathlon.cz/"
    },
    {
        "time": 236673.521512,
        "requested_resource": "https://www.decathlon.cz/client/app/6250.fa59208b2296655c2099.js",
        "initiator": {
            "stack": {
                "callFrames": [
                    {
                        "columnNumber": 432677,
                        "functionName": "s.l",
                        "lineNumber": 1,
                        "scriptId": "17",
                        "url": "https://www.decathlon.cz/client/app/client.53b97d56d61b134332df.js"
                    }
                ]
            },
            "type": "script"
        },
        "requested_for": "https://www.decathlon.cz/"
    },
    {
        "time": 236673.521601,
        "requested_resource": "https://www.decathlon.cz/client/app/8777.24a4838e5005ad3060d9.js",
        "initiator": {
            "stack": {
                "callFrames": [
                    {
                        "columnNumber": 432677,
                        "functionName": "s.l",
                        "lineNumber": 1,
                        "scriptId": "17",
                        "url": "https://www.decathlon.cz/client/app/client.53b97d56d61b134332df.js"
                    }
                ]
            },
            "type": "script"
        },
        "requested_for": "https://www.decathlon.cz/"
    },
    {
        "time": 236673.52171,
        "requested_resource": "https://www.decathlon.cz/client/app/6931.7c4b299c17426420715e.js",
        "initiator": {
            "stack": {
                "callFrames": [
                    {
                        "columnNumber": 432677,
                        "functionName": "s.l",
                        "lineNumber": 1,
                        "scriptId": "17",
                        "url": "https://www.decathlon.cz/client/app/client.53b97d56d61b134332df.js"
                    }
                ]
            },
            "type": "script"
        },
        "requested_for": "https://www.decathlon.cz/"
    },
    {
        "time": 236673.521865,
        "requested_resource": "https://www.decathlon.cz/client/app/407.13435c4a19cb9e741005.js",
        "initiator": {
            "stack": {
                "callFrames": [
                    {
                        "columnNumber": 432677,
                        "functionName": "s.l",
                        "lineNumber": 1,
                        "scriptId": "17",
                        "url": "https://www.decathlon.cz/client/app/client.53b97d56d61b134332df.js"
                    }
                ]
            },
            "type": "script"
        },
        "requested_for": "https://www.decathlon.cz/"
    },
    {
        "time": 236673.521996,
        "requested_resource": "https://www.decathlon.cz/client/app/7124.55f6fa41857e0207143b.js",
        "initiator": {
            "stack": {
                "callFrames": [
                    {
                        "columnNumber": 432677,
                        "functionName": "s.l",
                        "lineNumber": 1,
                        "scriptId": "17",
                        "url": "https://www.decathlon.cz/client/app/client.53b97d56d61b134332df.js"
                    }
                ]
            },
            "type": "script"
        },
        "requested_for": "https://www.decathlon.cz/"
    },
    {
        "time": 236673.52246,
        "requested_resource": "https://www.decathlon.cz/client/app/3946.e2b39c387e6a427da19c.js",
        "initiator": {
            "stack": {
                "callFrames": [
                    {
                        "columnNumber": 432677,
                        "functionName": "s.l",
                        "lineNumber": 1,
                        "scriptId": "17",
                        "url": "https://www.decathlon.cz/client/app/client.53b97d56d61b134332df.js"
                    }
                ]
            },
            "type": "script"
        },
        "requested_for": "https://www.decathlon.cz/"
    },
    {
        "time": 236673.522562,
        "requested_resource": "https://www.decathlon.cz/client/app/20.9a2e5da0bd3527a0543f.js",
        "initiator": {
            "stack": {
                "callFrames": [
                    {
                        "columnNumber": 432677,
                        "functionName": "s.l",
                        "lineNumber": 1,
                        "scriptId": "17",
                        "url": "https://www.decathlon.cz/client/app/client.53b97d56d61b134332df.js"
                    }
                ]
            },
            "type": "script"
        },
        "requested_for": "https://www.decathlon.cz/"
    },
    {
        "time": 236673.522624,
        "requested_resource": "https://www.decathlon.cz/client/app/6383.f486f3c4c42b5554fcf2.js",
        "initiator": {
            "stack": {
                "callFrames": [
                    {
                        "columnNumber": 432677,
                        "functionName": "s.l",
                        "lineNumber": 1,
                        "scriptId": "17",
                        "url": "https://www.decathlon.cz/client/app/client.53b97d56d61b134332df.js"
                    }
                ]
            },
            "type": "script"
        },
        "requested_for": "https://www.decathlon.cz/"
    },
    {
        "time": 236673.522685,
        "requested_resource": "https://www.decathlon.cz/client/app/2996.783ca47431f6294f7663.js",
        "initiator": {
            "stack": {
                "callFrames": [
                    {
                        "columnNumber": 432677,
                        "functionName": "s.l",
                        "lineNumber": 1,
                        "scriptId": "17",
                        "url": "https://www.decathlon.cz/client/app/client.53b97d56d61b134332df.js"
                    }
                ]
            },
            "type": "script"
        },
        "requested_for": "https://www.decathlon.cz/"
    },
    {
        "time": 236673.52274,
        "requested_resource": "https://www.decathlon.cz/client/app/2331.0e7e26e8200a5eafd05f.js",
        "initiator": {
            "stack": {
                "callFrames": [
                    {
                        "columnNumber": 432677,
                        "functionName": "s.l",
                        "lineNumber": 1,
                        "scriptId": "17",
                        "url": "https://www.decathlon.cz/client/app/client.53b97d56d61b134332df.js"
                    }
                ]
            },
            "type": "script"
        },
        "requested_for": "https://www.decathlon.cz/"
    },
    {
        "time": 236673.522794,
        "requested_resource": "https://www.decathlon.cz/client/app/7373.35acc932d110442de187.js",
        "initiator": {
            "stack": {
                "callFrames": [
                    {
                        "columnNumber": 432677,
                        "functionName": "s.l",
                        "lineNumber": 1,
                        "scriptId": "17",
                        "url": "https://www.decathlon.cz/client/app/client.53b97d56d61b134332df.js"
                    }
                ]
            },
            "type": "script"
        },
        "requested_for": "https://www.decathlon.cz/"
    },
    {
        "time": 236673.52284,
        "requested_resource": "https://www.decathlon.cz/client/app/8516.d109ea604270ff8aa4ba.js",
        "initiator": {
            "stack": {
                "callFrames": [
                    {
                        "columnNumber": 432677,
                        "functionName": "s.l",
                        "lineNumber": 1,
                        "scriptId": "17",
                        "url": "https://www.decathlon.cz/client/app/client.53b97d56d61b134332df.js"
                    }
                ]
            },
            "type": "script"
        },
        "requested_for": "https://www.decathlon.cz/"
    },
    {
        "time": 236673.522888,
        "requested_resource": "https://www.decathlon.cz/client/app/4480.7491c1aa4512ecf50502.js",
        "initiator": {
            "stack": {
                "callFrames": [
                    {
                        "columnNumber": 432677,
                        "functionName": "s.l",
                        "lineNumber": 1,
                        "scriptId": "17",
                        "url": "https://www.decathlon.cz/client/app/client.53b97d56d61b134332df.js"
                    }
                ]
            },
            "type": "script"
        },
        "requested_for": "https://www.decathlon.cz/"
    },
    {
        "time": 236673.52294,
        "requested_resource": "https://www.decathlon.cz/client/app/6462.ec0d5384b5d6e7a6d1b9.js",
        "initiator": {
            "stack": {
                "callFrames": [
                    {
                        "columnNumber": 432677,
                        "functionName": "s.l",
                        "lineNumber": 1,
                        "scriptId": "17",
                        "url": "https://www.decathlon.cz/client/app/client.53b97d56d61b134332df.js"
                    }
                ]
            },
            "type": "script"
        },
        "requested_for": "https://www.decathlon.cz/"
    },
    {
        "time": 236673.522992,
        "requested_resource": "https://www.decathlon.cz/client/app/2528.09d3793760c9b118e71e.js",
        "initiator": {
            "stack": {
                "callFrames": [
                    {
                        "columnNumber": 432677,
                        "functionName": "s.l",
                        "lineNumber": 1,
                        "scriptId": "17",
                        "url": "https://www.decathlon.cz/client/app/client.53b97d56d61b134332df.js"
                    }
                ]
            },
            "type": "script"
        },
        "requested_for": "https://www.decathlon.cz/"
    },
    {
        "time": 236673.52304,
        "requested_resource": "https://www.decathlon.cz/client/app/2196.6a50b25b69c024eaf6fb.js",
        "initiator": {
            "stack": {
                "callFrames": [
                    {
                        "columnNumber": 432677,
                        "functionName": "s.l",
                        "lineNumber": 1,
                        "scriptId": "17",
                        "url": "https://www.decathlon.cz/client/app/client.53b97d56d61b134332df.js"
                    }
                ]
            },
            "type": "script"
        },
        "requested_for": "https://www.decathlon.cz/"
    },
    {
        "time": 236673.523093,
        "requested_resource": "https://www.decathlon.cz/client/app/1525.274107324079b6cba4a7.js",
        "initiator": {
            "stack": {
                "callFrames": [
                    {
                        "columnNumber": 432677,
                        "functionName": "s.l",
                        "lineNumber": 1,
                        "scriptId": "17",
                        "url": "https://www.decathlon.cz/client/app/client.53b97d56d61b134332df.js"
                    }
                ]
            },
            "type": "script"
        },
        "requested_for": "https://www.decathlon.cz/"
    },
    {
        "time": 236673.523178,
        "requested_resource": "https://www.decathlon.cz/client/app/7896.b449e6c8c0f210892efe.js",
        "initiator": {
            "stack": {
                "callFrames": [
                    {
                        "columnNumber": 432677,
                        "functionName": "s.l",
                        "lineNumber": 1,
                        "scriptId": "17",
                        "url": "https://www.decathlon.cz/client/app/client.53b97d56d61b134332df.js"
                    }
                ]
            },
            "type": "script"
        },
        "requested_for": "https://www.decathlon.cz/"
    },
    {
        "time": 236673.523243,
        "requested_resource": "https://www.decathlon.cz/client/app/1616.8bb19484f1f748ba651c.js",
        "initiator": {
            "stack": {
                "callFrames": [
                    {
                        "columnNumber": 432677,
                        "functionName": "s.l",
                        "lineNumber": 1,
                        "scriptId": "17",
                        "url": "https://www.decathlon.cz/client/app/client.53b97d56d61b134332df.js"
                    }
                ]
            },
            "type": "script"
        },
        "requested_for": "https://www.decathlon.cz/"
    },
    {
        "time": 236673.5233,
        "requested_resource": "https://www.decathlon.cz/client/app/6380.d3cf795ca18e6d984ef2.js",
        "initiator": {
            "stack": {
                "callFrames": [
                    {
                        "columnNumber": 432677,
                        "functionName": "s.l",
                        "lineNumber": 1,
                        "scriptId": "17",
                        "url": "https://www.decathlon.cz/client/app/client.53b97d56d61b134332df.js"
                    }
                ]
            },
            "type": "script"
        },
        "requested_for": "https://www.decathlon.cz/"
    },
    {
        "time": 236673.523366,
        "requested_resource": "https://www.decathlon.cz/client/app/6707.00dba171d871de913f6e.js",
        "initiator": {
            "stack": {
                "callFrames": [
                    {
                        "columnNumber": 432677,
                        "functionName": "s.l",
                        "lineNumber": 1,
                        "scriptId": "17",
                        "url": "https://www.decathlon.cz/client/app/client.53b97d56d61b134332df.js"
                    }
                ]
            },
            "type": "script"
        },
        "requested_for": "https://www.decathlon.cz/"
    },
    {
        "time": 236673.523432,
        "requested_resource": "https://www.decathlon.cz/client/app/2293.42c5022483d612f39e7a.js",
        "initiator": {
            "stack": {
                "callFrames": [
                    {
                        "columnNumber": 432677,
                        "functionName": "s.l",
                        "lineNumber": 1,
                        "scriptId": "17",
                        "url": "https://www.decathlon.cz/client/app/client.53b97d56d61b134332df.js"
                    }
                ]
            },
            "type": "script"
        },
        "requested_for": "https://www.decathlon.cz/"
    },
    {
        "time": 236673.523487,
        "requested_resource": "https://www.decathlon.cz/client/app/2666.ac955a8cb9d180a2929c.js",
        "initiator": {
            "stack": {
                "callFrames": [
                    {
                        "columnNumber": 432677,
                        "functionName": "s.l",
                        "lineNumber": 1,
                        "scriptId": "17",
                        "url": "https://www.decathlon.cz/client/app/client.53b97d56d61b134332df.js"
                    }
                ]
            },
            "type": "script"
        },
        "requested_for": "https://www.decathlon.cz/"
    },
    {
        "time": 236673.523538,
        "requested_resource": "https://www.decathlon.cz/client/app/8376.c3d85f44c17ad92113c8.js",
        "initiator": {
            "stack": {
                "callFrames": [
                    {
                        "columnNumber": 432677,
                        "functionName": "s.l",
                        "lineNumber": 1,
                        "scriptId": "17",
                        "url": "https://www.decathlon.cz/client/app/client.53b97d56d61b134332df.js"
                    }
                ]
            },
            "type": "script"
        },
        "requested_for": "https://www.decathlon.cz/"
    },
    {
        "time": 236673.523588,
        "requested_resource": "https://www.decathlon.cz/client/app/1259.460b03088e761131e5c8.js",
        "initiator": {
            "stack": {
                "callFrames": [
                    {
                        "columnNumber": 432677,
                        "functionName": "s.l",
                        "lineNumber": 1,
                        "scriptId": "17",
                        "url": "https://www.decathlon.cz/client/app/client.53b97d56d61b134332df.js"
                    }
                ]
            },
            "type": "script"
        },
        "requested_for": "https://www.decathlon.cz/"
    },
    {
        "time": 236673.523641,
        "requested_resource": "https://www.decathlon.cz/client/app/531.4a6cdcef76a5349cacb0.js",
        "initiator": {
            "stack": {
                "callFrames": [
                    {
                        "columnNumber": 432677,
                        "functionName": "s.l",
                        "lineNumber": 1,
                        "scriptId": "17",
                        "url": "https://www.decathlon.cz/client/app/client.53b97d56d61b134332df.js"
                    }
                ]
            },
            "type": "script"
        },
        "requested_for": "https://www.decathlon.cz/"
    },
    {
        "time": 236673.523832,
        "requested_resource": "https://www.decathlon.cz/client/app/8415.5726fea3ab1ec02f2557.js",
        "initiator": {
            "stack": {
                "callFrames": [
                    {
                        "columnNumber": 432677,
                        "functionName": "s.l",
                        "lineNumber": 1,
                        "scriptId": "17",
                        "url": "https://www.decathlon.cz/client/app/client.53b97d56d61b134332df.js"
                    }
                ]
            },
            "type": "script"
        },
        "requested_for": "https://www.decathlon.cz/"
    },
    {
        "time": 236673.523913,
        "requested_resource": "https://www.decathlon.cz/client/app/8742.da0b62b8562eaf7e8c44.js",
        "initiator": {
            "stack": {
                "callFrames": [
                    {
                        "columnNumber": 432677,
                        "functionName": "s.l",
                        "lineNumber": 1,
                        "scriptId": "17",
                        "url": "https://www.decathlon.cz/client/app/client.53b97d56d61b134332df.js"
                    }
                ]
            },
            "type": "script"
        },
        "requested_for": "https://www.decathlon.cz/"
    },
    {
        "time": 236673.523981,
        "requested_resource": "https://www.decathlon.cz/client/app/7661.9e86a082ad977c3252dc.js",
        "initiator": {
            "stack": {
                "callFrames": [
                    {
                        "columnNumber": 432677,
                        "functionName": "s.l",
                        "lineNumber": 1,
                        "scriptId": "17",
                        "url": "https://www.decathlon.cz/client/app/client.53b97d56d61b134332df.js"
                    }
                ]
            },
            "type": "script"
        },
        "requested_for": "https://www.decathlon.cz/"
    },
    {
        "time": 236673.524041,
        "requested_resource": "https://www.decathlon.cz/client/app/8375.776e5b403043c9785cb2.js",
        "initiator": {
            "stack": {
                "callFrames": [
                    {
                        "columnNumber": 432677,
                        "functionName": "s.l",
                        "lineNumber": 1,
                        "scriptId": "17",
                        "url": "https://www.decathlon.cz/client/app/client.53b97d56d61b134332df.js"
                    }
                ]
            },
            "type": "script"
        },
        "requested_for": "https://www.decathlon.cz/"
    },
    {
        "time": 236673.524179,
        "requested_resource": "https://www.decathlon.cz/client/app/8703.08c2d3c3985d63bb261a.js",
        "initiator": {
            "stack": {
                "callFrames": [
                    {
                        "columnNumber": 432677,
                        "functionName": "s.l",
                        "lineNumber": 1,
                        "scriptId": "17",
                        "url": "https://www.decathlon.cz/client/app/client.53b97d56d61b134332df.js"
                    }
                ]
            },
            "type": "script"
        },
        "requested_for": "https://www.decathlon.cz/"
    },
    {
        "time": 236673.654527,
        "requested_resource": "https://www.decathlon.cz/render/didomi.3725e32d514f63c56db3.js",
        "initiator": {
            "stack": {
                "callFrames": [
                    {
                        "columnNumber": 385928,
                        "functionName": "",
                        "lineNumber": 1,
                        "scriptId": "17",
                        "url": "https://www.decathlon.cz/client/app/client.53b97d56d61b134332df.js"
                    }
                ]
            },
            "type": "script"
        },
        "requested_for": "https://www.decathlon.cz/"
    },
    {
        "time": 236673.665393,
        "requested_resource": "https://www.googletagmanager.com/gtm.js?id=GTM-MW4Z6VP",
        "initiator": {
            "stack": {
                "callFrames": [
                    {
                        "columnNumber": 385928,
                        "functionName": "",
                        "lineNumber": 1,
                        "scriptId": "17",
                        "url": "https://www.decathlon.cz/client/app/client.53b97d56d61b134332df.js"
                    }
                ]
            },
            "type": "script"
        },
        "requested_for": "https://www.decathlon.cz/"
    },
    {
        "time": 236673.665595,
        "requested_resource": "https://www.googletagmanager.com/gtm.js?id=GTM-KZF8H65",
        "initiator": {
            "stack": {
                "callFrames": [
                    {
                        "columnNumber": 385928,
                        "functionName": "",
                        "lineNumber": 1,
                        "scriptId": "17",
                        "url": "https://www.decathlon.cz/client/app/client.53b97d56d61b134332df.js"
                    }
                ]
            },
            "type": "script"
        },
        "requested_for": "https://www.decathlon.cz/"
    },
    {
        "time": 236673.665682,
        "requested_resource": "https://prod.transcript.decathlon.net/content/tracker.v2.prod.min.js",
        "initiator": {
            "stack": {
                "callFrames": [
                    {
                        "columnNumber": 385928,
                        "functionName": "",
                        "lineNumber": 1,
                        "scriptId": "17",
                        "url": "https://www.decathlon.cz/client/app/client.53b97d56d61b134332df.js"
                    }
                ]
            },
            "type": "script"
        },
        "requested_for": "https://www.decathlon.cz/"
    },
    {
        "time": 236673.677607,
        "requested_resource": "https://sdk.privacy-center.org/929521d8-0c53-458b-9f07-852d7d00d609/loader.js?target=www.decathlon.cz",
        "initiator": {
            "stack": {
                "callFrames": [
                    {
                        "columnNumber": 1328,
                        "functionName": "",
                        "lineNumber": 0,
                        "scriptId": "54",
                        "url": "https://www.decathlon.cz/render/didomi.3725e32d514f63c56db3.js"
                    }
                ]
            },
            "type": "script"
        },
        "requested_for": "https://www.decathlon.cz/"
    },
    {
        "time": 236673.69293,
        "requested_resource": "https://www.decathlon.cz/client/app/7973.b9e4bff6a177de86ec4e.js",
        "initiator": {
            "stack": {
                "callFrames": [
                    {
                        "columnNumber": 432677,
                        "functionName": "s.l",
                        "lineNumber": 1,
                        "scriptId": "17",
                        "url": "https://www.decathlon.cz/client/app/client.53b97d56d61b134332df.js"
                    }
                ]
            },
            "type": "script"
        },
        "requested_for": "https://www.decathlon.cz/"
    },
    {
        "time": 236673.693077,
        "requested_resource": "https://www.decathlon.cz/client/app/4093.ecab86e025ea2e95b64a.js",
        "initiator": {
            "stack": {
                "callFrames": [
                    {
                        "columnNumber": 432677,
                        "functionName": "s.l",
                        "lineNumber": 1,
                        "scriptId": "17",
                        "url": "https://www.decathlon.cz/client/app/client.53b97d56d61b134332df.js"
                    }
                ]
            },
            "type": "script"
        },
        "requested_for": "https://www.decathlon.cz/"
    },
    {
        "time": 236673.693331,
        "requested_resource": "https://www.decathlon.cz/client/app/6832.2424b53fc4f529700882.js",
        "initiator": {
            "stack": {
                "callFrames": [
                    {
                        "columnNumber": 432677,
                        "functionName": "s.l",
                        "lineNumber": 1,
                        "scriptId": "17",
                        "url": "https://www.decathlon.cz/client/app/client.53b97d56d61b134332df.js"
                    }
                ]
            },
            "type": "script"
        },
        "requested_for": "https://www.decathlon.cz/"
    },
    {
        "time": 236673.69341,
        "requested_resource": "https://www.decathlon.cz/client/app/2295.ef37232f9c52e8f7ec3e.js",
        "initiator": {
            "stack": {
                "callFrames": [
                    {
                        "columnNumber": 432677,
                        "functionName": "s.l",
                        "lineNumber": 1,
                        "scriptId": "17",
                        "url": "https://www.decathlon.cz/client/app/client.53b97d56d61b134332df.js"
                    }
                ]
            },
            "type": "script"
        },
        "requested_for": "https://www.decathlon.cz/"
    },
    {
        "time": 236673.738113,
        "requested_resource": "https://fonts.gstatic.com/s/materialicons/v143/flUhRq6tzZclQEJ-Vdg-IuiaDsNc.woff2",
        "initiator": {
            "type": "parser",
            "url": "https://fonts.googleapis.com/icon?family=Material+Icons"
        },
        "requested_for": "https://www.decathlon.cz/"
    },
    {
        "time": 236673.757422,
        "requested_resource": "https://www.decathlon.cz/cs/ajax/nfs/async",
        "initiator": {
            "stack": {
                "callFrames": [
                    {
                        "columnNumber": 381339,
                        "functionName": "s",
                        "lineNumber": 1,
                        "scriptId": "17",
                        "url": "https://www.decathlon.cz/client/app/client.53b97d56d61b134332df.js"
                    }
                ]
            },
            "type": "script"
        },
        "requested_for": "https://www.decathlon.cz/"
    },
    {
        "time": 236673.764014,
        "requested_resource": "https://contents.mediadecathlon.com/s1200127/k$511576e359df9d975727eeac7395ee48/250220_APPDAYS25_Popup_desktop_800x600px.jpg?format=auto",
        "initiator": {
            "columnNumber": 10,
            "lineNumber": 1391,
            "type": "parser",
            "url": "https://www.decathlon.cz/"
        },
        "requested_for": "https://www.decathlon.cz/"
    },
    {
        "time": 236673.778189,
        "requested_resource": "https://contents.mediadecathlon.com/s1196096/k$5c55a6514c9f5133bf1eb31a31979b49/desktop_POPUP.png?format=auto",
        "initiator": {
            "columnNumber": 10,
            "lineNumber": 1391,
            "type": "parser",
            "url": "https://www.decathlon.cz/"
        },
        "requested_for": "https://www.decathlon.cz/"
    },
    {
        "time": 236673.784835,
        "requested_resource": "https://contents.mediadecathlon.com/p2579711/k$0d1ef98e2db7773ac24c981df808dfda/sq/8585705.jpg?format=auto&f=646x646",
        "initiator": {
            "columnNumber": 10,
            "lineNumber": 1391,
            "type": "parser",
            "url": "https://www.decathlon.cz/"
        },
        "requested_for": "https://www.decathlon.cz/"
    },
    {
        "time": 236673.784883,
        "requested_resource": "https://contents.mediadecathlon.com/p2702955/k$b2787b4d612f964671274489df3378d9/sq/8554569.jpg?format=auto&f=646x646",
        "initiator": {
            "columnNumber": 10,
            "lineNumber": 1391,
            "type": "parser",
            "url": "https://www.decathlon.cz/"
        },
        "requested_for": "https://www.decathlon.cz/"
    },
    {
        "time": 236673.784902,
        "requested_resource": "https://contents.mediadecathlon.com/b100978/k$4edd6a6828098718b93beca2d8834041/defaut.jpg/sq/decathlon-aplikace.jpg?format=auto&f=800x0",
        "initiator": {
            "columnNumber": 10,
            "lineNumber": 1391,
            "type": "parser",
            "url": "https://www.decathlon.cz/"
        },
        "requested_for": "https://www.decathlon.cz/"
    },
    {
        "time": 236673.801649,
        "requested_resource": "https://insights.v3.decathlon.net/v1/configs",
        "initiator": {
            "stack": {
                "callFrames": [
                    {
                        "columnNumber": 79409,
                        "functionName": "",
                        "lineNumber": 1,
                        "scriptId": "55",
                        "url": "https://prod.transcript.decathlon.net/content/tracker.v2.prod.min.js"
                    }
                ]
            },
            "type": "script"
        },
        "requested_for": "https://www.decathlon.cz/"
    },
    {
        "time": 236673.808261,
        "requested_resource": "https://www.decathlon.cz/client/app/6481.71d8f05c84c354b21688.js",
        "initiator": {
            "stack": {
                "callFrames": [
                    {
                        "columnNumber": 432677,
                        "functionName": "s.l",
                        "lineNumber": 1,
                        "scriptId": "17",
                        "url": "https://www.decathlon.cz/client/app/client.53b97d56d61b134332df.js"
                    }
                ]
            },
            "type": "script"
        },
        "requested_for": "https://www.decathlon.cz/"
    },
    {
        "time": 236673.811643,
        "requested_resource": "https://www.decathlon.cz/render/icons.7ba90f323300cce635cc.svg",
        "initiator": {
            "stack": {
                "callFrames": [
                    {
                        "columnNumber": 405864,
                        "functionName": "ce",
                        "lineNumber": 1,
                        "scriptId": "17",
                        "url": "https://www.decathlon.cz/client/app/client.53b97d56d61b134332df.js"
                    }
                ]
            },
            "type": "script"
        },
        "requested_for": "https://www.decathlon.cz/"
    },
    {
        "time": 236673.856112,
        "requested_resource": "https://appmobile-bridge-js.s3-eu-west-1.amazonaws.com/mobileBridge.js",
        "initiator": {
            "stack": {
                "callFrames": [
                    {
                        "columnNumber": 428,
                        "functionName": "",
                        "lineNumber": 673,
                        "scriptId": "56",
                        "url": "https://www.googletagmanager.com/gtm.js?id=GTM-MW4Z6VP"
                    }
                ]
            },
            "type": "script"
        },
        "requested_for": "https://www.decathlon.cz/"
    },
    {
        "time": 236673.902486,
        "requested_resource": "https://resources.digital-cloud-west.medallia.com/wdcwest/584914/onsite/embed.js",
        "initiator": {
            "stack": {
                "callFrames": [
                    {
                        "columnNumber": 228,
                        "functionName": "f.aa",
                        "lineNumber": 180,
                        "scriptId": "57",
                        "url": "https://www.googletagmanager.com/gtm.js?id=GTM-KZF8H65"
                    }
                ]
            },
            "type": "script"
        },
        "requested_for": "https://www.decathlon.cz/"
    },
    {
        "time": 236673.903243,
        "requested_resource": "https://spoluhraci.decathlon.cz/t3.js",
        "initiator": {
            "stack": {
                "callFrames": [
                    {
                        "columnNumber": 391,
                        "functionName": "pc",
                        "lineNumber": 217,
                        "scriptId": "57",
                        "url": "https://www.googletagmanager.com/gtm.js?id=GTM-KZF8H65"
                    }
                ]
            },
            "type": "script"
        },
        "requested_for": "https://www.decathlon.cz/"
    },
    {
        "time": 236673.912515,
        "requested_resource": "https://prod.transcript.decathlon.net/csm/1.20.0/tracker.v2.prod.min.js",
        "initiator": {
            "stack": {
                "callFrames": [
                    {
                        "columnNumber": 84141,
                        "functionName": "",
                        "lineNumber": 1,
                        "scriptId": "55",
                        "url": "https://prod.transcript.decathlon.net/content/tracker.v2.prod.min.js"
                    }
                ]
            },
            "type": "script"
        },
        "requested_for": "https://www.decathlon.cz/"
    },
    {
        "time": 236673.956805,
        "requested_resource": "https://prod.transcript.decathlon.net/csm/1.20.0/428.tracker.v2.prod.min.js",
        "initiator": {
            "stack": {
                "callFrames": [
                    {
                        "columnNumber": 122254,
                        "functionName": "i.l",
                        "lineNumber": 1,
                        "scriptId": "90",
                        "url": "https://prod.transcript.decathlon.net/csm/1.20.0/tracker.v2.prod.min.js"
                    }
                ]
            },
            "type": "script"
        },
        "requested_for": "https://www.decathlon.cz/"
    },
    {
        "time": 236673.977722,
        "requested_resource": "https://prod.transcript.decathlon.net/csm/1.20.0/39.tracker.v2.prod.min.js",
        "initiator": {
            "stack": {
                "callFrames": [
                    {
                        "columnNumber": 122254,
                        "functionName": "i.l",
                        "lineNumber": 1,
                        "scriptId": "90",
                        "url": "https://prod.transcript.decathlon.net/csm/1.20.0/tracker.v2.prod.min.js"
                    }
                ]
            },
            "type": "script"
        },
        "requested_for": "https://www.decathlon.cz/"
    },
    {
        "time": 236673.977882,
        "requested_resource": "https://prod.transcript.decathlon.net/csm/1.20.0/526.tracker.v2.prod.min.js",
        "initiator": {
            "stack": {
                "callFrames": [
                    {
                        "columnNumber": 122254,
                        "functionName": "i.l",
                        "lineNumber": 1,
                        "scriptId": "90",
                        "url": "https://prod.transcript.decathlon.net/csm/1.20.0/tracker.v2.prod.min.js"
                    }
                ]
            },
            "type": "script"
        },
        "requested_for": "https://www.decathlon.cz/"
    },
    {
        "time": 236673.977978,
        "requested_resource": "https://prod.transcript.decathlon.net/csm/1.20.0/439.tracker.v2.prod.min.js",
        "initiator": {
            "stack": {
                "callFrames": [
                    {
                        "columnNumber": 122254,
                        "functionName": "i.l",
                        "lineNumber": 1,
                        "scriptId": "90",
                        "url": "https://prod.transcript.decathlon.net/csm/1.20.0/tracker.v2.prod.min.js"
                    }
                ]
            },
            "type": "script"
        },
        "requested_for": "https://www.decathlon.cz/"
    },
    {
        "time": 236674.148065,
        "requested_resource": "https://sdk.privacy-center.org/sdk/169ca3ee90aab3f8a29c09a328c18e41acfef520/modern/sdk.169ca3ee90aab3f8a29c09a328c18e41acfef520.js",
        "initiator": {
            "stack": {
                "callFrames": [
                    {
                        "columnNumber": 79214,
                        "functionName": "e",
                        "lineNumber": 0,
                        "scriptId": "101",
                        "url": "https://sdk.privacy-center.org/929521d8-0c53-458b-9f07-852d7d00d609/loader.js?target=www.decathlon.cz"
                    }
                ]
            },
            "type": "script"
        },
        "requested_for": "https://www.decathlon.cz/"
    },
    {
        "time": 236674.187776,
        "requested_resource": "https://sdk.privacy-center.org/sdk/169ca3ee90aab3f8a29c09a328c18e41acfef520/modern/ui-web-cs-web.169ca3ee90aab3f8a29c09a328c18e41acfef520.js",
        "initiator": {
            "stack": {
                "callFrames": [
                    {
                        "columnNumber": 262993,
                        "functionName": "o.l",
                        "lineNumber": 1,
                        "scriptId": "102",
                        "url": "https://sdk.privacy-center.org/sdk/169ca3ee90aab3f8a29c09a328c18e41acfef520/modern/sdk.169ca3ee90aab3f8a29c09a328c18e41acfef520.js"
                    }
                ]
            },
            "type": "script"
        },
        "requested_for": "https://www.decathlon.cz/"
    },
    {
        "time": 236674.223303,
        "requested_resource": "https://api.privacy-center.org/v1/events",
        "initiator": {
            "requestId": "7020.203",
            "type": "preflight",
            "url": "https://api.privacy-center.org/v1/events"
        },
        "requested_for": "https://api.privacy-center.org/v1/events"
    },
    {
        "time": 236674.222642,
        "requested_resource": "https://api.privacy-center.org/v1/events",
        "initiator": {
            "stack": {
                "callFrames": [
                    {
                        "columnNumber": 208926,
                        "functionName": "t.ajax",
                        "lineNumber": 1,
                        "scriptId": "102",
                        "url": "https://sdk.privacy-center.org/sdk/169ca3ee90aab3f8a29c09a328c18e41acfef520/modern/sdk.169ca3ee90aab3f8a29c09a328c18e41acfef520.js"
                    }
                ]
            },
            "type": "script"
        },
        "requested_for": "https://www.decathlon.cz/"
    },
    {
        "time": 236674.231064,
        "requested_resource": "https://resources.digital-cloud-west.medallia.com/wdcwest/584914/onsite/generic1737458384407.js",
        "initiator": {
            "stack": {
                "callFrames": [
                    {
                        "columnNumber": 233,
                        "functionName": "kampyleInit",
                        "lineNumber": 1,
                        "scriptId": "94",
                        "url": "https://resources.digital-cloud-west.medallia.com/wdcwest/584914/onsite/embed.js"
                    }
                ]
            },
            "type": "script"
        },
        "requested_for": "https://www.decathlon.cz/"
    },
    {
        "time": 236674.240834,
        "requested_resource": "https://insights.v3.decathlon.net/v1/events/page",
        "initiator": {
            "stack": {
                "callFrames": [
                    {
                        "columnNumber": 124730,
                        "functionName": "sendEvent",
                        "lineNumber": 1,
                        "scriptId": "90",
                        "url": "https://prod.transcript.decathlon.net/csm/1.20.0/tracker.v2.prod.min.js"
                    }
                ]
            },
            "type": "script"
        },
        "requested_for": "https://www.decathlon.cz/"
    },
    {
        "time": 236674.242706,
        "requested_resource": "https://decathlon-eu.chat.getzowie.com/web/live-chat/chatbotize-entrypoint.min.js",
        "initiator": {
            "stack": {
                "callFrames": [
                    {
                        "columnNumber": 428,
                        "functionName": "",
                        "lineNumber": 753,
                        "scriptId": "57",
                        "url": "https://www.googletagmanager.com/gtm.js?id=GTM-KZF8H65"
                    }
                ]
            },
            "type": "script"
        },
        "requested_for": "https://www.decathlon.cz/"
    },
    {
        "time": 236674.244455,
        "requested_resource": "https://insights.v3.decathlon.net/v1/events/page",
        "initiator": {
            "requestId": "7020.205",
            "type": "preflight",
            "url": "https://insights.v3.decathlon.net/v1/events/page"
        },
        "requested_for": "https://insights.v3.decathlon.net/v1/events/page"
    },
    {
        "time": 236674.246573,
        "requested_resource": "https://www.decathlon.cz/render/manifest.fb5be1a92e02be9d59ad.json",
        "initiator": {
            "type": "other"
        },
        "requested_for": "https://www.decathlon.cz/"
    },
    {
        "time": 236674.246781,
        "requested_resource": "https://www.decathlon.cz/render/favicon-32x32.5b063e87d81b59e2635b.png",
        "initiator": {
            "type": "other"
        },
        "requested_for": "https://www.decathlon.cz/"
    },
    {
        "time": 236674.300117,
        "requested_resource": "https://waw.chat.getzowie.com/api/v1/herochat-plugin/instances/62cccb5bb8664f38891528c387dec2e7/multilingual/livechat",
        "initiator": {
            "stack": {
                "callFrames": [
                    {
                        "columnNumber": 220,
                        "functionName": "n",
                        "lineNumber": 0,
                        "scriptId": "122",
                        "url": "https://decathlon-eu.chat.getzowie.com/web/live-chat/chatbotize-entrypoint.min.js"
                    }
                ]
            },
            "type": "script"
        },
        "requested_for": "https://www.decathlon.cz/"
    },
    {
        "time": 236674.300798,
        "requested_resource": "https://waw.chat.getzowie.com/api/v1/herochat-plugin/instances/62cccb5bb8664f38891528c387dec2e7/multilingual/livechat",
        "initiator": {
            "requestId": "7020.209",
            "type": "preflight",
            "url": "https://waw.chat.getzowie.com/api/v1/herochat-plugin/instances/62cccb5bb8664f38891528c387dec2e7/multilingual/livechat"
        },
        "requested_for": "https://waw.chat.getzowie.com/api/v1/herochat-plugin/instances/62cccb5bb8664f38891528c387dec2e7/multilingual/livechat"
    },
    {
        "time": 236674.403881,
        "requested_resource": "https://waw.chat.getzowie.com/web/live-chat/368.chatbotize-entrypoint.min.js",
        "initiator": {
            "stack": {
                "callFrames": [
                    {
                        "columnNumber": 8487,
                        "functionName": "o.l",
                        "lineNumber": 0,
                        "scriptId": "122",
                        "url": "https://decathlon-eu.chat.getzowie.com/web/live-chat/chatbotize-entrypoint.min.js"
                    }
                ]
            },
            "type": "script"
        },
        "requested_for": "https://www.decathlon.cz/"
    },
    {
        "time": 236674.404062,
        "requested_resource": "https://waw.chat.getzowie.com/web/live-chat/128.chatbotize-entrypoint.min.js",
        "initiator": {
            "stack": {
                "callFrames": [
                    {
                        "columnNumber": 8487,
                        "functionName": "o.l",
                        "lineNumber": 0,
                        "scriptId": "122",
                        "url": "https://decathlon-eu.chat.getzowie.com/web/live-chat/chatbotize-entrypoint.min.js"
                    }
                ]
            },
            "type": "script"
        },
        "requested_for": "https://www.decathlon.cz/"
    },
    {
        "time": 236674.45386,
        "requested_resource": "https://waw.chat.getzowie.com/web/live-chat/153.chatbotize-entrypoint.min.js",
        "initiator": {
            "stack": {
                "callFrames": [
                    {
                        "columnNumber": 8487,
                        "functionName": "o.l",
                        "lineNumber": 0,
                        "scriptId": "122",
                        "url": "https://decathlon-eu.chat.getzowie.com/web/live-chat/chatbotize-entrypoint.min.js"
                    }
                ]
            },
            "type": "script"
        },
        "requested_for": "https://www.decathlon.cz/"
    }
]