[
    {
        "time": 236711.911172,
        "requested_resource": "https://modio.cz/",
        "initiator": {
            "type": "other"
        },
        "requested_for": "https://modio.cz/"
    },
    {
        "time": 236711.971071,
        "requested_resource": "http://www.modio.cz/",
        "initiator": {
            "type": "other"
        },
        "requested_for": "http://www.modio.cz/"
    },
    {
        "time": 236711.971596,
        "requested_resource": "https://www.modio.cz/",
        "initiator": {
            "type": "other"
        },
        "requested_for": "https://www.modio.cz/"
    },
    {
        "time": 236712.544137,
        "requested_resource": "https://img.modio.cz/static/style.css?v=1715090264",
        "initiator": {
            "columnNumber": 99,
            "lineNumber": 100,
            "type": "parser",
            "url": "https://www.modio.cz/"
        },
        "requested_for": "https://www.modio.cz/"
    },
    {
        "time": 236712.544329,
        "requested_resource": "https://img.modio.cz/static/jquery/jquery-1.12.4.min.js",
        "initiator": {
            "columnNumber": 72,
            "lineNumber": 104,
            "type": "parser",
            "url": "https://www.modio.cz/"
        },
        "requested_for": "https://www.modio.cz/"
    },
    {
        "time": 236712.544373,
        "requested_resource": "https://img.modio.cz/static/jquery-ui-custom/jquery-ui.min.js",
        "initiator": {
            "columnNumber": 72,
            "lineNumber": 105,
            "type": "parser",
            "url": "https://www.modio.cz/"
        },
        "requested_for": "https://www.modio.cz/"
    },
    {
        "time": 236712.544417,
        "requested_resource": "https://img.modio.cz/static/mailcheck/mailcheck.min.js",
        "initiator": {
            "columnNumber": 79,
            "lineNumber": 107,
            "type": "parser",
            "url": "https://www.modio.cz/"
        },
        "requested_for": "https://www.modio.cz/"
    },
    {
        "time": 236712.544463,
        "requested_resource": "https://img.modio.cz/static/global.js?v=1729845708",
        "initiator": {
            "columnNumber": 67,
            "lineNumber": 110,
            "type": "parser",
            "url": "https://www.modio.cz/"
        },
        "requested_for": "https://www.modio.cz/"
    },
    {
        "time": 236712.544543,
        "requested_resource": "https://img.modio.cz/static/colorbox/jquery.colorbox.js",
        "initiator": {
            "columnNumber": 78,
            "lineNumber": 116,
            "type": "parser",
            "url": "https://www.modio.cz/"
        },
        "requested_for": "https://www.modio.cz/"
    },
    {
        "time": 236712.544577,
        "requested_resource": "https://img.modio.cz/static/lazysizes/lazysizes.min.js",
        "initiator": {
            "columnNumber": 80,
            "lineNumber": 118,
            "type": "parser",
            "url": "https://www.modio.cz/"
        },
        "requested_for": "https://www.modio.cz/"
    },
    {
        "time": 236712.544596,
        "requested_resource": "https://www.googletagmanager.com/gtag/js?id=G-Z2SG0QJ5SQ",
        "initiator": {
            "columnNumber": 82,
            "lineNumber": 140,
            "type": "parser",
            "url": "https://www.modio.cz/"
        },
        "requested_for": "https://www.modio.cz/"
    },
    {
        "time": 236712.544626,
        "requested_resource": "https://www.googletagmanager.com/gtag/js?id=AW-1002567276",
        "initiator": {
            "columnNumber": 95,
            "lineNumber": 150,
            "type": "parser",
            "url": "https://www.modio.cz/"
        },
        "requested_for": "https://www.modio.cz/"
    },
    {
        "time": 236712.544661,
        "requested_resource": "https://img.modio.cz/img/no_avatar.png",
        "initiator": {
            "columnNumber": 59,
            "lineNumber": 286,
            "type": "parser",
            "url": "https://www.modio.cz/"
        },
        "requested_for": "https://www.modio.cz/"
    },
    {
        "time": 236712.544688,
        "requested_resource": "https://img.modio.cz/th/inspirations/1395/4aff36e68227c894c6c10510eb0e1d9f_c_w490_h300.jpg",
        "initiator": {
            "columnNumber": 185,
            "lineNumber": 1525,
            "type": "parser",
            "url": "https://www.modio.cz/"
        },
        "requested_for": "https://www.modio.cz/"
    },
    {
        "time": 236712.544715,
        "requested_resource": "https://img.modio.cz/th/brand/adidas_w90_h55.png",
        "initiator": {
            "columnNumber": 110,
            "lineNumber": 1607,
            "type": "parser",
            "url": "https://www.modio.cz/"
        },
        "requested_for": "https://www.modio.cz/"
    },
    {
        "time": 236712.544735,
        "requested_resource": "https://img.modio.cz/th/brand/calvin-klein_w90_h55.png",
        "initiator": {
            "columnNumber": 122,
            "lineNumber": 1614,
            "type": "parser",
            "url": "https://www.modio.cz/"
        },
        "requested_for": "https://www.modio.cz/"
    },
    {
        "time": 236712.544755,
        "requested_resource": "https://img.modio.cz/th/brand/fjallraven_w90_h55.png",
        "initiator": {
            "columnNumber": 118,
            "lineNumber": 1621,
            "type": "parser",
            "url": "https://www.modio.cz/"
        },
        "requested_for": "https://www.modio.cz/"
    },
    {
        "time": 236712.544774,
        "requested_resource": "https://img.modio.cz/th/brand/gant_w90_h55.png",
        "initiator": {
            "columnNumber": 106,
            "lineNumber": 1628,
            "type": "parser",
            "url": "https://www.modio.cz/"
        },
        "requested_for": "https://www.modio.cz/"
    },
    {
        "time": 236712.544795,
        "requested_resource": "https://img.modio.cz/th/brand/gap_w90_h55.png",
        "initiator": {
            "columnNumber": 104,
            "lineNumber": 1635,
            "type": "parser",
            "url": "https://www.modio.cz/"
        },
        "requested_for": "https://www.modio.cz/"
    },
    {
        "time": 236712.544818,
        "requested_resource": "https://img.modio.cz/th/brand/kilpi_w90_h55.png",
        "initiator": {
            "columnNumber": 108,
            "lineNumber": 1642,
            "type": "parser",
            "url": "https://www.modio.cz/"
        },
        "requested_for": "https://www.modio.cz/"
    },
    {
        "time": 236712.54484,
        "requested_resource": "https://img.modio.cz/th/brand/lacoste_w90_h55.png",
        "initiator": {
            "columnNumber": 113,
            "lineNumber": 1652,
            "type": "parser",
            "url": "https://www.modio.cz/"
        },
        "requested_for": "https://www.modio.cz/"
    },
    {
        "time": 236712.544859,
        "requested_resource": "https://img.modio.cz/th/brand/loap_w90_h55.png",
        "initiator": {
            "columnNumber": 107,
            "lineNumber": 1659,
            "type": "parser",
            "url": "https://www.modio.cz/"
        },
        "requested_for": "https://www.modio.cz/"
    },
    {
        "time": 236712.544879,
        "requested_resource": "https://img.modio.cz/th/brand/only_w90_h55.png",
        "initiator": {
            "columnNumber": 107,
            "lineNumber": 1666,
            "type": "parser",
            "url": "https://www.modio.cz/"
        },
        "requested_for": "https://www.modio.cz/"
    },
    {
        "time": 236712.544932,
        "requested_resource": "https://img.modio.cz/th/brand/salomon_w90_h55.png",
        "initiator": {
            "columnNumber": 113,
            "lineNumber": 1673,
            "type": "parser",
            "url": "https://www.modio.cz/"
        },
        "requested_for": "https://www.modio.cz/"
    },
    {
        "time": 236712.544977,
        "requested_resource": "https://img.modio.cz/th/brand/under-armour_w90_h55.png",
        "initiator": {
            "columnNumber": 123,
            "lineNumber": 1680,
            "type": "parser",
            "url": "https://www.modio.cz/"
        },
        "requested_for": "https://www.modio.cz/"
    },
    {
        "time": 236712.545009,
        "requested_resource": "https://img.modio.cz/th/brand/united-colors-of-benetton_w90_h55.png",
        "initiator": {
            "columnNumber": 149,
            "lineNumber": 1687,
            "type": "parser",
            "url": "https://www.modio.cz/"
        },
        "requested_for": "https://www.modio.cz/"
    },
    {
        "time": 236712.545037,
        "requested_resource": "https://img.modio.cz/img/kat/825-panske-modni-hodinky.jpg",
        "initiator": {
            "columnNumber": 137,
            "lineNumber": 1852,
            "type": "parser",
            "url": "https://www.modio.cz/"
        },
        "requested_for": "https://www.modio.cz/"
    },
    {
        "time": 236712.545075,
        "requested_resource": "https://img.modio.cz/img/kat/145-lodicky.jpg",
        "initiator": {
            "columnNumber": 111,
            "lineNumber": 1862,
            "type": "parser",
            "url": "https://www.modio.cz/"
        },
        "requested_for": "https://www.modio.cz/"
    },
    {
        "time": 236712.545105,
        "requested_resource": "https://img.modio.cz/img/kat/554-panske-zimni-bundy.jpg",
        "initiator": {
            "columnNumber": 133,
            "lineNumber": 1872,
            "type": "parser",
            "url": "https://www.modio.cz/"
        },
        "requested_for": "https://www.modio.cz/"
    },
    {
        "time": 236712.545138,
        "requested_resource": "https://img.modio.cz/img/kat/1183-crossbody-kabelky.jpg",
        "initiator": {
            "columnNumber": 132,
            "lineNumber": 1882,
            "type": "parser",
            "url": "https://www.modio.cz/"
        },
        "requested_for": "https://www.modio.cz/"
    },
    {
        "time": 236712.545166,
        "requested_resource": "https://img.modio.cz/img/kat/391-saty-s-kratkym-rukavem.jpg",
        "initiator": {
            "columnNumber": 141,
            "lineNumber": 1892,
            "type": "parser",
            "url": "https://www.modio.cz/"
        },
        "requested_for": "https://www.modio.cz/"
    },
    {
        "time": 236712.545198,
        "requested_resource": "https://img.modio.cz/img/kat/173-panske-trekove-a-outdoorove-boty.jpg",
        "initiator": {
            "columnNumber": 161,
            "lineNumber": 1902,
            "type": "parser",
            "url": "https://www.modio.cz/"
        },
        "requested_for": "https://www.modio.cz/"
    },
    {
        "time": 236712.545229,
        "requested_resource": "https://img.modio.cz/img/kat/389-saty-na-raminka.jpg",
        "initiator": {
            "columnNumber": 127,
            "lineNumber": 1912,
            "type": "parser",
            "url": "https://www.modio.cz/"
        },
        "requested_for": "https://www.modio.cz/"
    },
    {
        "time": 236712.54526,
        "requested_resource": "https://img.modio.cz/img/kat/35-bikiny.jpg",
        "initiator": {
            "columnNumber": 108,
            "lineNumber": 1922,
            "type": "parser",
            "url": "https://www.modio.cz/"
        },
        "requested_for": "https://www.modio.cz/"
    },
    {
        "time": 236712.545284,
        "requested_resource": "https://img.modio.cz/img/kat/11-damske-kabaty.jpg",
        "initiator": {
            "columnNumber": 122,
            "lineNumber": 1932,
            "type": "parser",
            "url": "https://www.modio.cz/"
        },
        "requested_for": "https://www.modio.cz/"
    },
    {
        "time": 236712.613065,
        "requested_resource": "https://connect.facebook.net/en_US/fbevents.js",
        "initiator": {
            "stack": {
                "callFrames": [
                    {
                        "columnNumber": 25,
                        "functionName": "",
                        "lineNumber": 130,
                        "scriptId": "19",
                        "url": "https://www.modio.cz/"
                    }
                ]
            },
            "type": "script"
        },
        "requested_for": "https://www.modio.cz/"
    },
    {
        "time": 236712.613329,
        "requested_resource": "https://tags.creativecdn.com/aXhKADClkDfGHZVVfp5F.js",
        "initiator": {
            "stack": {
                "callFrames": [
                    {
                        "columnNumber": 18,
                        "functionName": "",
                        "lineNumber": 167,
                        "scriptId": "22",
                        "url": "https://www.modio.cz/"
                    }
                ]
            },
            "type": "script"
        },
        "requested_for": "https://www.modio.cz/"
    },
    {
        "time": 236712.617429,
        "requested_resource": "data:image/gif;base64,R0lGODlhAQABAAAAACH5BAEKAAEALAAAAAABAAEAAAICTAEAOw==",
        "initiator": {
            "columnNumber": 0,
            "lineNumber": 2738,
            "type": "parser",
            "url": "https://www.modio.cz/"
        },
        "requested_for": "https://www.modio.cz/"
    },
    {
        "time": 236712.619445,
        "requested_resource": "https://fonts.gstatic.com/s/sourcesanspro/v21/6xK3dSBYKcSV-LCoeQqfX1RYOo3qOK7l.woff2",
        "initiator": {
            "columnNumber": 0,
            "lineNumber": 2738,
            "type": "parser",
            "url": "https://www.modio.cz/"
        },
        "requested_for": "https://www.modio.cz/"
    },
    {
        "time": 236712.620397,
        "requested_resource": "https://fonts.gstatic.com/s/sourcesanspro/v21/6xKydSBYKcSV-LCoeQqfX1RYOo3ig4vwlxdu.woff2",
        "initiator": {
            "columnNumber": 0,
            "lineNumber": 2738,
            "type": "parser",
            "url": "https://www.modio.cz/"
        },
        "requested_for": "https://www.modio.cz/"
    },
    {
        "time": 236712.624328,
        "requested_resource": "https://fonts.gstatic.com/s/sourcesanspro/v21/6xKydSBYKcSV-LCoeQqfX1RYOo3ig4vwmRduz8A.woff2",
        "initiator": {
            "columnNumber": 0,
            "lineNumber": 2738,
            "type": "parser",
            "url": "https://www.modio.cz/"
        },
        "requested_for": "https://www.modio.cz/"
    },
    {
        "time": 236712.624475,
        "requested_resource": "https://fonts.gstatic.com/s/sourcesanspro/v21/6xK3dSBYKcSV-LCoeQqfX1RYOo3qNq7lqDY.woff2",
        "initiator": {
            "columnNumber": 0,
            "lineNumber": 2738,
            "type": "parser",
            "url": "https://www.modio.cz/"
        },
        "requested_for": "https://www.modio.cz/"
    },
    {
        "time": 236712.702851,
        "requested_resource": "https://connect.facebook.net/signals/config/440919816660986?v=2.9.184&r=stable&domain=www.modio.cz&hme=93c44828b638838a88daf3a14a90ff297f7fc4ade758f21de5500c9f17542765&ex_m=70%2C122%2C107%2C111%2C61%2C4%2C100%2C69%2C16%2C97%2C89%2C51%2C54%2C173%2C176%2C188%2C184%2C185%2C187%2C29%2C101%2C53%2C77%2C186%2C168%2C171%2C181%2C182%2C189%2C132%2C41%2C194%2C191%2C192%2C34%2C144%2C15%2C50%2C198%2C197%2C134%2C18%2C40%2C1%2C43%2C65%2C66%2C67%2C71%2C93%2C17%2C14%2C96%2C92%2C91%2C108%2C52%2C110%2C39%2C109%2C30%2C94%2C26%2C169%2C172%2C141%2C86%2C56%2C84%2C33%2C73%2C0%2C95%2C32%2C28%2C82%2C83%2C88%2C47%2C46%2C87%2C37%2C11%2C12%2C13%2C6%2C7%2C25%2C22%2C23%2C57%2C62%2C64%2C75%2C102%2C27%2C76%2C9%2C8%2C80%2C48%2C21%2C104%2C103%2C105%2C98%2C10%2C20%2C3%2C38%2C74%2C19%2C5%2C90%2C81%2C44%2C35%2C85%2C2%2C36%2C63%2C42%2C106%2C45%2C79%2C68%2C112%2C60%2C59%2C31%2C99%2C58%2C55%2C49%2C78%2C72%2C24%2C113",
        "initiator": {
            "stack": {
                "callFrames": [
                    {
                        "columnNumber": 715,
                        "functionName": "e",
                        "lineNumber": 127,
                        "scriptId": "29",
                        "url": "https://connect.facebook.net/en_US/fbevents.js"
                    }
                ]
            },
            "type": "script"
        },
        "requested_for": "https://www.modio.cz/"
    },
    {
        "time": 236712.707027,
        "requested_resource": "https://ams.creativecdn.com/tags/v2?type=json",
        "initiator": {
            "stack": {
                "callFrames": [
                    {
                        "columnNumber": 961,
                        "functionName": "k",
                        "lineNumber": 0,
                        "scriptId": "30",
                        "url": "https://tags.creativecdn.com/aXhKADClkDfGHZVVfp5F.js"
                    }
                ]
            },
            "type": "script"
        },
        "requested_for": "https://www.modio.cz/"
    },
    {
        "time": 236712.709986,
        "requested_resource": "https://ams.creativecdn.com/tags/v2?type=json",
        "initiator": {
            "requestId": "12480.192",
            "type": "preflight",
            "url": "https://ams.creativecdn.com/tags/v2?type=json"
        },
        "requested_for": "https://ams.creativecdn.com/tags/v2?type=json"
    },
    {
        "time": 236712.732766,
        "requested_resource": "https://www.facebook.com/tr/?id=440919816660986&ev=PageView&dl=https%3A%2F%2Fwww.modio.cz%2F&rl=&if=false&ts=1740224540133&sw=2560&sh=1440&v=2.9.184&r=stable&ec=0&o=4126&fbp=fb.1.1740224540131.803181808874179562&ler=empty&it=1740224540103&coo=false&cdl=&rqm=GET",
        "initiator": {
            "columnNumber": 8,
            "lineNumber": 3483,
            "type": "parser",
            "url": "https://www.modio.cz/"
        },
        "requested_for": "https://www.modio.cz/"
    },
    {
        "time": 236712.732849,
        "requested_resource": "https://www.facebook.com/privacy_sandbox/pixel/register/trigger/?id=440919816660986&ev=PageView&dl=https%3A%2F%2Fwww.modio.cz%2F&rl=&if=false&ts=1740224540133&sw=2560&sh=1440&v=2.9.184&r=stable&ec=0&o=4126&fbp=fb.1.1740224540131.803181808874179562&ler=empty&it=1740224540103&coo=false&cdl=&rqm=FGET",
        "initiator": {
            "columnNumber": 8,
            "lineNumber": 3483,
            "type": "parser",
            "url": "https://www.modio.cz/"
        },
        "requested_for": "https://www.modio.cz/"
    },
    {
        "time": 236712.838215,
        "requested_resource": "https://www.googletagmanager.com/gtag/js?id=G-Z2SG0QJ5SQ&l=dataLayer&cx=c&gtm=45be52k0v9117392023za200",
        "initiator": {
            "stack": {
                "callFrames": [
                    {
                        "columnNumber": 482,
                        "functionName": "pc",
                        "lineNumber": 98,
                        "scriptId": "32",
                        "url": "https://www.googletagmanager.com/gtag/js?id=AW-1002567276"
                    }
                ]
            },
            "type": "script"
        },
        "requested_for": "https://www.modio.cz/"
    },
    {
        "time": 236712.843312,
        "requested_resource": "https://www.google.com/ccm/collect?en=page_view&dl=https%3A%2F%2Fwww.modio.cz%2F&scrsrc=www.googletagmanager.com&frm=0&rnd=971808804.1740224540&dt=Modio.cz%20-%20vyhled%C3%A1va%C4%8D%20m%C3%B3dy%20a%20sportovn%C3%ADho%20vybaven%C3%AD%20%7C%20M%C3%B3dn%C3%AD%20inspirace%2C%20novinky%20i%20slevy%20na%20jednom%20m%C3%ADst%C4%9B&auid=1437646839.1740224540&navt=n&npa=1&gtm=45be52k0v9117392023za200&gcd=13l3l3l2l1l1&dma_cps=syphamo&dma=1&tag_exp=101732282~101732284~102067808~102482433~102539968~102558064~102587591~102605417~102640600~102658453&tft=1740224540244&tfd=933&apve=1",
        "initiator": {
            "stack": {
                "callFrames": [
                    {
                        "columnNumber": 322,
                        "functionName": "Cc",
                        "lineNumber": 102,
                        "scriptId": "32",
                        "url": "https://www.googletagmanager.com/gtag/js?id=AW-1002567276"
                    }
                ]
            },
            "type": "script"
        },
        "requested_for": "https://www.modio.cz/"
    },
    {
        "time": 236712.85418,
        "requested_resource": "https://www.googletagmanager.com/static/service_worker/5230/sw_iframe.html?origin=https%3A%2F%2Fwww.modio.cz",
        "initiator": {
            "stack": {
                "callFrames": [
                    {
                        "columnNumber": 263,
                        "functionName": "q",
                        "lineNumber": 451,
                        "scriptId": "32",
                        "url": "https://www.googletagmanager.com/gtag/js?id=AW-1002567276"
                    }
                ]
            },
            "type": "script"
        },
        "requested_for": "https://www.googletagmanager.com/static/service_worker/5230/sw_iframe.html?origin=https%3A%2F%2Fwww.modio.cz"
    },
    {
        "time": 236712.894612,
        "requested_resource": "https://region1.analytics.google.com/g/collect?v=2&tid=G-Z2SG0QJ5SQ&gtm=45je52k0v9137492601za200zb9117392023&_p=1740224540014&_gaz=1&gcd=13l3l3l2l1l1&npa=1&dma_cps=syphamo&dma=1&tag_exp=101732279~101732281~102067808~102482433~102539968~102558064~102587591~102605417~102640600~102658453&cid=1395165731.1740224540&ul=en-us&sr=2560x1440&ir=1&uaa=x86&uab=64&uafvl=Chromium%3B133.0.6943.126%7CNot(A%253ABrand%3B99.0.0.0&uamb=0&uam=&uap=Windows&uapv=19.0.0&uaw=0&are=1&frm=0&pscdl=&_eu=EA&_s=1&sid=1740224540&sct=1&seg=0&dl=https%3A%2F%2Fwww.modio.cz%2F&dt=Modio.cz%20-%20vyhled%C3%A1va%C4%8D%20m%C3%B3dy%20a%20sportovn%C3%ADho%20vybaven%C3%AD%20%7C%20M%C3%B3dn%C3%AD%20inspirace%2C%20novinky%20i%20slevy%20na%20jednom%20m%C3%ADst%C4%9B&en=page_view&_fv=1&_nsi=1&_ss=1&_ee=1&tfd=984",
        "initiator": {
            "stack": {
                "callFrames": [
                    {
                        "columnNumber": 285,
                        "functionName": "Ec",
                        "lineNumber": 223,
                        "scriptId": "33",
                        "url": "https://www.googletagmanager.com/gtag/js?id=G-Z2SG0QJ5SQ"
                    }
                ]
            },
            "type": "script"
        },
        "requested_for": "https://www.modio.cz/"
    },
    {
        "time": 236712.89486,
        "requested_resource": "https://stats.g.doubleclick.net/g/collect?v=2&tid=G-Z2SG0QJ5SQ&cid=1395165731.1740224540&gtm=45je52k0v9137492601za200zb9117392023&aip=1&dma=1&dma_cps=syphamo&gcd=13l3l3l2l1l1&npa=1&frm=0&tag_exp=101732279~101732281~102067808~102482433~102539968~102558064~102587591~102605417~102640600~102658453",
        "initiator": {
            "stack": {
                "callFrames": [
                    {
                        "columnNumber": 226,
                        "functionName": "Bc",
                        "lineNumber": 222,
                        "scriptId": "33",
                        "url": "https://www.googletagmanager.com/gtag/js?id=G-Z2SG0QJ5SQ"
                    }
                ]
            },
            "type": "script"
        },
        "requested_for": "https://www.modio.cz/"
    },
    {
        "time": 236712.895385,
        "requested_resource": "https://www.google.cz/ads/ga-audiences?v=1&t=sr&slf_rd=1&_r=4&tid=G-Z2SG0QJ5SQ&cid=1395165731.1740224540&gtm=45je52k0v9137492601za200zb9117392023&aip=1&dma=1&dma_cps=syphamo&gcd=13l3l3l2l1l1&npa=1&frm=0&tag_exp=101732279~101732281~102067808~102482433~102539968~102558064~102587591~102605417~102640600~102658453&tag_exp=101732279~101732281~102067808~102482433~102539968~102558064~102587591~102605417~102640600~102658453&z=1817810335",
        "initiator": {
            "columnNumber": 8,
            "lineNumber": 3483,
            "type": "parser",
            "url": "https://www.modio.cz/"
        },
        "requested_for": "https://www.modio.cz/"
    },
    {
        "time": 236712.9001,
        "requested_resource": "https://img.modio.cz/avatars/62452efae6715b785c96fb505b2fcea2.jpg",
        "initiator": {
            "columnNumber": 8,
            "lineNumber": 3483,
            "type": "parser",
            "url": "https://www.modio.cz/"
        },
        "requested_for": "https://www.modio.cz/"
    },
    {
        "time": 236712.900144,
        "requested_resource": "https://img.modio.cz/avatars/f8d05f32d872154c30836206c5f80740.jpg",
        "initiator": {
            "columnNumber": 8,
            "lineNumber": 3483,
            "type": "parser",
            "url": "https://www.modio.cz/"
        },
        "requested_for": "https://www.modio.cz/"
    },
    {
        "time": 236712.900167,
        "requested_resource": "https://img.modio.cz/th/inspirations/1394/1e81d9e02022f64912468e10ee47dd66_c_w490_h300.jpg",
        "initiator": {
            "columnNumber": 8,
            "lineNumber": 3483,
            "type": "parser",
            "url": "https://www.modio.cz/"
        },
        "requested_for": "https://www.modio.cz/"
    },
    {
        "time": 236712.905159,
        "requested_resource": "https://ams.creativecdn.com/tags/v2?type=json&tc=1",
        "initiator": {
            "columnNumber": 8,
            "lineNumber": 3483,
            "type": "parser",
            "url": "https://www.modio.cz/"
        },
        "requested_for": "https://www.modio.cz/"
    },
    {
        "time": 236712.905514,
        "requested_resource": "https://ams.creativecdn.com/tags/v2?type=json&tc=1",
        "initiator": {
            "requestId": "12480.192",
            "type": "preflight",
            "url": "https://ams.creativecdn.com/tags/v2?type=json&tc=1"
        },
        "requested_for": "https://ams.creativecdn.com/tags/v2?type=json&tc=1"
    },
    {
        "time": 236713.654785,
        "requested_resource": "https://www.modio.cz/favicon.ico",
        "initiator": {
            "type": "other"
        },
        "requested_for": "https://www.modio.cz/"
    },
    {
        "time": 236714.405765,
        "requested_resource": "https://img.modio.cz/avatars/976c9862f2ebdedcbbb21ef5d42237db.jpg",
        "initiator": {
            "type": "other"
        },
        "requested_for": "https://www.modio.cz/"
    },
    {
        "time": 236714.405821,
        "requested_resource": "https://img.modio.cz/th/inspirations/1391/062b48bdb36e57f826db3599c71b150f_c_w490_h300.jpg",
        "initiator": {
            "type": "other"
        },
        "requested_for": "https://www.modio.cz/"
    },
    {
        "time": 236714.405841,
        "requested_resource": "https://img.modio.cz/th/inspirations/1393/467051576caea555c6b132cfa86b28c7_c_w490_h300.jpg",
        "initiator": {
            "type": "other"
        },
        "requested_for": "https://www.modio.cz/"
    }
]