{
    "nejlevnejsi-knihy.cz": {
        "nejlevnejsi-knihy.cz": {
            "A": [
                "104.26.8.65",
                "104.26.9.65",
                "172.67.74.45"
            ],
            "CNAME": []
        },
        "www": {
            "A": [
                "104.26.8.65",
                "172.67.74.45",
                "104.26.9.65"
            ],
            "CNAME": []
        }
    },
    "cloudflare.com": {
        "a.nel": {
            "A": [
                "35.190.80.1"
            ],
            "CNAME": []
        },
        "challenges": {
            "A": [
                "104.18.95.41",
                "104.18.94.41"
            ],
            "CNAME": []
        }
    }
}