{"fpd_access_logs":{"364238391":{"Navigator.prototype.product":{"get":{"args":{"":6},"total":6,"callers":{"Error: FPDCallerTracker\n    at Navigator.replacementPD (chrome-extension://bbogkpojpmdnlonjjogfkaclifmgnbfe/67a49e6c-bebd-4f19-8656-6fb751a22561:1250:11)\n    at Object.apply (chrome-extension://bbogkpojpmdnlonjjogfkaclifmgnbfe/67a49e6c-bebd-4f19-8656-6fb751a22561:405:25)\n    at Object.isStandardBrowserEnv (https://store.fastly.steamstatic.com/public/javascript/applications/store/libraries~b28b7af69.js?v=vNpZeOuePA4R&l=english&_cdn=fastly:14:18556)\n    at 74438 (https://store.fastly.steamstatic.com/public/javascript/applications/store/libraries~b28b7af69.js?v=vNpZeOuePA4R&l=english&_cdn=fastly:14:12783)\n    at f (https://store.fastly.steamstatic.com/public/javascript/applications/store/manifest.js?v=oHimOO1GNKx-&l=english&_cdn=fastly:14:173)\n    at 61238 (https://store.fastly.steamstatic.com/public/javascript/applications/store/libraries~b28b7af69.js?v=vNpZeOuePA4R&l=english&_cdn=fastly:14:160)\n    at f (https://store.fastly.steamstatic.com/public/javascript/applications/store/manifest.js?v=oHimOO1GNKx-&l=english&_cdn=fastly:14:173)\n    at 55338 (https://store.fastly.steamstatic.com/public/javascript/applications/store/libraries~b28b7af69.js?v=vNpZeOuePA4R&l=english&_cdn=fastly:14:10258)\n    at f (https://store.fastly.steamstatic.com/public/javascript/applications/store/manifest.js?v=oHimOO1GNKx-&l=english&_cdn=fastly:14:173)\n    at 40671 (https://store.fastly.steamstatic.com/public/javascript/applications/store/libraries~b28b7af69.js?v=vNpZeOuePA4R&l=english&_cdn=fastly:14:9758)":true,"Error: FPDCallerTracker\n    at Navigator.replacementPD (chrome-extension://bbogkpojpmdnlonjjogfkaclifmgnbfe/67a49e6c-bebd-4f19-8656-6fb751a22561:1250:11)\n    at Object.apply (chrome-extension://bbogkpojpmdnlonjjogfkaclifmgnbfe/67a49e6c-bebd-4f19-8656-6fb751a22561:405:25)\n    at Object.isStandardBrowserEnv (https://store.fastly.steamstatic.com/public/javascript/applications/store/libraries~b28b7af69.js?v=vNpZeOuePA4R&l=english&_cdn=fastly:14:18592)\n    at 74438 (https://store.fastly.steamstatic.com/public/javascript/applications/store/libraries~b28b7af69.js?v=vNpZeOuePA4R&l=english&_cdn=fastly:14:12783)\n    at f (https://store.fastly.steamstatic.com/public/javascript/applications/store/manifest.js?v=oHimOO1GNKx-&l=english&_cdn=fastly:14:173)\n    at 61238 (https://store.fastly.steamstatic.com/public/javascript/applications/store/libraries~b28b7af69.js?v=vNpZeOuePA4R&l=english&_cdn=fastly:14:160)\n    at f (https://store.fastly.steamstatic.com/public/javascript/applications/store/manifest.js?v=oHimOO1GNKx-&l=english&_cdn=fastly:14:173)\n    at 55338 (https://store.fastly.steamstatic.com/public/javascript/applications/store/libraries~b28b7af69.js?v=vNpZeOuePA4R&l=english&_cdn=fastly:14:10258)\n    at f (https://store.fastly.steamstatic.com/public/javascript/applications/store/manifest.js?v=oHimOO1GNKx-&l=english&_cdn=fastly:14:173)\n    at 40671 (https://store.fastly.steamstatic.com/public/javascript/applications/store/libraries~b28b7af69.js?v=vNpZeOuePA4R&l=english&_cdn=fastly:14:9758)":true,"Error: FPDCallerTracker\n    at Navigator.replacementPD (chrome-extension://bbogkpojpmdnlonjjogfkaclifmgnbfe/67a49e6c-bebd-4f19-8656-6fb751a22561:1250:11)\n    at Object.apply (chrome-extension://bbogkpojpmdnlonjjogfkaclifmgnbfe/67a49e6c-bebd-4f19-8656-6fb751a22561:405:25)\n    at Object.isStandardBrowserEnv (https://store.fastly.steamstatic.com/public/javascript/applications/store/libraries~b28b7af69.js?v=vNpZeOuePA4R&l=english&_cdn=fastly:14:18618)\n    at 74438 (https://store.fastly.steamstatic.com/public/javascript/applications/store/libraries~b28b7af69.js?v=vNpZeOuePA4R&l=english&_cdn=fastly:14:12783)\n    at f (https://store.fastly.steamstatic.com/public/javascript/applications/store/manifest.js?v=oHimOO1GNKx-&l=english&_cdn=fastly:14:173)\n    at 61238 (https://store.fastly.steamstatic.com/public/javascript/applications/store/libraries~b28b7af69.js?v=vNpZeOuePA4R&l=english&_cdn=fastly:14:160)\n    at f (https://store.fastly.steamstatic.com/public/javascript/applications/store/manifest.js?v=oHimOO1GNKx-&l=english&_cdn=fastly:14:173)\n    at 55338 (https://store.fastly.steamstatic.com/public/javascript/applications/store/libraries~b28b7af69.js?v=vNpZeOuePA4R&l=english&_cdn=fastly:14:10258)\n    at f (https://store.fastly.steamstatic.com/public/javascript/applications/store/manifest.js?v=oHimOO1GNKx-&l=english&_cdn=fastly:14:173)\n    at 40671 (https://store.fastly.steamstatic.com/public/javascript/applications/store/libraries~b28b7af69.js?v=vNpZeOuePA4R&l=english&_cdn=fastly:14:9758)":true,"Error: FPDCallerTracker\n    at Navigator.replacementPD (chrome-extension://bbogkpojpmdnlonjjogfkaclifmgnbfe/67a49e6c-bebd-4f19-8656-6fb751a22561:1250:11)\n    at Object.apply (chrome-extension://bbogkpojpmdnlonjjogfkaclifmgnbfe/67a49e6c-bebd-4f19-8656-6fb751a22561:405:25)\n    at Object.isStandardBrowserEnv (https://store.fastly.steamstatic.com/public/javascript/applications/store/libraries~b28b7af69.js?v=vNpZeOuePA4R&l=english&_cdn=fastly:14:18556)\n    at 24508 (https://store.fastly.steamstatic.com/public/javascript/applications/store/libraries~b28b7af69.js?v=vNpZeOuePA4R&l=english&_cdn=fastly:14:13571)\n    at f (https://store.fastly.steamstatic.com/public/javascript/applications/store/manifest.js?v=oHimOO1GNKx-&l=english&_cdn=fastly:14:173)\n    at 61238 (https://store.fastly.steamstatic.com/public/javascript/applications/store/libraries~b28b7af69.js?v=vNpZeOuePA4R&l=english&_cdn=fastly:14:204)\n    at f (https://store.fastly.steamstatic.com/public/javascript/applications/store/manifest.js?v=oHimOO1GNKx-&l=english&_cdn=fastly:14:173)\n    at 55338 (https://store.fastly.steamstatic.com/public/javascript/applications/store/libraries~b28b7af69.js?v=vNpZeOuePA4R&l=english&_cdn=fastly:14:10258)\n    at f (https://store.fastly.steamstatic.com/public/javascript/applications/store/manifest.js?v=oHimOO1GNKx-&l=english&_cdn=fastly:14:173)\n    at 40671 (https://store.fastly.steamstatic.com/public/javascript/applications/store/libraries~b28b7af69.js?v=vNpZeOuePA4R&l=english&_cdn=fastly:14:9758)":true,"Error: FPDCallerTracker\n    at Navigator.replacementPD (chrome-extension://bbogkpojpmdnlonjjogfkaclifmgnbfe/67a49e6c-bebd-4f19-8656-6fb751a22561:1250:11)\n    at Object.apply (chrome-extension://bbogkpojpmdnlonjjogfkaclifmgnbfe/67a49e6c-bebd-4f19-8656-6fb751a22561:405:25)\n    at Object.isStandardBrowserEnv (https://store.fastly.steamstatic.com/public/javascript/applications/store/libraries~b28b7af69.js?v=vNpZeOuePA4R&l=english&_cdn=fastly:14:18592)\n    at 24508 (https://store.fastly.steamstatic.com/public/javascript/applications/store/libraries~b28b7af69.js?v=vNpZeOuePA4R&l=english&_cdn=fastly:14:13571)\n    at f (https://store.fastly.steamstatic.com/public/javascript/applications/store/manifest.js?v=oHimOO1GNKx-&l=english&_cdn=fastly:14:173)\n    at 61238 (https://store.fastly.steamstatic.com/public/javascript/applications/store/libraries~b28b7af69.js?v=vNpZeOuePA4R&l=english&_cdn=fastly:14:204)\n    at f (https://store.fastly.steamstatic.com/public/javascript/applications/store/manifest.js?v=oHimOO1GNKx-&l=english&_cdn=fastly:14:173)\n    at 55338 (https://store.fastly.steamstatic.com/public/javascript/applications/store/libraries~b28b7af69.js?v=vNpZeOuePA4R&l=english&_cdn=fastly:14:10258)\n    at f (https://store.fastly.steamstatic.com/public/javascript/applications/store/manifest.js?v=oHimOO1GNKx-&l=english&_cdn=fastly:14:173)\n    at 40671 (https://store.fastly.steamstatic.com/public/javascript/applications/store/libraries~b28b7af69.js?v=vNpZeOuePA4R&l=english&_cdn=fastly:14:9758)":true,"Error: FPDCallerTracker\n    at Navigator.replacementPD (chrome-extension://bbogkpojpmdnlonjjogfkaclifmgnbfe/67a49e6c-bebd-4f19-8656-6fb751a22561:1250:11)\n    at Object.apply (chrome-extension://bbogkpojpmdnlonjjogfkaclifmgnbfe/67a49e6c-bebd-4f19-8656-6fb751a22561:405:25)\n    at Object.isStandardBrowserEnv (https://store.fastly.steamstatic.com/public/javascript/applications/store/libraries~b28b7af69.js?v=vNpZeOuePA4R&l=english&_cdn=fastly:14:18618)\n    at 24508 (https://store.fastly.steamstatic.com/public/javascript/applications/store/libraries~b28b7af69.js?v=vNpZeOuePA4R&l=english&_cdn=fastly:14:13571)\n    at f (https://store.fastly.steamstatic.com/public/javascript/applications/store/manifest.js?v=oHimOO1GNKx-&l=english&_cdn=fastly:14:173)\n    at 61238 (https://store.fastly.steamstatic.com/public/javascript/applications/store/libraries~b28b7af69.js?v=vNpZeOuePA4R&l=english&_cdn=fastly:14:204)\n    at f (https://store.fastly.steamstatic.com/public/javascript/applications/store/manifest.js?v=oHimOO1GNKx-&l=english&_cdn=fastly:14:173)\n    at 55338 (https://store.fastly.steamstatic.com/public/javascript/applications/store/libraries~b28b7af69.js?v=vNpZeOuePA4R&l=english&_cdn=fastly:14:10258)\n    at f (https://store.fastly.steamstatic.com/public/javascript/applications/store/manifest.js?v=oHimOO1GNKx-&l=english&_cdn=fastly:14:173)\n    at 40671 (https://store.fastly.steamstatic.com/public/javascript/applications/store/libraries~b28b7af69.js?v=vNpZeOuePA4R&l=english&_cdn=fastly:14:9758)":true}}},"Navigator.prototype.userAgent":{"get":{"args":{"":5},"total":5,"callers":{"Error: FPDCallerTracker\n    at Navigator.replacementPD (chrome-extension://bbogkpojpmdnlonjjogfkaclifmgnbfe/67a49e6c-bebd-4f19-8656-6fb751a22561:970:11)\n    at Object.apply (chrome-extension://bbogkpojpmdnlonjjogfkaclifmgnbfe/67a49e6c-bebd-4f19-8656-6fb751a22561:405:25)\n    at https://store.fastly.steamstatic.com/public/javascript/applications/store/libraries~b28b7af69.js?v=vNpZeOuePA4R&l=english&_cdn=fastly:14:13646\n    at 24508 (https://store.fastly.steamstatic.com/public/javascript/applications/store/libraries~b28b7af69.js?v=vNpZeOuePA4R&l=english&_cdn=fastly:14:14157)\n    at f (https://store.fastly.steamstatic.com/public/javascript/applications/store/manifest.js?v=oHimOO1GNKx-&l=english&_cdn=fastly:14:173)\n    at 61238 (https://store.fastly.steamstatic.com/public/javascript/applications/store/libraries~b28b7af69.js?v=vNpZeOuePA4R&l=english&_cdn=fastly:14:204)\n    at f (https://store.fastly.steamstatic.com/public/javascript/applications/store/manifest.js?v=oHimOO1GNKx-&l=english&_cdn=fastly:14:173)\n    at 55338 (https://store.fastly.steamstatic.com/public/javascript/applications/store/libraries~b28b7af69.js?v=vNpZeOuePA4R&l=english&_cdn=fastly:14:10258)\n    at f (https://store.fastly.steamstatic.com/public/javascript/applications/store/manifest.js?v=oHimOO1GNKx-&l=english&_cdn=fastly:14:173)\n    at 40671 (https://store.fastly.steamstatic.com/public/javascript/applications/store/libraries~b28b7af69.js?v=vNpZeOuePA4R&l=english&_cdn=fastly:14:9758)":true,"Error: FPDCallerTracker\n    at Navigator.replacementPD (chrome-extension://bbogkpojpmdnlonjjogfkaclifmgnbfe/67a49e6c-bebd-4f19-8656-6fb751a22561:970:11)\n    at Object.apply (chrome-extension://bbogkpojpmdnlonjjogfkaclifmgnbfe/67a49e6c-bebd-4f19-8656-6fb751a22561:405:25)\n    at w (https://store.fastly.steamstatic.com/public/javascript/applications/store/libraries~b28b7af69.js?v=vNpZeOuePA4R&l=english&_cdn=fastly:14:288674)\n    at HTMLDocument.<anonymous> (https://store.fastly.steamstatic.com/public/javascript/applications/store/main.js?v=BTiGB2kWiK8z&l=english&_cdn=fastly:14:1191956)":true,"Error: FPDCallerTracker\n    at Navigator.replacementPD (chrome-extension://bbogkpojpmdnlonjjogfkaclifmgnbfe/67a49e6c-bebd-4f19-8656-6fb751a22561:970:11)\n    at Object.apply (chrome-extension://bbogkpojpmdnlonjjogfkaclifmgnbfe/67a49e6c-bebd-4f19-8656-6fb751a22561:405:25)\n    at w (https://store.fastly.steamstatic.com/public/javascript/applications/store/libraries~b28b7af69.js?v=vNpZeOuePA4R&l=english&_cdn=fastly:14:288903)\n    at HTMLDocument.<anonymous> (https://store.fastly.steamstatic.com/public/javascript/applications/store/main.js?v=BTiGB2kWiK8z&l=english&_cdn=fastly:14:1191956)":true,"Error: FPDCallerTracker\n    at Navigator.replacementPD (chrome-extension://bbogkpojpmdnlonjjogfkaclifmgnbfe/67a49e6c-bebd-4f19-8656-6fb751a22561:970:11)\n    at Object.apply (chrome-extension://bbogkpojpmdnlonjjogfkaclifmgnbfe/67a49e6c-bebd-4f19-8656-6fb751a22561:405:25)\n    at p (https://store.fastly.steamstatic.com/public/javascript/applications/store/main.js?v=BTiGB2kWiK8z&l=english&_cdn=fastly:14:1158974)\n    at m (https://store.fastly.steamstatic.com/public/javascript/applications/store/main.js?v=BTiGB2kWiK8z&l=english&_cdn=fastly:14:1153060)\n    at ys (https://store.fastly.steamstatic.com/public/javascript/applications/store/libraries~b28b7af69.js?v=vNpZeOuePA4R&l=english&_cdn=fastly:14:450531)\n    at wu (https://store.fastly.steamstatic.com/public/javascript/applications/store/libraries~b28b7af69.js?v=vNpZeOuePA4R&l=english&_cdn=fastly:14:509846)\n    at _l (https://store.fastly.steamstatic.com/public/javascript/applications/store/libraries~b28b7af69.js?v=vNpZeOuePA4R&l=english&_cdn=fastly:14:498998)\n    at bl (https://store.fastly.steamstatic.com/public/javascript/applications/store/libraries~b28b7af69.js?v=vNpZeOuePA4R&l=english&_cdn=fastly:14:498926)\n    at yl (https://store.fastly.steamstatic.com/public/javascript/applications/store/libraries~b28b7af69.js?v=vNpZeOuePA4R&l=english&_cdn=fastly:14:498789)\n    at ol (https://store.fastly.steamstatic.com/public/javascript/applications/store/libraries~b28b7af69.js?v=vNpZeOuePA4R&l=english&_cdn=fastly:14:493921)":true,"Error: FPDCallerTracker\n    at Navigator.replacementPD (chrome-extension://bbogkpojpmdnlonjjogfkaclifmgnbfe/67a49e6c-bebd-4f19-8656-6fb751a22561:970:11)\n    at Object.apply (chrome-extension://bbogkpojpmdnlonjjogfkaclifmgnbfe/67a49e6c-bebd-4f19-8656-6fb751a22561:405:25)\n    at p (https://store.fastly.steamstatic.com/public/javascript/applications/store/main.js?v=BTiGB2kWiK8z&l=english&_cdn=fastly:14:1159011)\n    at m (https://store.fastly.steamstatic.com/public/javascript/applications/store/main.js?v=BTiGB2kWiK8z&l=english&_cdn=fastly:14:1153060)\n    at ys (https://store.fastly.steamstatic.com/public/javascript/applications/store/libraries~b28b7af69.js?v=vNpZeOuePA4R&l=english&_cdn=fastly:14:450531)\n    at wu (https://store.fastly.steamstatic.com/public/javascript/applications/store/libraries~b28b7af69.js?v=vNpZeOuePA4R&l=english&_cdn=fastly:14:509846)\n    at _l (https://store.fastly.steamstatic.com/public/javascript/applications/store/libraries~b28b7af69.js?v=vNpZeOuePA4R&l=english&_cdn=fastly:14:498998)\n    at bl (https://store.fastly.steamstatic.com/public/javascript/applications/store/libraries~b28b7af69.js?v=vNpZeOuePA4R&l=english&_cdn=fastly:14:498926)\n    at yl (https://store.fastly.steamstatic.com/public/javascript/applications/store/libraries~b28b7af69.js?v=vNpZeOuePA4R&l=english&_cdn=fastly:14:498789)\n    at ol (https://store.fastly.steamstatic.com/public/javascript/applications/store/libraries~b28b7af69.js?v=vNpZeOuePA4R&l=english&_cdn=fastly:14:493921)":true}}},"window.localStorage":{"get":{"args":{"":4},"total":4,"callers":{"Error: FPDCallerTracker\n    at replacementPD (chrome-extension://bbogkpojpmdnlonjjogfkaclifmgnbfe/67a49e6c-bebd-4f19-8656-6fb751a22561:3734:11)\n    at Object.apply (chrome-extension://bbogkpojpmdnlonjjogfkaclifmgnbfe/67a49e6c-bebd-4f19-8656-6fb751a22561:405:25)\n    at n.GetString (https://store.fastly.steamstatic.com/public/javascript/applications/store/main.js?v=BTiGB2kWiK8z&l=english&_cdn=fastly:14:551279)\n    at n.GetObject (https://store.fastly.steamstatic.com/public/javascript/applications/store/main.js?v=BTiGB2kWiK8z&l=english&_cdn=fastly:14:551094)\n    at c.LoadSettings (https://store.fastly.steamstatic.com/public/javascript/applications/store/main.js?v=BTiGB2kWiK8z&l=english&_cdn=fastly:14:1139909)\n    at new c (https://store.fastly.steamstatic.com/public/javascript/applications/store/main.js?v=BTiGB2kWiK8z&l=english&_cdn=fastly:14:1139707)\n    at c.Get (https://store.fastly.steamstatic.com/public/javascript/applications/store/main.js?v=BTiGB2kWiK8z&l=english&_cdn=fastly:14:1140740)\n    at new l (https://store.fastly.steamstatic.com/public/javascript/applications/store/main.js?v=BTiGB2kWiK8z&l=english&_cdn=fastly:14:1138639)\n    at 74882 (https://store.fastly.steamstatic.com/public/javascript/applications/store/main.js?v=BTiGB2kWiK8z&l=english&_cdn=fastly:14:60973)\n    at f (https://store.fastly.steamstatic.com/public/javascript/applications/store/manifest.js?v=oHimOO1GNKx-&l=english&_cdn=fastly:14:173)":true,"Error: FPDCallerTracker\n    at replacementPD (chrome-extension://bbogkpojpmdnlonjjogfkaclifmgnbfe/67a49e6c-bebd-4f19-8656-6fb751a22561:3734:11)\n    at Object.apply (chrome-extension://bbogkpojpmdnlonjjogfkaclifmgnbfe/67a49e6c-bebd-4f19-8656-6fb751a22561:405:25)\n    at n.GetString (https://store.fastly.steamstatic.com/public/javascript/applications/store/main.js?v=BTiGB2kWiK8z&l=english&_cdn=fastly:14:551279)\n    at n.GetObject (https://store.fastly.steamstatic.com/public/javascript/applications/store/main.js?v=BTiGB2kWiK8z&l=english&_cdn=fastly:14:551094)\n    at c.LoadSettings (https://store.fastly.steamstatic.com/public/javascript/applications/store/main.js?v=BTiGB2kWiK8z&l=english&_cdn=fastly:14:1139988)":true,"Error: FPDCallerTracker\n    at replacementPD (chrome-extension://bbogkpojpmdnlonjjogfkaclifmgnbfe/67a49e6c-bebd-4f19-8656-6fb751a22561:3734:11)\n    at Object.apply (chrome-extension://bbogkpojpmdnlonjjogfkaclifmgnbfe/67a49e6c-bebd-4f19-8656-6fb751a22561:405:25)\n    at Object.GetLocal (https://store.fastly.steamstatic.com/public/shared/javascript/shared_global.js?v=PCCoCNLxwF4M&l=english&_cdn=fastly:1840:15)\n    at Array.<anonymous> (https://store.fastly.steamstatic.com/public/javascript/home.js?v=SQ4fPSDutni2&l=english&_cdn=fastly:3398:28)\n    at Array.OnDynamicStoreReady (https://store.fastly.steamstatic.com/public/javascript/home.js?v=SQ4fPSDutni2&l=english&_cdn=fastly:424:35)\n    at HTMLDocument.fnRunOnLoadCallbacks (https://store.fastly.steamstatic.com/public/javascript/dynamicstore.js?v=R-lmS8X7AGaa&l=english&_cdn=fastly:123:45)\n    at l (https://store.fastly.steamstatic.com/public/shared/javascript/jquery-1.8.3.min.js?v=NXam5zydzNu8&l=english&_cdn=fastly:2:16996)\n    at Object.add [as done] (https://store.fastly.steamstatic.com/public/shared/javascript/jquery-1.8.3.min.js?v=NXam5zydzNu8&l=english&_cdn=fastly:2:17310)\n    at init.ready (https://store.fastly.steamstatic.com/public/shared/javascript/jquery-1.8.3.min.js?v=NXam5zydzNu8&l=english&_cdn=fastly:2:11276)\n    at new init (https://store.fastly.steamstatic.com/public/shared/javascript/jquery-1.8.3.min.js?v=NXam5zydzNu8&l=english&_cdn=fastly:2:10680)":true,"Error: FPDCallerTracker\n    at replacementPD (chrome-extension://bbogkpojpmdnlonjjogfkaclifmgnbfe/67a49e6c-bebd-4f19-8656-6fb751a22561:3734:11)\n    at Object.apply (chrome-extension://bbogkpojpmdnlonjjogfkaclifmgnbfe/67a49e6c-bebd-4f19-8656-6fb751a22561:405:25)\n    at Object.GetLocal (https://store.fastly.steamstatic.com/public/shared/javascript/shared_global.js?v=PCCoCNLxwF4M&l=english&_cdn=fastly:1843:23)\n    at Array.<anonymous> (https://store.fastly.steamstatic.com/public/javascript/home.js?v=SQ4fPSDutni2&l=english&_cdn=fastly:3398:28)\n    at Array.OnDynamicStoreReady (https://store.fastly.steamstatic.com/public/javascript/home.js?v=SQ4fPSDutni2&l=english&_cdn=fastly:424:35)\n    at HTMLDocument.fnRunOnLoadCallbacks (https://store.fastly.steamstatic.com/public/javascript/dynamicstore.js?v=R-lmS8X7AGaa&l=english&_cdn=fastly:123:45)\n    at l (https://store.fastly.steamstatic.com/public/shared/javascript/jquery-1.8.3.min.js?v=NXam5zydzNu8&l=english&_cdn=fastly:2:16996)\n    at Object.add [as done] (https://store.fastly.steamstatic.com/public/shared/javascript/jquery-1.8.3.min.js?v=NXam5zydzNu8&l=english&_cdn=fastly:2:17310)\n    at init.ready (https://store.fastly.steamstatic.com/public/shared/javascript/jquery-1.8.3.min.js?v=NXam5zydzNu8&l=english&_cdn=fastly:2:11276)\n    at new init (https://store.fastly.steamstatic.com/public/shared/javascript/jquery-1.8.3.min.js?v=NXam5zydzNu8&l=english&_cdn=fastly:2:10680)":true}}},"Performance.prototype.now":{"call":{"args":{"":213},"total":213,"callers":{"Error: FPDCallerTracker\n    at Performance.replacementF (chrome-extension://bbogkpojpmdnlonjjogfkaclifmgnbfe/67a49e6c-bebd-4f19-8656-6fb751a22561:3989:11)\n    at Performance.replacementF (chrome-extension://bbogkpojpmdnlonjjogfkaclifmgnbfe/67a49e6c-bebd-4f19-8656-6fb751a22561:4009:41)\n    at Object.apply (chrome-extension://bbogkpojpmdnlonjjogfkaclifmgnbfe/67a49e6c-bebd-4f19-8656-6fb751a22561:405:25)\n    at t.unstable_now (https://store.fastly.steamstatic.com/public/javascript/applications/store/libraries~b28b7af69.js?v=vNpZeOuePA4R&l=english&_cdn=fastly:14:545233)\n    at ll (https://store.fastly.steamstatic.com/public/javascript/applications/store/libraries~b28b7af69.js?v=vNpZeOuePA4R&l=english&_cdn=fastly:14:496232)\n    at Ot (https://store.fastly.steamstatic.com/public/javascript/applications/store/libraries~b28b7af69.js?v=vNpZeOuePA4R&l=english&_cdn=fastly:14:357355)\n    at Rt (https://store.fastly.steamstatic.com/public/javascript/applications/store/libraries~b28b7af69.js?v=vNpZeOuePA4R&l=english&_cdn=fastly:14:354213)\n    at Et (https://store.fastly.steamstatic.com/public/javascript/applications/store/libraries~b28b7af69.js?v=vNpZeOuePA4R&l=english&_cdn=fastly:14:351380)\n    at wn (https://store.fastly.steamstatic.com/public/javascript/applications/store/libraries~b28b7af69.js?v=vNpZeOuePA4R&l=english&_cdn=fastly:14:384221)\n    at new e (https://store.fastly.steamstatic.com/public/javascript/applications/store/libraries~b28b7af69.js?v=vNpZeOuePA4R&l=english&_cdn=fastly:14:369161)":true,"Error: FPDCallerTracker\n    at Performance.replacementF (chrome-extension://bbogkpojpmdnlonjjogfkaclifmgnbfe/67a49e6c-bebd-4f19-8656-6fb751a22561:3989:11)\n    at Performance.replacementF (chrome-extension://bbogkpojpmdnlonjjogfkaclifmgnbfe/67a49e6c-bebd-4f19-8656-6fb751a22561:4009:41)\n    at Object.apply (chrome-extension://bbogkpojpmdnlonjjogfkaclifmgnbfe/67a49e6c-bebd-4f19-8656-6fb751a22561:405:25)\n    at t.unstable_now (https://store.fastly.steamstatic.com/public/javascript/applications/store/libraries~b28b7af69.js?v=vNpZeOuePA4R&l=english&_cdn=fastly:14:545233)\n    at ll (https://store.fastly.steamstatic.com/public/javascript/applications/store/libraries~b28b7af69.js?v=vNpZeOuePA4R&l=english&_cdn=fastly:14:496232)\n    at Ot (https://store.fastly.steamstatic.com/public/javascript/applications/store/libraries~b28b7af69.js?v=vNpZeOuePA4R&l=english&_cdn=fastly:14:357355)\n    at Rt (https://store.fastly.steamstatic.com/public/javascript/applications/store/libraries~b28b7af69.js?v=vNpZeOuePA4R&l=english&_cdn=fastly:14:354213)\n    at Et (https://store.fastly.steamstatic.com/public/javascript/applications/store/libraries~b28b7af69.js?v=vNpZeOuePA4R&l=english&_cdn=fastly:14:351380)\n    at wn (https://store.fastly.steamstatic.com/public/javascript/applications/store/libraries~b28b7af69.js?v=vNpZeOuePA4R&l=english&_cdn=fastly:14:384221)\n    at Ir (https://store.fastly.steamstatic.com/public/javascript/applications/store/libraries~b28b7af69.js?v=vNpZeOuePA4R&l=english&_cdn=fastly:14:362249)":true,"Error: FPDCallerTracker\n    at Performance.replacementF (chrome-extension://bbogkpojpmdnlonjjogfkaclifmgnbfe/67a49e6c-bebd-4f19-8656-6fb751a22561:3989:11)\n    at Performance.replacementF (chrome-extension://bbogkpojpmdnlonjjogfkaclifmgnbfe/67a49e6c-bebd-4f19-8656-6fb751a22561:4009:41)\n    at Object.apply (chrome-extension://bbogkpojpmdnlonjjogfkaclifmgnbfe/67a49e6c-bebd-4f19-8656-6fb751a22561:405:25)\n    at new CUsabilityTracker (https://store.fastly.steamstatic.com/public/javascript/main.js?v=wiAgKBaqWusf&l=english&_cdn=fastly:2789:32)\n    at InitUsabilityTracker (https://store.fastly.steamstatic.com/public/javascript/main.js?v=wiAgKBaqWusf&l=english&_cdn=fastly:2995:24)\n    at Object.InitLayout (https://store.fastly.steamstatic.com/public/javascript/home.js?v=SQ4fPSDutni2&l=english&_cdn=fastly:117:18)\n    at HTMLDocument.<anonymous> (https://store.steampowered.com/:3631:14)\n    at l (https://store.fastly.steamstatic.com/public/shared/javascript/jquery-1.8.3.min.js?v=NXam5zydzNu8&l=english&_cdn=fastly:2:16996)\n    at Object.fireWith [as resolveWith] (https://store.fastly.steamstatic.com/public/shared/javascript/jquery-1.8.3.min.js?v=NXam5zydzNu8&l=english&_cdn=fastly:2:17783)\n    at v.ready (https://store.fastly.steamstatic.com/public/shared/javascript/jquery-1.8.3.min.js?v=NXam5zydzNu8&l=english&_cdn=fastly:2:12504)":true,"Error: FPDCallerTracker\n    at Performance.replacementF (chrome-extension://bbogkpojpmdnlonjjogfkaclifmgnbfe/67a49e6c-bebd-4f19-8656-6fb751a22561:3989:11)\n    at Performance.replacementF (chrome-extension://bbogkpojpmdnlonjjogfkaclifmgnbfe/67a49e6c-bebd-4f19-8656-6fb751a22561:4009:41)\n    at Object.apply (chrome-extension://bbogkpojpmdnlonjjogfkaclifmgnbfe/67a49e6c-bebd-4f19-8656-6fb751a22561:405:25)\n    at t.unstable_now (https://store.fastly.steamstatic.com/public/javascript/applications/store/libraries~b28b7af69.js?v=vNpZeOuePA4R&l=english&_cdn=fastly:14:545233)\n    at el (https://store.fastly.steamstatic.com/public/javascript/applications/store/libraries~b28b7af69.js?v=vNpZeOuePA4R&l=english&_cdn=fastly:14:492665)\n    at Vl (https://store.fastly.steamstatic.com/public/javascript/applications/store/libraries~b28b7af69.js?v=vNpZeOuePA4R&l=english&_cdn=fastly:14:508337)\n    at $l.render.Yl.render (https://store.fastly.steamstatic.com/public/javascript/applications/store/libraries~b28b7af69.js?v=vNpZeOuePA4R&l=english&_cdn=fastly:14:514623)\n    at HTMLDocument.<anonymous> (https://store.fastly.steamstatic.com/public/javascript/applications/store/main.js?v=BTiGB2kWiK8z&l=english&_cdn=fastly:14:1192615)":true,"Error: FPDCallerTracker\n    at Performance.replacementF (chrome-extension://bbogkpojpmdnlonjjogfkaclifmgnbfe/67a49e6c-bebd-4f19-8656-6fb751a22561:3989:11)\n    at Performance.replacementF (chrome-extension://bbogkpojpmdnlonjjogfkaclifmgnbfe/67a49e6c-bebd-4f19-8656-6fb751a22561:4009:41)\n    at Object.apply (chrome-extension://bbogkpojpmdnlonjjogfkaclifmgnbfe/67a49e6c-bebd-4f19-8656-6fb751a22561:405:25)\n    at t.unstable_now (https://store.fastly.steamstatic.com/public/javascript/applications/store/libraries~b28b7af69.js?v=vNpZeOuePA4R&l=english&_cdn=fastly:14:545233)\n    at t.unstable_scheduleCallback (https://store.fastly.steamstatic.com/public/javascript/applications/store/libraries~b28b7af69.js?v=vNpZeOuePA4R&l=english&_cdn=fastly:14:547826)\n    at Cl (https://store.fastly.steamstatic.com/public/javascript/applications/store/libraries~b28b7af69.js?v=vNpZeOuePA4R&l=english&_cdn=fastly:14:504912)\n    at nl (https://store.fastly.steamstatic.com/public/javascript/applications/store/libraries~b28b7af69.js?v=vNpZeOuePA4R&l=english&_cdn=fastly:14:493652)\n    at rl (https://store.fastly.steamstatic.com/public/javascript/applications/store/libraries~b28b7af69.js?v=vNpZeOuePA4R&l=english&_cdn=fastly:14:492971)\n    at Vl (https://store.fastly.steamstatic.com/public/javascript/applications/store/libraries~b28b7af69.js?v=vNpZeOuePA4R&l=english&_cdn=fastly:14:508513)\n    at $l.render.Yl.render (https://store.fastly.steamstatic.com/public/javascript/applications/store/libraries~b28b7af69.js?v=vNpZeOuePA4R&l=english&_cdn=fastly:14:514623)":true,"Error: FPDCallerTracker\n    at Performance.replacementF (chrome-extension://bbogkpojpmdnlonjjogfkaclifmgnbfe/67a49e6c-bebd-4f19-8656-6fb751a22561:3989:11)\n    at Performance.replacementF (chrome-extension://bbogkpojpmdnlonjjogfkaclifmgnbfe/67a49e6c-bebd-4f19-8656-6fb751a22561:4009:41)\n    at Object.apply (chrome-extension://bbogkpojpmdnlonjjogfkaclifmgnbfe/67a49e6c-bebd-4f19-8656-6fb751a22561:405:25)\n    at t.unstable_now (https://store.fastly.steamstatic.com/public/javascript/applications/store/libraries~b28b7af69.js?v=vNpZeOuePA4R&l=english&_cdn=fastly:14:545233)\n    at MessagePort.P (https://store.fastly.steamstatic.com/public/javascript/applications/store/libraries~b28b7af69.js?v=vNpZeOuePA4R&l=english&_cdn=fastly:14:546454)":true,"Error: FPDCallerTracker\n    at Performance.replacementF (chrome-extension://bbogkpojpmdnlonjjogfkaclifmgnbfe/67a49e6c-bebd-4f19-8656-6fb751a22561:3989:11)\n    at Performance.replacementF (chrome-extension://bbogkpojpmdnlonjjogfkaclifmgnbfe/67a49e6c-bebd-4f19-8656-6fb751a22561:4009:41)\n    at Object.apply (chrome-extension://bbogkpojpmdnlonjjogfkaclifmgnbfe/67a49e6c-bebd-4f19-8656-6fb751a22561:405:25)\n    at t.unstable_now (https://store.fastly.steamstatic.com/public/javascript/applications/store/libraries~b28b7af69.js?v=vNpZeOuePA4R&l=english&_cdn=fastly:14:545233)\n    at C (https://store.fastly.steamstatic.com/public/javascript/applications/store/libraries~b28b7af69.js?v=vNpZeOuePA4R&l=english&_cdn=fastly:14:546400)\n    at E (https://store.fastly.steamstatic.com/public/javascript/applications/store/libraries~b28b7af69.js?v=vNpZeOuePA4R&l=english&_cdn=fastly:14:545867)\n    at MessagePort.P (https://store.fastly.steamstatic.com/public/javascript/applications/store/libraries~b28b7af69.js?v=vNpZeOuePA4R&l=english&_cdn=fastly:14:546488)":true,"Error: FPDCallerTracker\n    at Performance.replacementF (chrome-extension://bbogkpojpmdnlonjjogfkaclifmgnbfe/67a49e6c-bebd-4f19-8656-6fb751a22561:3989:11)\n    at Performance.replacementF (chrome-extension://bbogkpojpmdnlonjjogfkaclifmgnbfe/67a49e6c-bebd-4f19-8656-6fb751a22561:4009:41)\n    at Object.apply (chrome-extension://bbogkpojpmdnlonjjogfkaclifmgnbfe/67a49e6c-bebd-4f19-8656-6fb751a22561:405:25)\n    at t.unstable_now (https://store.fastly.steamstatic.com/public/javascript/applications/store/libraries~b28b7af69.js?v=vNpZeOuePA4R&l=english&_cdn=fastly:14:545233)\n    at t.unstable_scheduleCallback (https://store.fastly.steamstatic.com/public/javascript/applications/store/libraries~b28b7af69.js?v=vNpZeOuePA4R&l=english&_cdn=fastly:14:547826)\n    at Cl (https://store.fastly.steamstatic.com/public/javascript/applications/store/libraries~b28b7af69.js?v=vNpZeOuePA4R&l=english&_cdn=fastly:14:504912)\n    at https://store.fastly.steamstatic.com/public/javascript/applications/store/libraries~b28b7af69.js?v=vNpZeOuePA4R&l=english&_cdn=fastly:14:500148\n    at Sl (https://store.fastly.steamstatic.com/public/javascript/applications/store/libraries~b28b7af69.js?v=vNpZeOuePA4R&l=english&_cdn=fastly:14:502376)\n    at ol (https://store.fastly.steamstatic.com/public/javascript/applications/store/libraries~b28b7af69.js?v=vNpZeOuePA4R&l=english&_cdn=fastly:14:494873)\n    at E (https://store.fastly.steamstatic.com/public/javascript/applications/store/libraries~b28b7af69.js?v=vNpZeOuePA4R&l=english&_cdn=fastly:14:545956)":true,"Error: FPDCallerTracker\n    at Performance.replacementF (chrome-extension://bbogkpojpmdnlonjjogfkaclifmgnbfe/67a49e6c-bebd-4f19-8656-6fb751a22561:3989:11)\n    at Performance.replacementF (chrome-extension://bbogkpojpmdnlonjjogfkaclifmgnbfe/67a49e6c-bebd-4f19-8656-6fb751a22561:4009:41)\n    at Object.apply (chrome-extension://bbogkpojpmdnlonjjogfkaclifmgnbfe/67a49e6c-bebd-4f19-8656-6fb751a22561:405:25)\n    at t.unstable_now (https://store.fastly.steamstatic.com/public/javascript/applications/store/libraries~b28b7af69.js?v=vNpZeOuePA4R&l=english&_cdn=fastly:14:545233)\n    at https://store.fastly.steamstatic.com/public/javascript/applications/store/libraries~b28b7af69.js?v=vNpZeOuePA4R&l=english&_cdn=fastly:14:502136\n    at Sl (https://store.fastly.steamstatic.com/public/javascript/applications/store/libraries~b28b7af69.js?v=vNpZeOuePA4R&l=english&_cdn=fastly:14:502376)\n    at ol (https://store.fastly.steamstatic.com/public/javascript/applications/store/libraries~b28b7af69.js?v=vNpZeOuePA4R&l=english&_cdn=fastly:14:494873)\n    at E (https://store.fastly.steamstatic.com/public/javascript/applications/store/libraries~b28b7af69.js?v=vNpZeOuePA4R&l=english&_cdn=fastly:14:545956)\n    at MessagePort.P (https://store.fastly.steamstatic.com/public/javascript/applications/store/libraries~b28b7af69.js?v=vNpZeOuePA4R&l=english&_cdn=fastly:14:546488)":true,"Error: FPDCallerTracker\n    at Performance.replacementF (chrome-extension://bbogkpojpmdnlonjjogfkaclifmgnbfe/67a49e6c-bebd-4f19-8656-6fb751a22561:3989:11)\n    at Performance.replacementF (chrome-extension://bbogkpojpmdnlonjjogfkaclifmgnbfe/67a49e6c-bebd-4f19-8656-6fb751a22561:4009:41)\n    at Object.apply (chrome-extension://bbogkpojpmdnlonjjogfkaclifmgnbfe/67a49e6c-bebd-4f19-8656-6fb751a22561:405:25)\n    at t.unstable_now (https://store.fastly.steamstatic.com/public/javascript/applications/store/libraries~b28b7af69.js?v=vNpZeOuePA4R&l=english&_cdn=fastly:14:545233)\n    at ol (https://store.fastly.steamstatic.com/public/javascript/applications/store/libraries~b28b7af69.js?v=vNpZeOuePA4R&l=english&_cdn=fastly:14:495451)\n    at E (https://store.fastly.steamstatic.com/public/javascript/applications/store/libraries~b28b7af69.js?v=vNpZeOuePA4R&l=english&_cdn=fastly:14:545956)\n    at MessagePort.P (https://store.fastly.steamstatic.com/public/javascript/applications/store/libraries~b28b7af69.js?v=vNpZeOuePA4R&l=english&_cdn=fastly:14:546488)":true,"Error: FPDCallerTracker\n    at Performance.replacementF (chrome-extension://bbogkpojpmdnlonjjogfkaclifmgnbfe/67a49e6c-bebd-4f19-8656-6fb751a22561:3989:11)\n    at Performance.replacementF (chrome-extension://bbogkpojpmdnlonjjogfkaclifmgnbfe/67a49e6c-bebd-4f19-8656-6fb751a22561:4009:41)\n    at Object.apply (chrome-extension://bbogkpojpmdnlonjjogfkaclifmgnbfe/67a49e6c-bebd-4f19-8656-6fb751a22561:405:25)\n    at t.unstable_now (https://store.fastly.steamstatic.com/public/javascript/applications/store/libraries~b28b7af69.js?v=vNpZeOuePA4R&l=english&_cdn=fastly:14:545233)\n    at E (https://store.fastly.steamstatic.com/public/javascript/applications/store/libraries~b28b7af69.js?v=vNpZeOuePA4R&l=english&_cdn=fastly:14:545983)\n    at MessagePort.P (https://store.fastly.steamstatic.com/public/javascript/applications/store/libraries~b28b7af69.js?v=vNpZeOuePA4R&l=english&_cdn=fastly:14:546488)":true,"Error: FPDCallerTracker\n    at Performance.replacementF (chrome-extension://bbogkpojpmdnlonjjogfkaclifmgnbfe/67a49e6c-bebd-4f19-8656-6fb751a22561:3989:11)\n    at Performance.replacementF (chrome-extension://bbogkpojpmdnlonjjogfkaclifmgnbfe/67a49e6c-bebd-4f19-8656-6fb751a22561:4009:41)\n    at Object.apply (chrome-extension://bbogkpojpmdnlonjjogfkaclifmgnbfe/67a49e6c-bebd-4f19-8656-6fb751a22561:405:25)\n    at t.unstable_now (https://store.fastly.steamstatic.com/public/javascript/applications/store/libraries~b28b7af69.js?v=vNpZeOuePA4R&l=english&_cdn=fastly:14:545233)\n    at el (https://store.fastly.steamstatic.com/public/javascript/applications/store/libraries~b28b7af69.js?v=vNpZeOuePA4R&l=english&_cdn=fastly:14:492646)\n    at Ys (https://store.fastly.steamstatic.com/public/javascript/applications/store/libraries~b28b7af69.js?v=vNpZeOuePA4R&l=english&_cdn=fastly:14:455869)\n    at https://store.fastly.steamstatic.com/public/javascript/applications/store/main.js?v=BTiGB2kWiK8z&l=english&_cdn=fastly:14:1183441\n    at nu (https://store.fastly.steamstatic.com/public/javascript/applications/store/libraries~b28b7af69.js?v=vNpZeOuePA4R&l=english&_cdn=fastly:14:483439)\n    at El (https://store.fastly.steamstatic.com/public/javascript/applications/store/libraries~b28b7af69.js?v=vNpZeOuePA4R&l=english&_cdn=fastly:14:503569)\n    at https://store.fastly.steamstatic.com/public/javascript/applications/store/libraries~b28b7af69.js?v=vNpZeOuePA4R&l=english&_cdn=fastly:14:500173":true,"Error: FPDCallerTracker\n    at Performance.replacementF (chrome-extension://bbogkpojpmdnlonjjogfkaclifmgnbfe/67a49e6c-bebd-4f19-8656-6fb751a22561:3989:11)\n    at Performance.replacementF (chrome-extension://bbogkpojpmdnlonjjogfkaclifmgnbfe/67a49e6c-bebd-4f19-8656-6fb751a22561:4009:41)\n    at Object.apply (chrome-extension://bbogkpojpmdnlonjjogfkaclifmgnbfe/67a49e6c-bebd-4f19-8656-6fb751a22561:405:25)\n    at t.unstable_now (https://store.fastly.steamstatic.com/public/javascript/applications/store/libraries~b28b7af69.js?v=vNpZeOuePA4R&l=english&_cdn=fastly:14:545233)\n    at t.unstable_scheduleCallback (https://store.fastly.steamstatic.com/public/javascript/applications/store/libraries~b28b7af69.js?v=vNpZeOuePA4R&l=english&_cdn=fastly:14:547826)\n    at Cl (https://store.fastly.steamstatic.com/public/javascript/applications/store/libraries~b28b7af69.js?v=vNpZeOuePA4R&l=english&_cdn=fastly:14:504912)\n    at nl (https://store.fastly.steamstatic.com/public/javascript/applications/store/libraries~b28b7af69.js?v=vNpZeOuePA4R&l=english&_cdn=fastly:14:493652)\n    at rl (https://store.fastly.steamstatic.com/public/javascript/applications/store/libraries~b28b7af69.js?v=vNpZeOuePA4R&l=english&_cdn=fastly:14:492971)\n    at Ys (https://store.fastly.steamstatic.com/public/javascript/applications/store/libraries~b28b7af69.js?v=vNpZeOuePA4R&l=english&_cdn=fastly:14:455858)\n    at https://store.fastly.steamstatic.com/public/javascript/applications/store/main.js?v=BTiGB2kWiK8z&l=english&_cdn=fastly:14:1183441":true,"Error: FPDCallerTracker\n    at Performance.replacementF (chrome-extension://bbogkpojpmdnlonjjogfkaclifmgnbfe/67a49e6c-bebd-4f19-8656-6fb751a22561:3989:11)\n    at Performance.replacementF (chrome-extension://bbogkpojpmdnlonjjogfkaclifmgnbfe/67a49e6c-bebd-4f19-8656-6fb751a22561:4009:41)\n    at Object.apply (chrome-extension://bbogkpojpmdnlonjjogfkaclifmgnbfe/67a49e6c-bebd-4f19-8656-6fb751a22561:405:25)\n    at t.unstable_now (https://store.fastly.steamstatic.com/public/javascript/applications/store/libraries~b28b7af69.js?v=vNpZeOuePA4R&l=english&_cdn=fastly:14:545233)\n    at el (https://store.fastly.steamstatic.com/public/javascript/applications/store/libraries~b28b7af69.js?v=vNpZeOuePA4R&l=english&_cdn=fastly:14:492646)\n    at Ys (https://store.fastly.steamstatic.com/public/javascript/applications/store/libraries~b28b7af69.js?v=vNpZeOuePA4R&l=english&_cdn=fastly:14:455869)\n    at https://store.fastly.steamstatic.com/public/javascript/applications/store/main.js?v=BTiGB2kWiK8z&l=english&_cdn=fastly:14:1183630\n    at nu (https://store.fastly.steamstatic.com/public/javascript/applications/store/libraries~b28b7af69.js?v=vNpZeOuePA4R&l=english&_cdn=fastly:14:483439)\n    at El (https://store.fastly.steamstatic.com/public/javascript/applications/store/libraries~b28b7af69.js?v=vNpZeOuePA4R&l=english&_cdn=fastly:14:503569)\n    at https://store.fastly.steamstatic.com/public/javascript/applications/store/libraries~b28b7af69.js?v=vNpZeOuePA4R&l=english&_cdn=fastly:14:500173":true,"Error: FPDCallerTracker\n    at Performance.replacementF (chrome-extension://bbogkpojpmdnlonjjogfkaclifmgnbfe/67a49e6c-bebd-4f19-8656-6fb751a22561:3989:11)\n    at Performance.replacementF (chrome-extension://bbogkpojpmdnlonjjogfkaclifmgnbfe/67a49e6c-bebd-4f19-8656-6fb751a22561:4009:41)\n    at Object.apply (chrome-extension://bbogkpojpmdnlonjjogfkaclifmgnbfe/67a49e6c-bebd-4f19-8656-6fb751a22561:405:25)\n    at t.unstable_now (https://store.fastly.steamstatic.com/public/javascript/applications/store/libraries~b28b7af69.js?v=vNpZeOuePA4R&l=english&_cdn=fastly:14:545233)\n    at el (https://store.fastly.steamstatic.com/public/javascript/applications/store/libraries~b28b7af69.js?v=vNpZeOuePA4R&l=english&_cdn=fastly:14:492646)\n    at Ys (https://store.fastly.steamstatic.com/public/javascript/applications/store/libraries~b28b7af69.js?v=vNpZeOuePA4R&l=english&_cdn=fastly:14:455869)\n    at https://store.fastly.steamstatic.com/public/javascript/applications/store/main.js?v=BTiGB2kWiK8z&l=english&_cdn=fastly:14:910332\n    at t.startTransition (https://store.fastly.steamstatic.com/public/javascript/applications/store/libraries~b28b7af69.js?v=vNpZeOuePA4R&l=english&_cdn=fastly:14:543486)\n    at https://store.fastly.steamstatic.com/public/javascript/applications/store/main.js?v=BTiGB2kWiK8z&l=english&_cdn=fastly:14:910279\n    at nu (https://store.fastly.steamstatic.com/public/javascript/applications/store/libraries~b28b7af69.js?v=vNpZeOuePA4R&l=english&_cdn=fastly:14:483439)":true,"Error: FPDCallerTracker\n    at Performance.replacementF (chrome-extension://bbogkpojpmdnlonjjogfkaclifmgnbfe/67a49e6c-bebd-4f19-8656-6fb751a22561:3989:11)\n    at Performance.replacementF (chrome-extension://bbogkpojpmdnlonjjogfkaclifmgnbfe/67a49e6c-bebd-4f19-8656-6fb751a22561:4009:41)\n    at Object.apply (chrome-extension://bbogkpojpmdnlonjjogfkaclifmgnbfe/67a49e6c-bebd-4f19-8656-6fb751a22561:405:25)\n    at t.unstable_now (https://store.fastly.steamstatic.com/public/javascript/applications/store/libraries~b28b7af69.js?v=vNpZeOuePA4R&l=english&_cdn=fastly:14:545233)\n    at t.unstable_scheduleCallback (https://store.fastly.steamstatic.com/public/javascript/applications/store/libraries~b28b7af69.js?v=vNpZeOuePA4R&l=english&_cdn=fastly:14:547826)\n    at Cl (https://store.fastly.steamstatic.com/public/javascript/applications/store/libraries~b28b7af69.js?v=vNpZeOuePA4R&l=english&_cdn=fastly:14:504912)\n    at nl (https://store.fastly.steamstatic.com/public/javascript/applications/store/libraries~b28b7af69.js?v=vNpZeOuePA4R&l=english&_cdn=fastly:14:493652)\n    at rl (https://store.fastly.steamstatic.com/public/javascript/applications/store/libraries~b28b7af69.js?v=vNpZeOuePA4R&l=english&_cdn=fastly:14:492971)\n    at Ys (https://store.fastly.steamstatic.com/public/javascript/applications/store/libraries~b28b7af69.js?v=vNpZeOuePA4R&l=english&_cdn=fastly:14:455858)\n    at https://store.fastly.steamstatic.com/public/javascript/applications/store/main.js?v=BTiGB2kWiK8z&l=english&_cdn=fastly:14:910332":true,"Error: FPDCallerTracker\n    at Performance.replacementF (chrome-extension://bbogkpojpmdnlonjjogfkaclifmgnbfe/67a49e6c-bebd-4f19-8656-6fb751a22561:3989:11)\n    at Performance.replacementF (chrome-extension://bbogkpojpmdnlonjjogfkaclifmgnbfe/67a49e6c-bebd-4f19-8656-6fb751a22561:4009:41)\n    at Object.apply (chrome-extension://bbogkpojpmdnlonjjogfkaclifmgnbfe/67a49e6c-bebd-4f19-8656-6fb751a22561:405:25)\n    at t.unstable_now (https://store.fastly.steamstatic.com/public/javascript/applications/store/libraries~b28b7af69.js?v=vNpZeOuePA4R&l=english&_cdn=fastly:14:545233)\n    at ol (https://store.fastly.steamstatic.com/public/javascript/applications/store/libraries~b28b7af69.js?v=vNpZeOuePA4R&l=english&_cdn=fastly:14:493996)\n    at E (https://store.fastly.steamstatic.com/public/javascript/applications/store/libraries~b28b7af69.js?v=vNpZeOuePA4R&l=english&_cdn=fastly:14:545956)\n    at MessagePort.P (https://store.fastly.steamstatic.com/public/javascript/applications/store/libraries~b28b7af69.js?v=vNpZeOuePA4R&l=english&_cdn=fastly:14:546488)":true,"Error: FPDCallerTracker\n    at Performance.replacementF (chrome-extension://bbogkpojpmdnlonjjogfkaclifmgnbfe/67a49e6c-bebd-4f19-8656-6fb751a22561:3989:11)\n    at Performance.replacementF (chrome-extension://bbogkpojpmdnlonjjogfkaclifmgnbfe/67a49e6c-bebd-4f19-8656-6fb751a22561:4009:41)\n    at Object.apply (chrome-extension://bbogkpojpmdnlonjjogfkaclifmgnbfe/67a49e6c-bebd-4f19-8656-6fb751a22561:405:25)\n    at t.unstable_now (https://store.fastly.steamstatic.com/public/javascript/applications/store/libraries~b28b7af69.js?v=vNpZeOuePA4R&l=english&_cdn=fastly:14:545233)\n    at C (https://store.fastly.steamstatic.com/public/javascript/applications/store/libraries~b28b7af69.js?v=vNpZeOuePA4R&l=english&_cdn=fastly:14:546400)\n    at ml (https://store.fastly.steamstatic.com/public/javascript/applications/store/libraries~b28b7af69.js?v=vNpZeOuePA4R&l=english&_cdn=fastly:14:498964)\n    at ol (https://store.fastly.steamstatic.com/public/javascript/applications/store/libraries~b28b7af69.js?v=vNpZeOuePA4R&l=english&_cdn=fastly:14:494020)\n    at E (https://store.fastly.steamstatic.com/public/javascript/applications/store/libraries~b28b7af69.js?v=vNpZeOuePA4R&l=english&_cdn=fastly:14:545956)\n    at MessagePort.P (https://store.fastly.steamstatic.com/public/javascript/applications/store/libraries~b28b7af69.js?v=vNpZeOuePA4R&l=english&_cdn=fastly:14:546488)":true,"Error: FPDCallerTracker\n    at Performance.replacementF (chrome-extension://bbogkpojpmdnlonjjogfkaclifmgnbfe/67a49e6c-bebd-4f19-8656-6fb751a22561:3989:11)\n    at Performance.replacementF (chrome-extension://bbogkpojpmdnlonjjogfkaclifmgnbfe/67a49e6c-bebd-4f19-8656-6fb751a22561:4009:41)\n    at Object.apply (chrome-extension://bbogkpojpmdnlonjjogfkaclifmgnbfe/67a49e6c-bebd-4f19-8656-6fb751a22561:405:25)\n    at t.unstable_now (https://store.fastly.steamstatic.com/public/javascript/applications/store/libraries~b28b7af69.js?v=vNpZeOuePA4R&l=english&_cdn=fastly:14:545233)\n    at el (https://store.fastly.steamstatic.com/public/javascript/applications/store/libraries~b28b7af69.js?v=vNpZeOuePA4R&l=english&_cdn=fastly:14:492646)\n    at Ys (https://store.fastly.steamstatic.com/public/javascript/applications/store/libraries~b28b7af69.js?v=vNpZeOuePA4R&l=english&_cdn=fastly:14:455869)\n    at https://store.fastly.steamstatic.com/public/javascript/applications/store/main.js?v=BTiGB2kWiK8z&l=english&_cdn=fastly:14:910301\n    at t.startTransition (https://store.fastly.steamstatic.com/public/javascript/applications/store/libraries~b28b7af69.js?v=vNpZeOuePA4R&l=english&_cdn=fastly:14:543486)\n    at https://store.fastly.steamstatic.com/public/javascript/applications/store/main.js?v=BTiGB2kWiK8z&l=english&_cdn=fastly:14:910279\n    at nu (https://store.fastly.steamstatic.com/public/javascript/applications/store/libraries~b28b7af69.js?v=vNpZeOuePA4R&l=english&_cdn=fastly:14:483439)":true,"Error: FPDCallerTracker\n    at Performance.replacementF (chrome-extension://bbogkpojpmdnlonjjogfkaclifmgnbfe/67a49e6c-bebd-4f19-8656-6fb751a22561:3989:11)\n    at Performance.replacementF (chrome-extension://bbogkpojpmdnlonjjogfkaclifmgnbfe/67a49e6c-bebd-4f19-8656-6fb751a22561:4009:41)\n    at Object.apply (chrome-extension://bbogkpojpmdnlonjjogfkaclifmgnbfe/67a49e6c-bebd-4f19-8656-6fb751a22561:405:25)\n    at t.unstable_now (https://store.fastly.steamstatic.com/public/javascript/applications/store/libraries~b28b7af69.js?v=vNpZeOuePA4R&l=english&_cdn=fastly:14:545233)\n    at t.unstable_scheduleCallback (https://store.fastly.steamstatic.com/public/javascript/applications/store/libraries~b28b7af69.js?v=vNpZeOuePA4R&l=english&_cdn=fastly:14:547826)\n    at Cl (https://store.fastly.steamstatic.com/public/javascript/applications/store/libraries~b28b7af69.js?v=vNpZeOuePA4R&l=english&_cdn=fastly:14:504912)\n    at nl (https://store.fastly.steamstatic.com/public/javascript/applications/store/libraries~b28b7af69.js?v=vNpZeOuePA4R&l=english&_cdn=fastly:14:493652)\n    at rl (https://store.fastly.steamstatic.com/public/javascript/applications/store/libraries~b28b7af69.js?v=vNpZeOuePA4R&l=english&_cdn=fastly:14:492971)\n    at Ys (https://store.fastly.steamstatic.com/public/javascript/applications/store/libraries~b28b7af69.js?v=vNpZeOuePA4R&l=english&_cdn=fastly:14:455858)\n    at https://store.fastly.steamstatic.com/public/javascript/applications/store/main.js?v=BTiGB2kWiK8z&l=english&_cdn=fastly:14:910301":true,"Error: FPDCallerTracker\n    at Performance.replacementF (chrome-extension://bbogkpojpmdnlonjjogfkaclifmgnbfe/67a49e6c-bebd-4f19-8656-6fb751a22561:3989:11)\n    at Performance.replacementF (chrome-extension://bbogkpojpmdnlonjjogfkaclifmgnbfe/67a49e6c-bebd-4f19-8656-6fb751a22561:4009:41)\n    at Object.apply (chrome-extension://bbogkpojpmdnlonjjogfkaclifmgnbfe/67a49e6c-bebd-4f19-8656-6fb751a22561:405:25)\n    at t.unstable_now (https://store.fastly.steamstatic.com/public/javascript/applications/store/libraries~b28b7af69.js?v=vNpZeOuePA4R&l=english&_cdn=fastly:14:545233)\n    at t.unstable_scheduleCallback (https://store.fastly.steamstatic.com/public/javascript/applications/store/libraries~b28b7af69.js?v=vNpZeOuePA4R&l=english&_cdn=fastly:14:547826)\n    at Cl (https://store.fastly.steamstatic.com/public/javascript/applications/store/libraries~b28b7af69.js?v=vNpZeOuePA4R&l=english&_cdn=fastly:14:504912)\n    at https://store.fastly.steamstatic.com/public/javascript/applications/store/libraries~b28b7af69.js?v=vNpZeOuePA4R&l=english&_cdn=fastly:14:500148\n    at Sl (https://store.fastly.steamstatic.com/public/javascript/applications/store/libraries~b28b7af69.js?v=vNpZeOuePA4R&l=english&_cdn=fastly:14:502376)\n    at ul (https://store.fastly.steamstatic.com/public/javascript/applications/store/libraries~b28b7af69.js?v=vNpZeOuePA4R&l=english&_cdn=fastly:14:496132)\n    at Vo (https://store.fastly.steamstatic.com/public/javascript/applications/store/libraries~b28b7af69.js?v=vNpZeOuePA4R&l=english&_cdn=fastly:14:436884)":true,"Error: FPDCallerTracker\n    at Performance.replacementF (chrome-extension://bbogkpojpmdnlonjjogfkaclifmgnbfe/67a49e6c-bebd-4f19-8656-6fb751a22561:3989:11)\n    at Performance.replacementF (chrome-extension://bbogkpojpmdnlonjjogfkaclifmgnbfe/67a49e6c-bebd-4f19-8656-6fb751a22561:4009:41)\n    at Object.apply (chrome-extension://bbogkpojpmdnlonjjogfkaclifmgnbfe/67a49e6c-bebd-4f19-8656-6fb751a22561:405:25)\n    at t.unstable_now (https://store.fastly.steamstatic.com/public/javascript/applications/store/libraries~b28b7af69.js?v=vNpZeOuePA4R&l=english&_cdn=fastly:14:545233)\n    at https://store.fastly.steamstatic.com/public/javascript/applications/store/libraries~b28b7af69.js?v=vNpZeOuePA4R&l=english&_cdn=fastly:14:502136\n    at Sl (https://store.fastly.steamstatic.com/public/javascript/applications/store/libraries~b28b7af69.js?v=vNpZeOuePA4R&l=english&_cdn=fastly:14:502376)\n    at ul (https://store.fastly.steamstatic.com/public/javascript/applications/store/libraries~b28b7af69.js?v=vNpZeOuePA4R&l=english&_cdn=fastly:14:496132)\n    at Vo (https://store.fastly.steamstatic.com/public/javascript/applications/store/libraries~b28b7af69.js?v=vNpZeOuePA4R&l=english&_cdn=fastly:14:436884)\n    at https://store.fastly.steamstatic.com/public/javascript/applications/store/libraries~b28b7af69.js?v=vNpZeOuePA4R&l=english&_cdn=fastly:14:493533":true,"Error: FPDCallerTracker\n    at Performance.replacementF (chrome-extension://bbogkpojpmdnlonjjogfkaclifmgnbfe/67a49e6c-bebd-4f19-8656-6fb751a22561:3989:11)\n    at Performance.replacementF (chrome-extension://bbogkpojpmdnlonjjogfkaclifmgnbfe/67a49e6c-bebd-4f19-8656-6fb751a22561:4009:41)\n    at Object.apply (chrome-extension://bbogkpojpmdnlonjjogfkaclifmgnbfe/67a49e6c-bebd-4f19-8656-6fb751a22561:405:25)\n    at t.unstable_now (https://store.fastly.steamstatic.com/public/javascript/applications/store/libraries~b28b7af69.js?v=vNpZeOuePA4R&l=english&_cdn=fastly:14:545233)\n    at ul (https://store.fastly.steamstatic.com/public/javascript/applications/store/libraries~b28b7af69.js?v=vNpZeOuePA4R&l=english&_cdn=fastly:14:496149)\n    at Vo (https://store.fastly.steamstatic.com/public/javascript/applications/store/libraries~b28b7af69.js?v=vNpZeOuePA4R&l=english&_cdn=fastly:14:436884)\n    at https://store.fastly.steamstatic.com/public/javascript/applications/store/libraries~b28b7af69.js?v=vNpZeOuePA4R&l=english&_cdn=fastly:14:493533":true,"Error: FPDCallerTracker\n    at Performance.replacementF (chrome-extension://bbogkpojpmdnlonjjogfkaclifmgnbfe/67a49e6c-bebd-4f19-8656-6fb751a22561:3989:11)\n    at Performance.replacementF (chrome-extension://bbogkpojpmdnlonjjogfkaclifmgnbfe/67a49e6c-bebd-4f19-8656-6fb751a22561:4009:41)\n    at Object.apply (chrome-extension://bbogkpojpmdnlonjjogfkaclifmgnbfe/67a49e6c-bebd-4f19-8656-6fb751a22561:405:25)\n    at t.unstable_now (https://store.fastly.steamstatic.com/public/javascript/applications/store/libraries~b28b7af69.js?v=vNpZeOuePA4R&l=english&_cdn=fastly:14:545233)\n    at ll (https://store.fastly.steamstatic.com/public/javascript/applications/store/libraries~b28b7af69.js?v=vNpZeOuePA4R&l=english&_cdn=fastly:14:496232)\n    at Ne (https://store.fastly.steamstatic.com/public/javascript/applications/store/libraries~b28b7af69.js?v=vNpZeOuePA4R&l=english&_cdn=fastly:14:406035)\n    at zn (https://store.fastly.steamstatic.com/public/javascript/applications/store/libraries~b28b7af69.js?v=vNpZeOuePA4R&l=english&_cdn=fastly:14:428738)\n    at Kt (https://store.fastly.steamstatic.com/public/javascript/applications/store/libraries~b28b7af69.js?v=vNpZeOuePA4R&l=english&_cdn=fastly:14:413149)":true,"Error: FPDCallerTracker\n    at Performance.replacementF (chrome-extension://bbogkpojpmdnlonjjogfkaclifmgnbfe/67a49e6c-bebd-4f19-8656-6fb751a22561:3989:11)\n    at Performance.replacementF (chrome-extension://bbogkpojpmdnlonjjogfkaclifmgnbfe/67a49e6c-bebd-4f19-8656-6fb751a22561:4009:41)\n    at Object.apply (chrome-extension://bbogkpojpmdnlonjjogfkaclifmgnbfe/67a49e6c-bebd-4f19-8656-6fb751a22561:405:25)\n    at t.unstable_now (https://store.fastly.steamstatic.com/public/javascript/applications/store/libraries~b28b7af69.js?v=vNpZeOuePA4R&l=english&_cdn=fastly:14:545233)\n    at ll (https://store.fastly.steamstatic.com/public/javascript/applications/store/libraries~b28b7af69.js?v=vNpZeOuePA4R&l=english&_cdn=fastly:14:496232)\n    at Ne (https://store.fastly.steamstatic.com/public/javascript/applications/store/libraries~b28b7af69.js?v=vNpZeOuePA4R&l=english&_cdn=fastly:14:406035)\n    at zn (https://store.fastly.steamstatic.com/public/javascript/applications/store/libraries~b28b7af69.js?v=vNpZeOuePA4R&l=english&_cdn=fastly:14:428738)\n    at Kt (https://store.fastly.steamstatic.com/public/javascript/applications/store/libraries~b28b7af69.js?v=vNpZeOuePA4R&l=english&_cdn=fastly:14:413149)\n    at Gt (https://store.fastly.steamstatic.com/public/javascript/applications/store/libraries~b28b7af69.js?v=vNpZeOuePA4R&l=english&_cdn=fastly:14:412933)":true}}},"Date.now":{"call":{"args":{"":6},"total":6,"callers":{"Error: FPDCallerTracker\n    at Date.replacementF (chrome-extension://bbogkpojpmdnlonjjogfkaclifmgnbfe/67a49e6c-bebd-4f19-8656-6fb751a22561:4039:11)\n    at Date.replacementF (chrome-extension://bbogkpojpmdnlonjjogfkaclifmgnbfe/67a49e6c-bebd-4f19-8656-6fb751a22561:4059:41)\n    at Object.apply (chrome-extension://bbogkpojpmdnlonjjogfkaclifmgnbfe/67a49e6c-bebd-4f19-8656-6fb751a22561:405:25)\n    at new l (https://store.fastly.steamstatic.com/public/javascript/applications/store/libraries~b28b7af69.js?v=vNpZeOuePA4R&l=english&_cdn=fastly:14:562863)\n    at new y (https://store.fastly.steamstatic.com/public/javascript/applications/store/libraries~b28b7af69.js?v=vNpZeOuePA4R&l=english&_cdn=fastly:14:565475)\n    at 72963 (https://store.fastly.steamstatic.com/public/javascript/applications/store/main.js?v=BTiGB2kWiK8z&l=english&_cdn=fastly:14:1145515)\n    at f (https://store.fastly.steamstatic.com/public/javascript/applications/store/manifest.js?v=oHimOO1GNKx-&l=english&_cdn=fastly:14:173)\n    at 99229 (https://store.fastly.steamstatic.com/public/javascript/applications/store/main.js?v=BTiGB2kWiK8z&l=english&_cdn=fastly:14:1173252)\n    at f (https://store.fastly.steamstatic.com/public/javascript/applications/store/manifest.js?v=oHimOO1GNKx-&l=english&_cdn=fastly:14:173)\n    at https://store.fastly.steamstatic.com/public/javascript/applications/store/main.js?v=BTiGB2kWiK8z&l=english&_cdn=fastly:14:1199759":true,"Error: FPDCallerTracker\n    at Date.replacementF (chrome-extension://bbogkpojpmdnlonjjogfkaclifmgnbfe/67a49e6c-bebd-4f19-8656-6fb751a22561:4039:11)\n    at Date.replacementF (chrome-extension://bbogkpojpmdnlonjjogfkaclifmgnbfe/67a49e6c-bebd-4f19-8656-6fb751a22561:4059:41)\n    at Object.apply (chrome-extension://bbogkpojpmdnlonjjogfkaclifmgnbfe/67a49e6c-bebd-4f19-8656-6fb751a22561:405:25)\n    at https://store.fastly.steamstatic.com/public/javascript/applications/store/libraries~b28b7af69.js?v=vNpZeOuePA4R&l=english&_cdn=fastly:14:560807\n    at #s (https://store.fastly.steamstatic.com/public/javascript/applications/store/libraries~b28b7af69.js?v=vNpZeOuePA4R&l=english&_cdn=fastly:14:561297)\n    at a.setData (https://store.fastly.steamstatic.com/public/javascript/applications/store/libraries~b28b7af69.js?v=vNpZeOuePA4R&l=english&_cdn=fastly:14:557110)\n    at Object.onSuccess (https://store.fastly.steamstatic.com/public/javascript/applications/store/libraries~b28b7af69.js?v=vNpZeOuePA4R&l=english&_cdn=fastly:14:559927)\n    at h (https://store.fastly.steamstatic.com/public/javascript/applications/store/libraries~b28b7af69.js?v=vNpZeOuePA4R&l=english&_cdn=fastly:14:577635)":true,"Error: FPDCallerTracker\n    at Date.replacementF (chrome-extension://bbogkpojpmdnlonjjogfkaclifmgnbfe/67a49e6c-bebd-4f19-8656-6fb751a22561:4039:11)\n    at Date.replacementF (chrome-extension://bbogkpojpmdnlonjjogfkaclifmgnbfe/67a49e6c-bebd-4f19-8656-6fb751a22561:4059:41)\n    at Object.apply (chrome-extension://bbogkpojpmdnlonjjogfkaclifmgnbfe/67a49e6c-bebd-4f19-8656-6fb751a22561:405:25)\n    at a (https://store.fastly.steamstatic.com/public/javascript/applications/store/libraries~b28b7af69.js?v=vNpZeOuePA4R&l=english&_cdn=fastly:14:579489)\n    at a.isStaleByTime (https://store.fastly.steamstatic.com/public/javascript/applications/store/libraries~b28b7af69.js?v=vNpZeOuePA4R&l=english&_cdn=fastly:14:557926)\n    at f (https://store.fastly.steamstatic.com/public/javascript/applications/store/libraries~b28b7af69.js?v=vNpZeOuePA4R&l=english&_cdn=fastly:14:576671)\n    at l.createResult (https://store.fastly.steamstatic.com/public/javascript/applications/store/libraries~b28b7af69.js?v=vNpZeOuePA4R&l=english&_cdn=fastly:14:574767)\n    at l.updateResult (https://store.fastly.steamstatic.com/public/javascript/applications/store/libraries~b28b7af69.js?v=vNpZeOuePA4R&l=english&_cdn=fastly:14:575244)\n    at l.onQueryUpdate (https://store.fastly.steamstatic.com/public/javascript/applications/store/libraries~b28b7af69.js?v=vNpZeOuePA4R&l=english&_cdn=fastly:14:575976)\n    at https://store.fastly.steamstatic.com/public/javascript/applications/store/libraries~b28b7af69.js?v=vNpZeOuePA4R&l=english&_cdn=fastly:14:561356":true,"Error: FPDCallerTracker\n    at Date.replacementF (chrome-extension://bbogkpojpmdnlonjjogfkaclifmgnbfe/67a49e6c-bebd-4f19-8656-6fb751a22561:4039:11)\n    at Date.replacementF (chrome-extension://bbogkpojpmdnlonjjogfkaclifmgnbfe/67a49e6c-bebd-4f19-8656-6fb751a22561:4059:41)\n    at Object.apply (chrome-extension://bbogkpojpmdnlonjjogfkaclifmgnbfe/67a49e6c-bebd-4f19-8656-6fb751a22561:405:25)\n    at a (https://store.fastly.steamstatic.com/public/javascript/applications/store/libraries~b28b7af69.js?v=vNpZeOuePA4R&l=english&_cdn=fastly:14:579489)\n    at #H (https://store.fastly.steamstatic.com/public/javascript/applications/store/libraries~b28b7af69.js?v=vNpZeOuePA4R&l=english&_cdn=fastly:14:572528)\n    at #B (https://store.fastly.steamstatic.com/public/javascript/applications/store/libraries~b28b7af69.js?v=vNpZeOuePA4R&l=english&_cdn=fastly:14:572987)\n    at l.onQueryUpdate (https://store.fastly.steamstatic.com/public/javascript/applications/store/libraries~b28b7af69.js?v=vNpZeOuePA4R&l=english&_cdn=fastly:14:576019)\n    at https://store.fastly.steamstatic.com/public/javascript/applications/store/libraries~b28b7af69.js?v=vNpZeOuePA4R&l=english&_cdn=fastly:14:561356\n    at Array.forEach (<anonymous>)\n    at https://store.fastly.steamstatic.com/public/javascript/applications/store/libraries~b28b7af69.js?v=vNpZeOuePA4R&l=english&_cdn=fastly:14:561341":true,"Error: FPDCallerTracker\n    at Date.replacementF (chrome-extension://bbogkpojpmdnlonjjogfkaclifmgnbfe/67a49e6c-bebd-4f19-8656-6fb751a22561:4039:11)\n    at Date.replacementF (chrome-extension://bbogkpojpmdnlonjjogfkaclifmgnbfe/67a49e6c-bebd-4f19-8656-6fb751a22561:4059:41)\n    at Object.apply (chrome-extension://bbogkpojpmdnlonjjogfkaclifmgnbfe/67a49e6c-bebd-4f19-8656-6fb751a22561:405:25)\n    at a (https://store.fastly.steamstatic.com/public/javascript/applications/store/libraries~b28b7af69.js?v=vNpZeOuePA4R&l=english&_cdn=fastly:14:579489)\n    at a.isStaleByTime (https://store.fastly.steamstatic.com/public/javascript/applications/store/libraries~b28b7af69.js?v=vNpZeOuePA4R&l=english&_cdn=fastly:14:557926)\n    at f (https://store.fastly.steamstatic.com/public/javascript/applications/store/libraries~b28b7af69.js?v=vNpZeOuePA4R&l=english&_cdn=fastly:14:576671)\n    at l.createResult (https://store.fastly.steamstatic.com/public/javascript/applications/store/libraries~b28b7af69.js?v=vNpZeOuePA4R&l=english&_cdn=fastly:14:574767)\n    at l.getOptimisticResult (https://store.fastly.steamstatic.com/public/javascript/applications/store/libraries~b28b7af69.js?v=vNpZeOuePA4R&l=english&_cdn=fastly:14:571577)\n    at https://store.fastly.steamstatic.com/public/javascript/applications/store/libraries~b28b7af69.js?v=vNpZeOuePA4R&l=english&_cdn=fastly:14:585827\n    at f (https://store.fastly.steamstatic.com/public/javascript/applications/store/libraries~b28b7af69.js?v=vNpZeOuePA4R&l=english&_cdn=fastly:14:586538)":true,"Error: FPDCallerTracker\n    at Date.replacementF (chrome-extension://bbogkpojpmdnlonjjogfkaclifmgnbfe/67a49e6c-bebd-4f19-8656-6fb751a22561:4039:11)\n    at Date.replacementF (chrome-extension://bbogkpojpmdnlonjjogfkaclifmgnbfe/67a49e6c-bebd-4f19-8656-6fb751a22561:4059:41)\n    at Object.apply (chrome-extension://bbogkpojpmdnlonjjogfkaclifmgnbfe/67a49e6c-bebd-4f19-8656-6fb751a22561:405:25)\n    at a (https://store.fastly.steamstatic.com/public/javascript/applications/store/libraries~b28b7af69.js?v=vNpZeOuePA4R&l=english&_cdn=fastly:14:579489)\n    at a.isStaleByTime (https://store.fastly.steamstatic.com/public/javascript/applications/store/libraries~b28b7af69.js?v=vNpZeOuePA4R&l=english&_cdn=fastly:14:557926)\n    at f (https://store.fastly.steamstatic.com/public/javascript/applications/store/libraries~b28b7af69.js?v=vNpZeOuePA4R&l=english&_cdn=fastly:14:576671)\n    at l.createResult (https://store.fastly.steamstatic.com/public/javascript/applications/store/libraries~b28b7af69.js?v=vNpZeOuePA4R&l=english&_cdn=fastly:14:574767)\n    at l.updateResult (https://store.fastly.steamstatic.com/public/javascript/applications/store/libraries~b28b7af69.js?v=vNpZeOuePA4R&l=english&_cdn=fastly:14:575244)\n    at l.setOptions (https://store.fastly.steamstatic.com/public/javascript/applications/store/libraries~b28b7af69.js?v=vNpZeOuePA4R&l=english&_cdn=fastly:14:571182)\n    at https://store.fastly.steamstatic.com/public/javascript/applications/store/libraries~b28b7af69.js?v=vNpZeOuePA4R&l=english&_cdn=fastly:14:586050":true}}},"window.innerWidth":{"get":{"args":{"":244},"total":244,"callers":{"Error: FPDCallerTracker\n    at replacementPD (chrome-extension://bbogkpojpmdnlonjjogfkaclifmgnbfe/67a49e6c-bebd-4f19-8656-6fb751a22561:2694:11)\n    at Object.apply (chrome-extension://bbogkpojpmdnlonjjogfkaclifmgnbfe/67a49e6c-bebd-4f19-8656-6fb751a22561:405:25)\n    at ResizeObserver.PlayTakeoverVideo (https://store.fastly.steamstatic.com/public/javascript/home.js?v=SQ4fPSDutni2&l=english&_cdn=fastly:3424:14)":true,"Error: FPDCallerTracker\n    at replacementPD (chrome-extension://bbogkpojpmdnlonjjogfkaclifmgnbfe/67a49e6c-bebd-4f19-8656-6fb751a22561:2694:11)\n    at Object.apply (chrome-extension://bbogkpojpmdnlonjjogfkaclifmgnbfe/67a49e6c-bebd-4f19-8656-6fb751a22561:405:25)\n    at PlayTakeoverVideo (https://store.fastly.steamstatic.com/public/javascript/home.js?v=SQ4fPSDutni2&l=english&_cdn=fastly:3424:14)\n    at HTMLDocument.<anonymous> (https://store.steampowered.com/:324:3)\n    at l (https://store.fastly.steamstatic.com/public/shared/javascript/jquery-1.8.3.min.js?v=NXam5zydzNu8&l=english&_cdn=fastly:2:16996)\n    at Object.fireWith [as resolveWith] (https://store.fastly.steamstatic.com/public/shared/javascript/jquery-1.8.3.min.js?v=NXam5zydzNu8&l=english&_cdn=fastly:2:17783)\n    at v.ready (https://store.fastly.steamstatic.com/public/shared/javascript/jquery-1.8.3.min.js?v=NXam5zydzNu8&l=english&_cdn=fastly:2:12504)\n    at HTMLDocument.A (https://store.fastly.steamstatic.com/public/shared/javascript/jquery-1.8.3.min.js?v=NXam5zydzNu8&l=english&_cdn=fastly:2:9909)":true,"Error: FPDCallerTracker\n    at replacementPD (chrome-extension://bbogkpojpmdnlonjjogfkaclifmgnbfe/67a49e6c-bebd-4f19-8656-6fb751a22561:2694:11)\n    at Object.apply (chrome-extension://bbogkpojpmdnlonjjogfkaclifmgnbfe/67a49e6c-bebd-4f19-8656-6fb751a22561:405:25)\n    at CUsabilityTracker.ResetStats (https://store.fastly.steamstatic.com/public/javascript/main.js?v=wiAgKBaqWusf&l=english&_cdn=fastly:2825:36)\n    at CUsabilityTracker.Init (https://store.fastly.steamstatic.com/public/javascript/main.js?v=wiAgKBaqWusf&l=english&_cdn=fastly:2803:7)\n    at InitUsabilityTracker (https://store.fastly.steamstatic.com/public/javascript/main.js?v=wiAgKBaqWusf&l=english&_cdn=fastly:2996:22)\n    at Object.InitLayout (https://store.fastly.steamstatic.com/public/javascript/home.js?v=SQ4fPSDutni2&l=english&_cdn=fastly:117:18)\n    at HTMLDocument.<anonymous> (https://store.steampowered.com/:3631:14)\n    at l (https://store.fastly.steamstatic.com/public/shared/javascript/jquery-1.8.3.min.js?v=NXam5zydzNu8&l=english&_cdn=fastly:2:16996)\n    at Object.fireWith [as resolveWith] (https://store.fastly.steamstatic.com/public/shared/javascript/jquery-1.8.3.min.js?v=NXam5zydzNu8&l=english&_cdn=fastly:2:17783)\n    at v.ready (https://store.fastly.steamstatic.com/public/shared/javascript/jquery-1.8.3.min.js?v=NXam5zydzNu8&l=english&_cdn=fastly:2:12504)":true,"Error: FPDCallerTracker\n    at replacementPD (chrome-extension://bbogkpojpmdnlonjjogfkaclifmgnbfe/67a49e6c-bebd-4f19-8656-6fb751a22561:2694:11)\n    at Object.apply (chrome-extension://bbogkpojpmdnlonjjogfkaclifmgnbfe/67a49e6c-bebd-4f19-8656-6fb751a22561:405:25)\n    at CAppearMonitor.bIsElementVisible (https://store.fastly.steamstatic.com/public/shared/javascript/shared_global.js?v=PCCoCNLxwF4M&l=english&_cdn=fastly:5097:80)\n    at https://store.fastly.steamstatic.com/public/shared/javascript/shared_global.js?v=PCCoCNLxwF4M&l=english&_cdn=fastly:5130:14":true,"Error: FPDCallerTracker\n    at replacementPD (chrome-extension://bbogkpojpmdnlonjjogfkaclifmgnbfe/67a49e6c-bebd-4f19-8656-6fb751a22561:2694:11)\n    at Object.apply (chrome-extension://bbogkpojpmdnlonjjogfkaclifmgnbfe/67a49e6c-bebd-4f19-8656-6fb751a22561:405:25)\n    at CAppearMonitor.bIsElementVisible (https://store.fastly.steamstatic.com/public/shared/javascript/shared_global.js?v=PCCoCNLxwF4M&l=english&_cdn=fastly:5097:80)\n    at CAppearMonitor.CheckVisibilityInternal (https://store.fastly.steamstatic.com/public/shared/javascript/shared_global.js?v=PCCoCNLxwF4M&l=english&_cdn=fastly:5064:12)":true}}},"HTMLElement.prototype.offsetHeight":{"get":{"args":{"":402},"total":402,"callers":{"Error: FPDCallerTracker\n    at HTMLTableCellElement.replacementPD (chrome-extension://bbogkpojpmdnlonjjogfkaclifmgnbfe/67a49e6c-bebd-4f19-8656-6fb751a22561:4338:11)\n    at Object.apply (chrome-extension://bbogkpojpmdnlonjjogfkaclifmgnbfe/67a49e6c-bebd-4f19-8656-6fb751a22561:405:25)\n    at HTMLDocument.<anonymous> (https://store.fastly.steamstatic.com/public/shared/javascript/jquery-1.8.3.min.js?v=NXam5zydzNu8&l=english&_cdn=fastly:2:21732)\n    at l (https://store.fastly.steamstatic.com/public/shared/javascript/jquery-1.8.3.min.js?v=NXam5zydzNu8&l=english&_cdn=fastly:2:16996)\n    at Object.fireWith [as resolveWith] (https://store.fastly.steamstatic.com/public/shared/javascript/jquery-1.8.3.min.js?v=NXam5zydzNu8&l=english&_cdn=fastly:2:17783)\n    at v.ready (https://store.fastly.steamstatic.com/public/shared/javascript/jquery-1.8.3.min.js?v=NXam5zydzNu8&l=english&_cdn=fastly:2:12504)\n    at HTMLDocument.A (https://store.fastly.steamstatic.com/public/shared/javascript/jquery-1.8.3.min.js?v=NXam5zydzNu8&l=english&_cdn=fastly:2:9909)":true,"Error: FPDCallerTracker\n    at HTMLTableCellElement.replacementPD (chrome-extension://bbogkpojpmdnlonjjogfkaclifmgnbfe/67a49e6c-bebd-4f19-8656-6fb751a22561:4338:11)\n    at Object.apply (chrome-extension://bbogkpojpmdnlonjjogfkaclifmgnbfe/67a49e6c-bebd-4f19-8656-6fb751a22561:405:25)\n    at HTMLDocument.<anonymous> (https://store.fastly.steamstatic.com/public/shared/javascript/jquery-1.8.3.min.js?v=NXam5zydzNu8&l=english&_cdn=fastly:2:21829)\n    at l (https://store.fastly.steamstatic.com/public/shared/javascript/jquery-1.8.3.min.js?v=NXam5zydzNu8&l=english&_cdn=fastly:2:16996)\n    at Object.fireWith [as resolveWith] (https://store.fastly.steamstatic.com/public/shared/javascript/jquery-1.8.3.min.js?v=NXam5zydzNu8&l=english&_cdn=fastly:2:17783)\n    at v.ready (https://store.fastly.steamstatic.com/public/shared/javascript/jquery-1.8.3.min.js?v=NXam5zydzNu8&l=english&_cdn=fastly:2:12504)\n    at HTMLDocument.A (https://store.fastly.steamstatic.com/public/shared/javascript/jquery-1.8.3.min.js?v=NXam5zydzNu8&l=english&_cdn=fastly:2:9909)":true,"Error: FPDCallerTracker\n    at HTMLDivElement.replacementPD (chrome-extension://bbogkpojpmdnlonjjogfkaclifmgnbfe/67a49e6c-bebd-4f19-8656-6fb751a22561:4338:11)\n    at Object.apply (chrome-extension://bbogkpojpmdnlonjjogfkaclifmgnbfe/67a49e6c-bebd-4f19-8656-6fb751a22561:405:25)\n    at tn (https://store.fastly.steamstatic.com/public/shared/javascript/jquery-1.8.3.min.js?v=NXam5zydzNu8&l=english&_cdn=fastly:2:3478)\n    at Object.get (https://store.fastly.steamstatic.com/public/shared/javascript/jquery-1.8.3.min.js?v=NXam5zydzNu8&l=english&_cdn=fastly:2:76134)\n    at v.css (https://store.fastly.steamstatic.com/public/shared/javascript/jquery-1.8.3.min.js?v=NXam5zydzNu8&l=english&_cdn=fastly:2:75024)\n    at https://store.fastly.steamstatic.com/public/shared/javascript/jquery-1.8.3.min.js?v=NXam5zydzNu8&l=english&_cdn=fastly:2:93408\n    at v.access (https://store.fastly.steamstatic.com/public/shared/javascript/jquery-1.8.3.min.js?v=NXam5zydzNu8&l=english&_cdn=fastly:2:16119)\n    at v.fn.<computed> [as outerHeight] (https://store.fastly.steamstatic.com/public/shared/javascript/jquery-1.8.3.min.js?v=NXam5zydzNu8&l=english&_cdn=fastly:2:93179)\n    at HTMLDivElement.<anonymous> (https://store.fastly.steamstatic.com/public/javascript/main.js?v=wiAgKBaqWusf&l=english&_cdn=fastly:2253:56)\n    at v.each (https://store.fastly.steamstatic.com/public/shared/javascript/jquery-1.8.3.min.js?v=NXam5zydzNu8&l=english&_cdn=fastly:2:14543)":true,"Error: FPDCallerTracker\n    at HTMLAnchorElement.replacementPD (chrome-extension://bbogkpojpmdnlonjjogfkaclifmgnbfe/67a49e6c-bebd-4f19-8656-6fb751a22561:4338:11)\n    at Object.apply (chrome-extension://bbogkpojpmdnlonjjogfkaclifmgnbfe/67a49e6c-bebd-4f19-8656-6fb751a22561:405:25)\n    at v.expr.v.expr.filters.v.expr.filters.hidden (https://store.fastly.steamstatic.com/public/shared/javascript/jquery-1.8.3.min.js?v=NXam5zydzNu8&l=english&_cdn=fastly:2:77163)\n    at v.expr.v.expr.filters.v.expr.filters.visible (https://store.fastly.steamstatic.com/public/shared/javascript/jquery-1.8.3.min.js?v=NXam5zydzNu8&l=english&_cdn=fastly:2:77326)\n    at https://store.fastly.steamstatic.com/public/shared/javascript/jquery-1.8.3.min.js?v=NXam5zydzNu8&l=english&_cdn=fastly:2:47324\n    at o (https://store.fastly.steamstatic.com/public/shared/javascript/jquery-1.8.3.min.js?v=NXam5zydzNu8&l=english&_cdn=fastly:2:48860)\n    at vt (https://store.fastly.steamstatic.com/public/shared/javascript/jquery-1.8.3.min.js?v=NXam5zydzNu8&l=english&_cdn=fastly:2:49762)\n    at vt (https://store.fastly.steamstatic.com/public/shared/javascript/jquery-1.8.3.min.js?v=NXam5zydzNu8&l=english&_cdn=fastly:2:60718)\n    at nt (https://store.fastly.steamstatic.com/public/shared/javascript/jquery-1.8.3.min.js?v=NXam5zydzNu8&l=english&_cdn=fastly:2:45851)\n    at nt.matches (https://store.fastly.steamstatic.com/public/shared/javascript/jquery-1.8.3.min.js?v=NXam5zydzNu8&l=english&_cdn=fastly:2:52446)":true,"Error: FPDCallerTracker\n    at HTMLAnchorElement.replacementPD (chrome-extension://bbogkpojpmdnlonjjogfkaclifmgnbfe/67a49e6c-bebd-4f19-8656-6fb751a22561:4338:11)\n    at Object.apply (chrome-extension://bbogkpojpmdnlonjjogfkaclifmgnbfe/67a49e6c-bebd-4f19-8656-6fb751a22561:405:25)\n    at v.expr.v.expr.filters.v.expr.filters.hidden (https://store.fastly.steamstatic.com/public/shared/javascript/jquery-1.8.3.min.js?v=NXam5zydzNu8&l=english&_cdn=fastly:2:77163)\n    at v.expr.v.expr.filters.v.expr.filters.visible (https://store.fastly.steamstatic.com/public/shared/javascript/jquery-1.8.3.min.js?v=NXam5zydzNu8&l=english&_cdn=fastly:2:77326)\n    at https://store.fastly.steamstatic.com/public/shared/javascript/jquery-1.8.3.min.js?v=NXam5zydzNu8&l=english&_cdn=fastly:2:47324\n    at o (https://store.fastly.steamstatic.com/public/shared/javascript/jquery-1.8.3.min.js?v=NXam5zydzNu8&l=english&_cdn=fastly:2:48860)\n    at vt (https://store.fastly.steamstatic.com/public/shared/javascript/jquery-1.8.3.min.js?v=NXam5zydzNu8&l=english&_cdn=fastly:2:49762)\n    at vt (https://store.fastly.steamstatic.com/public/shared/javascript/jquery-1.8.3.min.js?v=NXam5zydzNu8&l=english&_cdn=fastly:2:60718)\n    at v.nt [as find] (https://store.fastly.steamstatic.com/public/shared/javascript/jquery-1.8.3.min.js?v=NXam5zydzNu8&l=english&_cdn=fastly:2:45851)\n    at init.find (https://store.fastly.steamstatic.com/public/shared/javascript/jquery-1.8.3.min.js?v=NXam5zydzNu8&l=english&_cdn=fastly:2:61702)":true,"Error: FPDCallerTracker\n    at HTMLAnchorElement.replacementPD (chrome-extension://bbogkpojpmdnlonjjogfkaclifmgnbfe/67a49e6c-bebd-4f19-8656-6fb751a22561:4338:11)\n    at Object.apply (chrome-extension://bbogkpojpmdnlonjjogfkaclifmgnbfe/67a49e6c-bebd-4f19-8656-6fb751a22561:405:25)\n    at v.expr.v.expr.filters.v.expr.filters.hidden (https://store.fastly.steamstatic.com/public/shared/javascript/jquery-1.8.3.min.js?v=NXam5zydzNu8&l=english&_cdn=fastly:2:77163)\n    at v.expr.v.expr.filters.v.expr.filters.visible (https://store.fastly.steamstatic.com/public/shared/javascript/jquery-1.8.3.min.js?v=NXam5zydzNu8&l=english&_cdn=fastly:2:77326)\n    at https://store.fastly.steamstatic.com/public/shared/javascript/jquery-1.8.3.min.js?v=NXam5zydzNu8&l=english&_cdn=fastly:2:47324\n    at o (https://store.fastly.steamstatic.com/public/shared/javascript/jquery-1.8.3.min.js?v=NXam5zydzNu8&l=english&_cdn=fastly:2:48860)\n    at vt (https://store.fastly.steamstatic.com/public/shared/javascript/jquery-1.8.3.min.js?v=NXam5zydzNu8&l=english&_cdn=fastly:2:49762)\n    at vt (https://store.fastly.steamstatic.com/public/shared/javascript/jquery-1.8.3.min.js?v=NXam5zydzNu8&l=english&_cdn=fastly:2:60718)\n    at nt (https://store.fastly.steamstatic.com/public/shared/javascript/jquery-1.8.3.min.js?v=NXam5zydzNu8&l=english&_cdn=fastly:2:45851)\n    at nt.matchesSelector (https://store.fastly.steamstatic.com/public/shared/javascript/jquery-1.8.3.min.js?v=NXam5zydzNu8&l=english&_cdn=fastly:2:61040)":true}}},"CSSStyleDeclaration.prototype.fontFamily":{"set":{"args":{"":864},"total":864,"callers":{}}},"HTMLElement.prototype.offsetWidth":{"get":{"args":{"":462},"total":462,"callers":{"Error: FPDCallerTracker\n    at HTMLDivElement.replacementPD (chrome-extension://bbogkpojpmdnlonjjogfkaclifmgnbfe/67a49e6c-bebd-4f19-8656-6fb751a22561:4264:11)\n    at Object.apply (chrome-extension://bbogkpojpmdnlonjjogfkaclifmgnbfe/67a49e6c-bebd-4f19-8656-6fb751a22561:405:25)\n    at HTMLDocument.<anonymous> (https://store.fastly.steamstatic.com/public/shared/javascript/jquery-1.8.3.min.js?v=NXam5zydzNu8&l=english&_cdn=fastly:2:22059)\n    at l (https://store.fastly.steamstatic.com/public/shared/javascript/jquery-1.8.3.min.js?v=NXam5zydzNu8&l=english&_cdn=fastly:2:16996)\n    at Object.fireWith [as resolveWith] (https://store.fastly.steamstatic.com/public/shared/javascript/jquery-1.8.3.min.js?v=NXam5zydzNu8&l=english&_cdn=fastly:2:17783)\n    at v.ready (https://store.fastly.steamstatic.com/public/shared/javascript/jquery-1.8.3.min.js?v=NXam5zydzNu8&l=english&_cdn=fastly:2:12504)\n    at HTMLDocument.A (https://store.fastly.steamstatic.com/public/shared/javascript/jquery-1.8.3.min.js?v=NXam5zydzNu8&l=english&_cdn=fastly:2:9909)":true,"Error: FPDCallerTracker\n    at HTMLDivElement.replacementPD (chrome-extension://bbogkpojpmdnlonjjogfkaclifmgnbfe/67a49e6c-bebd-4f19-8656-6fb751a22561:4264:11)\n    at Object.apply (chrome-extension://bbogkpojpmdnlonjjogfkaclifmgnbfe/67a49e6c-bebd-4f19-8656-6fb751a22561:405:25)\n    at HTMLDocument.<anonymous> (https://store.fastly.steamstatic.com/public/shared/javascript/jquery-1.8.3.min.js?v=NXam5zydzNu8&l=english&_cdn=fastly:2:22641)\n    at l (https://store.fastly.steamstatic.com/public/shared/javascript/jquery-1.8.3.min.js?v=NXam5zydzNu8&l=english&_cdn=fastly:2:16996)\n    at Object.fireWith [as resolveWith] (https://store.fastly.steamstatic.com/public/shared/javascript/jquery-1.8.3.min.js?v=NXam5zydzNu8&l=english&_cdn=fastly:2:17783)\n    at v.ready (https://store.fastly.steamstatic.com/public/shared/javascript/jquery-1.8.3.min.js?v=NXam5zydzNu8&l=english&_cdn=fastly:2:12504)\n    at HTMLDocument.A (https://store.fastly.steamstatic.com/public/shared/javascript/jquery-1.8.3.min.js?v=NXam5zydzNu8&l=english&_cdn=fastly:2:9909)":true,"Error: FPDCallerTracker\n    at HTMLDivElement.replacementPD (chrome-extension://bbogkpojpmdnlonjjogfkaclifmgnbfe/67a49e6c-bebd-4f19-8656-6fb751a22561:4264:11)\n    at Object.apply (chrome-extension://bbogkpojpmdnlonjjogfkaclifmgnbfe/67a49e6c-bebd-4f19-8656-6fb751a22561:405:25)\n    at HTMLDocument.<anonymous> (https://store.fastly.steamstatic.com/public/shared/javascript/jquery-1.8.3.min.js?v=NXam5zydzNu8&l=english&_cdn=fastly:2:22786)\n    at l (https://store.fastly.steamstatic.com/public/shared/javascript/jquery-1.8.3.min.js?v=NXam5zydzNu8&l=english&_cdn=fastly:2:16996)\n    at Object.fireWith [as resolveWith] (https://store.fastly.steamstatic.com/public/shared/javascript/jquery-1.8.3.min.js?v=NXam5zydzNu8&l=english&_cdn=fastly:2:17783)\n    at v.ready (https://store.fastly.steamstatic.com/public/shared/javascript/jquery-1.8.3.min.js?v=NXam5zydzNu8&l=english&_cdn=fastly:2:12504)\n    at HTMLDocument.A (https://store.fastly.steamstatic.com/public/shared/javascript/jquery-1.8.3.min.js?v=NXam5zydzNu8&l=english&_cdn=fastly:2:9909)":true,"Error: FPDCallerTracker\n    at HTMLDivElement.replacementPD (chrome-extension://bbogkpojpmdnlonjjogfkaclifmgnbfe/67a49e6c-bebd-4f19-8656-6fb751a22561:4264:11)\n    at Object.apply (chrome-extension://bbogkpojpmdnlonjjogfkaclifmgnbfe/67a49e6c-bebd-4f19-8656-6fb751a22561:405:25)\n    at Object.get (https://store.fastly.steamstatic.com/public/shared/javascript/jquery-1.8.3.min.js?v=NXam5zydzNu8&l=english&_cdn=fastly:2:76050)\n    at v.css (https://store.fastly.steamstatic.com/public/shared/javascript/jquery-1.8.3.min.js?v=NXam5zydzNu8&l=english&_cdn=fastly:2:75024)\n    at https://store.fastly.steamstatic.com/public/shared/javascript/jquery-1.8.3.min.js?v=NXam5zydzNu8&l=english&_cdn=fastly:2:93408\n    at v.access (https://store.fastly.steamstatic.com/public/shared/javascript/jquery-1.8.3.min.js?v=NXam5zydzNu8&l=english&_cdn=fastly:2:16119)\n    at v.fn.<computed> [as outerHeight] (https://store.fastly.steamstatic.com/public/shared/javascript/jquery-1.8.3.min.js?v=NXam5zydzNu8&l=english&_cdn=fastly:2:93179)\n    at HTMLDivElement.<anonymous> (https://store.fastly.steamstatic.com/public/javascript/main.js?v=wiAgKBaqWusf&l=english&_cdn=fastly:2253:56)\n    at v.each (https://store.fastly.steamstatic.com/public/shared/javascript/jquery-1.8.3.min.js?v=NXam5zydzNu8&l=english&_cdn=fastly:2:14543)\n    at init.each (https://store.fastly.steamstatic.com/public/shared/javascript/jquery-1.8.3.min.js?v=NXam5zydzNu8&l=english&_cdn=fastly:2:11217)":true,"Error: FPDCallerTracker\n    at HTMLDivElement.replacementPD (chrome-extension://bbogkpojpmdnlonjjogfkaclifmgnbfe/67a49e6c-bebd-4f19-8656-6fb751a22561:4264:11)\n    at Object.apply (chrome-extension://bbogkpojpmdnlonjjogfkaclifmgnbfe/67a49e6c-bebd-4f19-8656-6fb751a22561:405:25)\n    at Object.get (https://store.fastly.steamstatic.com/public/shared/javascript/jquery-1.8.3.min.js?v=NXam5zydzNu8&l=english&_cdn=fastly:2:76050)\n    at v.css (https://store.fastly.steamstatic.com/public/shared/javascript/jquery-1.8.3.min.js?v=NXam5zydzNu8&l=english&_cdn=fastly:2:75024)\n    at https://store.fastly.steamstatic.com/public/shared/javascript/jquery-1.8.3.min.js?v=NXam5zydzNu8&l=english&_cdn=fastly:2:93408\n    at v.access (https://store.fastly.steamstatic.com/public/shared/javascript/jquery-1.8.3.min.js?v=NXam5zydzNu8&l=english&_cdn=fastly:2:16119)\n    at v.fn.<computed> [as width] (https://store.fastly.steamstatic.com/public/shared/javascript/jquery-1.8.3.min.js?v=NXam5zydzNu8&l=english&_cdn=fastly:2:93179)\n    at fnShowHideButtons (https://store.fastly.steamstatic.com/public/javascript/main.js?v=wiAgKBaqWusf&l=english&_cdn=fastly:2262:40)":true,"Error: FPDCallerTracker\n    at HTMLDivElement.replacementPD (chrome-extension://bbogkpojpmdnlonjjogfkaclifmgnbfe/67a49e6c-bebd-4f19-8656-6fb751a22561:4264:11)\n    at Object.apply (chrome-extension://bbogkpojpmdnlonjjogfkaclifmgnbfe/67a49e6c-bebd-4f19-8656-6fb751a22561:405:25)\n    at tn (https://store.fastly.steamstatic.com/public/shared/javascript/jquery-1.8.3.min.js?v=NXam5zydzNu8&l=english&_cdn=fastly:2:3464)\n    at Object.get (https://store.fastly.steamstatic.com/public/shared/javascript/jquery-1.8.3.min.js?v=NXam5zydzNu8&l=english&_cdn=fastly:2:76134)\n    at v.css (https://store.fastly.steamstatic.com/public/shared/javascript/jquery-1.8.3.min.js?v=NXam5zydzNu8&l=english&_cdn=fastly:2:75024)\n    at https://store.fastly.steamstatic.com/public/shared/javascript/jquery-1.8.3.min.js?v=NXam5zydzNu8&l=english&_cdn=fastly:2:93408\n    at v.access (https://store.fastly.steamstatic.com/public/shared/javascript/jquery-1.8.3.min.js?v=NXam5zydzNu8&l=english&_cdn=fastly:2:16119)\n    at v.fn.<computed> [as width] (https://store.fastly.steamstatic.com/public/shared/javascript/jquery-1.8.3.min.js?v=NXam5zydzNu8&l=english&_cdn=fastly:2:93179)\n    at fnShowHideButtons (https://store.fastly.steamstatic.com/public/javascript/main.js?v=wiAgKBaqWusf&l=english&_cdn=fastly:2262:40)":true,"Error: FPDCallerTracker\n    at HTMLAnchorElement.replacementPD (chrome-extension://bbogkpojpmdnlonjjogfkaclifmgnbfe/67a49e6c-bebd-4f19-8656-6fb751a22561:4264:11)\n    at Object.apply (chrome-extension://bbogkpojpmdnlonjjogfkaclifmgnbfe/67a49e6c-bebd-4f19-8656-6fb751a22561:405:25)\n    at v.expr.v.expr.filters.v.expr.filters.hidden (https://store.fastly.steamstatic.com/public/shared/javascript/jquery-1.8.3.min.js?v=NXam5zydzNu8&l=english&_cdn=fastly:2:77144)\n    at v.expr.v.expr.filters.v.expr.filters.visible (https://store.fastly.steamstatic.com/public/shared/javascript/jquery-1.8.3.min.js?v=NXam5zydzNu8&l=english&_cdn=fastly:2:77326)\n    at https://store.fastly.steamstatic.com/public/shared/javascript/jquery-1.8.3.min.js?v=NXam5zydzNu8&l=english&_cdn=fastly:2:47324\n    at o (https://store.fastly.steamstatic.com/public/shared/javascript/jquery-1.8.3.min.js?v=NXam5zydzNu8&l=english&_cdn=fastly:2:48860)\n    at vt (https://store.fastly.steamstatic.com/public/shared/javascript/jquery-1.8.3.min.js?v=NXam5zydzNu8&l=english&_cdn=fastly:2:49762)\n    at vt (https://store.fastly.steamstatic.com/public/shared/javascript/jquery-1.8.3.min.js?v=NXam5zydzNu8&l=english&_cdn=fastly:2:60718)\n    at nt (https://store.fastly.steamstatic.com/public/shared/javascript/jquery-1.8.3.min.js?v=NXam5zydzNu8&l=english&_cdn=fastly:2:45851)\n    at nt.matches (https://store.fastly.steamstatic.com/public/shared/javascript/jquery-1.8.3.min.js?v=NXam5zydzNu8&l=english&_cdn=fastly:2:52446)":true,"Error: FPDCallerTracker\n    at HTMLAnchorElement.replacementPD (chrome-extension://bbogkpojpmdnlonjjogfkaclifmgnbfe/67a49e6c-bebd-4f19-8656-6fb751a22561:4264:11)\n    at Object.apply (chrome-extension://bbogkpojpmdnlonjjogfkaclifmgnbfe/67a49e6c-bebd-4f19-8656-6fb751a22561:405:25)\n    at v.expr.v.expr.filters.v.expr.filters.hidden (https://store.fastly.steamstatic.com/public/shared/javascript/jquery-1.8.3.min.js?v=NXam5zydzNu8&l=english&_cdn=fastly:2:77144)\n    at v.expr.v.expr.filters.v.expr.filters.visible (https://store.fastly.steamstatic.com/public/shared/javascript/jquery-1.8.3.min.js?v=NXam5zydzNu8&l=english&_cdn=fastly:2:77326)\n    at https://store.fastly.steamstatic.com/public/shared/javascript/jquery-1.8.3.min.js?v=NXam5zydzNu8&l=english&_cdn=fastly:2:47324\n    at o (https://store.fastly.steamstatic.com/public/shared/javascript/jquery-1.8.3.min.js?v=NXam5zydzNu8&l=english&_cdn=fastly:2:48860)\n    at vt (https://store.fastly.steamstatic.com/public/shared/javascript/jquery-1.8.3.min.js?v=NXam5zydzNu8&l=english&_cdn=fastly:2:49762)\n    at vt (https://store.fastly.steamstatic.com/public/shared/javascript/jquery-1.8.3.min.js?v=NXam5zydzNu8&l=english&_cdn=fastly:2:60718)\n    at nt (https://store.fastly.steamstatic.com/public/shared/javascript/jquery-1.8.3.min.js?v=NXam5zydzNu8&l=english&_cdn=fastly:2:45851)\n    at nt.matchesSelector (https://store.fastly.steamstatic.com/public/shared/javascript/jquery-1.8.3.min.js?v=NXam5zydzNu8&l=english&_cdn=fastly:2:61040)":true,"Error: FPDCallerTracker\n    at HTMLAnchorElement.replacementPD (chrome-extension://bbogkpojpmdnlonjjogfkaclifmgnbfe/67a49e6c-bebd-4f19-8656-6fb751a22561:4264:11)\n    at Object.apply (chrome-extension://bbogkpojpmdnlonjjogfkaclifmgnbfe/67a49e6c-bebd-4f19-8656-6fb751a22561:405:25)\n    at v.expr.v.expr.filters.v.expr.filters.hidden (https://store.fastly.steamstatic.com/public/shared/javascript/jquery-1.8.3.min.js?v=NXam5zydzNu8&l=english&_cdn=fastly:2:77144)\n    at v.expr.v.expr.filters.v.expr.filters.visible (https://store.fastly.steamstatic.com/public/shared/javascript/jquery-1.8.3.min.js?v=NXam5zydzNu8&l=english&_cdn=fastly:2:77326)\n    at https://store.fastly.steamstatic.com/public/shared/javascript/jquery-1.8.3.min.js?v=NXam5zydzNu8&l=english&_cdn=fastly:2:47324\n    at o (https://store.fastly.steamstatic.com/public/shared/javascript/jquery-1.8.3.min.js?v=NXam5zydzNu8&l=english&_cdn=fastly:2:48860)\n    at vt (https://store.fastly.steamstatic.com/public/shared/javascript/jquery-1.8.3.min.js?v=NXam5zydzNu8&l=english&_cdn=fastly:2:49762)\n    at vt (https://store.fastly.steamstatic.com/public/shared/javascript/jquery-1.8.3.min.js?v=NXam5zydzNu8&l=english&_cdn=fastly:2:60718)\n    at v.nt [as find] (https://store.fastly.steamstatic.com/public/shared/javascript/jquery-1.8.3.min.js?v=NXam5zydzNu8&l=english&_cdn=fastly:2:45851)\n    at init.find (https://store.fastly.steamstatic.com/public/shared/javascript/jquery-1.8.3.min.js?v=NXam5zydzNu8&l=english&_cdn=fastly:2:61702)":true,"Error: FPDCallerTracker\n    at HTMLDivElement.replacementPD (chrome-extension://bbogkpojpmdnlonjjogfkaclifmgnbfe/67a49e6c-bebd-4f19-8656-6fb751a22561:4264:11)\n    at Object.apply (chrome-extension://bbogkpojpmdnlonjjogfkaclifmgnbfe/67a49e6c-bebd-4f19-8656-6fb751a22561:405:25)\n    at v.expr.v.expr.filters.v.expr.filters.hidden (https://store.fastly.steamstatic.com/public/shared/javascript/jquery-1.8.3.min.js?v=NXam5zydzNu8&l=english&_cdn=fastly:2:77144)\n    at v.expr.v.expr.filters.v.expr.filters.visible (https://store.fastly.steamstatic.com/public/shared/javascript/jquery-1.8.3.min.js?v=NXam5zydzNu8&l=english&_cdn=fastly:2:77326)\n    at https://store.fastly.steamstatic.com/public/shared/javascript/jquery-1.8.3.min.js?v=NXam5zydzNu8&l=english&_cdn=fastly:2:47324\n    at o (https://store.fastly.steamstatic.com/public/shared/javascript/jquery-1.8.3.min.js?v=NXam5zydzNu8&l=english&_cdn=fastly:2:48860)\n    at vt (https://store.fastly.steamstatic.com/public/shared/javascript/jquery-1.8.3.min.js?v=NXam5zydzNu8&l=english&_cdn=fastly:2:49762)\n    at vt (https://store.fastly.steamstatic.com/public/shared/javascript/jquery-1.8.3.min.js?v=NXam5zydzNu8&l=english&_cdn=fastly:2:60718)\n    at nt (https://store.fastly.steamstatic.com/public/shared/javascript/jquery-1.8.3.min.js?v=NXam5zydzNu8&l=english&_cdn=fastly:2:45851)\n    at nt.matchesSelector (https://store.fastly.steamstatic.com/public/shared/javascript/jquery-1.8.3.min.js?v=NXam5zydzNu8&l=english&_cdn=fastly:2:61040)":true}}},"window.sessionStorage":{"get":{"args":{"":4},"total":4,"callers":{"Error: FPDCallerTracker\n    at replacementPD (chrome-extension://bbogkpojpmdnlonjjogfkaclifmgnbfe/67a49e6c-bebd-4f19-8656-6fb751a22561:3790:11)\n    at Object.apply (chrome-extension://bbogkpojpmdnlonjjogfkaclifmgnbfe/67a49e6c-bebd-4f19-8656-6fb751a22561:405:25)\n    at Object.GetLocal (https://store.fastly.steamstatic.com/public/shared/javascript/shared_global.js?v=PCCoCNLxwF4M&l=english&_cdn=fastly:1840:15)\n    at Object.GetLocalSession (https://store.fastly.steamstatic.com/public/shared/javascript/shared_global.js?v=PCCoCNLxwF4M&l=english&_cdn=fastly:1872:21)\n    at HTMLDocument.<anonymous> (https://store.fastly.steamstatic.com/public/shared/javascript/shared_responsive_adapter.js?v=tvQi85mXnRZH&l=english&_cdn=fastly:43:42)\n    at l (https://store.fastly.steamstatic.com/public/shared/javascript/jquery-1.8.3.min.js?v=NXam5zydzNu8&l=english&_cdn=fastly:2:16996)\n    at Object.fireWith [as resolveWith] (https://store.fastly.steamstatic.com/public/shared/javascript/jquery-1.8.3.min.js?v=NXam5zydzNu8&l=english&_cdn=fastly:2:17783)\n    at v.ready (https://store.fastly.steamstatic.com/public/shared/javascript/jquery-1.8.3.min.js?v=NXam5zydzNu8&l=english&_cdn=fastly:2:12504)\n    at HTMLDocument.A (https://store.fastly.steamstatic.com/public/shared/javascript/jquery-1.8.3.min.js?v=NXam5zydzNu8&l=english&_cdn=fastly:2:9909)":true,"Error: FPDCallerTracker\n    at replacementPD (chrome-extension://bbogkpojpmdnlonjjogfkaclifmgnbfe/67a49e6c-bebd-4f19-8656-6fb751a22561:3790:11)\n    at Object.apply (chrome-extension://bbogkpojpmdnlonjjogfkaclifmgnbfe/67a49e6c-bebd-4f19-8656-6fb751a22561:405:25)\n    at Object.GetLocal (https://store.fastly.steamstatic.com/public/shared/javascript/shared_global.js?v=PCCoCNLxwF4M&l=english&_cdn=fastly:1843:23)\n    at Object.GetLocalSession (https://store.fastly.steamstatic.com/public/shared/javascript/shared_global.js?v=PCCoCNLxwF4M&l=english&_cdn=fastly:1872:21)\n    at HTMLDocument.<anonymous> (https://store.fastly.steamstatic.com/public/shared/javascript/shared_responsive_adapter.js?v=tvQi85mXnRZH&l=english&_cdn=fastly:43:42)\n    at l (https://store.fastly.steamstatic.com/public/shared/javascript/jquery-1.8.3.min.js?v=NXam5zydzNu8&l=english&_cdn=fastly:2:16996)\n    at Object.fireWith [as resolveWith] (https://store.fastly.steamstatic.com/public/shared/javascript/jquery-1.8.3.min.js?v=NXam5zydzNu8&l=english&_cdn=fastly:2:17783)\n    at v.ready (https://store.fastly.steamstatic.com/public/shared/javascript/jquery-1.8.3.min.js?v=NXam5zydzNu8&l=english&_cdn=fastly:2:12504)\n    at HTMLDocument.A (https://store.fastly.steamstatic.com/public/shared/javascript/jquery-1.8.3.min.js?v=NXam5zydzNu8&l=english&_cdn=fastly:2:9909)":true,"Error: FPDCallerTracker\n    at replacementPD (chrome-extension://bbogkpojpmdnlonjjogfkaclifmgnbfe/67a49e6c-bebd-4f19-8656-6fb751a22561:3790:11)\n    at Object.apply (chrome-extension://bbogkpojpmdnlonjjogfkaclifmgnbfe/67a49e6c-bebd-4f19-8656-6fb751a22561:405:25)\n    at Object.GetLocal (https://store.fastly.steamstatic.com/public/shared/javascript/shared_global.js?v=PCCoCNLxwF4M&l=english&_cdn=fastly:1840:15)\n    at Object.CheckLocalStorageSettings (https://store.fastly.steamstatic.com/public/javascript/home.js?v=SQ4fPSDutni2&l=english&_cdn=fastly:2124:30)\n    at Object.InitUserData (https://store.fastly.steamstatic.com/public/javascript/home.js?v=SQ4fPSDutni2&l=english&_cdn=fastly:140:14)\n    at HTMLDocument.<anonymous> (https://store.steampowered.com/:297:13)\n    at l (https://store.fastly.steamstatic.com/public/shared/javascript/jquery-1.8.3.min.js?v=NXam5zydzNu8&l=english&_cdn=fastly:2:16996)\n    at Object.fireWith [as resolveWith] (https://store.fastly.steamstatic.com/public/shared/javascript/jquery-1.8.3.min.js?v=NXam5zydzNu8&l=english&_cdn=fastly:2:17783)\n    at v.ready (https://store.fastly.steamstatic.com/public/shared/javascript/jquery-1.8.3.min.js?v=NXam5zydzNu8&l=english&_cdn=fastly:2:12504)\n    at HTMLDocument.A (https://store.fastly.steamstatic.com/public/shared/javascript/jquery-1.8.3.min.js?v=NXam5zydzNu8&l=english&_cdn=fastly:2:9909)":true,"Error: FPDCallerTracker\n    at replacementPD (chrome-extension://bbogkpojpmdnlonjjogfkaclifmgnbfe/67a49e6c-bebd-4f19-8656-6fb751a22561:3790:11)\n    at Object.apply (chrome-extension://bbogkpojpmdnlonjjogfkaclifmgnbfe/67a49e6c-bebd-4f19-8656-6fb751a22561:405:25)\n    at Object.GetLocal (https://store.fastly.steamstatic.com/public/shared/javascript/shared_global.js?v=PCCoCNLxwF4M&l=english&_cdn=fastly:1843:23)\n    at Object.CheckLocalStorageSettings (https://store.fastly.steamstatic.com/public/javascript/home.js?v=SQ4fPSDutni2&l=english&_cdn=fastly:2124:30)\n    at Object.InitUserData (https://store.fastly.steamstatic.com/public/javascript/home.js?v=SQ4fPSDutni2&l=english&_cdn=fastly:140:14)\n    at HTMLDocument.<anonymous> (https://store.steampowered.com/:297:13)\n    at l (https://store.fastly.steamstatic.com/public/shared/javascript/jquery-1.8.3.min.js?v=NXam5zydzNu8&l=english&_cdn=fastly:2:16996)\n    at Object.fireWith [as resolveWith] (https://store.fastly.steamstatic.com/public/shared/javascript/jquery-1.8.3.min.js?v=NXam5zydzNu8&l=english&_cdn=fastly:2:17783)\n    at v.ready (https://store.fastly.steamstatic.com/public/shared/javascript/jquery-1.8.3.min.js?v=NXam5zydzNu8&l=english&_cdn=fastly:2:12504)\n    at HTMLDocument.A (https://store.fastly.steamstatic.com/public/shared/javascript/jquery-1.8.3.min.js?v=NXam5zydzNu8&l=english&_cdn=fastly:2:9909)":true}}},"window.innerHeight":{"get":{"args":{"":280},"total":280,"callers":{"Error: FPDCallerTracker\n    at replacementPD (chrome-extension://bbogkpojpmdnlonjjogfkaclifmgnbfe/67a49e6c-bebd-4f19-8656-6fb751a22561:2750:11)\n    at Object.apply (chrome-extension://bbogkpojpmdnlonjjogfkaclifmgnbfe/67a49e6c-bebd-4f19-8656-6fb751a22561:405:25)\n    at CUsabilityTracker.ResetStats (https://store.fastly.steamstatic.com/public/javascript/main.js?v=wiAgKBaqWusf&l=english&_cdn=fastly:2826:37)\n    at CUsabilityTracker.Init (https://store.fastly.steamstatic.com/public/javascript/main.js?v=wiAgKBaqWusf&l=english&_cdn=fastly:2803:7)\n    at InitUsabilityTracker (https://store.fastly.steamstatic.com/public/javascript/main.js?v=wiAgKBaqWusf&l=english&_cdn=fastly:2996:22)\n    at Object.InitLayout (https://store.fastly.steamstatic.com/public/javascript/home.js?v=SQ4fPSDutni2&l=english&_cdn=fastly:117:18)\n    at HTMLDocument.<anonymous> (https://store.steampowered.com/:3631:14)\n    at l (https://store.fastly.steamstatic.com/public/shared/javascript/jquery-1.8.3.min.js?v=NXam5zydzNu8&l=english&_cdn=fastly:2:16996)\n    at Object.fireWith [as resolveWith] (https://store.fastly.steamstatic.com/public/shared/javascript/jquery-1.8.3.min.js?v=NXam5zydzNu8&l=english&_cdn=fastly:2:17783)\n    at v.ready (https://store.fastly.steamstatic.com/public/shared/javascript/jquery-1.8.3.min.js?v=NXam5zydzNu8&l=english&_cdn=fastly:2:12504)":true,"Error: FPDCallerTracker\n    at replacementPD (chrome-extension://bbogkpojpmdnlonjjogfkaclifmgnbfe/67a49e6c-bebd-4f19-8656-6fb751a22561:2750:11)\n    at Object.apply (chrome-extension://bbogkpojpmdnlonjjogfkaclifmgnbfe/67a49e6c-bebd-4f19-8656-6fb751a22561:405:25)\n    at CUsabilityTracker.GetScrollPosition (https://store.fastly.steamstatic.com/public/javascript/main.js?v=wiAgKBaqWusf&l=english&_cdn=fastly:2852:27)\n    at CUsabilityTracker.ResetStats (https://store.fastly.steamstatic.com/public/javascript/main.js?v=wiAgKBaqWusf&l=english&_cdn=fastly:2828:32)\n    at CUsabilityTracker.Init (https://store.fastly.steamstatic.com/public/javascript/main.js?v=wiAgKBaqWusf&l=english&_cdn=fastly:2803:7)\n    at InitUsabilityTracker (https://store.fastly.steamstatic.com/public/javascript/main.js?v=wiAgKBaqWusf&l=english&_cdn=fastly:2996:22)\n    at Object.InitLayout (https://store.fastly.steamstatic.com/public/javascript/home.js?v=SQ4fPSDutni2&l=english&_cdn=fastly:117:18)\n    at HTMLDocument.<anonymous> (https://store.steampowered.com/:3631:14)\n    at l (https://store.fastly.steamstatic.com/public/shared/javascript/jquery-1.8.3.min.js?v=NXam5zydzNu8&l=english&_cdn=fastly:2:16996)\n    at Object.fireWith [as resolveWith] (https://store.fastly.steamstatic.com/public/shared/javascript/jquery-1.8.3.min.js?v=NXam5zydzNu8&l=english&_cdn=fastly:2:17783)":true,"Error: FPDCallerTracker\n    at replacementPD (chrome-extension://bbogkpojpmdnlonjjogfkaclifmgnbfe/67a49e6c-bebd-4f19-8656-6fb751a22561:2750:11)\n    at Object.apply (chrome-extension://bbogkpojpmdnlonjjogfkaclifmgnbfe/67a49e6c-bebd-4f19-8656-6fb751a22561:405:25)\n    at CScrollOffsetWatcher.OnScroll (https://store.fastly.steamstatic.com/public/shared/javascript/shared_global.js?v=PCCoCNLxwF4M&l=english&_cdn=fastly:1790:40)\n    at https://store.fastly.steamstatic.com/public/shared/javascript/shared_global.js?v=PCCoCNLxwF4M&l=english&_cdn=fastly:1771:101":true,"Error: FPDCallerTracker\n    at replacementPD (chrome-extension://bbogkpojpmdnlonjjogfkaclifmgnbfe/67a49e6c-bebd-4f19-8656-6fb751a22561:2750:11)\n    at Object.apply (chrome-extension://bbogkpojpmdnlonjjogfkaclifmgnbfe/67a49e6c-bebd-4f19-8656-6fb751a22561:405:25)\n    at CAppearMonitor.bIsElementVisible (https://store.fastly.steamstatic.com/public/shared/javascript/shared_global.js?v=PCCoCNLxwF4M&l=english&_cdn=fastly:5097:37)\n    at https://store.fastly.steamstatic.com/public/shared/javascript/shared_global.js?v=PCCoCNLxwF4M&l=english&_cdn=fastly:5130:14":true,"Error: FPDCallerTracker\n    at replacementPD (chrome-extension://bbogkpojpmdnlonjjogfkaclifmgnbfe/67a49e6c-bebd-4f19-8656-6fb751a22561:2750:11)\n    at Object.apply (chrome-extension://bbogkpojpmdnlonjjogfkaclifmgnbfe/67a49e6c-bebd-4f19-8656-6fb751a22561:405:25)\n    at CAppearMonitor.bIsElementVisible (https://store.fastly.steamstatic.com/public/shared/javascript/shared_global.js?v=PCCoCNLxwF4M&l=english&_cdn=fastly:5097:37)\n    at CAppearMonitor.CheckVisibilityInternal (https://store.fastly.steamstatic.com/public/shared/javascript/shared_global.js?v=PCCoCNLxwF4M&l=english&_cdn=fastly:5064:12)":true}}}}}}