{
    "fastly.net": {
        "bbc.map": {
            "A": [
                "199.232.16.81"
            ],
            "CNAME": []
        },
        "t.sni.global": {
            "A": [
                "199.232.19.52"
            ],
            "CNAME": []
        }
    },
    "steampowered.com": {
        "steampowered.com": {
            "A": [
                "104.103.77.81"
            ],
            "CNAME": []
        },
        "store": {
            "A": [
                "2.19.217.119"
            ],
            "CNAME": []
        },
        "api": {
            "A": [
                "104.103.90.29"
            ],
            "CNAME": []
        }
    },
    "steamstatic.com": {
        "store.fastly": {
            "A": [
                "199.232.19.52"
            ],
            "CNAME": [
                "t.sni.global.fastly.net"
            ]
        },
        "shared.fastly": {
            "A": [
                "199.232.19.52"
            ],
            "CNAME": [
                "t.sni.global.fastly.net"
            ]
        },
        "cdn.fastly": {
            "A": [
                "199.232.19.52"
            ],
            "CNAME": [
                "t.sni.global.fastly.net"
            ]
        }
    },
    "googleapis.com": {
        "fonts": {
            "A": [
                "142.251.36.138"
            ],
            "CNAME": []
        }
    }
}