{
    "google.com": {
        "accounts": {
            "A": [
                "64.233.184.84"
            ],
            "CNAME": []
        },
        "android.clients": {
            "A": [
                "142.251.36.110",
                "142.251.36.78",
                "142.251.36.142",
                "142.251.37.110"
            ],
            "CNAME": [
                "android.l.google.com"
            ]
        },
        "android.l": {
            "A": [
                "142.251.36.110",
                "142.251.36.78",
                "142.251.36.142",
                "142.251.37.110"
            ],
            "CNAME": []
        },
        "mtalk": {
            "A": [
                "142.250.102.188"
            ],
            "CNAME": []
        }
    },
    "steampowered.com": {
        "steampowered.com": {
            "A": [
                "23.36.208.39"
            ],
            "CNAME": []
        },
        "store": {
            "A": [
                "2.23.8.88"
            ],
            "CNAME": []
        }
    },
    "steamstatic.com": {
        "store.fastly": {
            "A": [
                "199.232.19.52"
            ],
            "CNAME": [
                "t.sni.global.fastly.net"
            ]
        },
        "cdn.fastly": {
            "A": [
                "199.232.19.52"
            ],
            "CNAME": [
                "t.sni.global.fastly.net"
            ]
        },
        "shared.fastly": {
            "A": [
                "199.232.19.52"
            ],
            "CNAME": [
                "t.sni.global.fastly.net"
            ]
        }
    },
    "fastly.net": {
        "t.sni.global": {
            "A": [
                "199.232.19.52"
            ],
            "CNAME": []
        }
    }
}