[
    {
        "requested_for": "https://invia.cz/",
        "time": 339831.505874,
        "requestId": "28A647C67BF16977B071D3192D5534D8",
        "loaderId": "28A647C67BF16977B071D3192D5534D8",
        "requested_resource": "https://invia.cz/",
        "initiator": {
            "type": "other"
        }
    },
    {
        "requested_for": "https://www.invia.cz/",
        "time": 339831.73714,
        "requestId": "28A647C67BF16977B071D3192D5534D8",
        "loaderId": "28A647C67BF16977B071D3192D5534D8",
        "requested_resource": "https://www.invia.cz/",
        "initiator": {
            "type": "other"
        }
    },
    {
        "requested_for": "https://www.invia.cz/",
        "time": 339832.332112,
        "requestId": "7460.2",
        "loaderId": "28A647C67BF16977B071D3192D5534D8",
        "requested_resource": "https://js.sentry-cdn.com/13a81e7fb7c860d92712f036817350c1.min.js",
        "initiator": {
            "columnNumber": 104,
            "lineNumber": 26,
            "type": "parser",
            "url": "https://www.invia.cz/"
        }
    },
    {
        "requested_for": "https://www.invia.cz/",
        "time": 339832.332253,
        "requestId": "7460.3",
        "loaderId": "28A647C67BF16977B071D3192D5534D8",
        "requested_resource": "https://cdn.split.io/sdk/split-10.23.1.min.js",
        "initiator": {
            "columnNumber": 62,
            "lineNumber": 29,
            "type": "parser",
            "url": "https://www.invia.cz/"
        }
    },
    {
        "requested_for": "https://www.invia.cz/",
        "time": 339832.332291,
        "requestId": "7460.4",
        "loaderId": "28A647C67BF16977B071D3192D5534D8",
        "requested_resource": "https://scontent.inviacdn.net/invia2020/css/style-mobile.3b695a07.css",
        "initiator": {
            "columnNumber": 136,
            "lineNumber": 114,
            "type": "parser",
            "url": "https://www.invia.cz/"
        }
    },
    {
        "requested_for": "https://www.invia.cz/",
        "time": 339832.332322,
        "requestId": "7460.5",
        "loaderId": "28A647C67BF16977B071D3192D5534D8",
        "requested_resource": "https://scontent.inviacdn.net/invia2020/css/style-tablet.61d91f26.css",
        "initiator": {
            "columnNumber": 138,
            "lineNumber": 115,
            "type": "parser",
            "url": "https://www.invia.cz/"
        }
    },
    {
        "requested_for": "https://www.invia.cz/",
        "time": 339832.332359,
        "requestId": "7460.6",
        "loaderId": "28A647C67BF16977B071D3192D5534D8",
        "requested_resource": "https://www.invia.cz/assets/invia2020/js/i18n/cz.js",
        "initiator": {
            "columnNumber": 133,
            "lineNumber": 120,
            "type": "parser",
            "url": "https://www.invia.cz/"
        }
    },
    {
        "requested_for": "https://www.invia.cz/",
        "time": 339832.332384,
        "requestId": "7460.7",
        "loaderId": "28A647C67BF16977B071D3192D5534D8",
        "requested_resource": "https://www.invia.cz/i18n/frontend-translations.js?v=1.14.3",
        "initiator": {
            "columnNumber": 113,
            "lineNumber": 121,
            "type": "parser",
            "url": "https://www.invia.cz/"
        }
    },
    {
        "requested_for": "https://www.invia.cz/",
        "time": 339832.332408,
        "requestId": "7460.8",
        "loaderId": "28A647C67BF16977B071D3192D5534D8",
        "requested_resource": "https://www.invia.cz/assets/invia2020/js/app/hp.77fed086fb5f7f20ffc9.js",
        "initiator": {
            "columnNumber": 105,
            "lineNumber": 122,
            "type": "parser",
            "url": "https://www.invia.cz/"
        }
    },
    {
        "requested_for": "https://www.invia.cz/",
        "time": 339832.332441,
        "requestId": "7460.9",
        "loaderId": "28A647C67BF16977B071D3192D5534D8",
        "requested_resource": "https://fonts.googleapis.com/css2?family=Roboto:ital,wght@0,400;0,500;0,700;1,400;1,500&display=swap",
        "initiator": {
            "columnNumber": 139,
            "lineNumber": 125,
            "type": "parser",
            "url": "https://www.invia.cz/"
        }
    },
    {
        "requested_for": "https://www.invia.cz/",
        "time": 339832.332483,
        "requestId": "7460.10",
        "loaderId": "28A647C67BF16977B071D3192D5534D8",
        "requested_resource": "https://scontent.inviacdn.net/invia2020/img/bg/main-hp-primary--large.avif",
        "initiator": {
            "columnNumber": 18,
            "lineNumber": 2000,
            "type": "parser",
            "url": "https://www.invia.cz/"
        }
    },
    {
        "requested_for": "https://www.invia.cz/",
        "time": 339832.33251,
        "requestId": "7460.11",
        "loaderId": "28A647C67BF16977B071D3192D5534D8",
        "requested_resource": "https://dcontent.inviacdn.net/shared/img/web-1240x350/2025/3/10/m0/2194946.jpg",
        "initiator": {
            "columnNumber": 43,
            "lineNumber": 2083,
            "type": "parser",
            "url": "https://www.invia.cz/"
        }
    },
    {
        "requested_for": "https://www.invia.cz/",
        "time": 339832.332568,
        "requestId": "7460.15",
        "loaderId": "28A647C67BF16977B071D3192D5534D8",
        "requested_resource": "https://www.invia.cz/assets/invia2020/js/tracking/hp.6c56a65b7d1b9780ff25.js",
        "initiator": {
            "columnNumber": 83,
            "lineNumber": 5098,
            "type": "parser",
            "url": "https://www.invia.cz/"
        }
    },
    {
        "requested_for": "https://sdk.split.io/api/mySegments/0000-0000-0000-client_is_bot",
        "time": 339832.718106,
        "requestId": "B2D3A4A83249F8B2342A3595D26C75EC",
        "loaderId": "",
        "requested_resource": "https://sdk.split.io/api/mySegments/0000-0000-0000-client_is_bot",
        "initiator": {
            "requestId": "7460.18",
            "type": "preflight",
            "url": "https://sdk.split.io/api/mySegments/0000-0000-0000-client_is_bot"
        }
    },
    {
        "requested_for": "https://www.invia.cz/",
        "time": 339832.717333,
        "requestId": "7460.18",
        "loaderId": "28A647C67BF16977B071D3192D5534D8",
        "requested_resource": "https://sdk.split.io/api/mySegments/0000-0000-0000-client_is_bot",
        "initiator": {
            "stack": {
                "callFrames": [
                    {
                        "columnNumber": 2464,
                        "functionName": "",
                        "lineNumber": 1,
                        "scriptId": "21",
                        "url": "https://cdn.split.io/sdk/split-10.23.1.min.js"
                    },
                    {
                        "columnNumber": 3681,
                        "functionName": "fetchMySegments",
                        "lineNumber": 1,
                        "scriptId": "21",
                        "url": "https://cdn.split.io/sdk/split-10.23.1.min.js"
                    },
                    {
                        "columnNumber": 111833,
                        "functionName": "",
                        "lineNumber": 1,
                        "scriptId": "21",
                        "url": "https://cdn.split.io/sdk/split-10.23.1.min.js"
                    },
                    {
                        "columnNumber": 32492,
                        "functionName": "h",
                        "lineNumber": 1,
                        "scriptId": "21",
                        "url": "https://cdn.split.io/sdk/split-10.23.1.min.js"
                    },
                    {
                        "columnNumber": 32647,
                        "functionName": "",
                        "lineNumber": 1,
                        "scriptId": "21",
                        "url": "https://cdn.split.io/sdk/split-10.23.1.min.js"
                    },
                    {
                        "columnNumber": 4897,
                        "functionName": "l",
                        "lineNumber": 1,
                        "scriptId": "21",
                        "url": "https://cdn.split.io/sdk/split-10.23.1.min.js"
                    },
                    {
                        "columnNumber": 112715,
                        "functionName": "",
                        "lineNumber": 1,
                        "scriptId": "21",
                        "url": "https://cdn.split.io/sdk/split-10.23.1.min.js"
                    },
                    {
                        "columnNumber": 7280,
                        "functionName": "",
                        "lineNumber": 1,
                        "scriptId": "21",
                        "url": "https://cdn.split.io/sdk/split-10.23.1.min.js"
                    },
                    {
                        "columnNumber": 7252,
                        "functionName": "W",
                        "lineNumber": 1,
                        "scriptId": "21",
                        "url": "https://cdn.split.io/sdk/split-10.23.1.min.js"
                    },
                    {
                        "columnNumber": 112689,
                        "functionName": "syncAll",
                        "lineNumber": 1,
                        "scriptId": "21",
                        "url": "https://cdn.split.io/sdk/split-10.23.1.min.js"
                    },
                    {
                        "columnNumber": 120582,
                        "functionName": "start",
                        "lineNumber": 1,
                        "scriptId": "21",
                        "url": "https://cdn.split.io/sdk/split-10.23.1.min.js"
                    },
                    {
                        "columnNumber": 89038,
                        "functionName": "Ur",
                        "lineNumber": 1,
                        "scriptId": "21",
                        "url": "https://cdn.split.io/sdk/split-10.23.1.min.js"
                    },
                    {
                        "columnNumber": 122930,
                        "functionName": "Ri",
                        "lineNumber": 1,
                        "scriptId": "21",
                        "url": "https://cdn.split.io/sdk/split-10.23.1.min.js"
                    },
                    {
                        "columnNumber": 26,
                        "functionName": "",
                        "lineNumber": 32,
                        "scriptId": "23",
                        "url": "https://www.invia.cz/"
                    }
                ]
            },
            "type": "script"
        }
    },
    {
        "requested_for": "https://www.invia.cz/",
        "time": 339832.71808,
        "requestId": "7460.19",
        "loaderId": "28A647C67BF16977B071D3192D5534D8",
        "requested_resource": "https://sdk.split.io/api/splitChanges?since=-1",
        "initiator": {
            "stack": {
                "callFrames": [
                    {
                        "columnNumber": 2464,
                        "functionName": "",
                        "lineNumber": 1,
                        "scriptId": "21",
                        "url": "https://cdn.split.io/sdk/split-10.23.1.min.js"
                    },
                    {
                        "columnNumber": 3417,
                        "functionName": "fetchSplitChanges",
                        "lineNumber": 1,
                        "scriptId": "21",
                        "url": "https://cdn.split.io/sdk/split-10.23.1.min.js"
                    },
                    {
                        "columnNumber": 111333,
                        "functionName": "",
                        "lineNumber": 1,
                        "scriptId": "21",
                        "url": "https://cdn.split.io/sdk/split-10.23.1.min.js"
                    },
                    {
                        "columnNumber": 32960,
                        "functionName": "h",
                        "lineNumber": 1,
                        "scriptId": "21",
                        "url": "https://cdn.split.io/sdk/split-10.23.1.min.js"
                    }
                ]
            },
            "type": "script"
        }
    },
    {
        "requested_for": "https://sdk.split.io/api/splitChanges?since=-1",
        "time": 339832.718436,
        "requestId": "7FAACB8166924F88667AD97DECB64CC6",
        "loaderId": "",
        "requested_resource": "https://sdk.split.io/api/splitChanges?since=-1",
        "initiator": {
            "requestId": "7460.19",
            "type": "preflight",
            "url": "https://sdk.split.io/api/splitChanges?since=-1"
        }
    },
    {
        "requested_for": "https://www.invia.cz/",
        "time": 339832.721691,
        "requestId": "7460.22",
        "loaderId": "28A647C67BF16977B071D3192D5534D8",
        "requested_resource": "https://scontent.inviacdn.net/invia2020/css/style-hover.966e4ae9.css",
        "initiator": {
            "columnNumber": 154,
            "lineNumber": 116,
            "type": "parser",
            "url": "https://www.invia.cz/"
        }
    },
    {
        "requested_for": "https://www.invia.cz/",
        "time": 339832.721739,
        "requestId": "7460.23",
        "loaderId": "28A647C67BF16977B071D3192D5534D8",
        "requested_resource": "https://scontent.inviacdn.net/invia2020/css/print.bb815e6a.css",
        "initiator": {
            "columnNumber": 115,
            "lineNumber": 118,
            "type": "parser",
            "url": "https://www.invia.cz/"
        }
    },
    {
        "requested_for": "https://www.invia.cz/",
        "time": 339832.726164,
        "requestId": "7460.73",
        "loaderId": "28A647C67BF16977B071D3192D5534D8",
        "requested_resource": "https://auth.split.io/api/v2/auth?users=0000-0000-0000-client_is_bot",
        "initiator": {
            "stack": {
                "callFrames": [
                    {
                        "columnNumber": 2464,
                        "functionName": "",
                        "lineNumber": 1,
                        "scriptId": "21",
                        "url": "https://cdn.split.io/sdk/split-10.23.1.min.js"
                    },
                    {
                        "columnNumber": 3282,
                        "functionName": "fetchAuth",
                        "lineNumber": 1,
                        "scriptId": "21",
                        "url": "https://cdn.split.io/sdk/split-10.23.1.min.js"
                    },
                    {
                        "columnNumber": 113081,
                        "functionName": "g",
                        "lineNumber": 1,
                        "scriptId": "21",
                        "url": "https://cdn.split.io/sdk/split-10.23.1.min.js"
                    },
                    {
                        "columnNumber": 117526,
                        "functionName": "R",
                        "lineNumber": 1,
                        "scriptId": "21",
                        "url": "https://cdn.split.io/sdk/split-10.23.1.min.js"
                    },
                    {
                        "columnNumber": 120048,
                        "functionName": "",
                        "lineNumber": 1,
                        "scriptId": "21",
                        "url": "https://cdn.split.io/sdk/split-10.23.1.min.js"
                    }
                ]
            },
            "type": "script"
        }
    },
    {
        "requested_for": "https://auth.split.io/api/v2/auth?users=0000-0000-0000-client_is_bot",
        "time": 339832.726835,
        "requestId": "1AA494534B8F6565EE4BE14052F0B724",
        "loaderId": "",
        "requested_resource": "https://auth.split.io/api/v2/auth?users=0000-0000-0000-client_is_bot",
        "initiator": {
            "requestId": "7460.73",
            "type": "preflight",
            "url": "https://auth.split.io/api/v2/auth?users=0000-0000-0000-client_is_bot"
        }
    },
    {
        "requested_for": "https://www.invia.cz/",
        "time": 339832.726591,
        "requestId": "7460.74",
        "loaderId": "28A647C67BF16977B071D3192D5534D8",
        "requested_resource": "https://www.invia.cz/assets/invia2020/img/bg/icons-svg.svg",
        "initiator": {
            "columnNumber": 3,
            "lineNumber": 224,
            "type": "parser",
            "url": "https://www.invia.cz/"
        }
    },
    {
        "requested_for": "https://www.invia.cz/",
        "time": 339832.784526,
        "requestId": "7460.117",
        "loaderId": "28A647C67BF16977B071D3192D5534D8",
        "requested_resource": "data:image/svg+xml,%3Csvg xmlns='http://www.w3.org/2000/svg'%3E%3C/svg%3E",
        "initiator": {
            "type": "parser",
            "url": "https://scontent.inviacdn.net/invia2020/css/style-mobile.3b695a07.css"
        }
    },
    {
        "requested_for": "https://www.invia.cz/",
        "time": 339832.786909,
        "requestId": "7460.118",
        "loaderId": "28A647C67BF16977B071D3192D5534D8",
        "requested_resource": "data:image/svg+xml,%3Csvg width='75' height='30' xmlns='http://www.w3.org/2000/svg'%3E%3Cpath fill='%23FFF' d='M54.1 7.5V30a38 38 0 0 1-4.81-.45V7.5h4.82zm12.38-.54c6.53 0 8.52 2.99 8.52 6.98v12.07c-.95.33-1.87.64-2.78.92a73.15 73.15 0 0 1-4.3 1.21 57.5 57.5 0 0 1-7.11 1.32 5.59 5.59 0 0 1-4.56-5.77c0-4.96 3.44-7.77 11.7-7.77.7 0 1.53.04 2.15.09v-2.07c0-2.02-.88-3.33-3.88-3.33s-4.68 1.27-4.76 3.5h-4.6c.36-4.47 3.71-7.15 9.63-7.15zm-34.53.54 5.57 16.68L43.35 7.5h4.86l-7.05 19.82c-2.85-.95-5.59-2-8.46-2.92L26.79 7.5h5.17zm-27.13 0v17.14c-1.53.46-3.14 1-4.82 1.61V7.5h4.82zM68.5 19.12h-.43c-4.45 0-6.8 1.1-6.8 3.82 0 1.93 1.2 3.03 3.27 3.03 3.05 0 5.56-1.98 5.56-5.31v-1.5c-.61-.04-1.32-.04-2.03-.04zM19.17 6.96c4.51 0 7.08 2.94 7.08 7.84v7.8a39.22 39.22 0 0 0-4.95-.55v-6.28c0-2.94-.93-4.6-3.72-4.6s-5.17 1.88-5.17 6.22v5.19c-1.55.24-3.19.57-4.91 1V7.4h4.9v3.72c1.16-2.45 3.24-4.16 6.77-4.16zM4.82 0v4.29H0V0h4.82zm49.29 0v4.29h-4.82V0h4.82z'/%3E%3C/svg%3E",
        "initiator": {
            "type": "parser",
            "url": "https://scontent.inviacdn.net/invia2020/css/style-mobile.3b695a07.css"
        }
    },
    {
        "requested_for": "https://www.invia.cz/",
        "time": 339832.787564,
        "requestId": "7460.119",
        "loaderId": "28A647C67BF16977B071D3192D5534D8",
        "requested_resource": "data:image/svg+xml;charset=utf8,%3Csvg xmlns='http://www.w3.org/2000/svg' viewBox='0 0 24 24'%3E%3Cpath fill='%23ffb000' d='M12 19.5l-7.4 3.9L6 15.2 0 9.3l8.3-1.2L12 .6l3.7 7.5L24 9.3l-6 5.8 1.4 8.3-7.4-3.9z'/%3E%3C/svg%3E",
        "initiator": {
            "type": "parser",
            "url": "https://scontent.inviacdn.net/invia2020/css/style-mobile.3b695a07.css"
        }
    },
    {
        "requested_for": "https://www.invia.cz/",
        "time": 339832.790048,
        "requestId": "7460.54",
        "loaderId": "28A647C67BF16977B071D3192D5534D8",
        "requested_resource": "https://fonts.gstatic.com/s/roboto/v47/KFO7CnqEu92Fr1ME7kSn66aGLdTylUAMa3yUBA.woff2",
        "initiator": {
            "type": "parser",
            "url": "https://fonts.googleapis.com/css2?family=Roboto:ital,wght@0,400;0,500;0,700;1,400;1,500&display=swap"
        }
    },
    {
        "requested_for": "https://www.invia.cz/",
        "time": 339832.790553,
        "requestId": "7460.36",
        "loaderId": "28A647C67BF16977B071D3192D5534D8",
        "requested_resource": "https://fonts.gstatic.com/s/roboto/v47/KFO5CnqEu92Fr1Mu53ZEC9_Vu3r1gIhOszmkBnka.woff2",
        "initiator": {
            "type": "parser",
            "url": "https://fonts.googleapis.com/css2?family=Roboto:ital,wght@0,400;0,500;0,700;1,400;1,500&display=swap"
        }
    },
    {
        "requested_for": "https://www.invia.cz/",
        "time": 339832.793074,
        "requestId": "7460.53",
        "loaderId": "28A647C67BF16977B071D3192D5534D8",
        "requested_resource": "https://fonts.gstatic.com/s/roboto/v47/KFO7CnqEu92Fr1ME7kSn66aGLdTylUAMa3KUBGEe.woff2",
        "initiator": {
            "type": "parser",
            "url": "https://fonts.googleapis.com/css2?family=Roboto:ital,wght@0,400;0,500;0,700;1,400;1,500&display=swap"
        }
    },
    {
        "requested_for": "https://www.invia.cz/",
        "time": 339832.801949,
        "requestId": "7460.51",
        "loaderId": "28A647C67BF16977B071D3192D5534D8",
        "requested_resource": "https://fonts.gstatic.com/s/roboto/v47/KFO7CnqEu92Fr1ME7kSn66aGLdTylUAMaxKUBGEe.woff2",
        "initiator": {
            "type": "parser",
            "url": "https://fonts.googleapis.com/css2?family=Roboto:ital,wght@0,400;0,500;0,700;1,400;1,500&display=swap"
        }
    },
    {
        "requested_for": "https://www.invia.cz/",
        "time": 339832.820963,
        "requestId": "7460.82",
        "loaderId": "28A647C67BF16977B071D3192D5534D8",
        "requested_resource": "https://dcontent.inviacdn.net/shared/img/web-295x197/2025/3/18/d3/49480999.jpg",
        "initiator": {
            "columnNumber": 4,
            "lineNumber": 5094,
            "type": "parser",
            "url": "https://www.invia.cz/"
        }
    },
    {
        "requested_for": "https://www.invia.cz/",
        "time": 339832.821006,
        "requestId": "7460.83",
        "loaderId": "28A647C67BF16977B071D3192D5534D8",
        "requested_resource": "https://dcontent.inviacdn.net/shared/img/web-295x197/2025/3/18/d3/49481190.jpg",
        "initiator": {
            "columnNumber": 4,
            "lineNumber": 5094,
            "type": "parser",
            "url": "https://www.invia.cz/"
        }
    },
    {
        "requested_for": "https://www.invia.cz/",
        "time": 339832.821025,
        "requestId": "7460.84",
        "loaderId": "28A647C67BF16977B071D3192D5534D8",
        "requested_resource": "https://dcontent.inviacdn.net/shared/img/web-295x197/2023/11/17/d11/41869396.jpg",
        "initiator": {
            "columnNumber": 4,
            "lineNumber": 5094,
            "type": "parser",
            "url": "https://www.invia.cz/"
        }
    },
    {
        "requested_for": "https://www.invia.cz/",
        "time": 339832.821045,
        "requestId": "7460.85",
        "loaderId": "28A647C67BF16977B071D3192D5534D8",
        "requested_resource": "https://dcontent.inviacdn.net/shared/img/web-295x197/2022/12/6/d15/34485669.jpg",
        "initiator": {
            "columnNumber": 4,
            "lineNumber": 5094,
            "type": "parser",
            "url": "https://www.invia.cz/"
        }
    },
    {
        "requested_for": "https://www.invia.cz/",
        "time": 339832.821064,
        "requestId": "7460.90",
        "loaderId": "28A647C67BF16977B071D3192D5534D8",
        "requested_resource": "https://dcontent.inviacdn.net/shared/img/web-439x293/2025/2/18/m0/2184994.jpg",
        "initiator": {
            "columnNumber": 4,
            "lineNumber": 5094,
            "type": "parser",
            "url": "https://www.invia.cz/"
        }
    },
    {
        "requested_for": "https://www.invia.cz/",
        "time": 339832.821083,
        "requestId": "7460.91",
        "loaderId": "28A647C67BF16977B071D3192D5534D8",
        "requested_resource": "https://dcontent.inviacdn.net/shared/img/web-439x293/2023/11/8/m0/1875407.jpg",
        "initiator": {
            "columnNumber": 4,
            "lineNumber": 5094,
            "type": "parser",
            "url": "https://www.invia.cz/"
        }
    },
    {
        "requested_for": "https://www.invia.cz/",
        "time": 339832.821097,
        "requestId": "7460.92",
        "loaderId": "28A647C67BF16977B071D3192D5534D8",
        "requested_resource": "https://dcontent.inviacdn.net/shared/img/web-439x293/2025/2/25/m0/2189862.jpg",
        "initiator": {
            "columnNumber": 4,
            "lineNumber": 5094,
            "type": "parser",
            "url": "https://www.invia.cz/"
        }
    },
    {
        "requested_for": "https://www.invia.cz/",
        "time": 339832.821119,
        "requestId": "7460.93",
        "loaderId": "28A647C67BF16977B071D3192D5534D8",
        "requested_resource": "https://dcontent.inviacdn.net/shared/img/web-439x293/2024/10/2/m0/2101012.jpg",
        "initiator": {
            "columnNumber": 4,
            "lineNumber": 5094,
            "type": "parser",
            "url": "https://www.invia.cz/"
        }
    },
    {
        "requested_for": "https://www.invia.cz/",
        "time": 339832.824704,
        "requestId": "7460.128",
        "loaderId": "28A647C67BF16977B071D3192D5534D8",
        "requested_resource": "https://www.invia.cz/assets/invia2020/js/389.f94dda53a5455324c304.chunk.js",
        "initiator": {
            "stack": {
                "callFrames": [
                    {
                        "columnNumber": 26,
                        "functionName": "apply",
                        "lineNumber": 284,
                        "scriptId": "14",
                        "url": "chrome-extension://bbogkpojpmdnlonjjogfkaclifmgnbfe/d30a3496-b251-4c59-bcf4-621fe5cb420f"
                    },
                    {
                        "columnNumber": 24,
                        "functionName": "apply",
                        "lineNumber": 404,
                        "scriptId": "14",
                        "url": "chrome-extension://bbogkpojpmdnlonjjogfkaclifmgnbfe/d30a3496-b251-4c59-bcf4-621fe5cb420f"
                    },
                    {
                        "columnNumber": 733676,
                        "functionName": "i.l",
                        "lineNumber": 1,
                        "scriptId": "18",
                        "url": "https://www.invia.cz/assets/invia2020/js/app/hp.77fed086fb5f7f20ffc9.js"
                    },
                    {
                        "columnNumber": 734311,
                        "functionName": "i.f.j",
                        "lineNumber": 1,
                        "scriptId": "18",
                        "url": "https://www.invia.cz/assets/invia2020/js/app/hp.77fed086fb5f7f20ffc9.js"
                    },
                    {
                        "columnNumber": 732479,
                        "functionName": "",
                        "lineNumber": 1,
                        "scriptId": "18",
                        "url": "https://www.invia.cz/assets/invia2020/js/app/hp.77fed086fb5f7f20ffc9.js"
                    },
                    {
                        "columnNumber": 732457,
                        "functionName": "i.e",
                        "lineNumber": 1,
                        "scriptId": "18",
                        "url": "https://www.invia.cz/assets/invia2020/js/app/hp.77fed086fb5f7f20ffc9.js"
                    },
                    {
                        "columnNumber": 19103,
                        "functionName": "init",
                        "lineNumber": 1,
                        "scriptId": "18",
                        "url": "https://www.invia.cz/assets/invia2020/js/app/hp.77fed086fb5f7f20ffc9.js"
                    },
                    {
                        "columnNumber": 13717,
                        "functionName": "run",
                        "lineNumber": 1,
                        "scriptId": "18",
                        "url": "https://www.invia.cz/assets/invia2020/js/app/hp.77fed086fb5f7f20ffc9.js"
                    },
                    {
                        "columnNumber": 17,
                        "functionName": "",
                        "lineNumber": 5095,
                        "scriptId": "27",
                        "url": "https://www.invia.cz/"
                    }
                ]
            },
            "type": "script"
        }
    },
    {
        "requested_for": "https://www.invia.cz/",
        "time": 339832.824877,
        "requestId": "7460.129",
        "loaderId": "28A647C67BF16977B071D3192D5534D8",
        "requested_resource": "https://www.invia.cz/assets/invia2020/js/252.fa7d1620e07a7781e226.chunk.js",
        "initiator": {
            "stack": {
                "callFrames": [
                    {
                        "columnNumber": 26,
                        "functionName": "apply",
                        "lineNumber": 284,
                        "scriptId": "14",
                        "url": "chrome-extension://bbogkpojpmdnlonjjogfkaclifmgnbfe/d30a3496-b251-4c59-bcf4-621fe5cb420f"
                    },
                    {
                        "columnNumber": 24,
                        "functionName": "apply",
                        "lineNumber": 404,
                        "scriptId": "14",
                        "url": "chrome-extension://bbogkpojpmdnlonjjogfkaclifmgnbfe/d30a3496-b251-4c59-bcf4-621fe5cb420f"
                    },
                    {
                        "columnNumber": 733676,
                        "functionName": "i.l",
                        "lineNumber": 1,
                        "scriptId": "18",
                        "url": "https://www.invia.cz/assets/invia2020/js/app/hp.77fed086fb5f7f20ffc9.js"
                    },
                    {
                        "columnNumber": 734311,
                        "functionName": "i.f.j",
                        "lineNumber": 1,
                        "scriptId": "18",
                        "url": "https://www.invia.cz/assets/invia2020/js/app/hp.77fed086fb5f7f20ffc9.js"
                    },
                    {
                        "columnNumber": 732479,
                        "functionName": "",
                        "lineNumber": 1,
                        "scriptId": "18",
                        "url": "https://www.invia.cz/assets/invia2020/js/app/hp.77fed086fb5f7f20ffc9.js"
                    },
                    {
                        "columnNumber": 732457,
                        "functionName": "i.e",
                        "lineNumber": 1,
                        "scriptId": "18",
                        "url": "https://www.invia.cz/assets/invia2020/js/app/hp.77fed086fb5f7f20ffc9.js"
                    },
                    {
                        "columnNumber": 19112,
                        "functionName": "init",
                        "lineNumber": 1,
                        "scriptId": "18",
                        "url": "https://www.invia.cz/assets/invia2020/js/app/hp.77fed086fb5f7f20ffc9.js"
                    },
                    {
                        "columnNumber": 13717,
                        "functionName": "run",
                        "lineNumber": 1,
                        "scriptId": "18",
                        "url": "https://www.invia.cz/assets/invia2020/js/app/hp.77fed086fb5f7f20ffc9.js"
                    },
                    {
                        "columnNumber": 17,
                        "functionName": "",
                        "lineNumber": 5095,
                        "scriptId": "27",
                        "url": "https://www.invia.cz/"
                    }
                ]
            },
            "type": "script"
        }
    },
    {
        "requested_for": "https://www.invia.cz/",
        "time": 339832.824992,
        "requestId": "7460.130",
        "loaderId": "28A647C67BF16977B071D3192D5534D8",
        "requested_resource": "https://www.invia.cz/assets/invia2020/js/391.384c06334a6f724a999b.chunk.js",
        "initiator": {
            "stack": {
                "callFrames": [
                    {
                        "columnNumber": 26,
                        "functionName": "apply",
                        "lineNumber": 284,
                        "scriptId": "14",
                        "url": "chrome-extension://bbogkpojpmdnlonjjogfkaclifmgnbfe/d30a3496-b251-4c59-bcf4-621fe5cb420f"
                    },
                    {
                        "columnNumber": 24,
                        "functionName": "apply",
                        "lineNumber": 404,
                        "scriptId": "14",
                        "url": "chrome-extension://bbogkpojpmdnlonjjogfkaclifmgnbfe/d30a3496-b251-4c59-bcf4-621fe5cb420f"
                    },
                    {
                        "columnNumber": 733676,
                        "functionName": "i.l",
                        "lineNumber": 1,
                        "scriptId": "18",
                        "url": "https://www.invia.cz/assets/invia2020/js/app/hp.77fed086fb5f7f20ffc9.js"
                    },
                    {
                        "columnNumber": 734311,
                        "functionName": "i.f.j",
                        "lineNumber": 1,
                        "scriptId": "18",
                        "url": "https://www.invia.cz/assets/invia2020/js/app/hp.77fed086fb5f7f20ffc9.js"
                    },
                    {
                        "columnNumber": 732479,
                        "functionName": "",
                        "lineNumber": 1,
                        "scriptId": "18",
                        "url": "https://www.invia.cz/assets/invia2020/js/app/hp.77fed086fb5f7f20ffc9.js"
                    },
                    {
                        "columnNumber": 732457,
                        "functionName": "i.e",
                        "lineNumber": 1,
                        "scriptId": "18",
                        "url": "https://www.invia.cz/assets/invia2020/js/app/hp.77fed086fb5f7f20ffc9.js"
                    },
                    {
                        "columnNumber": 19121,
                        "functionName": "init",
                        "lineNumber": 1,
                        "scriptId": "18",
                        "url": "https://www.invia.cz/assets/invia2020/js/app/hp.77fed086fb5f7f20ffc9.js"
                    },
                    {
                        "columnNumber": 13717,
                        "functionName": "run",
                        "lineNumber": 1,
                        "scriptId": "18",
                        "url": "https://www.invia.cz/assets/invia2020/js/app/hp.77fed086fb5f7f20ffc9.js"
                    },
                    {
                        "columnNumber": 17,
                        "functionName": "",
                        "lineNumber": 5095,
                        "scriptId": "27",
                        "url": "https://www.invia.cz/"
                    }
                ]
            },
            "type": "script"
        }
    },
    {
        "requested_for": "https://www.invia.cz/",
        "time": 339832.825139,
        "requestId": "7460.131",
        "loaderId": "28A647C67BF16977B071D3192D5534D8",
        "requested_resource": "https://www.invia.cz/assets/invia2020/js/654.358f28d2a2b65f4d50ac.chunk.js",
        "initiator": {
            "stack": {
                "callFrames": [
                    {
                        "columnNumber": 26,
                        "functionName": "apply",
                        "lineNumber": 284,
                        "scriptId": "14",
                        "url": "chrome-extension://bbogkpojpmdnlonjjogfkaclifmgnbfe/d30a3496-b251-4c59-bcf4-621fe5cb420f"
                    },
                    {
                        "columnNumber": 24,
                        "functionName": "apply",
                        "lineNumber": 404,
                        "scriptId": "14",
                        "url": "chrome-extension://bbogkpojpmdnlonjjogfkaclifmgnbfe/d30a3496-b251-4c59-bcf4-621fe5cb420f"
                    },
                    {
                        "columnNumber": 733676,
                        "functionName": "i.l",
                        "lineNumber": 1,
                        "scriptId": "18",
                        "url": "https://www.invia.cz/assets/invia2020/js/app/hp.77fed086fb5f7f20ffc9.js"
                    },
                    {
                        "columnNumber": 734311,
                        "functionName": "i.f.j",
                        "lineNumber": 1,
                        "scriptId": "18",
                        "url": "https://www.invia.cz/assets/invia2020/js/app/hp.77fed086fb5f7f20ffc9.js"
                    },
                    {
                        "columnNumber": 732479,
                        "functionName": "",
                        "lineNumber": 1,
                        "scriptId": "18",
                        "url": "https://www.invia.cz/assets/invia2020/js/app/hp.77fed086fb5f7f20ffc9.js"
                    },
                    {
                        "columnNumber": 732457,
                        "functionName": "i.e",
                        "lineNumber": 1,
                        "scriptId": "18",
                        "url": "https://www.invia.cz/assets/invia2020/js/app/hp.77fed086fb5f7f20ffc9.js"
                    },
                    {
                        "columnNumber": 19130,
                        "functionName": "init",
                        "lineNumber": 1,
                        "scriptId": "18",
                        "url": "https://www.invia.cz/assets/invia2020/js/app/hp.77fed086fb5f7f20ffc9.js"
                    },
                    {
                        "columnNumber": 13717,
                        "functionName": "run",
                        "lineNumber": 1,
                        "scriptId": "18",
                        "url": "https://www.invia.cz/assets/invia2020/js/app/hp.77fed086fb5f7f20ffc9.js"
                    },
                    {
                        "columnNumber": 17,
                        "functionName": "",
                        "lineNumber": 5095,
                        "scriptId": "27",
                        "url": "https://www.invia.cz/"
                    }
                ]
            },
            "type": "script"
        }
    },
    {
        "requested_for": "https://www.invia.cz/",
        "time": 339832.825247,
        "requestId": "7460.132",
        "loaderId": "28A647C67BF16977B071D3192D5534D8",
        "requested_resource": "https://www.invia.cz/assets/invia2020/js/935.0e6d4377bd9b5c87efb1.chunk.js",
        "initiator": {
            "stack": {
                "callFrames": [
                    {
                        "columnNumber": 26,
                        "functionName": "apply",
                        "lineNumber": 284,
                        "scriptId": "14",
                        "url": "chrome-extension://bbogkpojpmdnlonjjogfkaclifmgnbfe/d30a3496-b251-4c59-bcf4-621fe5cb420f"
                    },
                    {
                        "columnNumber": 24,
                        "functionName": "apply",
                        "lineNumber": 404,
                        "scriptId": "14",
                        "url": "chrome-extension://bbogkpojpmdnlonjjogfkaclifmgnbfe/d30a3496-b251-4c59-bcf4-621fe5cb420f"
                    },
                    {
                        "columnNumber": 733676,
                        "functionName": "i.l",
                        "lineNumber": 1,
                        "scriptId": "18",
                        "url": "https://www.invia.cz/assets/invia2020/js/app/hp.77fed086fb5f7f20ffc9.js"
                    },
                    {
                        "columnNumber": 734311,
                        "functionName": "i.f.j",
                        "lineNumber": 1,
                        "scriptId": "18",
                        "url": "https://www.invia.cz/assets/invia2020/js/app/hp.77fed086fb5f7f20ffc9.js"
                    },
                    {
                        "columnNumber": 732479,
                        "functionName": "",
                        "lineNumber": 1,
                        "scriptId": "18",
                        "url": "https://www.invia.cz/assets/invia2020/js/app/hp.77fed086fb5f7f20ffc9.js"
                    },
                    {
                        "columnNumber": 732457,
                        "functionName": "i.e",
                        "lineNumber": 1,
                        "scriptId": "18",
                        "url": "https://www.invia.cz/assets/invia2020/js/app/hp.77fed086fb5f7f20ffc9.js"
                    },
                    {
                        "columnNumber": 19139,
                        "functionName": "init",
                        "lineNumber": 1,
                        "scriptId": "18",
                        "url": "https://www.invia.cz/assets/invia2020/js/app/hp.77fed086fb5f7f20ffc9.js"
                    },
                    {
                        "columnNumber": 13717,
                        "functionName": "run",
                        "lineNumber": 1,
                        "scriptId": "18",
                        "url": "https://www.invia.cz/assets/invia2020/js/app/hp.77fed086fb5f7f20ffc9.js"
                    },
                    {
                        "columnNumber": 17,
                        "functionName": "",
                        "lineNumber": 5095,
                        "scriptId": "27",
                        "url": "https://www.invia.cz/"
                    }
                ]
            },
            "type": "script"
        }
    },
    {
        "requested_for": "https://www.invia.cz/",
        "time": 339832.825328,
        "requestId": "7460.133",
        "loaderId": "28A647C67BF16977B071D3192D5534D8",
        "requested_resource": "https://www.invia.cz/assets/invia2020/js/helpers/searchFormReact.f9ab299c6233851ba8d3.chunk.js",
        "initiator": {
            "stack": {
                "callFrames": [
                    {
                        "columnNumber": 26,
                        "functionName": "apply",
                        "lineNumber": 284,
                        "scriptId": "14",
                        "url": "chrome-extension://bbogkpojpmdnlonjjogfkaclifmgnbfe/d30a3496-b251-4c59-bcf4-621fe5cb420f"
                    },
                    {
                        "columnNumber": 24,
                        "functionName": "apply",
                        "lineNumber": 404,
                        "scriptId": "14",
                        "url": "chrome-extension://bbogkpojpmdnlonjjogfkaclifmgnbfe/d30a3496-b251-4c59-bcf4-621fe5cb420f"
                    },
                    {
                        "columnNumber": 733676,
                        "functionName": "i.l",
                        "lineNumber": 1,
                        "scriptId": "18",
                        "url": "https://www.invia.cz/assets/invia2020/js/app/hp.77fed086fb5f7f20ffc9.js"
                    },
                    {
                        "columnNumber": 734311,
                        "functionName": "i.f.j",
                        "lineNumber": 1,
                        "scriptId": "18",
                        "url": "https://www.invia.cz/assets/invia2020/js/app/hp.77fed086fb5f7f20ffc9.js"
                    },
                    {
                        "columnNumber": 732479,
                        "functionName": "",
                        "lineNumber": 1,
                        "scriptId": "18",
                        "url": "https://www.invia.cz/assets/invia2020/js/app/hp.77fed086fb5f7f20ffc9.js"
                    },
                    {
                        "columnNumber": 732457,
                        "functionName": "i.e",
                        "lineNumber": 1,
                        "scriptId": "18",
                        "url": "https://www.invia.cz/assets/invia2020/js/app/hp.77fed086fb5f7f20ffc9.js"
                    },
                    {
                        "columnNumber": 19148,
                        "functionName": "init",
                        "lineNumber": 1,
                        "scriptId": "18",
                        "url": "https://www.invia.cz/assets/invia2020/js/app/hp.77fed086fb5f7f20ffc9.js"
                    },
                    {
                        "columnNumber": 13717,
                        "functionName": "run",
                        "lineNumber": 1,
                        "scriptId": "18",
                        "url": "https://www.invia.cz/assets/invia2020/js/app/hp.77fed086fb5f7f20ffc9.js"
                    },
                    {
                        "columnNumber": 17,
                        "functionName": "",
                        "lineNumber": 5095,
                        "scriptId": "27",
                        "url": "https://www.invia.cz/"
                    }
                ]
            },
            "type": "script"
        }
    },
    {
        "requested_for": "https://www.invia.cz/",
        "time": 339832.841729,
        "requestId": "7460.136",
        "loaderId": "28A647C67BF16977B071D3192D5534D8",
        "requested_resource": "https://www.invia.cz/ajax-attractive-destination?term_type_id=1",
        "initiator": {
            "stack": {
                "callFrames": [
                    {
                        "columnNumber": 15662,
                        "functionName": "window.fetch",
                        "lineNumber": 1,
                        "scriptId": "18",
                        "url": "https://www.invia.cz/assets/invia2020/js/app/hp.77fed086fb5f7f20ffc9.js"
                    },
                    {
                        "columnNumber": 51099,
                        "functionName": "attractiveDestination",
                        "lineNumber": 1,
                        "scriptId": "18",
                        "url": "https://www.invia.cz/assets/invia2020/js/app/hp.77fed086fb5f7f20ffc9.js"
                    },
                    {
                        "columnNumber": 50746,
                        "functionName": "load",
                        "lineNumber": 1,
                        "scriptId": "18",
                        "url": "https://www.invia.cz/assets/invia2020/js/app/hp.77fed086fb5f7f20ffc9.js"
                    },
                    {
                        "columnNumber": 50533,
                        "functionName": "connect",
                        "lineNumber": 1,
                        "scriptId": "18",
                        "url": "https://www.invia.cz/assets/invia2020/js/app/hp.77fed086fb5f7f20ffc9.js"
                    },
                    {
                        "columnNumber": 549854,
                        "functionName": "connect",
                        "lineNumber": 1,
                        "scriptId": "18",
                        "url": "https://www.invia.cz/assets/invia2020/js/app/hp.77fed086fb5f7f20ffc9.js"
                    },
                    {
                        "columnNumber": 552717,
                        "functionName": "connectContextForScope",
                        "lineNumber": 1,
                        "scriptId": "18",
                        "url": "https://www.invia.cz/assets/invia2020/js/app/hp.77fed086fb5f7f20ffc9.js"
                    },
                    {
                        "columnNumber": 560051,
                        "functionName": "scopeConnected",
                        "lineNumber": 1,
                        "scriptId": "18",
                        "url": "https://www.invia.cz/assets/invia2020/js/app/hp.77fed086fb5f7f20ffc9.js"
                    },
                    {
                        "columnNumber": 558216,
                        "functionName": "elementMatchedValue",
                        "lineNumber": 1,
                        "scriptId": "18",
                        "url": "https://www.invia.cz/assets/invia2020/js/app/hp.77fed086fb5f7f20ffc9.js"
                    },
                    {
                        "columnNumber": 539906,
                        "functionName": "tokenMatched",
                        "lineNumber": 1,
                        "scriptId": "18",
                        "url": "https://www.invia.cz/assets/invia2020/js/app/hp.77fed086fb5f7f20ffc9.js"
                    },
                    {
                        "columnNumber": 538585,
                        "functionName": "tokenMatched",
                        "lineNumber": 1,
                        "scriptId": "18",
                        "url": "https://www.invia.cz/assets/invia2020/js/app/hp.77fed086fb5f7f20ffc9.js"
                    },
                    {
                        "columnNumber": 538479,
                        "functionName": "",
                        "lineNumber": 1,
                        "scriptId": "18",
                        "url": "https://www.invia.cz/assets/invia2020/js/app/hp.77fed086fb5f7f20ffc9.js"
                    },
                    {
                        "columnNumber": 538462,
                        "functionName": "tokensMatched",
                        "lineNumber": 1,
                        "scriptId": "18",
                        "url": "https://www.invia.cz/assets/invia2020/js/app/hp.77fed086fb5f7f20ffc9.js"
                    },
                    {
                        "columnNumber": 538187,
                        "functionName": "elementMatchedAttribute",
                        "lineNumber": 1,
                        "scriptId": "18",
                        "url": "https://www.invia.cz/assets/invia2020/js/app/hp.77fed086fb5f7f20ffc9.js"
                    },
                    {
                        "columnNumber": 533057,
                        "functionName": "elementMatched",
                        "lineNumber": 1,
                        "scriptId": "18",
                        "url": "https://www.invia.cz/assets/invia2020/js/app/hp.77fed086fb5f7f20ffc9.js"
                    },
                    {
                        "columnNumber": 532253,
                        "functionName": "addElement",
                        "lineNumber": 1,
                        "scriptId": "18",
                        "url": "https://www.invia.cz/assets/invia2020/js/app/hp.77fed086fb5f7f20ffc9.js"
                    },
                    {
                        "columnNumber": 530987,
                        "functionName": "refresh",
                        "lineNumber": 1,
                        "scriptId": "18",
                        "url": "https://www.invia.cz/assets/invia2020/js/app/hp.77fed086fb5f7f20ffc9.js"
                    },
                    {
                        "columnNumber": 530506,
                        "functionName": "start",
                        "lineNumber": 1,
                        "scriptId": "18",
                        "url": "https://www.invia.cz/assets/invia2020/js/app/hp.77fed086fb5f7f20ffc9.js"
                    },
                    {
                        "columnNumber": 532629,
                        "functionName": "start",
                        "lineNumber": 1,
                        "scriptId": "18",
                        "url": "https://www.invia.cz/assets/invia2020/js/app/hp.77fed086fb5f7f20ffc9.js"
                    },
                    {
                        "columnNumber": 537910,
                        "functionName": "start",
                        "lineNumber": 1,
                        "scriptId": "18",
                        "url": "https://www.invia.cz/assets/invia2020/js/app/hp.77fed086fb5f7f20ffc9.js"
                    },
                    {
                        "columnNumber": 539560,
                        "functionName": "start",
                        "lineNumber": 1,
                        "scriptId": "18",
                        "url": "https://www.invia.cz/assets/invia2020/js/app/hp.77fed086fb5f7f20ffc9.js"
                    },
                    {
                        "columnNumber": 557691,
                        "functionName": "start",
                        "lineNumber": 1,
                        "scriptId": "18",
                        "url": "https://www.invia.cz/assets/invia2020/js/app/hp.77fed086fb5f7f20ffc9.js"
                    },
                    {
                        "columnNumber": 559067,
                        "functionName": "start",
                        "lineNumber": 1,
                        "scriptId": "18",
                        "url": "https://www.invia.cz/assets/invia2020/js/app/hp.77fed086fb5f7f20ffc9.js"
                    },
                    {
                        "columnNumber": 561671,
                        "functionName": "start",
                        "lineNumber": 1,
                        "scriptId": "18",
                        "url": "https://www.invia.cz/assets/invia2020/js/app/hp.77fed086fb5f7f20ffc9.js"
                    }
                ]
            },
            "type": "script"
        }
    },
    {
        "requested_for": "https://www.invia.cz/",
        "time": 339832.91066,
        "requestId": "7460.79",
        "loaderId": "28A647C67BF16977B071D3192D5534D8",
        "requested_resource": "https://dcontent.inviacdn.net/shared/img/web-1240x350/2024/2/14/m0/1936309.jpg",
        "initiator": {
            "columnNumber": 1,
            "lineNumber": 5103,
            "type": "parser",
            "url": "https://www.invia.cz/"
        }
    },
    {
        "requested_for": "https://www.invia.cz/",
        "time": 339832.910711,
        "requestId": "7460.86",
        "loaderId": "28A647C67BF16977B071D3192D5534D8",
        "requested_resource": "https://dcontent.inviacdn.net/shared/img/web-295x197/2021/9/8/d10/30997297.jpg",
        "initiator": {
            "columnNumber": 1,
            "lineNumber": 5103,
            "type": "parser",
            "url": "https://www.invia.cz/"
        }
    },
    {
        "requested_for": "https://www.invia.cz/",
        "time": 339832.910729,
        "requestId": "7460.87",
        "loaderId": "28A647C67BF16977B071D3192D5534D8",
        "requested_resource": "https://dcontent.inviacdn.net/shared/img/web-295x197/2025/3/18/d3/49481650.jpg",
        "initiator": {
            "columnNumber": 1,
            "lineNumber": 5103,
            "type": "parser",
            "url": "https://www.invia.cz/"
        }
    },
    {
        "requested_for": "https://www.invia.cz/",
        "time": 339833.046122,
        "requestId": "7460.140",
        "loaderId": "28A647C67BF16977B071D3192D5534D8",
        "requested_resource": "https://www.invia.cz/direct/tour_search/ajax-get-search-form-fields-def/?s_holiday_target=tours",
        "initiator": {
            "stack": {
                "callFrames": [
                    {
                        "columnNumber": 15662,
                        "functionName": "window.fetch",
                        "lineNumber": 1,
                        "scriptId": "18",
                        "url": "https://www.invia.cz/assets/invia2020/js/app/hp.77fed086fb5f7f20ffc9.js"
                    },
                    {
                        "columnNumber": 23875,
                        "functionName": "o",
                        "lineNumber": 0,
                        "scriptId": "34",
                        "url": "https://www.invia.cz/assets/invia2020/js/helpers/searchFormReact.f9ab299c6233851ba8d3.chunk.js"
                    },
                    {
                        "columnNumber": 17302,
                        "functionName": "m",
                        "lineNumber": 0,
                        "scriptId": "34",
                        "url": "https://www.invia.cz/assets/invia2020/js/helpers/searchFormReact.f9ab299c6233851ba8d3.chunk.js"
                    },
                    {
                        "columnNumber": 19191,
                        "functionName": "",
                        "lineNumber": 1,
                        "scriptId": "18",
                        "url": "https://www.invia.cz/assets/invia2020/js/app/hp.77fed086fb5f7f20ffc9.js"
                    }
                ]
            },
            "type": "script"
        }
    },
    {
        "requested_for": "https://www.invia.cz/",
        "time": 339833.046904,
        "requestId": "7460.141",
        "loaderId": "28A647C67BF16977B071D3192D5534D8",
        "requested_resource": "https://scontent.inviacdn.net/invia2020/invia.webmanifest",
        "initiator": {
            "type": "other"
        }
    },
    {
        "requested_for": "https://www.invia.cz/",
        "time": 339833.047723,
        "requestId": "7460.142",
        "loaderId": "28A647C67BF16977B071D3192D5534D8",
        "requested_resource": "https://scontent.inviacdn.net/invia2020/img/favicon/favicon.ico",
        "initiator": {
            "type": "other"
        }
    },
    {
        "requested_for": "https://www.invia.cz/",
        "time": 339838.09935,
        "requestId": "7460.80",
        "loaderId": "28A647C67BF16977B071D3192D5534D8",
        "requested_resource": "https://dcontent.inviacdn.net/shared/img/web-1240x350/2025/3/10/m0/2195505.jpg",
        "initiator": {
            "type": "other"
        }
    }
]