{"fpd_access_logs":{"837154588":{"window.localStorage":{"get":{"args":{"":7},"total":7,"callers":{"Error: FPDCallerTracker\n    at replacementPD (chrome-extension://bbogkpojpmdnlonjjogfkaclifmgnbfe/d30a3496-b251-4c59-bcf4-621fe5cb420f:3734:11)\n    at Object.apply (chrome-extension://bbogkpojpmdnlonjjogfkaclifmgnbfe/d30a3496-b251-4c59-bcf4-621fe5cb420f:405:25)\n    at jt (https://cdn.split.io/sdk/split-10.23.1.min.js:2:37850)\n    at https://cdn.split.io/sdk/split-10.23.1.min.js:2:98798\n    at https://cdn.split.io/sdk/split-10.23.1.min.js:2:122955\n    at https://cdn.split.io/sdk/split-10.23.1.min.js:2:191\n    at https://cdn.split.io/sdk/split-10.23.1.min.js:2:195":true,"Error: FPDCallerTracker\n    at replacementPD (chrome-extension://bbogkpojpmdnlonjjogfkaclifmgnbfe/d30a3496-b251-4c59-bcf4-621fe5cb420f:3734:11)\n    at Object.apply (chrome-extension://bbogkpojpmdnlonjjogfkaclifmgnbfe/d30a3496-b251-4c59-bcf4-621fe5cb420f:405:25)\n    at jt (https://cdn.split.io/sdk/split-10.23.1.min.js:2:37896)\n    at https://cdn.split.io/sdk/split-10.23.1.min.js:2:98798\n    at https://cdn.split.io/sdk/split-10.23.1.min.js:2:122955\n    at https://cdn.split.io/sdk/split-10.23.1.min.js:2:191\n    at https://cdn.split.io/sdk/split-10.23.1.min.js:2:195":true,"Error: FPDCallerTracker\n    at replacementPD (chrome-extension://bbogkpojpmdnlonjjogfkaclifmgnbfe/d30a3496-b251-4c59-bcf4-621fe5cb420f:3734:11)\n    at Object.apply (chrome-extension://bbogkpojpmdnlonjjogfkaclifmgnbfe/d30a3496-b251-4c59-bcf4-621fe5cb420f:405:25)\n    at https://cdn.split.io/sdk/split-10.23.1.min.js:2:98803\n    at https://cdn.split.io/sdk/split-10.23.1.min.js:2:122955\n    at https://cdn.split.io/sdk/split-10.23.1.min.js:2:191\n    at https://cdn.split.io/sdk/split-10.23.1.min.js:2:195":true,"Error: FPDCallerTracker\n    at replacementPD (chrome-extension://bbogkpojpmdnlonjjogfkaclifmgnbfe/d30a3496-b251-4c59-bcf4-621fe5cb420f:3734:11)\n    at Object.apply (chrome-extension://bbogkpojpmdnlonjjogfkaclifmgnbfe/d30a3496-b251-4c59-bcf4-621fe5cb420f:405:25)\n    at E (https://www.invia.cz/assets/invia2020/js/app/hp.77fed086fb5f7f20ffc9.js:2:12995)\n    at k.interceptAjaxCalls (https://www.invia.cz/assets/invia2020/js/app/hp.77fed086fb5f7f20ffc9.js:2:14976)\n    at k.run (https://www.invia.cz/assets/invia2020/js/app/hp.77fed086fb5f7f20ffc9.js:2:13445)\n    at https://www.invia.cz/:5096:18":true,"Error: FPDCallerTracker\n    at replacementPD (chrome-extension://bbogkpojpmdnlonjjogfkaclifmgnbfe/d30a3496-b251-4c59-bcf4-621fe5cb420f:3734:11)\n    at Object.apply (chrome-extension://bbogkpojpmdnlonjjogfkaclifmgnbfe/d30a3496-b251-4c59-bcf4-621fe5cb420f:405:25)\n    at E (https://www.invia.cz/assets/invia2020/js/app/hp.77fed086fb5f7f20ffc9.js:2:12995)\n    at k.interceptAjaxCalls (https://www.invia.cz/assets/invia2020/js/app/hp.77fed086fb5f7f20ffc9.js:2:15064)\n    at k.run (https://www.invia.cz/assets/invia2020/js/app/hp.77fed086fb5f7f20ffc9.js:2:13445)\n    at https://www.invia.cz/:5096:18":true,"Error: FPDCallerTracker\n    at replacementPD (chrome-extension://bbogkpojpmdnlonjjogfkaclifmgnbfe/d30a3496-b251-4c59-bcf4-621fe5cb420f:3734:11)\n    at Object.apply (chrome-extension://bbogkpojpmdnlonjjogfkaclifmgnbfe/d30a3496-b251-4c59-bcf4-621fe5cb420f:405:25)\n    at E (https://www.invia.cz/assets/invia2020/js/app/hp.77fed086fb5f7f20ffc9.js:2:12995)\n    at https://www.invia.cz/assets/invia2020/js/app/hp.77fed086fb5f7f20ffc9.js:2:15750":true}}},"Navigator.prototype.userAgent":{"get":{"args":{"":3},"total":3,"callers":{"Error: FPDCallerTracker\n    at Navigator.replacementPD (chrome-extension://bbogkpojpmdnlonjjogfkaclifmgnbfe/d30a3496-b251-4c59-bcf4-621fe5cb420f:970:11)\n    at Object.apply (chrome-extension://bbogkpojpmdnlonjjogfkaclifmgnbfe/d30a3496-b251-4c59-bcf4-621fe5cb420f:405:25)\n    at https://www.invia.cz/:105:32\n    at https://www.invia.cz/:112:10":true,"Error: FPDCallerTracker\n    at Navigator.replacementPD (chrome-extension://bbogkpojpmdnlonjjogfkaclifmgnbfe/d30a3496-b251-4c59-bcf4-621fe5cb420f:970:11)\n    at Object.apply (chrome-extension://bbogkpojpmdnlonjjogfkaclifmgnbfe/d30a3496-b251-4c59-bcf4-621fe5cb420f:405:25)\n    at 31474 (https://www.invia.cz/assets/invia2020/js/app/hp.77fed086fb5f7f20ffc9.js:2:645578)\n    at i (https://www.invia.cz/assets/invia2020/js/app/hp.77fed086fb5f7f20ffc9.js:2:732195)\n    at 73158 (https://www.invia.cz/assets/invia2020/js/app/hp.77fed086fb5f7f20ffc9.js:2:645640)\n    at i (https://www.invia.cz/assets/invia2020/js/app/hp.77fed086fb5f7f20ffc9.js:2:732195)\n    at 11153 (https://www.invia.cz/assets/invia2020/js/app/hp.77fed086fb5f7f20ffc9.js:2:670591)\n    at i (https://www.invia.cz/assets/invia2020/js/app/hp.77fed086fb5f7f20ffc9.js:2:732195)\n    at 75034 (https://www.invia.cz/assets/invia2020/js/app/hp.77fed086fb5f7f20ffc9.js:2:673864)\n    at i (https://www.invia.cz/assets/invia2020/js/app/hp.77fed086fb5f7f20ffc9.js:2:732195)":true,"Error: FPDCallerTracker\n    at Navigator.replacementPD (chrome-extension://bbogkpojpmdnlonjjogfkaclifmgnbfe/d30a3496-b251-4c59-bcf4-621fe5cb420f:970:11)\n    at Object.apply (chrome-extension://bbogkpojpmdnlonjjogfkaclifmgnbfe/d30a3496-b251-4c59-bcf4-621fe5cb420f:405:25)\n    at 33082 (https://www.invia.cz/assets/invia2020/js/654.358f28d2a2b65f4d50ac.chunk.js:2:61245)\n    at i (https://www.invia.cz/assets/invia2020/js/app/hp.77fed086fb5f7f20ffc9.js:2:732195)\n    at 12846 (https://www.invia.cz/assets/invia2020/js/helpers/searchFormReact.f9ab299c6233851ba8d3.chunk.js:1:26426)\n    at i (https://www.invia.cz/assets/invia2020/js/app/hp.77fed086fb5f7f20ffc9.js:2:732195)\n    at 99165 (https://www.invia.cz/assets/invia2020/js/helpers/searchFormReact.f9ab299c6233851ba8d3.chunk.js:1:10528)\n    at i (https://www.invia.cz/assets/invia2020/js/app/hp.77fed086fb5f7f20ffc9.js:2:732195)\n    at 10442 (https://www.invia.cz/assets/invia2020/js/helpers/searchFormReact.f9ab299c6233851ba8d3.chunk.js:1:16902)\n    at i (https://www.invia.cz/assets/invia2020/js/app/hp.77fed086fb5f7f20ffc9.js:2:732195)":true}}},"Date.now":{"call":{"args":{"":2},"total":2,"callers":{"Error: FPDCallerTracker\n    at Date.replacementF (chrome-extension://bbogkpojpmdnlonjjogfkaclifmgnbfe/d30a3496-b251-4c59-bcf4-621fe5cb420f:4039:11)\n    at Date.replacementF (chrome-extension://bbogkpojpmdnlonjjogfkaclifmgnbfe/d30a3496-b251-4c59-bcf4-621fe5cb420f:4059:41)\n    at Object.apply (chrome-extension://bbogkpojpmdnlonjjogfkaclifmgnbfe/d30a3496-b251-4c59-bcf4-621fe5cb420f:405:25)\n    at 52112 (https://www.invia.cz/assets/invia2020/js/app/hp.77fed086fb5f7f20ffc9.js:2:289800)\n    at i (https://www.invia.cz/assets/invia2020/js/app/hp.77fed086fb5f7f20ffc9.js:2:732195)\n    at 93659 (https://www.invia.cz/assets/invia2020/js/app/hp.77fed086fb5f7f20ffc9.js:2:219822)\n    at i (https://www.invia.cz/assets/invia2020/js/app/hp.77fed086fb5f7f20ffc9.js:2:732195)\n    at 52196 (https://www.invia.cz/assets/invia2020/js/app/hp.77fed086fb5f7f20ffc9.js:2:52799)\n    at i (https://www.invia.cz/assets/invia2020/js/app/hp.77fed086fb5f7f20ffc9.js:2:732195)\n    at https://www.invia.cz/assets/invia2020/js/app/hp.77fed086fb5f7f20ffc9.js:2:734695":true,"Error: FPDCallerTracker\n    at replacementF (chrome-extension://bbogkpojpmdnlonjjogfkaclifmgnbfe/d30a3496-b251-4c59-bcf4-621fe5cb420f:4039:11)\n    at replacementF (chrome-extension://bbogkpojpmdnlonjjogfkaclifmgnbfe/d30a3496-b251-4c59-bcf4-621fe5cb420f:4059:41)\n    at Object.apply (chrome-extension://bbogkpojpmdnlonjjogfkaclifmgnbfe/d30a3496-b251-4c59-bcf4-621fe5cb420f:405:25)\n    at https://www.invia.cz/assets/invia2020/js/654.358f28d2a2b65f4d50ac.chunk.js:2:183570\n    at re (https://www.invia.cz/assets/invia2020/js/654.358f28d2a2b65f4d50ac.chunk.js:2:183729)\n    at oe (https://www.invia.cz/assets/invia2020/js/654.358f28d2a2b65f4d50ac.chunk.js:2:183797)\n    at 98221 (https://www.invia.cz/assets/invia2020/js/654.358f28d2a2b65f4d50ac.chunk.js:2:184063)\n    at i (https://www.invia.cz/assets/invia2020/js/app/hp.77fed086fb5f7f20ffc9.js:2:732195)\n    at 85218 (https://www.invia.cz/assets/invia2020/js/helpers/searchFormReact.f9ab299c6233851ba8d3.chunk.js:1:144201)\n    at i (https://www.invia.cz/assets/invia2020/js/app/hp.77fed086fb5f7f20ffc9.js:2:732195)":true}}},"HTMLElement.prototype.offsetWidth":{"get":{"args":{"":44},"total":44,"callers":{"Error: FPDCallerTracker\n    at HTMLDivElement.replacementPD (chrome-extension://bbogkpojpmdnlonjjogfkaclifmgnbfe/d30a3496-b251-4c59-bcf4-621fe5cb420f:4264:11)\n    at Object.apply (chrome-extension://bbogkpojpmdnlonjjogfkaclifmgnbfe/d30a3496-b251-4c59-bcf4-621fe5cb420f:405:25)\n    at Object.e [as measure] (https://www.invia.cz/assets/invia2020/js/app/hp.77fed086fb5f7f20ffc9.js:2:704183)\n    at W (https://www.invia.cz/assets/invia2020/js/app/hp.77fed086fb5f7f20ffc9.js:2:712786)\n    at T (https://www.invia.cz/assets/invia2020/js/app/hp.77fed086fb5f7f20ffc9.js:2:716260)\n    at C (https://www.invia.cz/assets/invia2020/js/app/hp.77fed086fb5f7f20ffc9.js:2:716427)\n    at J (https://www.invia.cz/assets/invia2020/js/app/hp.77fed086fb5f7f20ffc9.js:2:718176)\n    at t.initializeCarousel (https://www.invia.cz/assets/invia2020/js/app/hp.77fed086fb5f7f20ffc9.js:2:29790)\n    at t.appear (https://www.invia.cz/assets/invia2020/js/app/hp.77fed086fb5f7f20ffc9.js:2:28372)\n    at https://www.invia.cz/assets/invia2020/js/app/hp.77fed086fb5f7f20ffc9.js:2:28525":true,"Error: FPDCallerTracker\n    at HTMLDivElement.replacementPD (chrome-extension://bbogkpojpmdnlonjjogfkaclifmgnbfe/d30a3496-b251-4c59-bcf4-621fe5cb420f:4264:11)\n    at Object.apply (chrome-extension://bbogkpojpmdnlonjjogfkaclifmgnbfe/d30a3496-b251-4c59-bcf4-621fe5cb420f:405:25)\n    at e (https://www.invia.cz/assets/invia2020/js/app/hp.77fed086fb5f7f20ffc9.js:2:704183)\n    at Array.map (<anonymous>)\n    at W (https://www.invia.cz/assets/invia2020/js/app/hp.77fed086fb5f7f20ffc9.js:2:712802)\n    at T (https://www.invia.cz/assets/invia2020/js/app/hp.77fed086fb5f7f20ffc9.js:2:716260)\n    at C (https://www.invia.cz/assets/invia2020/js/app/hp.77fed086fb5f7f20ffc9.js:2:716427)\n    at J (https://www.invia.cz/assets/invia2020/js/app/hp.77fed086fb5f7f20ffc9.js:2:718176)\n    at t.initializeCarousel (https://www.invia.cz/assets/invia2020/js/app/hp.77fed086fb5f7f20ffc9.js:2:29790)\n    at t.appear (https://www.invia.cz/assets/invia2020/js/app/hp.77fed086fb5f7f20ffc9.js:2:28372)":true,"Error: FPDCallerTracker\n    at HTMLDivElement.replacementPD (chrome-extension://bbogkpojpmdnlonjjogfkaclifmgnbfe/d30a3496-b251-4c59-bcf4-621fe5cb420f:4264:11)\n    at Object.apply (chrome-extension://bbogkpojpmdnlonjjogfkaclifmgnbfe/d30a3496-b251-4c59-bcf4-621fe5cb420f:405:25)\n    at Object.e [as measure] (https://www.invia.cz/assets/invia2020/js/app/hp.77fed086fb5f7f20ffc9.js:2:704183)\n    at p (https://www.invia.cz/assets/invia2020/js/app/hp.77fed086fb5f7f20ffc9.js:2:704485)\n    at Object.m [as init] (https://www.invia.cz/assets/invia2020/js/app/hp.77fed086fb5f7f20ffc9.js:2:704694)\n    at C (https://www.invia.cz/assets/invia2020/js/app/hp.77fed086fb5f7f20ffc9.js:2:716649)\n    at J (https://www.invia.cz/assets/invia2020/js/app/hp.77fed086fb5f7f20ffc9.js:2:718176)\n    at t.initializeCarousel (https://www.invia.cz/assets/invia2020/js/app/hp.77fed086fb5f7f20ffc9.js:2:29790)\n    at t.appear (https://www.invia.cz/assets/invia2020/js/app/hp.77fed086fb5f7f20ffc9.js:2:28372)\n    at https://www.invia.cz/assets/invia2020/js/app/hp.77fed086fb5f7f20ffc9.js:2:28525":true,"Error: FPDCallerTracker\n    at HTMLDivElement.replacementPD (chrome-extension://bbogkpojpmdnlonjjogfkaclifmgnbfe/d30a3496-b251-4c59-bcf4-621fe5cb420f:4264:11)\n    at Object.apply (chrome-extension://bbogkpojpmdnlonjjogfkaclifmgnbfe/d30a3496-b251-4c59-bcf4-621fe5cb420f:405:25)\n    at Object.e [as measure] (https://www.invia.cz/assets/invia2020/js/app/hp.77fed086fb5f7f20ffc9.js:2:704183)\n    at p (https://www.invia.cz/assets/invia2020/js/app/hp.77fed086fb5f7f20ffc9.js:2:704485)\n    at Array.map (<anonymous>)\n    at Object.m [as init] (https://www.invia.cz/assets/invia2020/js/app/hp.77fed086fb5f7f20ffc9.js:2:704703)\n    at C (https://www.invia.cz/assets/invia2020/js/app/hp.77fed086fb5f7f20ffc9.js:2:716649)\n    at J (https://www.invia.cz/assets/invia2020/js/app/hp.77fed086fb5f7f20ffc9.js:2:718176)\n    at t.initializeCarousel (https://www.invia.cz/assets/invia2020/js/app/hp.77fed086fb5f7f20ffc9.js:2:29790)\n    at t.appear (https://www.invia.cz/assets/invia2020/js/app/hp.77fed086fb5f7f20ffc9.js:2:28372)":true,"Error: FPDCallerTracker\n    at HTMLDivElement.replacementPD (chrome-extension://bbogkpojpmdnlonjjogfkaclifmgnbfe/d30a3496-b251-4c59-bcf4-621fe5cb420f:4264:11)\n    at Object.apply (chrome-extension://bbogkpojpmdnlonjjogfkaclifmgnbfe/d30a3496-b251-4c59-bcf4-621fe5cb420f:405:25)\n    at Object.e [as measure] (https://www.invia.cz/assets/invia2020/js/app/hp.77fed086fb5f7f20ffc9.js:2:704183)\n    at W (https://www.invia.cz/assets/invia2020/js/app/hp.77fed086fb5f7f20ffc9.js:2:712786)\n    at T (https://www.invia.cz/assets/invia2020/js/app/hp.77fed086fb5f7f20ffc9.js:2:716260)\n    at C (https://www.invia.cz/assets/invia2020/js/app/hp.77fed086fb5f7f20ffc9.js:2:716427)\n    at J (https://www.invia.cz/assets/invia2020/js/app/hp.77fed086fb5f7f20ffc9.js:2:718176)\n    at t.initializeCarousel (https://www.invia.cz/assets/invia2020/js/app/hp.77fed086fb5f7f20ffc9.js:2:29611)\n    at t.appear (https://www.invia.cz/assets/invia2020/js/app/hp.77fed086fb5f7f20ffc9.js:2:28372)\n    at https://www.invia.cz/assets/invia2020/js/app/hp.77fed086fb5f7f20ffc9.js:2:28525":true,"Error: FPDCallerTracker\n    at HTMLDivElement.replacementPD (chrome-extension://bbogkpojpmdnlonjjogfkaclifmgnbfe/d30a3496-b251-4c59-bcf4-621fe5cb420f:4264:11)\n    at Object.apply (chrome-extension://bbogkpojpmdnlonjjogfkaclifmgnbfe/d30a3496-b251-4c59-bcf4-621fe5cb420f:405:25)\n    at e (https://www.invia.cz/assets/invia2020/js/app/hp.77fed086fb5f7f20ffc9.js:2:704183)\n    at Array.map (<anonymous>)\n    at W (https://www.invia.cz/assets/invia2020/js/app/hp.77fed086fb5f7f20ffc9.js:2:712802)\n    at T (https://www.invia.cz/assets/invia2020/js/app/hp.77fed086fb5f7f20ffc9.js:2:716260)\n    at C (https://www.invia.cz/assets/invia2020/js/app/hp.77fed086fb5f7f20ffc9.js:2:716427)\n    at J (https://www.invia.cz/assets/invia2020/js/app/hp.77fed086fb5f7f20ffc9.js:2:718176)\n    at t.initializeCarousel (https://www.invia.cz/assets/invia2020/js/app/hp.77fed086fb5f7f20ffc9.js:2:29611)\n    at t.appear (https://www.invia.cz/assets/invia2020/js/app/hp.77fed086fb5f7f20ffc9.js:2:28372)":true,"Error: FPDCallerTracker\n    at HTMLDivElement.replacementPD (chrome-extension://bbogkpojpmdnlonjjogfkaclifmgnbfe/d30a3496-b251-4c59-bcf4-621fe5cb420f:4264:11)\n    at Object.apply (chrome-extension://bbogkpojpmdnlonjjogfkaclifmgnbfe/d30a3496-b251-4c59-bcf4-621fe5cb420f:405:25)\n    at Object.e [as measure] (https://www.invia.cz/assets/invia2020/js/app/hp.77fed086fb5f7f20ffc9.js:2:704183)\n    at p (https://www.invia.cz/assets/invia2020/js/app/hp.77fed086fb5f7f20ffc9.js:2:704485)\n    at Object.m [as init] (https://www.invia.cz/assets/invia2020/js/app/hp.77fed086fb5f7f20ffc9.js:2:704694)\n    at C (https://www.invia.cz/assets/invia2020/js/app/hp.77fed086fb5f7f20ffc9.js:2:716649)\n    at J (https://www.invia.cz/assets/invia2020/js/app/hp.77fed086fb5f7f20ffc9.js:2:718176)\n    at t.initializeCarousel (https://www.invia.cz/assets/invia2020/js/app/hp.77fed086fb5f7f20ffc9.js:2:29611)\n    at t.appear (https://www.invia.cz/assets/invia2020/js/app/hp.77fed086fb5f7f20ffc9.js:2:28372)\n    at https://www.invia.cz/assets/invia2020/js/app/hp.77fed086fb5f7f20ffc9.js:2:28525":true,"Error: FPDCallerTracker\n    at HTMLDivElement.replacementPD (chrome-extension://bbogkpojpmdnlonjjogfkaclifmgnbfe/d30a3496-b251-4c59-bcf4-621fe5cb420f:4264:11)\n    at Object.apply (chrome-extension://bbogkpojpmdnlonjjogfkaclifmgnbfe/d30a3496-b251-4c59-bcf4-621fe5cb420f:405:25)\n    at Object.e [as measure] (https://www.invia.cz/assets/invia2020/js/app/hp.77fed086fb5f7f20ffc9.js:2:704183)\n    at p (https://www.invia.cz/assets/invia2020/js/app/hp.77fed086fb5f7f20ffc9.js:2:704485)\n    at Array.map (<anonymous>)\n    at Object.m [as init] (https://www.invia.cz/assets/invia2020/js/app/hp.77fed086fb5f7f20ffc9.js:2:704703)\n    at C (https://www.invia.cz/assets/invia2020/js/app/hp.77fed086fb5f7f20ffc9.js:2:716649)\n    at J (https://www.invia.cz/assets/invia2020/js/app/hp.77fed086fb5f7f20ffc9.js:2:718176)\n    at t.initializeCarousel (https://www.invia.cz/assets/invia2020/js/app/hp.77fed086fb5f7f20ffc9.js:2:29611)\n    at t.appear (https://www.invia.cz/assets/invia2020/js/app/hp.77fed086fb5f7f20ffc9.js:2:28372)":true,"Error: FPDCallerTracker\n    at HTMLDivElement.replacementPD (chrome-extension://bbogkpojpmdnlonjjogfkaclifmgnbfe/d30a3496-b251-4c59-bcf4-621fe5cb420f:4264:11)\n    at Object.apply (chrome-extension://bbogkpojpmdnlonjjogfkaclifmgnbfe/d30a3496-b251-4c59-bcf4-621fe5cb420f:405:25)\n    at Object.e [as measure] (https://www.invia.cz/assets/invia2020/js/app/hp.77fed086fb5f7f20ffc9.js:2:704183)\n    at p (https://www.invia.cz/assets/invia2020/js/app/hp.77fed086fb5f7f20ffc9.js:2:704485)\n    at l (https://www.invia.cz/assets/invia2020/js/app/hp.77fed086fb5f7f20ffc9.js:2:704632)\n    at ResizeObserver.<anonymous> (https://www.invia.cz/assets/invia2020/js/app/hp.77fed086fb5f7f20ffc9.js:2:704752)":true,"Error: FPDCallerTracker\n    at HTMLParagraphElement.replacementPD (chrome-extension://bbogkpojpmdnlonjjogfkaclifmgnbfe/d30a3496-b251-4c59-bcf4-621fe5cb420f:4264:11)\n    at Object.apply (chrome-extension://bbogkpojpmdnlonjjogfkaclifmgnbfe/d30a3496-b251-4c59-bcf4-621fe5cb420f:405:25)\n    at e (https://www.invia.cz/assets/invia2020/js/389.f94dda53a5455324c304.chunk.js:1:9232)\n    at 50875 (https://www.invia.cz/assets/invia2020/js/389.f94dda53a5455324c304.chunk.js:1:8431)\n    at i (https://www.invia.cz/assets/invia2020/js/app/hp.77fed086fb5f7f20ffc9.js:2:732195)\n    at 79994 (https://www.invia.cz/assets/invia2020/js/389.f94dda53a5455324c304.chunk.js:1:345)\n    at i (https://www.invia.cz/assets/invia2020/js/app/hp.77fed086fb5f7f20ffc9.js:2:732195)\n    at 6465 (https://www.invia.cz/assets/invia2020/js/252.fa7d1620e07a7781e226.chunk.js:2:60236)\n    at i (https://www.invia.cz/assets/invia2020/js/app/hp.77fed086fb5f7f20ffc9.js:2:732195)\n    at 53360 (https://www.invia.cz/assets/invia2020/js/252.fa7d1620e07a7781e226.chunk.js:2:67150)":true,"Error: FPDCallerTracker\n    at HTMLParagraphElement.replacementPD (chrome-extension://bbogkpojpmdnlonjjogfkaclifmgnbfe/d30a3496-b251-4c59-bcf4-621fe5cb420f:4264:11)\n    at Object.apply (chrome-extension://bbogkpojpmdnlonjjogfkaclifmgnbfe/d30a3496-b251-4c59-bcf4-621fe5cb420f:405:25)\n    at e (https://www.invia.cz/assets/invia2020/js/389.f94dda53a5455324c304.chunk.js:1:9278)\n    at 50875 (https://www.invia.cz/assets/invia2020/js/389.f94dda53a5455324c304.chunk.js:1:8431)\n    at i (https://www.invia.cz/assets/invia2020/js/app/hp.77fed086fb5f7f20ffc9.js:2:732195)\n    at 79994 (https://www.invia.cz/assets/invia2020/js/389.f94dda53a5455324c304.chunk.js:1:345)\n    at i (https://www.invia.cz/assets/invia2020/js/app/hp.77fed086fb5f7f20ffc9.js:2:732195)\n    at 6465 (https://www.invia.cz/assets/invia2020/js/252.fa7d1620e07a7781e226.chunk.js:2:60236)\n    at i (https://www.invia.cz/assets/invia2020/js/app/hp.77fed086fb5f7f20ffc9.js:2:732195)\n    at 53360 (https://www.invia.cz/assets/invia2020/js/252.fa7d1620e07a7781e226.chunk.js:2:67150)":true}}},"CSSStyleDeclaration.prototype.fontFamily":{"set":{"args":{"":86},"total":86,"callers":{}}},"HTMLElement.prototype.offsetHeight":{"get":{"args":{"":42},"total":42,"callers":{"Error: FPDCallerTracker\n    at HTMLDivElement.replacementPD (chrome-extension://bbogkpojpmdnlonjjogfkaclifmgnbfe/d30a3496-b251-4c59-bcf4-621fe5cb420f:4338:11)\n    at Object.apply (chrome-extension://bbogkpojpmdnlonjjogfkaclifmgnbfe/d30a3496-b251-4c59-bcf4-621fe5cb420f:405:25)\n    at Object.e [as measure] (https://www.invia.cz/assets/invia2020/js/app/hp.77fed086fb5f7f20ffc9.js:2:704198)\n    at W (https://www.invia.cz/assets/invia2020/js/app/hp.77fed086fb5f7f20ffc9.js:2:712786)\n    at T (https://www.invia.cz/assets/invia2020/js/app/hp.77fed086fb5f7f20ffc9.js:2:716260)\n    at C (https://www.invia.cz/assets/invia2020/js/app/hp.77fed086fb5f7f20ffc9.js:2:716427)\n    at J (https://www.invia.cz/assets/invia2020/js/app/hp.77fed086fb5f7f20ffc9.js:2:718176)\n    at t.initializeCarousel (https://www.invia.cz/assets/invia2020/js/app/hp.77fed086fb5f7f20ffc9.js:2:29790)\n    at t.appear (https://www.invia.cz/assets/invia2020/js/app/hp.77fed086fb5f7f20ffc9.js:2:28372)\n    at https://www.invia.cz/assets/invia2020/js/app/hp.77fed086fb5f7f20ffc9.js:2:28525":true,"Error: FPDCallerTracker\n    at HTMLDivElement.replacementPD (chrome-extension://bbogkpojpmdnlonjjogfkaclifmgnbfe/d30a3496-b251-4c59-bcf4-621fe5cb420f:4338:11)\n    at Object.apply (chrome-extension://bbogkpojpmdnlonjjogfkaclifmgnbfe/d30a3496-b251-4c59-bcf4-621fe5cb420f:405:25)\n    at e (https://www.invia.cz/assets/invia2020/js/app/hp.77fed086fb5f7f20ffc9.js:2:704198)\n    at Array.map (<anonymous>)\n    at W (https://www.invia.cz/assets/invia2020/js/app/hp.77fed086fb5f7f20ffc9.js:2:712802)\n    at T (https://www.invia.cz/assets/invia2020/js/app/hp.77fed086fb5f7f20ffc9.js:2:716260)\n    at C (https://www.invia.cz/assets/invia2020/js/app/hp.77fed086fb5f7f20ffc9.js:2:716427)\n    at J (https://www.invia.cz/assets/invia2020/js/app/hp.77fed086fb5f7f20ffc9.js:2:718176)\n    at t.initializeCarousel (https://www.invia.cz/assets/invia2020/js/app/hp.77fed086fb5f7f20ffc9.js:2:29790)\n    at t.appear (https://www.invia.cz/assets/invia2020/js/app/hp.77fed086fb5f7f20ffc9.js:2:28372)":true,"Error: FPDCallerTracker\n    at HTMLDivElement.replacementPD (chrome-extension://bbogkpojpmdnlonjjogfkaclifmgnbfe/d30a3496-b251-4c59-bcf4-621fe5cb420f:4338:11)\n    at Object.apply (chrome-extension://bbogkpojpmdnlonjjogfkaclifmgnbfe/d30a3496-b251-4c59-bcf4-621fe5cb420f:405:25)\n    at Object.e [as measure] (https://www.invia.cz/assets/invia2020/js/app/hp.77fed086fb5f7f20ffc9.js:2:704198)\n    at p (https://www.invia.cz/assets/invia2020/js/app/hp.77fed086fb5f7f20ffc9.js:2:704485)\n    at Object.m [as init] (https://www.invia.cz/assets/invia2020/js/app/hp.77fed086fb5f7f20ffc9.js:2:704694)\n    at C (https://www.invia.cz/assets/invia2020/js/app/hp.77fed086fb5f7f20ffc9.js:2:716649)\n    at J (https://www.invia.cz/assets/invia2020/js/app/hp.77fed086fb5f7f20ffc9.js:2:718176)\n    at t.initializeCarousel (https://www.invia.cz/assets/invia2020/js/app/hp.77fed086fb5f7f20ffc9.js:2:29790)\n    at t.appear (https://www.invia.cz/assets/invia2020/js/app/hp.77fed086fb5f7f20ffc9.js:2:28372)\n    at https://www.invia.cz/assets/invia2020/js/app/hp.77fed086fb5f7f20ffc9.js:2:28525":true,"Error: FPDCallerTracker\n    at HTMLDivElement.replacementPD (chrome-extension://bbogkpojpmdnlonjjogfkaclifmgnbfe/d30a3496-b251-4c59-bcf4-621fe5cb420f:4338:11)\n    at Object.apply (chrome-extension://bbogkpojpmdnlonjjogfkaclifmgnbfe/d30a3496-b251-4c59-bcf4-621fe5cb420f:405:25)\n    at Object.e [as measure] (https://www.invia.cz/assets/invia2020/js/app/hp.77fed086fb5f7f20ffc9.js:2:704198)\n    at p (https://www.invia.cz/assets/invia2020/js/app/hp.77fed086fb5f7f20ffc9.js:2:704485)\n    at Array.map (<anonymous>)\n    at Object.m [as init] (https://www.invia.cz/assets/invia2020/js/app/hp.77fed086fb5f7f20ffc9.js:2:704703)\n    at C (https://www.invia.cz/assets/invia2020/js/app/hp.77fed086fb5f7f20ffc9.js:2:716649)\n    at J (https://www.invia.cz/assets/invia2020/js/app/hp.77fed086fb5f7f20ffc9.js:2:718176)\n    at t.initializeCarousel (https://www.invia.cz/assets/invia2020/js/app/hp.77fed086fb5f7f20ffc9.js:2:29790)\n    at t.appear (https://www.invia.cz/assets/invia2020/js/app/hp.77fed086fb5f7f20ffc9.js:2:28372)":true,"Error: FPDCallerTracker\n    at HTMLDivElement.replacementPD (chrome-extension://bbogkpojpmdnlonjjogfkaclifmgnbfe/d30a3496-b251-4c59-bcf4-621fe5cb420f:4338:11)\n    at Object.apply (chrome-extension://bbogkpojpmdnlonjjogfkaclifmgnbfe/d30a3496-b251-4c59-bcf4-621fe5cb420f:405:25)\n    at Object.e [as measure] (https://www.invia.cz/assets/invia2020/js/app/hp.77fed086fb5f7f20ffc9.js:2:704198)\n    at W (https://www.invia.cz/assets/invia2020/js/app/hp.77fed086fb5f7f20ffc9.js:2:712786)\n    at T (https://www.invia.cz/assets/invia2020/js/app/hp.77fed086fb5f7f20ffc9.js:2:716260)\n    at C (https://www.invia.cz/assets/invia2020/js/app/hp.77fed086fb5f7f20ffc9.js:2:716427)\n    at J (https://www.invia.cz/assets/invia2020/js/app/hp.77fed086fb5f7f20ffc9.js:2:718176)\n    at t.initializeCarousel (https://www.invia.cz/assets/invia2020/js/app/hp.77fed086fb5f7f20ffc9.js:2:29611)\n    at t.appear (https://www.invia.cz/assets/invia2020/js/app/hp.77fed086fb5f7f20ffc9.js:2:28372)\n    at https://www.invia.cz/assets/invia2020/js/app/hp.77fed086fb5f7f20ffc9.js:2:28525":true,"Error: FPDCallerTracker\n    at HTMLDivElement.replacementPD (chrome-extension://bbogkpojpmdnlonjjogfkaclifmgnbfe/d30a3496-b251-4c59-bcf4-621fe5cb420f:4338:11)\n    at Object.apply (chrome-extension://bbogkpojpmdnlonjjogfkaclifmgnbfe/d30a3496-b251-4c59-bcf4-621fe5cb420f:405:25)\n    at e (https://www.invia.cz/assets/invia2020/js/app/hp.77fed086fb5f7f20ffc9.js:2:704198)\n    at Array.map (<anonymous>)\n    at W (https://www.invia.cz/assets/invia2020/js/app/hp.77fed086fb5f7f20ffc9.js:2:712802)\n    at T (https://www.invia.cz/assets/invia2020/js/app/hp.77fed086fb5f7f20ffc9.js:2:716260)\n    at C (https://www.invia.cz/assets/invia2020/js/app/hp.77fed086fb5f7f20ffc9.js:2:716427)\n    at J (https://www.invia.cz/assets/invia2020/js/app/hp.77fed086fb5f7f20ffc9.js:2:718176)\n    at t.initializeCarousel (https://www.invia.cz/assets/invia2020/js/app/hp.77fed086fb5f7f20ffc9.js:2:29611)\n    at t.appear (https://www.invia.cz/assets/invia2020/js/app/hp.77fed086fb5f7f20ffc9.js:2:28372)":true,"Error: FPDCallerTracker\n    at HTMLDivElement.replacementPD (chrome-extension://bbogkpojpmdnlonjjogfkaclifmgnbfe/d30a3496-b251-4c59-bcf4-621fe5cb420f:4338:11)\n    at Object.apply (chrome-extension://bbogkpojpmdnlonjjogfkaclifmgnbfe/d30a3496-b251-4c59-bcf4-621fe5cb420f:405:25)\n    at Object.e [as measure] (https://www.invia.cz/assets/invia2020/js/app/hp.77fed086fb5f7f20ffc9.js:2:704198)\n    at p (https://www.invia.cz/assets/invia2020/js/app/hp.77fed086fb5f7f20ffc9.js:2:704485)\n    at Object.m [as init] (https://www.invia.cz/assets/invia2020/js/app/hp.77fed086fb5f7f20ffc9.js:2:704694)\n    at C (https://www.invia.cz/assets/invia2020/js/app/hp.77fed086fb5f7f20ffc9.js:2:716649)\n    at J (https://www.invia.cz/assets/invia2020/js/app/hp.77fed086fb5f7f20ffc9.js:2:718176)\n    at t.initializeCarousel (https://www.invia.cz/assets/invia2020/js/app/hp.77fed086fb5f7f20ffc9.js:2:29611)\n    at t.appear (https://www.invia.cz/assets/invia2020/js/app/hp.77fed086fb5f7f20ffc9.js:2:28372)\n    at https://www.invia.cz/assets/invia2020/js/app/hp.77fed086fb5f7f20ffc9.js:2:28525":true,"Error: FPDCallerTracker\n    at HTMLDivElement.replacementPD (chrome-extension://bbogkpojpmdnlonjjogfkaclifmgnbfe/d30a3496-b251-4c59-bcf4-621fe5cb420f:4338:11)\n    at Object.apply (chrome-extension://bbogkpojpmdnlonjjogfkaclifmgnbfe/d30a3496-b251-4c59-bcf4-621fe5cb420f:405:25)\n    at Object.e [as measure] (https://www.invia.cz/assets/invia2020/js/app/hp.77fed086fb5f7f20ffc9.js:2:704198)\n    at p (https://www.invia.cz/assets/invia2020/js/app/hp.77fed086fb5f7f20ffc9.js:2:704485)\n    at Array.map (<anonymous>)\n    at Object.m [as init] (https://www.invia.cz/assets/invia2020/js/app/hp.77fed086fb5f7f20ffc9.js:2:704703)\n    at C (https://www.invia.cz/assets/invia2020/js/app/hp.77fed086fb5f7f20ffc9.js:2:716649)\n    at J (https://www.invia.cz/assets/invia2020/js/app/hp.77fed086fb5f7f20ffc9.js:2:718176)\n    at t.initializeCarousel (https://www.invia.cz/assets/invia2020/js/app/hp.77fed086fb5f7f20ffc9.js:2:29611)\n    at t.appear (https://www.invia.cz/assets/invia2020/js/app/hp.77fed086fb5f7f20ffc9.js:2:28372)":true,"Error: FPDCallerTracker\n    at HTMLDivElement.replacementPD (chrome-extension://bbogkpojpmdnlonjjogfkaclifmgnbfe/d30a3496-b251-4c59-bcf4-621fe5cb420f:4338:11)\n    at Object.apply (chrome-extension://bbogkpojpmdnlonjjogfkaclifmgnbfe/d30a3496-b251-4c59-bcf4-621fe5cb420f:405:25)\n    at Object.e [as measure] (https://www.invia.cz/assets/invia2020/js/app/hp.77fed086fb5f7f20ffc9.js:2:704198)\n    at p (https://www.invia.cz/assets/invia2020/js/app/hp.77fed086fb5f7f20ffc9.js:2:704485)\n    at l (https://www.invia.cz/assets/invia2020/js/app/hp.77fed086fb5f7f20ffc9.js:2:704632)\n    at ResizeObserver.<anonymous> (https://www.invia.cz/assets/invia2020/js/app/hp.77fed086fb5f7f20ffc9.js:2:704752)":true}}},"Performance.prototype.now":{"call":{"args":{"":96},"total":96,"callers":{"Error: FPDCallerTracker\n    at Performance.replacementF (chrome-extension://bbogkpojpmdnlonjjogfkaclifmgnbfe/d30a3496-b251-4c59-bcf4-621fe5cb420f:3989:11)\n    at Performance.replacementF (chrome-extension://bbogkpojpmdnlonjjogfkaclifmgnbfe/d30a3496-b251-4c59-bcf4-621fe5cb420f:4009:41)\n    at Object.apply (chrome-extension://bbogkpojpmdnlonjjogfkaclifmgnbfe/d30a3496-b251-4c59-bcf4-621fe5cb420f:405:25)\n    at t.unstable_now (https://www.invia.cz/assets/invia2020/js/app/hp.77fed086fb5f7f20ffc9.js:2:447896)\n    at Tu (https://www.invia.cz/assets/invia2020/js/app/hp.77fed086fb5f7f20ffc9.js:2:404116)\n    at wc (https://www.invia.cz/assets/invia2020/js/app/hp.77fed086fb5f7f20ffc9.js:2:417868)\n    at Tc.render.Sc.render (https://www.invia.cz/assets/invia2020/js/app/hp.77fed086fb5f7f20ffc9.js:2:423317)\n    at https://www.invia.cz/assets/invia2020/js/helpers/searchFormReact.f9ab299c6233851ba8d3.chunk.js:1:17662":true,"Error: FPDCallerTracker\n    at Performance.replacementF (chrome-extension://bbogkpojpmdnlonjjogfkaclifmgnbfe/d30a3496-b251-4c59-bcf4-621fe5cb420f:3989:11)\n    at Performance.replacementF (chrome-extension://bbogkpojpmdnlonjjogfkaclifmgnbfe/d30a3496-b251-4c59-bcf4-621fe5cb420f:4009:41)\n    at Object.apply (chrome-extension://bbogkpojpmdnlonjjogfkaclifmgnbfe/d30a3496-b251-4c59-bcf4-621fe5cb420f:405:25)\n    at t.unstable_now (https://www.invia.cz/assets/invia2020/js/app/hp.77fed086fb5f7f20ffc9.js:2:447896)\n    at t.unstable_scheduleCallback (https://www.invia.cz/assets/invia2020/js/app/hp.77fed086fb5f7f20ffc9.js:2:450489)\n    at ic (https://www.invia.cz/assets/invia2020/js/app/hp.77fed086fb5f7f20ffc9.js:2:414145)\n    at Iu (https://www.invia.cz/assets/invia2020/js/app/hp.77fed086fb5f7f20ffc9.js:2:404857)\n    at Au (https://www.invia.cz/assets/invia2020/js/app/hp.77fed086fb5f7f20ffc9.js:2:404405)\n    at wc (https://www.invia.cz/assets/invia2020/js/app/hp.77fed086fb5f7f20ffc9.js:2:418044)\n    at Tc.render.Sc.render (https://www.invia.cz/assets/invia2020/js/app/hp.77fed086fb5f7f20ffc9.js:2:423317)":true,"Error: FPDCallerTracker\n    at Performance.replacementF (chrome-extension://bbogkpojpmdnlonjjogfkaclifmgnbfe/d30a3496-b251-4c59-bcf4-621fe5cb420f:3989:11)\n    at Performance.replacementF (chrome-extension://bbogkpojpmdnlonjjogfkaclifmgnbfe/d30a3496-b251-4c59-bcf4-621fe5cb420f:4009:41)\n    at Object.apply (chrome-extension://bbogkpojpmdnlonjjogfkaclifmgnbfe/d30a3496-b251-4c59-bcf4-621fe5cb420f:405:25)\n    at t.unstable_now (https://www.invia.cz/assets/invia2020/js/app/hp.77fed086fb5f7f20ffc9.js:2:447896)\n    at MessagePort.I (https://www.invia.cz/assets/invia2020/js/app/hp.77fed086fb5f7f20ffc9.js:2:449117)":true,"Error: FPDCallerTracker\n    at Performance.replacementF (chrome-extension://bbogkpojpmdnlonjjogfkaclifmgnbfe/d30a3496-b251-4c59-bcf4-621fe5cb420f:3989:11)\n    at Performance.replacementF (chrome-extension://bbogkpojpmdnlonjjogfkaclifmgnbfe/d30a3496-b251-4c59-bcf4-621fe5cb420f:4009:41)\n    at Object.apply (chrome-extension://bbogkpojpmdnlonjjogfkaclifmgnbfe/d30a3496-b251-4c59-bcf4-621fe5cb420f:405:25)\n    at t.unstable_now (https://www.invia.cz/assets/invia2020/js/app/hp.77fed086fb5f7f20ffc9.js:2:447896)\n    at A (https://www.invia.cz/assets/invia2020/js/app/hp.77fed086fb5f7f20ffc9.js:2:449063)\n    at E (https://www.invia.cz/assets/invia2020/js/app/hp.77fed086fb5f7f20ffc9.js:2:448530)\n    at MessagePort.I (https://www.invia.cz/assets/invia2020/js/app/hp.77fed086fb5f7f20ffc9.js:2:449151)":true,"Error: FPDCallerTracker\n    at Performance.replacementF (chrome-extension://bbogkpojpmdnlonjjogfkaclifmgnbfe/d30a3496-b251-4c59-bcf4-621fe5cb420f:3989:11)\n    at Performance.replacementF (chrome-extension://bbogkpojpmdnlonjjogfkaclifmgnbfe/d30a3496-b251-4c59-bcf4-621fe5cb420f:4009:41)\n    at Object.apply (chrome-extension://bbogkpojpmdnlonjjogfkaclifmgnbfe/d30a3496-b251-4c59-bcf4-621fe5cb420f:405:25)\n    at t.unstable_now (https://www.invia.cz/assets/invia2020/js/app/hp.77fed086fb5f7f20ffc9.js:2:447896)\n    at t.unstable_scheduleCallback (https://www.invia.cz/assets/invia2020/js/app/hp.77fed086fb5f7f20ffc9.js:2:450489)\n    at ic (https://www.invia.cz/assets/invia2020/js/app/hp.77fed086fb5f7f20ffc9.js:2:414145)\n    at Gu (https://www.invia.cz/assets/invia2020/js/app/hp.77fed086fb5f7f20ffc9.js:2:411097)\n    at Yu (https://www.invia.cz/assets/invia2020/js/app/hp.77fed086fb5f7f20ffc9.js:2:410675)\n    at Nu (https://www.invia.cz/assets/invia2020/js/app/hp.77fed086fb5f7f20ffc9.js:2:405646)\n    at E (https://www.invia.cz/assets/invia2020/js/app/hp.77fed086fb5f7f20ffc9.js:2:448619)":true,"Error: FPDCallerTracker\n    at Performance.replacementF (chrome-extension://bbogkpojpmdnlonjjogfkaclifmgnbfe/d30a3496-b251-4c59-bcf4-621fe5cb420f:3989:11)\n    at Performance.replacementF (chrome-extension://bbogkpojpmdnlonjjogfkaclifmgnbfe/d30a3496-b251-4c59-bcf4-621fe5cb420f:4009:41)\n    at Object.apply (chrome-extension://bbogkpojpmdnlonjjogfkaclifmgnbfe/d30a3496-b251-4c59-bcf4-621fe5cb420f:405:25)\n    at t.unstable_now (https://www.invia.cz/assets/invia2020/js/app/hp.77fed086fb5f7f20ffc9.js:2:447896)\n    at Gu (https://www.invia.cz/assets/invia2020/js/app/hp.77fed086fb5f7f20ffc9.js:2:411455)\n    at Yu (https://www.invia.cz/assets/invia2020/js/app/hp.77fed086fb5f7f20ffc9.js:2:410675)\n    at Nu (https://www.invia.cz/assets/invia2020/js/app/hp.77fed086fb5f7f20ffc9.js:2:405646)\n    at E (https://www.invia.cz/assets/invia2020/js/app/hp.77fed086fb5f7f20ffc9.js:2:448619)\n    at MessagePort.I (https://www.invia.cz/assets/invia2020/js/app/hp.77fed086fb5f7f20ffc9.js:2:449151)":true,"Error: FPDCallerTracker\n    at Performance.replacementF (chrome-extension://bbogkpojpmdnlonjjogfkaclifmgnbfe/d30a3496-b251-4c59-bcf4-621fe5cb420f:3989:11)\n    at Performance.replacementF (chrome-extension://bbogkpojpmdnlonjjogfkaclifmgnbfe/d30a3496-b251-4c59-bcf4-621fe5cb420f:4009:41)\n    at Object.apply (chrome-extension://bbogkpojpmdnlonjjogfkaclifmgnbfe/d30a3496-b251-4c59-bcf4-621fe5cb420f:405:25)\n    at t.unstable_now (https://www.invia.cz/assets/invia2020/js/app/hp.77fed086fb5f7f20ffc9.js:2:447896)\n    at Nu (https://www.invia.cz/assets/invia2020/js/app/hp.77fed086fb5f7f20ffc9.js:2:406224)\n    at E (https://www.invia.cz/assets/invia2020/js/app/hp.77fed086fb5f7f20ffc9.js:2:448619)\n    at MessagePort.I (https://www.invia.cz/assets/invia2020/js/app/hp.77fed086fb5f7f20ffc9.js:2:449151)":true,"Error: FPDCallerTracker\n    at Performance.replacementF (chrome-extension://bbogkpojpmdnlonjjogfkaclifmgnbfe/d30a3496-b251-4c59-bcf4-621fe5cb420f:3989:11)\n    at Performance.replacementF (chrome-extension://bbogkpojpmdnlonjjogfkaclifmgnbfe/d30a3496-b251-4c59-bcf4-621fe5cb420f:4009:41)\n    at Object.apply (chrome-extension://bbogkpojpmdnlonjjogfkaclifmgnbfe/d30a3496-b251-4c59-bcf4-621fe5cb420f:405:25)\n    at t.unstable_now (https://www.invia.cz/assets/invia2020/js/app/hp.77fed086fb5f7f20ffc9.js:2:447896)\n    at E (https://www.invia.cz/assets/invia2020/js/app/hp.77fed086fb5f7f20ffc9.js:2:448646)\n    at MessagePort.I (https://www.invia.cz/assets/invia2020/js/app/hp.77fed086fb5f7f20ffc9.js:2:449151)":true,"Error: FPDCallerTracker\n    at Performance.replacementF (chrome-extension://bbogkpojpmdnlonjjogfkaclifmgnbfe/d30a3496-b251-4c59-bcf4-621fe5cb420f:3989:11)\n    at Performance.replacementF (chrome-extension://bbogkpojpmdnlonjjogfkaclifmgnbfe/d30a3496-b251-4c59-bcf4-621fe5cb420f:4009:41)\n    at Object.apply (chrome-extension://bbogkpojpmdnlonjjogfkaclifmgnbfe/d30a3496-b251-4c59-bcf4-621fe5cb420f:405:25)\n    at t.unstable_now (https://www.invia.cz/assets/invia2020/js/app/hp.77fed086fb5f7f20ffc9.js:2:447896)\n    at Tu (https://www.invia.cz/assets/invia2020/js/app/hp.77fed086fb5f7f20ffc9.js:2:404097)\n    at ys (https://www.invia.cz/assets/invia2020/js/app/hp.77fed086fb5f7f20ffc9.js:2:365214)\n    at https://www.invia.cz/assets/invia2020/js/391.384c06334a6f724a999b.chunk.js:1:27064\n    at Il (https://www.invia.cz/assets/invia2020/js/app/hp.77fed086fb5f7f20ffc9.js:2:394916)\n    at Ju (https://www.invia.cz/assets/invia2020/js/app/hp.77fed086fb5f7f20ffc9.js:2:412809)\n    at https://www.invia.cz/assets/invia2020/js/app/hp.77fed086fb5f7f20ffc9.js:2:411122":true,"Error: FPDCallerTracker\n    at Performance.replacementF (chrome-extension://bbogkpojpmdnlonjjogfkaclifmgnbfe/d30a3496-b251-4c59-bcf4-621fe5cb420f:3989:11)\n    at Performance.replacementF (chrome-extension://bbogkpojpmdnlonjjogfkaclifmgnbfe/d30a3496-b251-4c59-bcf4-621fe5cb420f:4009:41)\n    at Object.apply (chrome-extension://bbogkpojpmdnlonjjogfkaclifmgnbfe/d30a3496-b251-4c59-bcf4-621fe5cb420f:405:25)\n    at t.unstable_now (https://www.invia.cz/assets/invia2020/js/app/hp.77fed086fb5f7f20ffc9.js:2:447896)\n    at t.unstable_scheduleCallback (https://www.invia.cz/assets/invia2020/js/app/hp.77fed086fb5f7f20ffc9.js:2:450489)\n    at ic (https://www.invia.cz/assets/invia2020/js/app/hp.77fed086fb5f7f20ffc9.js:2:414145)\n    at Iu (https://www.invia.cz/assets/invia2020/js/app/hp.77fed086fb5f7f20ffc9.js:2:404857)\n    at Au (https://www.invia.cz/assets/invia2020/js/app/hp.77fed086fb5f7f20ffc9.js:2:404405)\n    at ys (https://www.invia.cz/assets/invia2020/js/app/hp.77fed086fb5f7f20ffc9.js:2:365203)\n    at https://www.invia.cz/assets/invia2020/js/391.384c06334a6f724a999b.chunk.js:1:27064":true,"Error: FPDCallerTracker\n    at Performance.replacementF (chrome-extension://bbogkpojpmdnlonjjogfkaclifmgnbfe/d30a3496-b251-4c59-bcf4-621fe5cb420f:3989:11)\n    at Performance.replacementF (chrome-extension://bbogkpojpmdnlonjjogfkaclifmgnbfe/d30a3496-b251-4c59-bcf4-621fe5cb420f:4009:41)\n    at Object.apply (chrome-extension://bbogkpojpmdnlonjjogfkaclifmgnbfe/d30a3496-b251-4c59-bcf4-621fe5cb420f:405:25)\n    at t.unstable_now (https://www.invia.cz/assets/invia2020/js/app/hp.77fed086fb5f7f20ffc9.js:2:447896)\n    at Tu (https://www.invia.cz/assets/invia2020/js/app/hp.77fed086fb5f7f20ffc9.js:2:404097)\n    at ys (https://www.invia.cz/assets/invia2020/js/app/hp.77fed086fb5f7f20ffc9.js:2:365214)\n    at https://www.invia.cz/assets/invia2020/js/391.384c06334a6f724a999b.chunk.js:1:27170\n    at Il (https://www.invia.cz/assets/invia2020/js/app/hp.77fed086fb5f7f20ffc9.js:2:394916)\n    at Ju (https://www.invia.cz/assets/invia2020/js/app/hp.77fed086fb5f7f20ffc9.js:2:412809)\n    at https://www.invia.cz/assets/invia2020/js/app/hp.77fed086fb5f7f20ffc9.js:2:411122":true,"Error: FPDCallerTracker\n    at Performance.replacementF (chrome-extension://bbogkpojpmdnlonjjogfkaclifmgnbfe/d30a3496-b251-4c59-bcf4-621fe5cb420f:3989:11)\n    at Performance.replacementF (chrome-extension://bbogkpojpmdnlonjjogfkaclifmgnbfe/d30a3496-b251-4c59-bcf4-621fe5cb420f:4009:41)\n    at Object.apply (chrome-extension://bbogkpojpmdnlonjjogfkaclifmgnbfe/d30a3496-b251-4c59-bcf4-621fe5cb420f:405:25)\n    at t.unstable_now (https://www.invia.cz/assets/invia2020/js/app/hp.77fed086fb5f7f20ffc9.js:2:447896)\n    at Tu (https://www.invia.cz/assets/invia2020/js/app/hp.77fed086fb5f7f20ffc9.js:2:404097)\n    at ys (https://www.invia.cz/assets/invia2020/js/app/hp.77fed086fb5f7f20ffc9.js:2:365214)\n    at https://www.invia.cz/assets/invia2020/js/391.384c06334a6f724a999b.chunk.js:1:27176\n    at Il (https://www.invia.cz/assets/invia2020/js/app/hp.77fed086fb5f7f20ffc9.js:2:394916)\n    at Ju (https://www.invia.cz/assets/invia2020/js/app/hp.77fed086fb5f7f20ffc9.js:2:412809)\n    at https://www.invia.cz/assets/invia2020/js/app/hp.77fed086fb5f7f20ffc9.js:2:411122":true,"Error: FPDCallerTracker\n    at Performance.replacementF (chrome-extension://bbogkpojpmdnlonjjogfkaclifmgnbfe/d30a3496-b251-4c59-bcf4-621fe5cb420f:3989:11)\n    at Performance.replacementF (chrome-extension://bbogkpojpmdnlonjjogfkaclifmgnbfe/d30a3496-b251-4c59-bcf4-621fe5cb420f:4009:41)\n    at Object.apply (chrome-extension://bbogkpojpmdnlonjjogfkaclifmgnbfe/d30a3496-b251-4c59-bcf4-621fe5cb420f:405:25)\n    at t.unstable_now (https://www.invia.cz/assets/invia2020/js/app/hp.77fed086fb5f7f20ffc9.js:2:447896)\n    at Tu (https://www.invia.cz/assets/invia2020/js/app/hp.77fed086fb5f7f20ffc9.js:2:404097)\n    at ys (https://www.invia.cz/assets/invia2020/js/app/hp.77fed086fb5f7f20ffc9.js:2:365214)\n    at https://www.invia.cz/assets/invia2020/js/391.384c06334a6f724a999b.chunk.js:1:27375\n    at Il (https://www.invia.cz/assets/invia2020/js/app/hp.77fed086fb5f7f20ffc9.js:2:394916)\n    at Ju (https://www.invia.cz/assets/invia2020/js/app/hp.77fed086fb5f7f20ffc9.js:2:412809)\n    at https://www.invia.cz/assets/invia2020/js/app/hp.77fed086fb5f7f20ffc9.js:2:411122":true,"Error: FPDCallerTracker\n    at Performance.replacementF (chrome-extension://bbogkpojpmdnlonjjogfkaclifmgnbfe/d30a3496-b251-4c59-bcf4-621fe5cb420f:3989:11)\n    at Performance.replacementF (chrome-extension://bbogkpojpmdnlonjjogfkaclifmgnbfe/d30a3496-b251-4c59-bcf4-621fe5cb420f:4009:41)\n    at Object.apply (chrome-extension://bbogkpojpmdnlonjjogfkaclifmgnbfe/d30a3496-b251-4c59-bcf4-621fe5cb420f:405:25)\n    at t.unstable_now (https://www.invia.cz/assets/invia2020/js/app/hp.77fed086fb5f7f20ffc9.js:2:447896)\n    at Tu (https://www.invia.cz/assets/invia2020/js/app/hp.77fed086fb5f7f20ffc9.js:2:404097)\n    at ys (https://www.invia.cz/assets/invia2020/js/app/hp.77fed086fb5f7f20ffc9.js:2:365214)\n    at https://www.invia.cz/assets/invia2020/js/391.384c06334a6f724a999b.chunk.js:1:27410\n    at Il (https://www.invia.cz/assets/invia2020/js/app/hp.77fed086fb5f7f20ffc9.js:2:394916)\n    at Ju (https://www.invia.cz/assets/invia2020/js/app/hp.77fed086fb5f7f20ffc9.js:2:412809)\n    at https://www.invia.cz/assets/invia2020/js/app/hp.77fed086fb5f7f20ffc9.js:2:411122":true,"Error: FPDCallerTracker\n    at Performance.replacementF (chrome-extension://bbogkpojpmdnlonjjogfkaclifmgnbfe/d30a3496-b251-4c59-bcf4-621fe5cb420f:3989:11)\n    at Performance.replacementF (chrome-extension://bbogkpojpmdnlonjjogfkaclifmgnbfe/d30a3496-b251-4c59-bcf4-621fe5cb420f:4009:41)\n    at Object.apply (chrome-extension://bbogkpojpmdnlonjjogfkaclifmgnbfe/d30a3496-b251-4c59-bcf4-621fe5cb420f:405:25)\n    at t.unstable_now (https://www.invia.cz/assets/invia2020/js/app/hp.77fed086fb5f7f20ffc9.js:2:447896)\n    at Tu (https://www.invia.cz/assets/invia2020/js/app/hp.77fed086fb5f7f20ffc9.js:2:404097)\n    at ys (https://www.invia.cz/assets/invia2020/js/app/hp.77fed086fb5f7f20ffc9.js:2:365214)\n    at https://www.invia.cz/assets/invia2020/js/391.384c06334a6f724a999b.chunk.js:1:27429\n    at Il (https://www.invia.cz/assets/invia2020/js/app/hp.77fed086fb5f7f20ffc9.js:2:394916)\n    at Ju (https://www.invia.cz/assets/invia2020/js/app/hp.77fed086fb5f7f20ffc9.js:2:412809)\n    at https://www.invia.cz/assets/invia2020/js/app/hp.77fed086fb5f7f20ffc9.js:2:411122":true,"Error: FPDCallerTracker\n    at Performance.replacementF (chrome-extension://bbogkpojpmdnlonjjogfkaclifmgnbfe/d30a3496-b251-4c59-bcf4-621fe5cb420f:3989:11)\n    at Performance.replacementF (chrome-extension://bbogkpojpmdnlonjjogfkaclifmgnbfe/d30a3496-b251-4c59-bcf4-621fe5cb420f:4009:41)\n    at Object.apply (chrome-extension://bbogkpojpmdnlonjjogfkaclifmgnbfe/d30a3496-b251-4c59-bcf4-621fe5cb420f:405:25)\n    at t.unstable_now (https://www.invia.cz/assets/invia2020/js/app/hp.77fed086fb5f7f20ffc9.js:2:447896)\n    at Tu (https://www.invia.cz/assets/invia2020/js/app/hp.77fed086fb5f7f20ffc9.js:2:404097)\n    at ys (https://www.invia.cz/assets/invia2020/js/app/hp.77fed086fb5f7f20ffc9.js:2:365214)\n    at https://www.invia.cz/assets/invia2020/js/helpers/searchFormReact.f9ab299c6233851ba8d3.chunk.js:1:61402\n    at Il (https://www.invia.cz/assets/invia2020/js/app/hp.77fed086fb5f7f20ffc9.js:2:394916)\n    at Ju (https://www.invia.cz/assets/invia2020/js/app/hp.77fed086fb5f7f20ffc9.js:2:412809)\n    at https://www.invia.cz/assets/invia2020/js/app/hp.77fed086fb5f7f20ffc9.js:2:411122":true,"Error: FPDCallerTracker\n    at Performance.replacementF (chrome-extension://bbogkpojpmdnlonjjogfkaclifmgnbfe/d30a3496-b251-4c59-bcf4-621fe5cb420f:3989:11)\n    at Performance.replacementF (chrome-extension://bbogkpojpmdnlonjjogfkaclifmgnbfe/d30a3496-b251-4c59-bcf4-621fe5cb420f:4009:41)\n    at Object.apply (chrome-extension://bbogkpojpmdnlonjjogfkaclifmgnbfe/d30a3496-b251-4c59-bcf4-621fe5cb420f:405:25)\n    at t.unstable_now (https://www.invia.cz/assets/invia2020/js/app/hp.77fed086fb5f7f20ffc9.js:2:447896)\n    at t.unstable_scheduleCallback (https://www.invia.cz/assets/invia2020/js/app/hp.77fed086fb5f7f20ffc9.js:2:450489)\n    at ic (https://www.invia.cz/assets/invia2020/js/app/hp.77fed086fb5f7f20ffc9.js:2:414145)\n    at Gu (https://www.invia.cz/assets/invia2020/js/app/hp.77fed086fb5f7f20ffc9.js:2:411097)\n    at Yu (https://www.invia.cz/assets/invia2020/js/app/hp.77fed086fb5f7f20ffc9.js:2:410675)\n    at Du (https://www.invia.cz/assets/invia2020/js/app/hp.77fed086fb5f7f20ffc9.js:2:407315)\n    at ho (https://www.invia.cz/assets/invia2020/js/app/hp.77fed086fb5f7f20ffc9.js:2:346237)":true,"Error: FPDCallerTracker\n    at Performance.replacementF (chrome-extension://bbogkpojpmdnlonjjogfkaclifmgnbfe/d30a3496-b251-4c59-bcf4-621fe5cb420f:3989:11)\n    at Performance.replacementF (chrome-extension://bbogkpojpmdnlonjjogfkaclifmgnbfe/d30a3496-b251-4c59-bcf4-621fe5cb420f:4009:41)\n    at Object.apply (chrome-extension://bbogkpojpmdnlonjjogfkaclifmgnbfe/d30a3496-b251-4c59-bcf4-621fe5cb420f:405:25)\n    at t.unstable_now (https://www.invia.cz/assets/invia2020/js/app/hp.77fed086fb5f7f20ffc9.js:2:447896)\n    at Tu (https://www.invia.cz/assets/invia2020/js/app/hp.77fed086fb5f7f20ffc9.js:2:404097)\n    at Object.enqueueSetState (https://www.invia.cz/assets/invia2020/js/app/hp.77fed086fb5f7f20ffc9.js:2:368625)\n    at y.setState (https://www.invia.cz/assets/invia2020/js/app/hp.77fed086fb5f7f20ffc9.js:2:441828)\n    at P.componentDidUpdate (https://www.invia.cz/assets/invia2020/js/935.0e6d4377bd9b5c87efb1.chunk.js:1:10109)\n    at ql (https://www.invia.cz/assets/invia2020/js/app/hp.77fed086fb5f7f20ffc9.js:2:402323)\n    at Wl (https://www.invia.cz/assets/invia2020/js/app/hp.77fed086fb5f7f20ffc9.js:2:402005)":true,"Error: FPDCallerTracker\n    at Performance.replacementF (chrome-extension://bbogkpojpmdnlonjjogfkaclifmgnbfe/d30a3496-b251-4c59-bcf4-621fe5cb420f:3989:11)\n    at Performance.replacementF (chrome-extension://bbogkpojpmdnlonjjogfkaclifmgnbfe/d30a3496-b251-4c59-bcf4-621fe5cb420f:4009:41)\n    at Object.apply (chrome-extension://bbogkpojpmdnlonjjogfkaclifmgnbfe/d30a3496-b251-4c59-bcf4-621fe5cb420f:405:25)\n    at t.unstable_now (https://www.invia.cz/assets/invia2020/js/app/hp.77fed086fb5f7f20ffc9.js:2:447896)\n    at Gu (https://www.invia.cz/assets/invia2020/js/app/hp.77fed086fb5f7f20ffc9.js:2:411455)\n    at Yu (https://www.invia.cz/assets/invia2020/js/app/hp.77fed086fb5f7f20ffc9.js:2:410675)\n    at Du (https://www.invia.cz/assets/invia2020/js/app/hp.77fed086fb5f7f20ffc9.js:2:407315)\n    at ho (https://www.invia.cz/assets/invia2020/js/app/hp.77fed086fb5f7f20ffc9.js:2:346237)\n    at Ju (https://www.invia.cz/assets/invia2020/js/app/hp.77fed086fb5f7f20ffc9.js:2:412951)\n    at https://www.invia.cz/assets/invia2020/js/app/hp.77fed086fb5f7f20ffc9.js:2:411122":true,"Error: FPDCallerTracker\n    at Performance.replacementF (chrome-extension://bbogkpojpmdnlonjjogfkaclifmgnbfe/d30a3496-b251-4c59-bcf4-621fe5cb420f:3989:11)\n    at Performance.replacementF (chrome-extension://bbogkpojpmdnlonjjogfkaclifmgnbfe/d30a3496-b251-4c59-bcf4-621fe5cb420f:4009:41)\n    at Object.apply (chrome-extension://bbogkpojpmdnlonjjogfkaclifmgnbfe/d30a3496-b251-4c59-bcf4-621fe5cb420f:405:25)\n    at t.unstable_now (https://www.invia.cz/assets/invia2020/js/app/hp.77fed086fb5f7f20ffc9.js:2:447896)\n    at Tu (https://www.invia.cz/assets/invia2020/js/app/hp.77fed086fb5f7f20ffc9.js:2:404097)\n    at ys (https://www.invia.cz/assets/invia2020/js/app/hp.77fed086fb5f7f20ffc9.js:2:365214)\n    at https://www.invia.cz/assets/invia2020/js/391.384c06334a6f724a999b.chunk.js:1:27375\n    at Il (https://www.invia.cz/assets/invia2020/js/app/hp.77fed086fb5f7f20ffc9.js:2:394916)\n    at Ju (https://www.invia.cz/assets/invia2020/js/app/hp.77fed086fb5f7f20ffc9.js:2:412809)\n    at Gu (https://www.invia.cz/assets/invia2020/js/app/hp.77fed086fb5f7f20ffc9.js:2:411632)":true,"Error: FPDCallerTracker\n    at Performance.replacementF (chrome-extension://bbogkpojpmdnlonjjogfkaclifmgnbfe/d30a3496-b251-4c59-bcf4-621fe5cb420f:3989:11)\n    at Performance.replacementF (chrome-extension://bbogkpojpmdnlonjjogfkaclifmgnbfe/d30a3496-b251-4c59-bcf4-621fe5cb420f:4009:41)\n    at Object.apply (chrome-extension://bbogkpojpmdnlonjjogfkaclifmgnbfe/d30a3496-b251-4c59-bcf4-621fe5cb420f:405:25)\n    at t.unstable_now (https://www.invia.cz/assets/invia2020/js/app/hp.77fed086fb5f7f20ffc9.js:2:447896)\n    at Tu (https://www.invia.cz/assets/invia2020/js/app/hp.77fed086fb5f7f20ffc9.js:2:404097)\n    at ys (https://www.invia.cz/assets/invia2020/js/app/hp.77fed086fb5f7f20ffc9.js:2:365214)\n    at https://www.invia.cz/assets/invia2020/js/391.384c06334a6f724a999b.chunk.js:1:27410\n    at Il (https://www.invia.cz/assets/invia2020/js/app/hp.77fed086fb5f7f20ffc9.js:2:394916)\n    at Ju (https://www.invia.cz/assets/invia2020/js/app/hp.77fed086fb5f7f20ffc9.js:2:412809)\n    at Gu (https://www.invia.cz/assets/invia2020/js/app/hp.77fed086fb5f7f20ffc9.js:2:411632)":true,"Error: FPDCallerTracker\n    at Performance.replacementF (chrome-extension://bbogkpojpmdnlonjjogfkaclifmgnbfe/d30a3496-b251-4c59-bcf4-621fe5cb420f:3989:11)\n    at Performance.replacementF (chrome-extension://bbogkpojpmdnlonjjogfkaclifmgnbfe/d30a3496-b251-4c59-bcf4-621fe5cb420f:4009:41)\n    at Object.apply (chrome-extension://bbogkpojpmdnlonjjogfkaclifmgnbfe/d30a3496-b251-4c59-bcf4-621fe5cb420f:405:25)\n    at t.unstable_now (https://www.invia.cz/assets/invia2020/js/app/hp.77fed086fb5f7f20ffc9.js:2:447896)\n    at Tu (https://www.invia.cz/assets/invia2020/js/app/hp.77fed086fb5f7f20ffc9.js:2:404097)\n    at ys (https://www.invia.cz/assets/invia2020/js/app/hp.77fed086fb5f7f20ffc9.js:2:365214)\n    at https://www.invia.cz/assets/invia2020/js/391.384c06334a6f724a999b.chunk.js:1:27429\n    at Il (https://www.invia.cz/assets/invia2020/js/app/hp.77fed086fb5f7f20ffc9.js:2:394916)\n    at Ju (https://www.invia.cz/assets/invia2020/js/app/hp.77fed086fb5f7f20ffc9.js:2:412809)\n    at Gu (https://www.invia.cz/assets/invia2020/js/app/hp.77fed086fb5f7f20ffc9.js:2:411632)":true,"Error: FPDCallerTracker\n    at Performance.replacementF (chrome-extension://bbogkpojpmdnlonjjogfkaclifmgnbfe/d30a3496-b251-4c59-bcf4-621fe5cb420f:3989:11)\n    at Performance.replacementF (chrome-extension://bbogkpojpmdnlonjjogfkaclifmgnbfe/d30a3496-b251-4c59-bcf4-621fe5cb420f:4009:41)\n    at Object.apply (chrome-extension://bbogkpojpmdnlonjjogfkaclifmgnbfe/d30a3496-b251-4c59-bcf4-621fe5cb420f:405:25)\n    at t.unstable_now (https://www.invia.cz/assets/invia2020/js/app/hp.77fed086fb5f7f20ffc9.js:2:447896)\n    at Tu (https://www.invia.cz/assets/invia2020/js/app/hp.77fed086fb5f7f20ffc9.js:2:404097)\n    at ys (https://www.invia.cz/assets/invia2020/js/app/hp.77fed086fb5f7f20ffc9.js:2:365214)\n    at https://www.invia.cz/assets/invia2020/js/helpers/searchFormReact.f9ab299c6233851ba8d3.chunk.js:1:61402\n    at Il (https://www.invia.cz/assets/invia2020/js/app/hp.77fed086fb5f7f20ffc9.js:2:394916)\n    at Ju (https://www.invia.cz/assets/invia2020/js/app/hp.77fed086fb5f7f20ffc9.js:2:412809)\n    at Gu (https://www.invia.cz/assets/invia2020/js/app/hp.77fed086fb5f7f20ffc9.js:2:411632)":true,"Error: FPDCallerTracker\n    at Performance.replacementF (chrome-extension://bbogkpojpmdnlonjjogfkaclifmgnbfe/d30a3496-b251-4c59-bcf4-621fe5cb420f:3989:11)\n    at Performance.replacementF (chrome-extension://bbogkpojpmdnlonjjogfkaclifmgnbfe/d30a3496-b251-4c59-bcf4-621fe5cb420f:4009:41)\n    at Object.apply (chrome-extension://bbogkpojpmdnlonjjogfkaclifmgnbfe/d30a3496-b251-4c59-bcf4-621fe5cb420f:405:25)\n    at t.unstable_now (https://www.invia.cz/assets/invia2020/js/app/hp.77fed086fb5f7f20ffc9.js:2:447896)\n    at Du (https://www.invia.cz/assets/invia2020/js/app/hp.77fed086fb5f7f20ffc9.js:2:407332)\n    at ho (https://www.invia.cz/assets/invia2020/js/app/hp.77fed086fb5f7f20ffc9.js:2:346237)\n    at Ju (https://www.invia.cz/assets/invia2020/js/app/hp.77fed086fb5f7f20ffc9.js:2:412951)\n    at https://www.invia.cz/assets/invia2020/js/app/hp.77fed086fb5f7f20ffc9.js:2:411122\n    at E (https://www.invia.cz/assets/invia2020/js/app/hp.77fed086fb5f7f20ffc9.js:2:448619)\n    at MessagePort.I (https://www.invia.cz/assets/invia2020/js/app/hp.77fed086fb5f7f20ffc9.js:2:449151)":true,"Error: FPDCallerTracker\n    at Performance.replacementF (chrome-extension://bbogkpojpmdnlonjjogfkaclifmgnbfe/d30a3496-b251-4c59-bcf4-621fe5cb420f:3989:11)\n    at Performance.replacementF (chrome-extension://bbogkpojpmdnlonjjogfkaclifmgnbfe/d30a3496-b251-4c59-bcf4-621fe5cb420f:4009:41)\n    at Object.apply (chrome-extension://bbogkpojpmdnlonjjogfkaclifmgnbfe/d30a3496-b251-4c59-bcf4-621fe5cb420f:405:25)\n    at t.unstable_now (https://www.invia.cz/assets/invia2020/js/app/hp.77fed086fb5f7f20ffc9.js:2:447896)\n    at t.unstable_scheduleCallback (https://www.invia.cz/assets/invia2020/js/app/hp.77fed086fb5f7f20ffc9.js:2:450489)\n    at ic (https://www.invia.cz/assets/invia2020/js/app/hp.77fed086fb5f7f20ffc9.js:2:414145)\n    at Iu (https://www.invia.cz/assets/invia2020/js/app/hp.77fed086fb5f7f20ffc9.js:2:404857)\n    at Gu (https://www.invia.cz/assets/invia2020/js/app/hp.77fed086fb5f7f20ffc9.js:2:411450)\n    at Yu (https://www.invia.cz/assets/invia2020/js/app/hp.77fed086fb5f7f20ffc9.js:2:410675)\n    at Du (https://www.invia.cz/assets/invia2020/js/app/hp.77fed086fb5f7f20ffc9.js:2:407315)":true,"Error: FPDCallerTracker\n    at Performance.replacementF (chrome-extension://bbogkpojpmdnlonjjogfkaclifmgnbfe/d30a3496-b251-4c59-bcf4-621fe5cb420f:3989:11)\n    at Performance.replacementF (chrome-extension://bbogkpojpmdnlonjjogfkaclifmgnbfe/d30a3496-b251-4c59-bcf4-621fe5cb420f:4009:41)\n    at Object.apply (chrome-extension://bbogkpojpmdnlonjjogfkaclifmgnbfe/d30a3496-b251-4c59-bcf4-621fe5cb420f:405:25)\n    at t.unstable_now (https://www.invia.cz/assets/invia2020/js/app/hp.77fed086fb5f7f20ffc9.js:2:447896)\n    at Tu (https://www.invia.cz/assets/invia2020/js/app/hp.77fed086fb5f7f20ffc9.js:2:404116)\n    at ys (https://www.invia.cz/assets/invia2020/js/app/hp.77fed086fb5f7f20ffc9.js:2:365214)\n    at Object.setResult (https://www.invia.cz/assets/invia2020/js/654.358f28d2a2b65f4d50ac.chunk.js:2:64215)\n    at https://www.invia.cz/assets/invia2020/js/654.358f28d2a2b65f4d50ac.chunk.js:2:64585":true,"Error: FPDCallerTracker\n    at Performance.replacementF (chrome-extension://bbogkpojpmdnlonjjogfkaclifmgnbfe/d30a3496-b251-4c59-bcf4-621fe5cb420f:3989:11)\n    at Performance.replacementF (chrome-extension://bbogkpojpmdnlonjjogfkaclifmgnbfe/d30a3496-b251-4c59-bcf4-621fe5cb420f:4009:41)\n    at Object.apply (chrome-extension://bbogkpojpmdnlonjjogfkaclifmgnbfe/d30a3496-b251-4c59-bcf4-621fe5cb420f:405:25)\n    at t.unstable_now (https://www.invia.cz/assets/invia2020/js/app/hp.77fed086fb5f7f20ffc9.js:2:447896)\n    at Fu (https://www.invia.cz/assets/invia2020/js/app/hp.77fed086fb5f7f20ffc9.js:2:407415)\n    at je (https://www.invia.cz/assets/invia2020/js/app/hp.77fed086fb5f7f20ffc9.js:2:314742)\n    at hi (https://www.invia.cz/assets/invia2020/js/app/hp.77fed086fb5f7f20ffc9.js:2:338630)\n    at on (https://www.invia.cz/assets/invia2020/js/app/hp.77fed086fb5f7f20ffc9.js:2:322927)":true,"Error: FPDCallerTracker\n    at Performance.replacementF (chrome-extension://bbogkpojpmdnlonjjogfkaclifmgnbfe/d30a3496-b251-4c59-bcf4-621fe5cb420f:3989:11)\n    at Performance.replacementF (chrome-extension://bbogkpojpmdnlonjjogfkaclifmgnbfe/d30a3496-b251-4c59-bcf4-621fe5cb420f:4009:41)\n    at Object.apply (chrome-extension://bbogkpojpmdnlonjjogfkaclifmgnbfe/d30a3496-b251-4c59-bcf4-621fe5cb420f:405:25)\n    at t.unstable_now (https://www.invia.cz/assets/invia2020/js/app/hp.77fed086fb5f7f20ffc9.js:2:447896)\n    at Tu (https://www.invia.cz/assets/invia2020/js/app/hp.77fed086fb5f7f20ffc9.js:2:404097)\n    at ys (https://www.invia.cz/assets/invia2020/js/app/hp.77fed086fb5f7f20ffc9.js:2:365214)\n    at https://www.invia.cz/assets/invia2020/js/391.384c06334a6f724a999b.chunk.js:1:27375\n    at Il (https://www.invia.cz/assets/invia2020/js/app/hp.77fed086fb5f7f20ffc9.js:2:394916)\n    at Ju (https://www.invia.cz/assets/invia2020/js/app/hp.77fed086fb5f7f20ffc9.js:2:412809)\n    at Du (https://www.invia.cz/assets/invia2020/js/app/hp.77fed086fb5f7f20ffc9.js:2:407055)":true,"Error: FPDCallerTracker\n    at Performance.replacementF (chrome-extension://bbogkpojpmdnlonjjogfkaclifmgnbfe/d30a3496-b251-4c59-bcf4-621fe5cb420f:3989:11)\n    at Performance.replacementF (chrome-extension://bbogkpojpmdnlonjjogfkaclifmgnbfe/d30a3496-b251-4c59-bcf4-621fe5cb420f:4009:41)\n    at Object.apply (chrome-extension://bbogkpojpmdnlonjjogfkaclifmgnbfe/d30a3496-b251-4c59-bcf4-621fe5cb420f:405:25)\n    at t.unstable_now (https://www.invia.cz/assets/invia2020/js/app/hp.77fed086fb5f7f20ffc9.js:2:447896)\n    at Tu (https://www.invia.cz/assets/invia2020/js/app/hp.77fed086fb5f7f20ffc9.js:2:404097)\n    at ys (https://www.invia.cz/assets/invia2020/js/app/hp.77fed086fb5f7f20ffc9.js:2:365214)\n    at https://www.invia.cz/assets/invia2020/js/391.384c06334a6f724a999b.chunk.js:1:27410\n    at Il (https://www.invia.cz/assets/invia2020/js/app/hp.77fed086fb5f7f20ffc9.js:2:394916)\n    at Ju (https://www.invia.cz/assets/invia2020/js/app/hp.77fed086fb5f7f20ffc9.js:2:412809)\n    at Du (https://www.invia.cz/assets/invia2020/js/app/hp.77fed086fb5f7f20ffc9.js:2:407055)":true,"Error: FPDCallerTracker\n    at Performance.replacementF (chrome-extension://bbogkpojpmdnlonjjogfkaclifmgnbfe/d30a3496-b251-4c59-bcf4-621fe5cb420f:3989:11)\n    at Performance.replacementF (chrome-extension://bbogkpojpmdnlonjjogfkaclifmgnbfe/d30a3496-b251-4c59-bcf4-621fe5cb420f:4009:41)\n    at Object.apply (chrome-extension://bbogkpojpmdnlonjjogfkaclifmgnbfe/d30a3496-b251-4c59-bcf4-621fe5cb420f:405:25)\n    at t.unstable_now (https://www.invia.cz/assets/invia2020/js/app/hp.77fed086fb5f7f20ffc9.js:2:447896)\n    at Tu (https://www.invia.cz/assets/invia2020/js/app/hp.77fed086fb5f7f20ffc9.js:2:404097)\n    at ys (https://www.invia.cz/assets/invia2020/js/app/hp.77fed086fb5f7f20ffc9.js:2:365214)\n    at https://www.invia.cz/assets/invia2020/js/391.384c06334a6f724a999b.chunk.js:1:27429\n    at Il (https://www.invia.cz/assets/invia2020/js/app/hp.77fed086fb5f7f20ffc9.js:2:394916)\n    at Ju (https://www.invia.cz/assets/invia2020/js/app/hp.77fed086fb5f7f20ffc9.js:2:412809)\n    at Du (https://www.invia.cz/assets/invia2020/js/app/hp.77fed086fb5f7f20ffc9.js:2:407055)":true,"Error: FPDCallerTracker\n    at Performance.replacementF (chrome-extension://bbogkpojpmdnlonjjogfkaclifmgnbfe/d30a3496-b251-4c59-bcf4-621fe5cb420f:3989:11)\n    at Performance.replacementF (chrome-extension://bbogkpojpmdnlonjjogfkaclifmgnbfe/d30a3496-b251-4c59-bcf4-621fe5cb420f:4009:41)\n    at Object.apply (chrome-extension://bbogkpojpmdnlonjjogfkaclifmgnbfe/d30a3496-b251-4c59-bcf4-621fe5cb420f:405:25)\n    at t.unstable_now (https://www.invia.cz/assets/invia2020/js/app/hp.77fed086fb5f7f20ffc9.js:2:447896)\n    at Gu (https://www.invia.cz/assets/invia2020/js/app/hp.77fed086fb5f7f20ffc9.js:2:411455)\n    at Yu (https://www.invia.cz/assets/invia2020/js/app/hp.77fed086fb5f7f20ffc9.js:2:410675)\n    at Du (https://www.invia.cz/assets/invia2020/js/app/hp.77fed086fb5f7f20ffc9.js:2:407315)\n    at ho (https://www.invia.cz/assets/invia2020/js/app/hp.77fed086fb5f7f20ffc9.js:2:346237)\n    at Gu (https://www.invia.cz/assets/invia2020/js/app/hp.77fed086fb5f7f20ffc9.js:2:411687)\n    at Yu (https://www.invia.cz/assets/invia2020/js/app/hp.77fed086fb5f7f20ffc9.js:2:410675)":true,"Error: FPDCallerTracker\n    at Performance.replacementF (chrome-extension://bbogkpojpmdnlonjjogfkaclifmgnbfe/d30a3496-b251-4c59-bcf4-621fe5cb420f:3989:11)\n    at Performance.replacementF (chrome-extension://bbogkpojpmdnlonjjogfkaclifmgnbfe/d30a3496-b251-4c59-bcf4-621fe5cb420f:4009:41)\n    at Object.apply (chrome-extension://bbogkpojpmdnlonjjogfkaclifmgnbfe/d30a3496-b251-4c59-bcf4-621fe5cb420f:405:25)\n    at t.unstable_now (https://www.invia.cz/assets/invia2020/js/app/hp.77fed086fb5f7f20ffc9.js:2:447896)\n    at Du (https://www.invia.cz/assets/invia2020/js/app/hp.77fed086fb5f7f20ffc9.js:2:407332)\n    at ho (https://www.invia.cz/assets/invia2020/js/app/hp.77fed086fb5f7f20ffc9.js:2:346237)\n    at Gu (https://www.invia.cz/assets/invia2020/js/app/hp.77fed086fb5f7f20ffc9.js:2:411687)\n    at Yu (https://www.invia.cz/assets/invia2020/js/app/hp.77fed086fb5f7f20ffc9.js:2:410675)\n    at Nu (https://www.invia.cz/assets/invia2020/js/app/hp.77fed086fb5f7f20ffc9.js:2:405646)\n    at E (https://www.invia.cz/assets/invia2020/js/app/hp.77fed086fb5f7f20ffc9.js:2:448619)":true}}}}}}