{
    "google.com": {
        "accounts": {
            "A": [
                "64.233.184.84"
            ],
            "CNAME": []
        },
        "fundingchoicesmessages": {
            "A": [
                "142.251.36.110"
            ],
            "CNAME": [
                "www3.l.google.com"
            ]
        },
        "www3.l": {
            "A": [
                "142.251.36.110"
            ],
            "CNAME": []
        },
        "android.clients": {
            "A": [
                "142.251.36.142",
                "142.251.36.78",
                "142.251.37.110",
                "142.251.36.110"
            ],
            "CNAME": [
                "android.l.google.com"
            ]
        },
        "android.l": {
            "A": [
                "142.251.36.142",
                "142.251.36.78",
                "142.251.37.110",
                "142.251.36.110"
            ],
            "CNAME": []
        },
        "mtalk": {
            "A": [
                "142.250.102.188"
            ],
            "CNAME": []
        }
    },
    "karaoketexty.cz": {
        "karaoketexty.cz": {
            "A": [
                "85.239.227.46"
            ],
            "CNAME": []
        },
        "www": {
            "A": [
                "85.239.227.46"
            ],
            "CNAME": [
                "karaoketexty.cz"
            ]
        },
        "img": {
            "A": [
                "85.239.227.46"
            ],
            "CNAME": [
                "karaoketexty.cz"
            ]
        }
    },
    "cpex.cz": {
        "cdn": {
            "A": [
                "84.17.61.36",
                "185.152.65.27",
                "84.17.61.33"
            ],
            "CNAME": [
                "1341732386.rsc.cdn77.org"
            ]
        }
    },
    "cdn77.org": {
        "1341732386.rsc": {
            "A": [
                "84.17.61.36",
                "185.152.65.27",
                "84.17.61.33"
            ],
            "CNAME": []
        }
    },
    "ytimg.com": {
        "i": {
            "A": [
                "142.251.37.118",
                "142.251.36.118",
                "142.251.36.86",
                "142.251.36.150"
            ],
            "CNAME": []
        }
    },
    "mookie1.com": {
        "cz-gmtdmp": {
            "A": [
                "34.160.111.29"
            ],
            "CNAME": [
                "tagr-pixel-nginx-lb1-euw4.mookie1.com"
            ]
        },
        "tagr-pixel-nginx-lb1-euw4": {
            "A": [
                "34.160.111.29"
            ],
            "CNAME": []
        }
    },
    "toplist.cz": {
        "toplist.cz": {
            "A": [
                "88.86.101.2"
            ],
            "CNAME": []
        }
    },
    "googleapis.com": {
        "content-autofill": {
            "A": [
                "142.251.36.74",
                "142.251.36.106",
                "142.251.36.138",
                "142.251.37.106"
            ],
            "CNAME": []
        },
        "fonts": {
            "A": [
                "142.251.36.138"
            ],
            "CNAME": []
        },
        "imasdk": {
            "A": [
                "142.251.36.106"
            ],
            "CNAME": []
        }
    },
    "performax.cz": {
        "cdn": {
            "A": [
                "109.123.221.171",
                "109.123.210.83",
                "109.123.210.81"
            ],
            "CNAME": []
        },
        "karaoketexty-cz": {
            "A": [
                "109.123.210.64",
                "81.0.226.5",
                "109.123.210.68"
            ],
            "CNAME": [
                "ut.performax.cz"
            ]
        },
        "ut": {
            "A": [
                "109.123.210.68",
                "109.123.210.64",
                "81.0.226.5"
            ],
            "CNAME": []
        },
        "matomo": {
            "A": [
                "109.123.221.126"
            ],
            "CNAME": [
                "matomo1.performax.cz"
            ]
        },
        "matomo1": {
            "A": [
                "109.123.221.126"
            ],
            "CNAME": []
        },
        "dale": {
            "A": [
                "109.123.221.54",
                "109.123.221.50",
                "109.123.221.51"
            ],
            "CNAME": []
        },
        "chip": {
            "A": [
                "109.123.221.54",
                "109.123.221.50",
                "109.123.221.51"
            ],
            "CNAME": []
        }
    },
    "googletagmanager.com": {
        "www": {
            "A": [
                "142.251.36.104"
            ],
            "CNAME": []
        }
    },
    "google-analytics.com": {
        "ssl": {
            "A": [
                "142.251.36.136"
            ],
            "CNAME": []
        },
        "region1": {
            "A": [
                "216.239.32.36",
                "216.239.34.36"
            ],
            "CNAME": []
        }
    },
    "gemius.pl": {
        "spir.hit": {
            "A": [
                "141.95.47.54",
                "141.95.47.53",
                "141.95.47.56",
                "141.95.47.55"
            ],
            "CNAME": []
        },
        "ls.hit": {
            "A": [
                "146.59.30.100",
                "146.59.30.96",
                "145.239.237.56",
                "146.59.30.108",
                "146.59.30.104"
            ],
            "CNAME": []
        }
    },
    "screechingstove.com": {
        "screechingstove.com": {
            "A": [
                "34.36.178.22"
            ],
            "CNAME": []
        }
    },
    "gstatic.com": {
        "fonts": {
            "A": [
                "142.251.37.99"
            ],
            "CNAME": []
        },
        "csi": {
            "A": [
                "172.217.15.227"
            ],
            "CNAME": []
        }
    },
    "pubmatic.com": {
        "ads": {
            "A": [
                "23.75.64.240"
            ],
            "CNAME": [
                "pubmatic.edgekey.net",
                "e6603.g.akamaiedge.net"
            ]
        },
        "t": {
            "A": [
                "185.64.189.226"
            ],
            "CNAME": [
                "tv2.pubmnet.com",
                "t-lhrc.pubmnet.com"
            ]
        },
        "vid": {
            "A": [
                "185.64.190.75"
            ],
            "CNAME": [
                "vidv2.pubmnet.com",
                "showads-lhrc.pubmnet.com"
            ]
        }
    },
    "edgekey.net": {
        "pubmatic": {
            "A": [],
            "CNAME": [
                "e6603.g.akamaiedge.net"
            ]
        }
    },
    "akamaiedge.net": {
        "e6603.g": {
            "A": [
                "23.75.64.240"
            ],
            "CNAME": []
        }
    },
    "adsafeprotected.com": {
        "static": {
            "A": [
                "65.9.95.4",
                "65.9.95.74",
                "65.9.95.65",
                "65.9.95.99"
            ],
            "CNAME": [
                "d162h6x3rxav67.cloudfront.net"
            ]
        }
    },
    "cloudfront.net": {
        "d162h6x3rxav67": {
            "A": [
                "65.9.95.4",
                "65.9.95.74",
                "65.9.95.65",
                "65.9.95.99"
            ],
            "CNAME": []
        }
    },
    "jsdelivr.net": {
        "cdn": {
            "A": [
                "199.232.17.229"
            ],
            "CNAME": [
                "jsdelivr.map.fastly.net"
            ]
        }
    },
    "fastly.net": {
        "jsdelivr.map": {
            "A": [
                "199.232.17.229"
            ],
            "CNAME": []
        }
    },
    "doubleclick.net": {
        "securepubads.g": {
            "A": [
                "142.251.36.130"
            ],
            "CNAME": []
        },
        "ad": {
            "A": [
                "142.251.37.102"
            ],
            "CNAME": []
        },
        "googleads.g": {
            "A": [
                "142.251.36.66"
            ],
            "CNAME": []
        }
    },
    "etargetnet.com": {
        "cz.search": {
            "A": [
                "195.168.10.171"
            ],
            "CNAME": []
        }
    },
    "dopc.cz": {
        "cdn": {
            "A": [
                "77.78.119.106"
            ],
            "CNAME": []
        }
    },
    "pubmnet.com": {
        "tv2": {
            "A": [],
            "CNAME": [
                "t-lhrc.pubmnet.com"
            ]
        },
        "t-amsc": {
            "A": [
                "185.64.189.226"
            ],
            "CNAME": []
        },
        "t-lhrc": {
            "A": [
                "185.64.189.226"
            ],
            "CNAME": []
        },
        "vidv2": {
            "A": [],
            "CNAME": [
                "showads-lhrc.pubmnet.com"
            ]
        },
        "showads-lhrc": {
            "A": [
                "185.64.190.75"
            ],
            "CNAME": []
        }
    },
    "adform.net": {
        "track": {
            "A": [
                "37.157.2.230"
            ],
            "CNAME": [
                "track-eu.adformnet.akadns.net"
            ]
        },
        "s1": {
            "A": [
                "37.157.4.21"
            ],
            "CNAME": [
                "s1-eu-cname.adformnet.akadns.net",
                "jstrp.adform.net"
            ]
        },
        "jstrp": {
            "A": [
                "37.157.4.21"
            ],
            "CNAME": []
        },
        "adx": {
            "A": [
                "37.157.2.230"
            ],
            "CNAME": [
                "track-eu.adformnet.akadns.net"
            ]
        }
    },
    "akadns.net": {
        "track-eu.adformnet": {
            "A": [
                "37.157.2.230"
            ],
            "CNAME": []
        },
        "s1-eu-cname.adformnet": {
            "A": [],
            "CNAME": [
                "jstrp.adform.net"
            ]
        }
    },
    "googlesyndication.com": {
        "pagead2": {
            "A": [
                "142.251.36.98"
            ],
            "CNAME": []
        }
    },
    "seznam.cz": {
        "ssp": {
            "A": [
                "77.75.76.101",
                "77.75.78.101"
            ],
            "CNAME": []
        },
        "h": {
            "A": [
                "77.75.76.30",
                "77.75.78.30"
            ],
            "CNAME": []
        },
        "c-ng": {
            "A": [
                "77.75.79.172",
                "77.75.77.172"
            ],
            "CNAME": []
        }
    },
    "2mdn.net": {
        "s0": {
            "A": [
                "142.251.36.70"
            ],
            "CNAME": []
        }
    },
    "sdn.cz": {
        "d49-a": {
            "A": [
                "77.75.79.195",
                "77.75.77.195"
            ],
            "CNAME": [
                "lb.sdn.cz"
            ]
        },
        "lb": {
            "A": [
                "77.75.79.195",
                "77.75.77.195"
            ],
            "CNAME": []
        }
    }
}