[
    {
        "requested_by": "https://upol.cz/",
        "time": 236889.832713,
        "requested_resource": "https://upol.cz/",
        "initiator": {
            "type": "other"
        }
    },
    {
        "requested_by": "https://www.upol.cz/",
        "time": 236890.205751,
        "requested_resource": "https://www.upol.cz/",
        "initiator": {
            "type": "other"
        }
    },
    {
        "requested_by": "https://www.upol.cz/",
        "time": 236890.456282,
        "requested_resource": "https://www.upol.cz/typo3temp/assets/css/d42b6e1bdf.css?1573344891",
        "initiator": {
            "columnNumber": 106,
            "lineNumber": 26,
            "type": "parser",
            "url": "https://www.upol.cz/"
        }
    },
    {
        "requested_by": "https://www.upol.cz/",
        "time": 236890.456477,
        "requested_resource": "https://www.upol.cz/typo3conf/ext/jn_lighterbox/Resources/Public/style/lightbox.min.css?1600159715",
        "initiator": {
            "columnNumber": 141,
            "lineNumber": 27,
            "type": "parser",
            "url": "https://www.upol.cz/"
        }
    },
    {
        "requested_by": "https://www.upol.cz/",
        "time": 236890.456508,
        "requested_resource": "https://www.upol.cz/typo3conf/ext/vlk_owl_slider/Resources/Public/owl-carousel/assets/owl.carousel.min.css?1687257558",
        "initiator": {
            "columnNumber": 157,
            "lineNumber": 28,
            "type": "parser",
            "url": "https://www.upol.cz/"
        }
    },
    {
        "requested_by": "https://www.upol.cz/",
        "time": 236890.456533,
        "requested_resource": "https://www.upol.cz/typo3conf/ext/vlk_owl_slider/Resources/Public/owl-carousel/assets/owl.theme.default.min.css?1687257558",
        "initiator": {
            "columnNumber": 162,
            "lineNumber": 29,
            "type": "parser",
            "url": "https://www.upol.cz/"
        }
    },
    {
        "requested_by": "https://www.upol.cz/",
        "time": 236890.456552,
        "requested_resource": "https://www.upol.cz/fileadmin/ext/owlcarousel/owlcarousel-up.css?1704299418",
        "initiator": {
            "columnNumber": 115,
            "lineNumber": 30,
            "type": "parser",
            "url": "https://www.upol.cz/"
        }
    },
    {
        "requested_by": "https://www.upol.cz/",
        "time": 236890.456582,
        "requested_resource": "https://www.upol.cz/typo3conf/ext/cookies/Resources/Public/Css/main.css?1640114529",
        "initiator": {
            "columnNumber": 122,
            "lineNumber": 31,
            "type": "parser",
            "url": "https://www.upol.cz/"
        }
    },
    {
        "requested_by": "https://www.upol.cz/",
        "time": 236890.45661,
        "requested_resource": "https://fonts.googleapis.com/css?family=PT+Sans:400,400i,700,700i&subset=latin-ext",
        "initiator": {
            "columnNumber": 145,
            "lineNumber": 32,
            "type": "parser",
            "url": "https://www.upol.cz/"
        }
    },
    {
        "requested_by": "https://www.upol.cz/",
        "time": 236890.456638,
        "requested_resource": "https://www.upol.cz/fileadmin/up/css/main.css?1678881626",
        "initiator": {
            "columnNumber": 96,
            "lineNumber": 33,
            "type": "parser",
            "url": "https://www.upol.cz/"
        }
    },
    {
        "requested_by": "https://www.upol.cz/",
        "time": 236890.456662,
        "requested_resource": "https://www.upol.cz/fileadmin/ext/extensions_temp.css?1727376294",
        "initiator": {
            "columnNumber": 104,
            "lineNumber": 34,
            "type": "parser",
            "url": "https://www.upol.cz/"
        }
    },
    {
        "requested_by": "https://www.upol.cz/",
        "time": 236890.456688,
        "requested_resource": "https://www.upol.cz/fileadmin/up/css/lowslider.css?1686654238",
        "initiator": {
            "columnNumber": 101,
            "lineNumber": 35,
            "type": "parser",
            "url": "https://www.upol.cz/"
        }
    },
    {
        "requested_by": "https://www.upol.cz/",
        "time": 236890.456705,
        "requested_resource": "https://www.upol.cz/fileadmin/up/css/up.css?1570038724",
        "initiator": {
            "columnNumber": 94,
            "lineNumber": 36,
            "type": "parser",
            "url": "https://www.upol.cz/"
        }
    },
    {
        "requested_by": "https://www.upol.cz/",
        "time": 236890.456732,
        "requested_resource": "https://www.upol.cz/typo3temp/assets/css/58826f8d1b.css?1684608845",
        "initiator": {
            "columnNumber": 106,
            "lineNumber": 37,
            "type": "parser",
            "url": "https://www.upol.cz/"
        }
    },
    {
        "requested_by": "https://www.upol.cz/",
        "time": 236890.456751,
        "requested_resource": "https://www.upol.cz/fileadmin/up/js/app.js?1570038724",
        "initiator": {
            "columnNumber": 72,
            "lineNumber": 41,
            "type": "parser",
            "url": "https://www.upol.cz/"
        }
    },
    {
        "requested_by": "https://www.upol.cz/",
        "time": 236890.45678,
        "requested_resource": "https://www.upol.cz/typo3temp/assets/js/c9a02131f0.js?1573344891",
        "initiator": {
            "columnNumber": 83,
            "lineNumber": 43,
            "type": "parser",
            "url": "https://www.upol.cz/"
        }
    },
    {
        "requested_by": "https://www.upol.cz/",
        "time": 236890.45681,
        "requested_resource": "https://www.upol.cz/files/userdata/_processed_/8/2/csm_ak-tyden-slide_3940effa2b.jpg",
        "initiator": {
            "columnNumber": 119,
            "lineNumber": 120,
            "type": "parser",
            "url": "https://www.upol.cz/"
        }
    },
    {
        "requested_by": "https://www.upol.cz/",
        "time": 236890.456835,
        "requested_resource": "https://www.upol.cz/files/userdata/_processed_/8/e/csm_up_prochazka-s_daniel-stach_slide_2aa0073c81.jpg",
        "initiator": {
            "columnNumber": 138,
            "lineNumber": 132,
            "type": "parser",
            "url": "https://www.upol.cz/"
        }
    },
    {
        "requested_by": "https://www.upol.cz/",
        "time": 236890.45686,
        "requested_resource": "https://www.upol.cz/files/userdata/_processed_/b/3/csm_proof-of-concept_nova-vyzva_slide1_913694ca0b.jpg",
        "initiator": {
            "columnNumber": 139,
            "lineNumber": 144,
            "type": "parser",
            "url": "https://www.upol.cz/"
        }
    },
    {
        "requested_by": "https://www.upol.cz/",
        "time": 236890.456881,
        "requested_resource": "https://www.upol.cz/fileadmin/resources/owl2/owl.carousel.min.js",
        "initiator": {
            "columnNumber": 83,
            "lineNumber": 153,
            "type": "parser",
            "url": "https://www.upol.cz/"
        }
    },
    {
        "requested_by": "https://www.upol.cz/",
        "time": 236890.456898,
        "requested_resource": "https://www.upol.cz/fileadmin/userdata/obrazky/bannery/small_zurnal_cz.svg",
        "initiator": {
            "columnNumber": 285,
            "lineNumber": 193,
            "type": "parser",
            "url": "https://www.upol.cz/"
        }
    },
    {
        "requested_by": "https://www.upol.cz/",
        "time": 236890.456937,
        "requested_resource": "https://www.upol.cz/fileadmin/userdata/obrazky/bannery/small_studujte-u-nas.svg",
        "initiator": {
            "columnNumber": 529,
            "lineNumber": 193,
            "type": "parser",
            "url": "https://www.upol.cz/"
        }
    },
    {
        "requested_by": "https://www.upol.cz/",
        "time": 236890.456959,
        "requested_resource": "https://www.upol.cz/fileadmin/userdata/obrazky/bannery/small_pracujte-u-nas.svg",
        "initiator": {
            "columnNumber": 768,
            "lineNumber": 193,
            "type": "parser",
            "url": "https://www.upol.cz/"
        }
    },
    {
        "requested_by": "https://www.upol.cz/",
        "time": 236890.45699,
        "requested_resource": "https://www.upol.cz/fileadmin/userdata/obrazky/bannery/small_mezinarodni-hodnoceni3.svg",
        "initiator": {
            "columnNumber": 1054,
            "lineNumber": 193,
            "type": "parser",
            "url": "https://www.upol.cz/"
        }
    },
    {
        "requested_by": "https://www.upol.cz/",
        "time": 236890.45701,
        "requested_resource": "https://www.upol.cz/files/userdata/_processed_/f/5/csm_zup_ceny_rektora_001_ba1816c8be.jpg",
        "initiator": {
            "columnNumber": 120,
            "lineNumber": 228,
            "type": "parser",
            "url": "https://www.upol.cz/"
        }
    },
    {
        "requested_by": "https://www.upol.cz/",
        "time": 236890.457031,
        "requested_resource": "https://www.upol.cz/files/users/_processed_/f/f/csm_PHOTO-2025-02-17-18-13-03_df3df7d5c2.jpg",
        "initiator": {
            "columnNumber": 122,
            "lineNumber": 249,
            "type": "parser",
            "url": "https://www.upol.cz/"
        }
    },
    {
        "requested_by": "https://www.upol.cz/",
        "time": 236890.457051,
        "requested_resource": "https://www.upol.cz/files/userdata/_processed_/8/f/csm_up_prochazka-s_daniel-stach_aktualita_320fea839f.jpg",
        "initiator": {
            "columnNumber": 137,
            "lineNumber": 270,
            "type": "parser",
            "url": "https://www.upol.cz/"
        }
    },
    {
        "requested_by": "https://www.upol.cz/",
        "time": 236890.465677,
        "requested_resource": "https://www.upol.cz/files/userdata/_processed_/4/b/csm_programy_0e97e3b11f.jpg",
        "initiator": {
            "columnNumber": 108,
            "lineNumber": 291,
            "type": "parser",
            "url": "https://www.upol.cz/"
        }
    },
    {
        "requested_by": "https://www.upol.cz/",
        "time": 236890.465727,
        "requested_resource": "https://www.upol.cz/files/userdata/_processed_/d/8/csm_pdf_rekonstukce1_bbc0de9763.jpg",
        "initiator": {
            "columnNumber": 116,
            "lineNumber": 312,
            "type": "parser",
            "url": "https://www.upol.cz/"
        }
    },
    {
        "requested_by": "https://www.upol.cz/",
        "time": 236890.465754,
        "requested_resource": "https://www.upol.cz/files/users/_processed_/9/6/csm_06_indie_ce4ac2da58.jpg",
        "initiator": {
            "columnNumber": 105,
            "lineNumber": 333,
            "type": "parser",
            "url": "https://www.upol.cz/"
        }
    },
    {
        "requested_by": "https://www.upol.cz/",
        "time": 236890.465784,
        "requested_resource": "https://www.upol.cz/uploads/tx_vlkowlslider/minislider_hr-award_orig1_01.svg",
        "initiator": {
            "columnNumber": 146,
            "lineNumber": 759,
            "type": "parser",
            "url": "https://www.upol.cz/"
        }
    },
    {
        "requested_by": "https://www.upol.cz/",
        "time": 236890.465805,
        "requested_resource": "https://www.upol.cz/uploads/tx_vlkowlslider/minislider_udrzitelna-univerzita_new.svg",
        "initiator": {
            "columnNumber": 164,
            "lineNumber": 772,
            "type": "parser",
            "url": "https://www.upol.cz/"
        }
    },
    {
        "requested_by": "https://www.upol.cz/",
        "time": 236890.465824,
        "requested_resource": "https://www.upol.cz/uploads/tx_vlkowlslider/minislider_aurora_2022.svg",
        "initiator": {
            "columnNumber": 144,
            "lineNumber": 785,
            "type": "parser",
            "url": "https://www.upol.cz/"
        }
    },
    {
        "requested_by": "https://www.upol.cz/",
        "time": 236890.465857,
        "requested_resource": "https://www.upol.cz/uploads/tx_vlkowlslider/minislider_ferova-univerzita.svg",
        "initiator": {
            "columnNumber": 142,
            "lineNumber": 798,
            "type": "parser",
            "url": "https://www.upol.cz/"
        }
    },
    {
        "requested_by": "https://www.upol.cz/",
        "time": 236890.46588,
        "requested_resource": "https://www.upol.cz/uploads/tx_vlkowlslider/minislider_narodni-plan-obnovy.svg",
        "initiator": {
            "columnNumber": 140,
            "lineNumber": 811,
            "type": "parser",
            "url": "https://www.upol.cz/"
        }
    },
    {
        "requested_by": "https://www.upol.cz/",
        "time": 236890.465912,
        "requested_resource": "https://www.upol.cz/uploads/tx_vlkowlslider/minislider_pevnost-poznani.svg",
        "initiator": {
            "columnNumber": 148,
            "lineNumber": 824,
            "type": "parser",
            "url": "https://www.upol.cz/"
        }
    },
    {
        "requested_by": "https://www.upol.cz/",
        "time": 236890.465963,
        "requested_resource": "https://www.upol.cz/uploads/tx_vlkowlslider/minislider_unitrips.svg",
        "initiator": {
            "columnNumber": 134,
            "lineNumber": 837,
            "type": "parser",
            "url": "https://www.upol.cz/"
        }
    },
    {
        "requested_by": "https://www.upol.cz/",
        "time": 236890.466006,
        "requested_resource": "https://www.upol.cz/uploads/tx_vlkowlslider/minislider_uplikace.svg",
        "initiator": {
            "columnNumber": 134,
            "lineNumber": 850,
            "type": "parser",
            "url": "https://www.upol.cz/"
        }
    },
    {
        "requested_by": "https://www.upol.cz/",
        "time": 236890.466029,
        "requested_resource": "https://www.upol.cz/fileadmin/_processed_/0/7/csm_3d-foto3_c9f66663bd.jpg",
        "initiator": {
            "columnNumber": 168,
            "lineNumber": 929,
            "type": "parser",
            "url": "https://www.upol.cz/"
        }
    },
    {
        "requested_by": "https://www.upol.cz/",
        "time": 236890.466048,
        "requested_resource": "https://www.upol.cz/files/userdata/_processed_/b/4/csm_Noc_vedcu_2024_055_prf-X2_bb42b142d9.jpg",
        "initiator": {
            "columnNumber": 162,
            "lineNumber": 1028,
            "type": "parser",
            "url": "https://www.upol.cz/"
        }
    },
    {
        "requested_by": "https://www.upol.cz/",
        "time": 236890.471633,
        "requested_resource": "https://www.upol.cz/files/userdata/_processed_/2/1/csm_MEET_UP_2024_fin_002-X2_c104e7a88d.jpg",
        "initiator": {
            "columnNumber": 160,
            "lineNumber": 1127,
            "type": "parser",
            "url": "https://www.upol.cz/"
        }
    },
    {
        "requested_by": "https://www.upol.cz/",
        "time": 236890.471677,
        "requested_resource": "https://www.upol.cz/files/userdata/_processed_/0/d/csm_olomouc-a-univerzita_012_e12b31ca2c.jpg",
        "initiator": {
            "columnNumber": 210,
            "lineNumber": 1226,
            "type": "parser",
            "url": "https://www.upol.cz/"
        }
    },
    {
        "requested_by": "https://www.upol.cz/",
        "time": 236890.471698,
        "requested_resource": "https://www.upol.cz/fileadmin/up/temp/up_mapa_cz.svg",
        "initiator": {
            "columnNumber": 126,
            "lineNumber": 1432,
            "type": "parser",
            "url": "https://www.upol.cz/"
        }
    },
    {
        "requested_by": "https://www.upol.cz/",
        "time": 236890.47172,
        "requested_resource": "https://www.upol.cz/fileadmin/up/temp/up_hr-award_bila.png",
        "initiator": {
            "columnNumber": 110,
            "lineNumber": 1436,
            "type": "parser",
            "url": "https://www.upol.cz/"
        }
    },
    {
        "requested_by": "https://www.upol.cz/",
        "time": 236890.471739,
        "requested_resource": "https://www.upol.cz/fileadmin/up/temp/olomoucky-kraj_logo_bila_zona.svg",
        "initiator": {
            "columnNumber": 290,
            "lineNumber": 1687,
            "type": "parser",
            "url": "https://www.upol.cz/"
        }
    },
    {
        "requested_by": "https://www.upol.cz/",
        "time": 236890.471761,
        "requested_resource": "https://www.upol.cz/fileadmin/up/temp/olomouc_logo_bila_zona.svg",
        "initiator": {
            "columnNumber": 524,
            "lineNumber": 1687,
            "type": "parser",
            "url": "https://www.upol.cz/"
        }
    },
    {
        "requested_by": "https://www.upol.cz/",
        "time": 236890.47178,
        "requested_resource": "https://www.upol.cz/typo3conf/ext/vlk_owl_slider/Resources/Public/owl-carousel/owl.carousel.min.js?1687257558",
        "initiator": {
            "columnNumber": 128,
            "lineNumber": 1801,
            "type": "parser",
            "url": "https://www.upol.cz/"
        }
    },
    {
        "requested_by": "https://www.upol.cz/",
        "time": 236890.471806,
        "requested_resource": "https://www.upol.cz/typo3conf/ext/jn_lighterbox/Resources/Public/javascript/lightbox.min.js?1600159715",
        "initiator": {
            "columnNumber": 121,
            "lineNumber": 1802,
            "type": "parser",
            "url": "https://www.upol.cz/"
        }
    },
    {
        "requested_by": "https://www.upol.cz/",
        "time": 236890.471825,
        "requested_resource": "https://www.upol.cz/fileadmin/up/js/owlslider.js?1710256502",
        "initiator": {
            "columnNumber": 78,
            "lineNumber": 1803,
            "type": "parser",
            "url": "https://www.upol.cz/"
        }
    },
    {
        "requested_by": "https://www.upol.cz/",
        "time": 236890.471842,
        "requested_resource": "https://www.upol.cz/typo3conf/ext/cookies/Resources/Public/Js/main.js?1670406166",
        "initiator": {
            "columnNumber": 99,
            "lineNumber": 1804,
            "type": "parser",
            "url": "https://www.upol.cz/"
        }
    },
    {
        "requested_by": "https://www.upol.cz/",
        "time": 236890.471863,
        "requested_resource": "https://www.upol.cz/fileadmin/up/js/scrollspy.js?1714134853",
        "initiator": {
            "columnNumber": 78,
            "lineNumber": 1805,
            "type": "parser",
            "url": "https://www.upol.cz/"
        }
    },
    {
        "requested_by": "https://www.upol.cz/",
        "time": 236890.471881,
        "requested_resource": "https://www.upol.cz/typo3temp/assets/js/38e799f890.js?1600161050",
        "initiator": {
            "columnNumber": 83,
            "lineNumber": 1806,
            "type": "parser",
            "url": "https://www.upol.cz/"
        }
    },
    {
        "requested_by": "https://www.upol.cz/",
        "time": 236890.78233,
        "requested_resource": "https://www.upol.cz/piwik/matomo.js",
        "initiator": {
            "stack": {
                "callFrames": [
                    {
                        "columnNumber": 52,
                        "functionName": "",
                        "lineNumber": 70,
                        "scriptId": "25",
                        "url": "https://www.upol.cz/"
                    }
                ]
            },
            "type": "script"
        }
    },
    {
        "requested_by": "https://www.youtube-nocookie.com/embed/G9IfW6s4Vw8?autohide=1&controls=1&enablejsapi=1&origin=https%3A%2F%2Fwww.upol.cz",
        "time": 236890.785937,
        "requested_resource": "https://www.youtube-nocookie.com/embed/G9IfW6s4Vw8?autohide=1&controls=1&enablejsapi=1&origin=https%3A%2F%2Fwww.upol.cz",
        "initiator": {
            "columnNumber": 298,
            "lineNumber": 1357,
            "type": "parser",
            "url": "https://www.upol.cz/"
        }
    },
    {
        "requested_by": "https://www.upol.cz/",
        "time": 236890.790977,
        "requested_resource": "https://www.upol.cz/fileadmin/up/css/imgs/UP_logo_bila_cz.svg",
        "initiator": {
            "type": "parser",
            "url": "https://www.upol.cz/fileadmin/up/css/up.css?1570038724"
        }
    },
    {
        "requested_by": "https://www.upol.cz/",
        "time": 236890.792015,
        "requested_resource": "https://www.upol.cz/fileadmin/up/css/imgs/social-sprite-42.png",
        "initiator": {
            "type": "parser",
            "url": "https://www.upol.cz/fileadmin/up/css/main.css?1678881626"
        }
    },
    {
        "requested_by": "https://www.upol.cz/",
        "time": 236890.792286,
        "requested_resource": "https://fonts.gstatic.com/s/ptsans/v17/jizaRExUiTo99u79D0KExQ.woff2",
        "initiator": {
            "type": "parser",
            "url": "https://fonts.googleapis.com/css?family=PT+Sans:400,400i,700,700i&subset=latin-ext"
        }
    },
    {
        "requested_by": "https://www.upol.cz/",
        "time": 236890.792359,
        "requested_resource": "https://www.upol.cz/fileadmin/up/css/fonts/glyphicons-halflings-regular.woff2",
        "initiator": {
            "type": "parser",
            "url": "https://www.upol.cz/fileadmin/up/css/main.css?1678881626"
        }
    },
    {
        "requested_by": "https://www.upol.cz/",
        "time": 236890.792456,
        "requested_resource": "https://fonts.gstatic.com/s/ptsans/v17/jizfRExUiTo99u79B_mh0O6tLQ.woff2",
        "initiator": {
            "type": "parser",
            "url": "https://fonts.googleapis.com/css?family=PT+Sans:400,400i,700,700i&subset=latin-ext"
        }
    },
    {
        "requested_by": "https://www.upol.cz/",
        "time": 236890.795142,
        "requested_resource": "https://fonts.gstatic.com/s/ptsans/v17/jizaRExUiTo99u79D0yExdGM.woff2",
        "initiator": {
            "type": "parser",
            "url": "https://fonts.googleapis.com/css?family=PT+Sans:400,400i,700,700i&subset=latin-ext"
        }
    },
    {
        "requested_by": "https://www.upol.cz/",
        "time": 236890.796982,
        "requested_resource": "https://fonts.gstatic.com/s/ptsans/v17/jizfRExUiTo99u79B_mh0OCtLQ0Z.woff2",
        "initiator": {
            "type": "parser",
            "url": "https://fonts.googleapis.com/css?family=PT+Sans:400,400i,700,700i&subset=latin-ext"
        }
    },
    {
        "requested_by": "https://www.upol.cz/",
        "time": 236890.833112,
        "requested_resource": "https://www.upol.cz/typo3conf/ext/jn_lighterbox/Resources/Public/Icons/prev.png",
        "initiator": {
            "type": "parser",
            "url": "https://www.upol.cz/typo3conf/ext/jn_lighterbox/Resources/Public/style/lightbox.min.css?1600159715"
        }
    },
    {
        "requested_by": "https://www.upol.cz/",
        "time": 236890.833171,
        "requested_resource": "https://www.upol.cz/typo3conf/ext/jn_lighterbox/Resources/Public/Icons/next.png",
        "initiator": {
            "type": "parser",
            "url": "https://www.upol.cz/typo3conf/ext/jn_lighterbox/Resources/Public/style/lightbox.min.css?1600159715"
        }
    },
    {
        "requested_by": "https://www.upol.cz/",
        "time": 236890.833201,
        "requested_resource": "https://www.upol.cz/typo3conf/ext/jn_lighterbox/Resources/Public/Icons/loading.gif",
        "initiator": {
            "type": "parser",
            "url": "https://www.upol.cz/typo3conf/ext/jn_lighterbox/Resources/Public/style/lightbox.min.css?1600159715"
        }
    },
    {
        "requested_by": "https://www.upol.cz/",
        "time": 236890.833257,
        "requested_resource": "https://www.upol.cz/typo3conf/ext/jn_lighterbox/Resources/Public/Icons/close.png",
        "initiator": {
            "type": "parser",
            "url": "https://www.upol.cz/typo3conf/ext/jn_lighterbox/Resources/Public/style/lightbox.min.css?1600159715"
        }
    },
    {
        "requested_by": "https://www.upol.cz/",
        "time": 236890.833645,
        "requested_resource": "data:image/gif;base64,R0lGODlhAQABAIAAAP///wAAACH5BAEAAAAALAAAAAABAAEAAAICRAEAOw==",
        "initiator": {
            "columnNumber": 8,
            "lineNumber": 1861,
            "type": "parser",
            "url": "https://www.upol.cz/"
        }
    },
    {
        "requested_by": "https://www.upol.cz/",
        "time": 236890.949111,
        "requested_resource": "https://www.upol.cz/piwik/matomo.php?action_name=Univerzita%20Palack%C3%A9ho%20v%20Olomouci&idsite=2&rec=1&r=910474&h=12&m=45&s=18&url=https%3A%2F%2Fwww.upol.cz%2F&_id=&_idn=1&send_image=0&_refts=0&pdf=1&qt=0&realp=0&wma=0&fla=0&java=0&ag=0&cookie=1&res=2560x1440&pv_id=dfuaLy&pf_net=31&pf_srv=210&pf_tfr=20&pf_dm1=370&uadata=%7B%22fullVersionList%22%3A%5B%7B%22brand%22%3A%22Chromium%22%2C%22version%22%3A%22133.0.6943.126%22%7D%2C%7B%22brand%22%3A%22Not(A%3ABrand%22%2C%22version%22%3A%2299.0.0.0%22%7D%5D%2C%22mobile%22%3Afalse%2C%22model%22%3A%22%22%2C%22platform%22%3A%22Windows%22%2C%22platformVersion%22%3A%2219.0.0%22%7D",
        "initiator": {
            "stack": {
                "callFrames": [
                    {
                        "columnNumber": 250,
                        "functionName": "bd",
                        "lineNumber": 35,
                        "scriptId": "32",
                        "url": "https://www.upol.cz/piwik/matomo.js"
                    }
                ]
            },
            "type": "script"
        }
    },
    {
        "requested_by": "https://www.upol.cz/",
        "time": 236891.594256,
        "requested_resource": "https://www.upol.cz/fileadmin/up/fav/site.webmanifest",
        "initiator": {
            "columnNumber": 8,
            "lineNumber": 1861,
            "type": "parser",
            "url": "https://www.upol.cz/"
        }
    },
    {
        "requested_by": "https://www.upol.cz/",
        "time": 236891.595322,
        "requested_resource": "https://www.upol.cz/fileadmin/up/fav/favicon.ico",
        "initiator": {
            "type": "other"
        }
    }
]