{
    "google.com": {
        "accounts": {
            "A": [
                "64.233.184.84"
            ],
            "CNAME": []
        }
    },
    "jenprace.cz": {
        "jenprace.cz": {
            "A": [
                "104.26.4.182",
                "104.26.5.182",
                "172.67.73.146"
            ],
            "CNAME": []
        },
        "www": {
            "A": [
                "104.26.5.182",
                "104.26.4.182",
                "172.67.73.146"
            ],
            "CNAME": []
        }
    },
    "googletagmanager.com": {
        "www": {
            "A": [
                "142.251.36.104"
            ],
            "CNAME": []
        }
    },
    "cloudflareinsights.com": {
        "static": {
            "A": [
                "104.16.79.73",
                "104.16.80.73"
            ],
            "CNAME": []
        },
        "cloudflareinsights.com": {
            "A": [
                "104.16.80.73",
                "104.16.79.73"
            ],
            "CNAME": []
        }
    },
    "smartlook.com": {
        "web-sdk": {
            "A": [
                "65.9.95.112",
                "65.9.95.28",
                "65.9.95.105",
                "65.9.95.64"
            ],
            "CNAME": []
        }
    },
    "sentry.io": {
        "o1421012.ingest.us": {
            "A": [
                "34.120.195.249"
            ],
            "CNAME": []
        }
    },
    "googleapis.com": {
        "content-autofill": {
            "A": [
                "142.251.36.138",
                "142.251.36.74",
                "142.251.36.106",
                "142.251.37.106"
            ],
            "CNAME": []
        }
    }
}