{
    "google.com": {
        "accounts": {
            "A": [
                "64.233.184.84"
            ],
            "CNAME": []
        },
        "apis": {
            "A": [
                "142.251.37.110"
            ],
            "CNAME": [
                "plus.l.google.com"
            ]
        },
        "plus.l": {
            "A": [
                "142.251.37.110"
            ],
            "CNAME": []
        },
        "youtube-ui.l": {
            "A": [
                "142.251.36.142",
                "142.251.36.78",
                "142.251.36.110",
                "142.251.37.110"
            ],
            "CNAME": []
        },
        "android.clients": {
            "A": [
                "142.251.37.110",
                "142.251.36.78",
                "142.251.36.110",
                "142.251.36.142"
            ],
            "CNAME": [
                "android.l.google.com"
            ]
        },
        "android.l": {
            "A": [
                "142.251.37.110",
                "142.251.36.78",
                "142.251.36.110",
                "142.251.36.142"
            ],
            "CNAME": []
        },
        "mtalk": {
            "A": [
                "142.250.27.188"
            ],
            "CNAME": [
                "mobile-gtalk.l.google.com"
            ]
        },
        "mobile-gtalk.l": {
            "A": [
                "142.250.27.188"
            ],
            "CNAME": []
        }
    },
    "bauhaus.cz": {
        "bauhaus.cz": {
            "A": [
                "104.17.67.120",
                "104.17.69.120",
                "104.17.68.120",
                "104.17.71.120",
                "104.17.70.120"
            ],
            "CNAME": []
        },
        "www": {
            "A": [
                "104.17.68.120",
                "104.17.70.120",
                "104.17.69.120",
                "104.17.67.120",
                "104.17.71.120"
            ],
            "CNAME": []
        },
        "media": {
            "A": [
                "104.17.69.120",
                "104.17.68.120",
                "104.17.71.120",
                "104.17.70.120",
                "104.17.67.120"
            ],
            "CNAME": [
                "prd-bauhaus-cz-m2.vaimo.net"
            ]
        },
        "kosik": {
            "A": [
                "104.17.67.120",
                "104.17.69.120",
                "104.17.68.120",
                "104.17.71.120",
                "104.17.70.120"
            ],
            "CNAME": [
                "bauhaus.cz"
            ]
        },
        "chat": {
            "A": [
                "109.107.210.26"
            ],
            "CNAME": []
        }
    },
    "jsdelivr.net": {
        "cdn": {
            "A": [
                "199.232.17.229"
            ],
            "CNAME": [
                "jsdelivr.map.fastly.net"
            ]
        }
    },
    "fastly.net": {
        "jsdelivr.map": {
            "A": [
                "199.232.17.229"
            ],
            "CNAME": []
        }
    },
    "vaimo.net": {
        "prd-bauhaus-cz-m2": {
            "A": [
                "104.17.69.120",
                "104.17.68.120",
                "104.17.71.120",
                "104.17.70.120",
                "104.17.67.120"
            ],
            "CNAME": []
        }
    },
    "foxentry.cz": {
        "cdn": {
            "A": [
                "188.114.96.9",
                "188.114.97.9"
            ],
            "CNAME": []
        },
        "api": {
            "A": [
                "116.202.183.131"
            ],
            "CNAME": []
        }
    },
    "googleapis.com": {
        "content-autofill": {
            "A": [
                "142.251.36.138",
                "142.251.36.74",
                "142.251.36.106",
                "142.251.37.106"
            ],
            "CNAME": []
        },
        "fonts": {
            "A": [
                "142.251.36.138"
            ],
            "CNAME": []
        }
    },
    "googletagmanager.com": {
        "www": {
            "A": [
                "142.251.36.104"
            ],
            "CNAME": []
        }
    },
    "im9.cz": {
        "cz": {
            "A": [
                "185.68.70.158",
                "185.68.70.157"
            ],
            "CNAME": []
        },
        "im9.cz": {
            "A": [
                "185.68.70.158",
                "185.68.70.157"
            ],
            "CNAME": []
        }
    },
    "facebook.net": {
        "connect": {
            "A": [
                "157.240.30.27"
            ],
            "CNAME": [
                "scontent.xx.fbcdn.net"
            ]
        }
    },
    "fbcdn.net": {
        "scontent.xx": {
            "A": [
                "157.240.30.27"
            ],
            "CNAME": []
        }
    },
    "prefixbox.com": {
        "integration": {
            "A": [
                "13.107.253.45"
            ],
            "CNAME": [
                "fde-pfbx-integration-prod-euw-f5c5d7djdvf9fvdg.a01.azurefd.net",
                "shed.dual-low.s-part-0017.t-0009.t-msedge.net",
                "azurefd-t-fb-prod.trafficmanager.net",
                "dual.s-part-0017.t-0009.fb-t-msedge.net",
                "s-part-0017.t-0009.fb-t-msedge.net"
            ]
        },
        "api": {
            "A": [
                "108.141.16.127"
            ],
            "CNAME": [
                "traf-pfbx-apim-prod-euw.trafficmanager.net",
                "apim-pfbx-prod-euw-westeurope-01.regional.azure-api.net",
                "api7f2fa937f6b84e8aa112a713fe1b921excsmqbd97xmjbwknfqoc6.westeurope.cloudapp.azure.com"
            ]
        },
        "lg1": {
            "A": [
                "20.105.224.13"
            ],
            "CNAME": [
                "pb-api-logging.trafficmanager.net",
                "pfbx-api-logging-euw-prod-linux.azurewebsites.net",
                "waws-prod-am2-575.sip.azurewebsites.windows.net",
                "waws-prod-am2-575-e585.westeurope.cloudapp.azure.com"
            ]
        }
    },
    "azurefd.net": {
        "fde-pfbx-integration-prod-euw-f5c5d7djdvf9fvdg.a01": {
            "A": [],
            "CNAME": [
                "shed.dual-low.s-part-0017.t-0009.t-msedge.net"
            ]
        }
    },
    "t-msedge.net": {
        "shed.dual-low.s-part-0017.t-0009": {
            "A": [],
            "CNAME": [
                "azurefd-t-fb-prod.trafficmanager.net"
            ]
        }
    },
    "trafficmanager.net": {
        "azurefd-t-fb-prod": {
            "A": [],
            "CNAME": [
                "dual.s-part-0017.t-0009.fb-t-msedge.net"
            ]
        },
        "traf-pfbx-apim-prod-euw": {
            "A": [],
            "CNAME": [
                "apim-pfbx-prod-euw-westeurope-01.regional.azure-api.net"
            ]
        },
        "pb-api-logging": {
            "A": [],
            "CNAME": [
                "pfbx-api-logging-euw-prod-linux.azurewebsites.net"
            ]
        }
    },
    "fb-t-msedge.net": {
        "dual.s-part-0017.t-0009": {
            "A": [],
            "CNAME": [
                "s-part-0017.t-0009.fb-t-msedge.net"
            ]
        },
        "s-part-0017.t-0009": {
            "A": [
                "13.107.253.45"
            ],
            "CNAME": []
        }
    },
    "gstatic.com": {
        "csi": {
            "A": [
                "173.194.66.94",
                "173.194.66.120"
            ],
            "CNAME": []
        },
        "fonts": {
            "A": [
                "142.251.37.99"
            ],
            "CNAME": []
        },
        "www": {
            "A": [
                "142.251.36.99"
            ],
            "CNAME": []
        }
    },
    "azure-api.net": {
        "apim-pfbx-prod-euw-westeurope-01.regional": {
            "A": [],
            "CNAME": [
                "api7f2fa937f6b84e8aa112a713fe1b921excsmqbd97xmjbwknfqoc6.westeurope.cloudapp.azure.com"
            ]
        }
    },
    "azure.com": {
        "api7f2fa937f6b84e8aa112a713fe1b921excsmqbd97xmjbwknfqoc6.westeurope.cloudapp": {
            "A": [
                "108.141.16.127"
            ],
            "CNAME": []
        },
        "waws-prod-am2-575-e585.westeurope.cloudapp": {
            "A": [
                "20.105.224.13"
            ],
            "CNAME": []
        }
    },
    "youtube.com": {
        "www": {
            "A": [
                "142.251.36.142",
                "142.251.36.78",
                "142.251.36.110",
                "142.251.37.110"
            ],
            "CNAME": [
                "youtube-ui.l.google.com"
            ]
        }
    },
    "azurewebsites.net": {
        "pfbx-api-logging-euw-prod-linux": {
            "A": [],
            "CNAME": [
                "waws-prod-am2-575.sip.azurewebsites.windows.net"
            ]
        }
    },
    "windows.net": {
        "waws-prod-am2-575.sip.azurewebsites": {
            "A": [],
            "CNAME": [
                "waws-prod-am2-575-e585.westeurope.cloudapp.azure.com"
            ]
        }
    },
    "seznam.cz": {
        "c": {
            "A": [
                "77.75.77.172",
                "77.75.79.172"
            ],
            "CNAME": []
        }
    },
    "bianopixel.com": {
        "bianopixel.com": {
            "A": [
                "213.109.164.211"
            ],
            "CNAME": []
        },
        "cz": {
            "A": [
                "213.109.164.211"
            ],
            "CNAME": []
        }
    },
    "newrelic.com": {
        "js-agent": {
            "A": [
                "162.247.243.39"
            ],
            "CNAME": []
        }
    },
    "nr-data.net": {
        "bam.eu01": {
            "A": [
                "185.221.87.23"
            ],
            "CNAME": [
                "bam-eu01.cell.eu.nr-data.net",
                "fastly-tls12-bam.eu01.nr-data.net"
            ]
        },
        "bam-eu01.cell.eu": {
            "A": [],
            "CNAME": [
                "fastly-tls12-bam.eu01.nr-data.net"
            ]
        },
        "fastly-tls12-bam.eu01": {
            "A": [
                "185.221.87.23"
            ],
            "CNAME": []
        }
    },
    "googlesyndication.com": {
        "pagead2": {
            "A": [
                "142.251.36.98"
            ],
            "CNAME": []
        },
        "ade": {
            "A": [
                "142.251.37.98"
            ],
            "CNAME": []
        }
    },
    "google-analytics.com": {
        "region1": {
            "A": [
                "216.239.32.36",
                "216.239.34.36"
            ],
            "CNAME": []
        }
    }
}