{
    "google.com": {
        "accounts": {
            "A": [
                "64.233.184.84"
            ],
            "CNAME": []
        },
        "fundingchoicesmessages": {
            "A": [
                "142.251.36.110"
            ],
            "CNAME": [
                "www3.l.google.com"
            ]
        },
        "www3.l": {
            "A": [
                "142.251.36.110"
            ],
            "CNAME": []
        },
        "android.clients": {
            "A": [
                "142.251.36.142",
                "142.251.36.110",
                "142.251.36.78",
                "142.251.37.110"
            ],
            "CNAME": [
                "android.l.google.com"
            ]
        },
        "android.l": {
            "A": [
                "142.251.36.142",
                "142.251.36.110",
                "142.251.36.78",
                "142.251.37.110"
            ],
            "CNAME": []
        },
        "mtalk": {
            "A": [
                "142.250.27.188"
            ],
            "CNAME": []
        }
    },
    "jidlo.cz": {
        "jidlo.cz": {
            "A": [
                "178.162.212.139"
            ],
            "CNAME": []
        },
        "www": {
            "A": [
                "178.162.212.139"
            ],
            "CNAME": [
                "jidlo.cz"
            ]
        },
        "cdn": {
            "A": [
                "84.17.61.35",
                "84.17.61.33",
                "185.152.65.27"
            ],
            "CNAME": [
                "1824867661.rsc.cdn77.org"
            ]
        }
    },
    "googleapis.com": {
        "fonts": {
            "A": [
                "142.251.36.138"
            ],
            "CNAME": []
        },
        "content-autofill": {
            "A": [
                "142.251.37.106",
                "142.251.36.106",
                "142.251.36.74",
                "142.251.36.138"
            ],
            "CNAME": []
        }
    },
    "googlesyndication.com": {
        "tpc": {
            "A": [
                "142.251.37.97"
            ],
            "CNAME": []
        },
        "pagead2": {
            "A": [
                "142.251.36.98"
            ],
            "CNAME": []
        }
    },
    "cdn77.org": {
        "1824867661.rsc": {
            "A": [
                "84.17.61.35",
                "84.17.61.33",
                "185.152.65.27"
            ],
            "CNAME": []
        }
    },
    "gstatic.com": {
        "fonts": {
            "A": [
                "142.251.37.99"
            ],
            "CNAME": []
        }
    },
    "doubleclick.net": {
        "googleads.g": {
            "A": [
                "142.251.36.66"
            ],
            "CNAME": []
        }
    },
    "extreme-dm.com": {
        "nht-2": {
            "A": [
                "18.233.3.105"
            ],
            "CNAME": []
        }
    },
    "gemius.pl": {
        "spir.hit": {
            "A": [
                "141.95.47.54",
                "141.95.47.53",
                "141.95.47.56",
                "141.95.47.55"
            ],
            "CNAME": []
        }
    },
    "googletagmanager.com": {
        "www": {
            "A": [
                "142.251.36.104"
            ],
            "CNAME": []
        }
    },
    "eprocode.com": {
        "eprocode.com": {
            "A": [
                "18.233.3.105"
            ],
            "CNAME": []
        }
    },
    "teads.tv": {
        "a": {
            "A": [
                "2.23.9.94"
            ],
            "CNAME": [
                "a.teads.tv.edgekey.net",
                "e9957.b.akamaiedge.net"
            ]
        }
    },
    "edgekey.net": {
        "a.teads.tv": {
            "A": [],
            "CNAME": [
                "e9957.b.akamaiedge.net"
            ]
        },
        "cdn.mookie1.com": {
            "A": [],
            "CNAME": [
                "e221614.f.akamaiedge.net"
            ]
        },
        "pubmatic": {
            "A": [],
            "CNAME": [
                "e6603.g.akamaiedge.net"
            ]
        }
    },
    "akamaiedge.net": {
        "e9957.b": {
            "A": [
                "2.23.9.94"
            ],
            "CNAME": []
        },
        "e221614.f": {
            "A": [
                "23.212.110.8",
                "23.212.110.99"
            ],
            "CNAME": []
        },
        "e6603.g": {
            "A": [
                "23.75.64.240"
            ],
            "CNAME": []
        }
    },
    "impressionmedia.cz": {
        "hb": {
            "A": [
                "31.30.26.211"
            ],
            "CNAME": []
        }
    },
    "mookie1.com": {
        "cdn": {
            "A": [
                "23.212.110.8",
                "23.212.110.99"
            ],
            "CNAME": [
                "cdn.mookie1.com.edgekey.net",
                "e221614.f.akamaiedge.net"
            ]
        }
    },
    "google-analytics.com": {
        "www": {
            "A": [
                "142.251.37.110"
            ],
            "CNAME": []
        },
        "region1": {
            "A": [
                "216.239.32.36",
                "216.239.34.36"
            ],
            "CNAME": []
        }
    },
    "jsdelivr.net": {
        "cdn": {
            "A": [
                "199.232.17.229"
            ],
            "CNAME": [
                "jsdelivr.map.fastly.net"
            ]
        }
    },
    "fastly.net": {
        "jsdelivr.map": {
            "A": [
                "199.232.17.229"
            ],
            "CNAME": []
        }
    },
    "r2b2.cz": {
        "delivery": {
            "A": [
                "185.59.208.177",
                "185.59.208.153"
            ],
            "CNAME": []
        }
    },
    "cloudflare.com": {
        "www": {
            "A": [
                "104.16.124.96",
                "104.16.123.96"
            ],
            "CNAME": []
        }
    },
    "criteo.net": {
        "static": {
            "A": [
                "178.250.7.137"
            ],
            "CNAME": [
                "in-ftd-172.fr3.vip.prod.criteo.net"
            ]
        },
        "in-ftd-172.fr3.vip.prod": {
            "A": [
                "178.250.7.137"
            ],
            "CNAME": []
        }
    },
    "adform.net": {
        "adx": {
            "A": [
                "37.157.5.87",
                "37.157.5.141",
                "37.157.5.84",
                "37.157.4.29",
                "37.157.4.28",
                "37.157.5.132"
            ],
            "CNAME": [
                "track-eu.adformnet.akadns.net"
            ]
        },
        "s1": {
            "A": [
                "37.157.6.245"
            ],
            "CNAME": [
                "s1-eu-cname.adformnet.akadns.net",
                "nstrp.adform.net"
            ]
        },
        "nstrp": {
            "A": [
                "37.157.6.245"
            ],
            "CNAME": []
        }
    },
    "akadns.net": {
        "track-eu.adformnet": {
            "A": [
                "37.157.5.87",
                "37.157.5.141",
                "37.157.5.84",
                "37.157.4.29",
                "37.157.4.28",
                "37.157.5.132"
            ],
            "CNAME": []
        },
        "s1-eu-cname.adformnet": {
            "A": [],
            "CNAME": [
                "nstrp.adform.net"
            ]
        }
    },
    "pubmatic.com": {
        "openbid": {
            "A": [
                "103.231.98.75"
            ],
            "CNAME": [
                "openbid-v2.pubmnet.com",
                "openbid-fr2.pubmatic.com"
            ]
        },
        "openbid-fr2": {
            "A": [
                "103.231.98.75"
            ],
            "CNAME": []
        },
        "ads": {
            "A": [
                "23.75.64.240"
            ],
            "CNAME": [
                "pubmatic.edgekey.net",
                "e6603.g.akamaiedge.net"
            ]
        }
    },
    "pubmnet.com": {
        "openbid-v2": {
            "A": [],
            "CNAME": [
                "openbid-fr2.pubmatic.com"
            ]
        }
    },
    "adnxs.com": {
        "r2b2-emea": {
            "A": [
                "185.89.210.211",
                "185.89.210.59",
                "185.89.211.52",
                "185.89.211.26",
                "185.89.211.83"
            ],
            "CNAME": [
                "default-emea.ssp.adnxs.net"
            ]
        }
    },
    "adnxs.net": {
        "default-emea.ssp": {
            "A": [
                "185.89.210.211",
                "185.89.210.59",
                "185.89.211.52",
                "185.89.211.26",
                "185.89.211.83"
            ],
            "CNAME": []
        }
    },
    "us.org": {
        "track": {
            "A": [
                "185.59.208.177"
            ],
            "CNAME": []
        }
    },
    "gamepass.com": {
        "catalog": {
            "A": [
                "23.44.215.42",
                "23.44.215.50",
                "2.16.2.99",
                "2.16.2.136",
                "2.16.2.90"
            ],
            "CNAME": [
                "catalog.gamepass.com.edgesuite.net",
                "a1992.dscd.akamai.net"
            ]
        }
    },
    "edgesuite.net": {
        "catalog.gamepass.com": {
            "A": [],
            "CNAME": [
                "a1992.dscd.akamai.net"
            ]
        }
    },
    "akamai.net": {
        "a1992.dscd": {
            "A": [
                "23.44.215.42",
                "23.44.215.50",
                "2.16.2.99",
                "2.16.2.136",
                "2.16.2.90"
            ],
            "CNAME": []
        }
    }
}