{
    "google.com": {
        "accounts": {
            "A": [
                "64.233.184.84"
            ],
            "CNAME": []
        },
        "fundingchoicesmessages": {
            "A": [
                "142.251.36.110"
            ],
            "CNAME": [
                "www3.l.google.com"
            ]
        },
        "www3.l": {
            "A": [
                "142.251.36.110"
            ],
            "CNAME": []
        },
        "region1.analytics": {
            "A": [
                "216.239.34.36",
                "216.239.32.36"
            ],
            "CNAME": []
        },
        "android.clients": {
            "A": [
                "142.251.36.142",
                "142.251.36.110",
                "142.251.36.78",
                "142.251.37.110"
            ],
            "CNAME": [
                "android.l.google.com"
            ]
        },
        "android.l": {
            "A": [
                "142.251.36.142",
                "142.251.36.110",
                "142.251.36.78",
                "142.251.37.110"
            ],
            "CNAME": []
        },
        "mtalk": {
            "A": [
                "142.250.27.188"
            ],
            "CNAME": []
        }
    },
    "ign.com": {
        "ign.com": {
            "A": [
                "151.101.1.135",
                "151.101.193.135",
                "151.101.65.135",
                "151.101.129.135"
            ],
            "CNAME": []
        },
        "www": {
            "A": [
                "199.232.17.135"
            ],
            "CNAME": [
                "ign.map.fastly.net"
            ]
        },
        "cz": {
            "A": [
                "23.212.110.120",
                "23.212.110.16"
            ],
            "CNAME": [
                "multi-gw.ziffdavisinternational.com.edgekey.net",
                "e96286.e2.akamaiedge.net"
            ]
        },
        "sm": {
            "A": [
                "23.212.110.16",
                "23.212.110.120"
            ],
            "CNAME": [
                "im.ziffdavisinternational.com.edgekey.net",
                "e96286.e2.akamaiedge.net"
            ]
        }
    },
    "fastly.net": {
        "ign.map": {
            "A": [
                "199.232.17.135"
            ],
            "CNAME": []
        }
    },
    "edgekey.net": {
        "multi-gw.ziffdavisinternational.com": {
            "A": [],
            "CNAME": [
                "e96286.e2.akamaiedge.net"
            ]
        },
        "im.ziffdavisinternational.com": {
            "A": [],
            "CNAME": [
                "e96286.e2.akamaiedge.net"
            ]
        }
    },
    "akamaiedge.net": {
        "e96286.e2": {
            "A": [
                "23.212.110.16",
                "23.212.110.120"
            ],
            "CNAME": []
        }
    },
    "googlesyndication.com": {
        "tpc": {
            "A": [
                "142.251.37.97"
            ],
            "CNAME": []
        }
    },
    "googletagmanager.com": {
        "www": {
            "A": [
                "142.251.36.104"
            ],
            "CNAME": []
        }
    },
    "scorecardresearch.com": {
        "sb": {
            "A": [
                "65.9.95.111",
                "65.9.95.94",
                "65.9.95.63",
                "65.9.95.81"
            ],
            "CNAME": []
        }
    },
    "doubleclick.net": {
        "securepubads.g": {
            "A": [
                "142.251.36.130"
            ],
            "CNAME": []
        },
        "stats.g": {
            "A": [
                "142.250.27.156",
                "142.250.27.154",
                "142.250.27.157",
                "142.250.27.155"
            ],
            "CNAME": []
        }
    },
    "inmobi.com": {
        "cmp": {
            "A": [
                "65.9.95.26",
                "65.9.95.8",
                "65.9.95.50",
                "65.9.95.38"
            ],
            "CNAME": [
                "cmp-prod.inmobi-choice.io",
                "d23sp3kzv1t6m5.cloudfront.net"
            ]
        },
        "api.cmp": {
            "A": [
                "18.192.208.33",
                "3.75.150.37",
                "35.158.69.138"
            ],
            "CNAME": [
                "cmp-api-prod.inmobi-choice.io",
                "choice-apis-prod-2120274730.eu-central-1.elb.amazonaws.com"
            ]
        }
    },
    "inmobi-choice.io": {
        "cmp-prod": {
            "A": [],
            "CNAME": [
                "d23sp3kzv1t6m5.cloudfront.net"
            ]
        },
        "cmp-api-prod": {
            "A": [],
            "CNAME": [
                "choice-apis-prod-2120274730.eu-central-1.elb.amazonaws.com"
            ]
        }
    },
    "cloudfront.net": {
        "d23sp3kzv1t6m5": {
            "A": [
                "65.9.95.26",
                "65.9.95.8",
                "65.9.95.50",
                "65.9.95.38"
            ],
            "CNAME": []
        },
        "d231vab146qzfb": {
            "A": [
                "65.9.95.42",
                "65.9.95.83",
                "65.9.95.129",
                "65.9.95.7"
            ],
            "CNAME": []
        }
    },
    "ignimgs.com": {
        "pg": {
            "A": [
                "199.232.17.135"
            ],
            "CNAME": [
                "ign.map.fastly.net"
            ]
        }
    },
    "disqus.com": {
        "ign-cz": {
            "A": [
                "199.232.16.134"
            ],
            "CNAME": [
                "prod.disqus.map.fastlylb.net"
            ]
        },
        "disqus.com": {
            "A": [
                "151.101.64.134",
                "151.101.192.134",
                "151.101.128.134",
                "151.101.0.134"
            ],
            "CNAME": []
        }
    },
    "fastlylb.net": {
        "prod.disqus.map": {
            "A": [
                "199.232.16.134"
            ],
            "CNAME": []
        }
    },
    "googleapis.com": {
        "content-autofill": {
            "A": [
                "142.251.37.106",
                "142.251.36.106",
                "142.251.36.74",
                "142.251.36.138"
            ],
            "CNAME": []
        }
    },
    "amazonaws.com": {
        "choice-apis-prod-2120274730.eu-central-1.elb": {
            "A": [
                "18.192.208.33",
                "3.75.150.37",
                "35.158.69.138"
            ],
            "CNAME": []
        }
    },
    "disquscdn.com": {
        "c": {
            "A": [
                "65.9.95.42",
                "65.9.95.83",
                "65.9.95.129",
                "65.9.95.7"
            ],
            "CNAME": [
                "d231vab146qzfb.cloudfront.net"
            ]
        }
    },
    "google.cz": {
        "www": {
            "A": [
                "142.251.36.67"
            ],
            "CNAME": []
        }
    },
    "google-analytics.com": {
        "region1": {
            "A": [
                "216.239.34.36",
                "216.239.32.36"
            ],
            "CNAME": []
        }
    }
}