[
    {
        "requested_by": "https://glosbe.com/",
        "time": 237112.133639,
        "requested_resource": "https://glosbe.com/",
        "initiator": {
            "type": "other"
        }
    },
    {
        "requested_by": "https://glosbe.com/",
        "time": 237112.542028,
        "requested_resource": "https://glosbe.com/assets/css/index_full.css?fc176dbb821c410bc9e0c9038da943a7",
        "initiator": {
            "type": "other"
        }
    },
    {
        "requested_by": "https://glosbe.com/",
        "time": 237112.542228,
        "requested_resource": "https://glosbe.com/assets/js/localized/glosbe-components-en.js?b28922459c65076a2a19262c2283cd4b",
        "initiator": {
            "type": "other"
        }
    },
    {
        "requested_by": "https://glosbe.com/",
        "time": 237112.542275,
        "requested_resource": "https://www.googletagmanager.com/gtag/js?id=G-TQDYB8G2F1",
        "initiator": {
            "type": "other"
        }
    },
    {
        "requested_by": "https://glosbe.com/",
        "time": 237112.542302,
        "requested_resource": "https://securepubads.g.doubleclick.net/tag/js/gpt.js",
        "initiator": {
            "type": "other"
        }
    },
    {
        "requested_by": "https://glosbe.com/",
        "time": 237112.554774,
        "requested_resource": "https://glosbe.com/assets/images/feature-1.svg",
        "initiator": {
            "columnNumber": 41,
            "lineNumber": 517,
            "type": "parser",
            "url": "https://glosbe.com/"
        }
    },
    {
        "requested_by": "https://glosbe.com/",
        "time": 237112.554822,
        "requested_resource": "https://glosbe.com/assets/images/feature-2.png",
        "initiator": {
            "columnNumber": 41,
            "lineNumber": 517,
            "type": "parser",
            "url": "https://glosbe.com/"
        }
    },
    {
        "requested_by": "https://glosbe.com/",
        "time": 237112.567607,
        "requested_resource": "https://glosbe.com/assets/images/world-dotted.png",
        "initiator": {
            "columnNumber": 41,
            "lineNumber": 517,
            "type": "parser",
            "url": "https://glosbe.com/"
        }
    },
    {
        "requested_by": "https://glosbe.com/",
        "time": 237112.612195,
        "requested_resource": "https://glosbe.com/assets/images/feature-3.svg",
        "initiator": {
            "columnNumber": 107,
            "lineNumber": 568,
            "type": "parser",
            "url": "https://glosbe.com/"
        }
    },
    {
        "requested_by": "https://glosbe.com/",
        "time": 237112.612324,
        "requested_resource": "https://glosbe.com/assets/js/errorHandler.min.js?891543b0fd4e9a422e6e88a578bcf2e2",
        "initiator": {
            "columnNumber": 107,
            "lineNumber": 568,
            "type": "parser",
            "url": "https://glosbe.com/"
        }
    },
    {
        "requested_by": "https://glosbe.com/",
        "time": 237112.612386,
        "requested_resource": "https://glosbe.com/assets/js/analytics.min.js?ver=4",
        "initiator": {
            "columnNumber": 177,
            "lineNumber": 568,
            "type": "parser",
            "url": "https://glosbe.com/"
        }
    },
    {
        "requested_by": "https://glosbe.com/",
        "time": 237112.656528,
        "requested_resource": "https://glosbe.com/assets/fonts/fontello/fontello.woff2?1",
        "initiator": {
            "columnNumber": 8,
            "lineNumber": 585,
            "type": "parser",
            "url": "https://glosbe.com/"
        }
    },
    {
        "requested_by": "https://glosbe.com/",
        "time": 237112.85747,
        "requested_resource": "https://region1.analytics.google.com/g/collect?v=2&tid=G-TQDYB8G2F1&gtm=45je52k0v890623206za200&_p=1740224940041&_gaz=1&gcd=13l3lPl2l1l1&npa=1&dma_cps=syphamo&dma=1&tag_exp=101732282~101732284~102067808~102482433~102539968~102558064~102587591~102605417~102640600~102658453&cid=2046543323.1740224940&ul=en-us&sr=2560x1440&uaa=x86&uab=64&uafvl=Chromium%3B133.0.6943.126%7CNot(A%253ABrand%3B99.0.0.0&uamb=0&uam=&uap=Windows&uapv=19.0.0&uaw=0&are=1&frm=0&pscdl=&_s=1&sid=1740224940&sct=1&seg=0&dl=https%3A%2F%2Fglosbe.com%2F&dt=Glosbe%20Dictionary%20-%20All%20Languages%20of%20the%20World%20in%20One%20Place&en=page_view&_fv=1&_nsi=1&_ss=1&_ee=1&tfd=724",
        "initiator": {
            "stack": {
                "callFrames": [
                    {
                        "columnNumber": 285,
                        "functionName": "Ec",
                        "lineNumber": 230,
                        "scriptId": "24",
                        "url": "https://www.googletagmanager.com/gtag/js?id=G-TQDYB8G2F1"
                    }
                ]
            },
            "type": "script"
        }
    },
    {
        "requested_by": "https://glosbe.com/",
        "time": 237112.857736,
        "requested_resource": "https://stats.g.doubleclick.net/g/collect?v=2&tid=G-TQDYB8G2F1&cid=2046543323.1740224940&gtm=45je52k0v890623206za200&aip=1&dma=1&dma_cps=syphamo&gcd=13l3lPl2l1l1&npa=1&frm=0&tag_exp=101732282~101732284~102067808~102482433~102539968~102558064~102587591~102605417~102640600~102658453",
        "initiator": {
            "stack": {
                "callFrames": [
                    {
                        "columnNumber": 226,
                        "functionName": "Bc",
                        "lineNumber": 229,
                        "scriptId": "24",
                        "url": "https://www.googletagmanager.com/gtag/js?id=G-TQDYB8G2F1"
                    }
                ]
            },
            "type": "script"
        }
    },
    {
        "requested_by": "https://glosbe.com/",
        "time": 237112.858132,
        "requested_resource": "https://www.google.cz/ads/ga-audiences?v=1&t=sr&slf_rd=1&_r=4&tid=G-TQDYB8G2F1&cid=2046543323.1740224940&gtm=45je52k0v890623206za200&aip=1&dma=1&dma_cps=syphamo&gcd=13l3lPl2l1l1&npa=1&frm=0&tag_exp=101732282~101732284~102067808~102482433~102539968~102558064~102587591~102605417~102640600~102658453&tag_exp=101732282~101732284~102067808~102482433~102539968~102558064~102587591~102605417~102640600~102658453&z=1343387844",
        "initiator": {
            "columnNumber": 8,
            "lineNumber": 585,
            "type": "parser",
            "url": "https://glosbe.com/"
        }
    },
    {
        "requested_by": "https://glosbe.com/",
        "time": 237113.250602,
        "requested_resource": "https://glosbe.com/assets/favicon/site.webmanifest",
        "initiator": {
            "type": "other"
        }
    },
    {
        "requested_by": "https://glosbe.com/",
        "time": 237113.251257,
        "requested_resource": "https://glosbe.com/assets/favicon/favicon-32x32.png",
        "initiator": {
            "type": "other"
        }
    }
]