{
    "google.com": {
        "accounts": {
            "A": [
                "64.233.184.84"
            ],
            "CNAME": []
        },
        "android.clients": {
            "A": [
                "142.251.36.78",
                "142.251.36.142",
                "142.251.36.110",
                "142.251.37.110"
            ],
            "CNAME": [
                "android.l.google.com"
            ]
        },
        "android.l": {
            "A": [
                "142.251.36.78",
                "142.251.36.142",
                "142.251.36.110",
                "142.251.37.110"
            ],
            "CNAME": []
        },
        "mtalk": {
            "A": [
                "142.250.27.188"
            ],
            "CNAME": []
        }
    },
    "ceskatelevize.cz": {
        "ceskatelevize.cz": {
            "A": [
                "85.239.69.9"
            ],
            "CNAME": []
        },
        "www": {
            "A": [
                "85.239.69.9"
            ],
            "CNAME": [
                "ceskatelevize.cz"
            ]
        },
        "imgct": {
            "A": [
                "85.239.69.23"
            ],
            "CNAME": []
        },
        "ctfs": {
            "A": [
                "85.239.69.101",
                "85.239.68.101"
            ],
            "CNAME": [
                "ctfs.cl.ceskatelevize.cz"
            ]
        },
        "ctfs.cl": {
            "A": [
                "85.239.69.101",
                "85.239.68.101"
            ],
            "CNAME": []
        }
    },
    "googleapis.com": {
        "ajax": {
            "A": [
                "142.251.36.74"
            ],
            "CNAME": []
        },
        "content-autofill": {
            "A": [
                "142.251.36.106",
                "142.251.37.106",
                "142.251.36.138",
                "142.251.36.74"
            ],
            "CNAME": []
        }
    },
    "googletagmanager.com": {
        "www": {
            "A": [
                "142.251.36.104"
            ],
            "CNAME": []
        }
    },
    "doubleclick.net": {
        "stats.g": {
            "A": [
                "142.250.27.157",
                "142.250.27.156",
                "142.250.27.155",
                "142.250.27.154"
            ],
            "CNAME": []
        }
    },
    "clarity.ms": {
        "www": {
            "A": [
                "13.107.253.45"
            ],
            "CNAME": [
                "clarity.azurefd.net",
                "azurefd-t-prod.trafficmanager.net",
                "shed.dual-low.s-part-0017.t-0009.t-msedge.net",
                "azurefd-t-fb-prod.trafficmanager.net",
                "dual.s-part-0017.t-0009.fb-t-msedge.net",
                "s-part-0017.t-0009.fb-t-msedge.net"
            ]
        },
        "r": {
            "A": [
                "20.119.174.243"
            ],
            "CNAME": [
                "clarity-ingest-eus2-b-sc.eastus2.cloudapp.azure.com"
            ]
        }
    },
    "azurefd.net": {
        "clarity": {
            "A": [],
            "CNAME": [
                "azurefd-t-prod.trafficmanager.net"
            ]
        }
    },
    "trafficmanager.net": {
        "azurefd-t-prod": {
            "A": [],
            "CNAME": [
                "shed.dual-low.s-part-0017.t-0009.t-msedge.net"
            ]
        },
        "azurefd-t-fb-prod": {
            "A": [],
            "CNAME": [
                "dual.s-part-0017.t-0009.fb-t-msedge.net"
            ]
        },
        "mobile.events.data": {
            "A": [],
            "CNAME": [
                "onedscolprdwus15.westus.cloudapp.azure.com"
            ]
        }
    },
    "t-msedge.net": {
        "shed.dual-low.s-part-0017.t-0009": {
            "A": [],
            "CNAME": [
                "azurefd-t-fb-prod.trafficmanager.net"
            ]
        }
    },
    "fb-t-msedge.net": {
        "dual.s-part-0017.t-0009": {
            "A": [],
            "CNAME": [
                "s-part-0017.t-0009.fb-t-msedge.net"
            ]
        },
        "s-part-0017.t-0009": {
            "A": [
                "13.107.253.45"
            ],
            "CNAME": []
        }
    },
    "getsitecontrol.com": {
        "l": {
            "A": [
                "79.127.204.113"
            ],
            "CNAME": [
                "gscwidgets2.b-cdn.net"
            ]
        },
        "s2": {
            "A": [
                "185.59.220.199"
            ],
            "CNAME": [
                "gscstatic2.b-cdn.net"
            ]
        }
    },
    "b-cdn.net": {
        "gscwidgets2": {
            "A": [
                "79.127.204.113"
            ],
            "CNAME": []
        },
        "gscstatic2": {
            "A": [
                "185.59.220.199"
            ],
            "CNAME": []
        }
    },
    "google-analytics.com": {
        "region1": {
            "A": [
                "216.239.32.36",
                "216.239.34.36"
            ],
            "CNAME": []
        }
    },
    "getsitectrl.com": {
        "events": {
            "A": [
                "3.234.18.40",
                "18.213.121.92",
                "44.193.62.156"
            ],
            "CNAME": []
        }
    },
    "cookielaw.org": {
        "cdn": {
            "A": [
                "104.18.86.42",
                "104.18.87.42"
            ],
            "CNAME": []
        }
    },
    "gemius.pl": {
        "spir.hit": {
            "A": [
                "141.95.47.53",
                "141.95.47.54",
                "141.95.47.56",
                "141.95.47.55"
            ],
            "CNAME": []
        }
    },
    "azure.com": {
        "clarity-ingest-eus2-b-sc.eastus2.cloudapp": {
            "A": [
                "20.119.174.243"
            ],
            "CNAME": []
        },
        "onedscolprdwus15.westus.cloudapp": {
            "A": [
                "20.189.173.18"
            ],
            "CNAME": []
        }
    },
    "onetrust.com": {
        "geolocation": {
            "A": [
                "172.64.155.119",
                "104.18.32.137"
            ],
            "CNAME": []
        }
    },
    "microsoft.com": {
        "mobile.events.data": {
            "A": [
                "20.189.173.18"
            ],
            "CNAME": [
                "mobile.events.data.trafficmanager.net",
                "onedscolprdwus15.westus.cloudapp.azure.com"
            ]
        }
    }
}