{
    "googleapis.com": {
        "ajax": {
            "A": [
                "142.251.36.74"
            ],
            "CNAME": []
        },
        "content-autofill": {
            "A": [
                "142.251.36.106",
                "142.251.36.138",
                "142.251.37.106",
                "142.251.36.74"
            ],
            "CNAME": []
        },
        "fonts": {
            "A": [
                "142.251.36.138"
            ],
            "CNAME": []
        }
    },
    "doubleclick.net": {
        "securepubads.g": {
            "A": [
                "142.251.36.130"
            ],
            "CNAME": []
        },
        "stats.g": {
            "A": [
                "142.251.18.154",
                "142.251.18.156",
                "142.251.18.155",
                "142.251.18.157"
            ],
            "CNAME": []
        }
    },
    "googletagmanager.com": {
        "www": {
            "A": [
                "142.251.36.104"
            ],
            "CNAME": []
        }
    },
    "gemius.pl": {
        "cz.hit": {
            "A": [
                "141.95.47.56",
                "141.95.47.55",
                "141.95.47.54",
                "141.95.47.53"
            ],
            "CNAME": []
        },
        "spir.hit": {
            "A": [
                "141.95.47.56",
                "141.95.47.53",
                "141.95.47.54",
                "141.95.47.55"
            ],
            "CNAME": []
        }
    },
    "google-analytics.com": {
        "region1": {
            "A": [
                "216.239.34.36",
                "216.239.32.36"
            ],
            "CNAME": []
        }
    },
    "ceskatelevize.cz": {
        "ceskatelevize.cz": {
            "A": [
                "85.239.69.9"
            ],
            "CNAME": []
        },
        "www": {
            "A": [
                "85.239.69.9"
            ],
            "CNAME": [
                "ceskatelevize.cz"
            ]
        },
        "ctfs": {
            "A": [
                "85.239.69.101",
                "85.239.68.101"
            ],
            "CNAME": [
                "ctfs.cl.ceskatelevize.cz"
            ]
        },
        "ctfs.cl": {
            "A": [
                "85.239.69.101",
                "85.239.68.101"
            ],
            "CNAME": []
        },
        "imgct": {
            "A": [
                "85.239.69.23"
            ],
            "CNAME": []
        }
    },
    "trafficmanager.net": {
        "mobile.events.data": {
            "A": [],
            "CNAME": [
                "onedscolprdcus07.centralus.cloudapp.azure.com"
            ]
        },
        "azurefd-t-prod": {
            "A": [],
            "CNAME": [
                "shed.dual-low.s-part-0017.t-0009.t-msedge.net"
            ]
        }
    },
    "azure.com": {
        "onedscolprdcus07.centralus.cloudapp": {
            "A": [
                "52.182.143.209"
            ],
            "CNAME": []
        },
        "clarity-ingest-eus2-b-sc.eastus2.cloudapp": {
            "A": [
                "20.119.174.243"
            ],
            "CNAME": []
        }
    },
    "clarity.ms": {
        "www": {
            "A": [
                "13.107.246.45"
            ],
            "CNAME": [
                "clarity.azurefd.net",
                "azurefd-t-prod.trafficmanager.net",
                "shed.dual-low.s-part-0017.t-0009.t-msedge.net",
                "s-part-0017.t-0009.t-msedge.net"
            ]
        },
        "r": {
            "A": [
                "20.119.174.243"
            ],
            "CNAME": [
                "clarity-ingest-eus2-b-sc.eastus2.cloudapp.azure.com"
            ]
        }
    },
    "azurefd.net": {
        "clarity": {
            "A": [],
            "CNAME": [
                "azurefd-t-prod.trafficmanager.net"
            ]
        }
    },
    "t-msedge.net": {
        "shed.dual-low.s-part-0017.t-0009": {
            "A": [],
            "CNAME": [
                "s-part-0017.t-0009.t-msedge.net"
            ]
        },
        "s-part-0017.t-0009": {
            "A": [
                "13.107.246.45"
            ],
            "CNAME": []
        }
    },
    "getsitecontrol.com": {
        "l": {
            "A": [
                "79.127.204.113"
            ],
            "CNAME": [
                "gscwidgets2.b-cdn.net"
            ]
        },
        "s2": {
            "A": [
                "89.187.169.47"
            ],
            "CNAME": [
                "gscstatic2.b-cdn.net"
            ]
        }
    },
    "b-cdn.net": {
        "gscwidgets2": {
            "A": [
                "79.127.204.113"
            ],
            "CNAME": []
        },
        "gscstatic2": {
            "A": [
                "89.187.169.47"
            ],
            "CNAME": []
        }
    },
    "getsitectrl.com": {
        "events": {
            "A": [
                "54.211.120.229",
                "54.236.152.104",
                "44.221.23.49"
            ],
            "CNAME": []
        }
    },
    "cookielaw.org": {
        "cdn": {
            "A": [
                "104.18.87.42",
                "104.18.86.42"
            ],
            "CNAME": []
        }
    },
    "onetrust.com": {
        "geolocation": {
            "A": [
                "104.18.32.137",
                "172.64.155.119"
            ],
            "CNAME": []
        }
    }
}