[
    {
        "time": 234923.737662,
        "requested_resource": "https://ceskatelevize.cz/",
        "initiator": {
            "type": "other"
        },
        "requested_for": "https://ceskatelevize.cz/"
    },
    {
        "time": 234923.784724,
        "requested_resource": "https://www.ceskatelevize.cz/",
        "initiator": {
            "type": "other"
        },
        "requested_for": "https://www.ceskatelevize.cz/"
    },
    {
        "time": 234923.828573,
        "requested_resource": "https://imgct.ceskatelevize.cz/global/styles/basic.css?_ts=1595323278",
        "initiator": {
            "columnNumber": 118,
            "lineNumber": 24,
            "type": "parser",
            "url": "https://www.ceskatelevize.cz/"
        },
        "requested_for": "https://www.ceskatelevize.cz/"
    },
    {
        "time": 234923.828712,
        "requested_resource": "https://imgct.ceskatelevize.cz/global/styles/basic-responsive.css?_ts=1366977081",
        "initiator": {
            "columnNumber": 144,
            "lineNumber": 25,
            "type": "parser",
            "url": "https://www.ceskatelevize.cz/"
        },
        "requested_for": "https://www.ceskatelevize.cz/"
    },
    {
        "time": 234923.828741,
        "requested_resource": "https://imgct.ceskatelevize.cz/global/styles/navigation.css?_ts=1582216385",
        "initiator": {
            "columnNumber": 138,
            "lineNumber": 26,
            "type": "parser",
            "url": "https://www.ceskatelevize.cz/"
        },
        "requested_for": "https://www.ceskatelevize.cz/"
    },
    {
        "time": 234923.828766,
        "requested_resource": "https://imgct.ceskatelevize.cz/global/styles/navigation-responsive.css?_ts=1585902154",
        "initiator": {
            "columnNumber": 149,
            "lineNumber": 27,
            "type": "parser",
            "url": "https://www.ceskatelevize.cz/"
        },
        "requested_for": "https://www.ceskatelevize.cz/"
    },
    {
        "time": 234923.828796,
        "requested_resource": "https://imgct.ceskatelevize.cz/homepage/styles/panels.css?_ts=1728371619",
        "initiator": {
            "columnNumber": 136,
            "lineNumber": 28,
            "type": "parser",
            "url": "https://www.ceskatelevize.cz/"
        },
        "requested_for": "https://www.ceskatelevize.cz/"
    },
    {
        "time": 234923.828832,
        "requested_resource": "https://imgct.ceskatelevize.cz/homepage/styles/live-programmes.css?_ts=1725891386",
        "initiator": {
            "columnNumber": 145,
            "lineNumber": 29,
            "type": "parser",
            "url": "https://www.ceskatelevize.cz/"
        },
        "requested_for": "https://www.ceskatelevize.cz/"
    },
    {
        "time": 234923.828869,
        "requested_resource": "https://imgct.ceskatelevize.cz/homepage/styles/icast-tips.css?_ts=1729695402",
        "initiator": {
            "columnNumber": 140,
            "lineNumber": 30,
            "type": "parser",
            "url": "https://www.ceskatelevize.cz/"
        },
        "requested_for": "https://www.ceskatelevize.cz/"
    },
    {
        "time": 234923.828913,
        "requested_resource": "https://imgct.ceskatelevize.cz/homepage/styles/trailers.css?_ts=1707937727",
        "initiator": {
            "columnNumber": 138,
            "lineNumber": 31,
            "type": "parser",
            "url": "https://www.ceskatelevize.cz/"
        },
        "requested_for": "https://www.ceskatelevize.cz/"
    },
    {
        "time": 234923.828952,
        "requested_resource": "https://ctfs.ceskatelevize.cz/static/v8.10/assets/common.css",
        "initiator": {
            "columnNumber": 85,
            "lineNumber": 36,
            "type": "parser",
            "url": "https://www.ceskatelevize.cz/"
        },
        "requested_for": "https://www.ceskatelevize.cz/"
    },
    {
        "time": 234923.828996,
        "requested_resource": "https://ctfs.ceskatelevize.cz/static/v8.10/assets/footer.css",
        "initiator": {
            "columnNumber": 85,
            "lineNumber": 37,
            "type": "parser",
            "url": "https://www.ceskatelevize.cz/"
        },
        "requested_for": "https://www.ceskatelevize.cz/"
    },
    {
        "time": 234923.829058,
        "requested_resource": "https://ctfs.ceskatelevize.cz/static/v8.10/assets/header.css",
        "initiator": {
            "columnNumber": 85,
            "lineNumber": 38,
            "type": "parser",
            "url": "https://www.ceskatelevize.cz/"
        },
        "requested_for": "https://www.ceskatelevize.cz/"
    },
    {
        "time": 234923.829126,
        "requested_resource": "https://ctfs.ceskatelevize.cz/static/v8.10/assets/common.js",
        "initiator": {
            "columnNumber": 68,
            "lineNumber": 39,
            "type": "parser",
            "url": "https://www.ceskatelevize.cz/"
        },
        "requested_for": "https://www.ceskatelevize.cz/"
    },
    {
        "time": 234923.829177,
        "requested_resource": "https://ctfs.ceskatelevize.cz/static/v8.10/assets/footer.js",
        "initiator": {
            "columnNumber": 68,
            "lineNumber": 40,
            "type": "parser",
            "url": "https://www.ceskatelevize.cz/"
        },
        "requested_for": "https://www.ceskatelevize.cz/"
    },
    {
        "time": 234923.829209,
        "requested_resource": "https://ctfs.ceskatelevize.cz/static/v8.10/assets/header.js",
        "initiator": {
            "columnNumber": 68,
            "lineNumber": 41,
            "type": "parser",
            "url": "https://www.ceskatelevize.cz/"
        },
        "requested_for": "https://www.ceskatelevize.cz/"
    },
    {
        "time": 234923.829245,
        "requested_resource": "https://www.ceskatelevize.cz/ajax/variables.js",
        "initiator": {
            "columnNumber": 56,
            "lineNumber": 43,
            "type": "parser",
            "url": "https://www.ceskatelevize.cz/"
        },
        "requested_for": "https://www.ceskatelevize.cz/"
    },
    {
        "time": 234923.829306,
        "requested_resource": "https://ajax.googleapis.com/ajax/libs/jquery/1.11.1/jquery.min.js",
        "initiator": {
            "columnNumber": 103,
            "lineNumber": 44,
            "type": "parser",
            "url": "https://www.ceskatelevize.cz/"
        },
        "requested_for": "https://www.ceskatelevize.cz/"
    },
    {
        "time": 234923.829369,
        "requested_resource": "https://imgct.ceskatelevize.cz/global/js/modernizr.custom.js?_ts=1395392018",
        "initiator": {
            "columnNumber": 113,
            "lineNumber": 46,
            "type": "parser",
            "url": "https://www.ceskatelevize.cz/"
        },
        "requested_for": "https://www.ceskatelevize.cz/"
    },
    {
        "time": 234923.8294,
        "requested_resource": "https://imgct.ceskatelevize.cz/global/js/global.js?_ts=1397566403",
        "initiator": {
            "columnNumber": 103,
            "lineNumber": 47,
            "type": "parser",
            "url": "https://www.ceskatelevize.cz/"
        },
        "requested_for": "https://www.ceskatelevize.cz/"
    },
    {
        "time": 234923.829425,
        "requested_resource": "https://imgct.ceskatelevize.cz/global/js/navigation.js?_ts=1479832009",
        "initiator": {
            "columnNumber": 107,
            "lineNumber": 48,
            "type": "parser",
            "url": "https://www.ceskatelevize.cz/"
        },
        "requested_for": "https://www.ceskatelevize.cz/"
    },
    {
        "time": 234923.829447,
        "requested_resource": "https://ctfs.ceskatelevize.cz/static/scripts/cmp/v1.1/cmp.js",
        "initiator": {
            "columnNumber": 107,
            "lineNumber": 51,
            "type": "parser",
            "url": "https://www.ceskatelevize.cz/"
        },
        "requested_for": "https://www.ceskatelevize.cz/"
    },
    {
        "time": 234923.829483,
        "requested_resource": "https://imgct.ceskatelevize.cz/global/js/jquery-ui-1.10.0.custom.min.js?_ts=1366977081",
        "initiator": {
            "columnNumber": 124,
            "lineNumber": 53,
            "type": "parser",
            "url": "https://www.ceskatelevize.cz/"
        },
        "requested_for": "https://www.ceskatelevize.cz/"
    },
    {
        "time": 234923.829551,
        "requested_resource": "https://imgct.ceskatelevize.cz/global/js/jquery.ellipsis.min.js?_ts=1366977080",
        "initiator": {
            "columnNumber": 116,
            "lineNumber": 54,
            "type": "parser",
            "url": "https://www.ceskatelevize.cz/"
        },
        "requested_for": "https://www.ceskatelevize.cz/"
    },
    {
        "time": 234923.829579,
        "requested_resource": "https://imgct.ceskatelevize.cz/global/js/matchMedia.js?_ts=1366977080",
        "initiator": {
            "columnNumber": 107,
            "lineNumber": 55,
            "type": "parser",
            "url": "https://www.ceskatelevize.cz/"
        },
        "requested_for": "https://www.ceskatelevize.cz/"
    },
    {
        "time": 234923.829622,
        "requested_resource": "https://imgct.ceskatelevize.cz/global/js/matchMedia.addListener.js?_ts=1366977080",
        "initiator": {
            "columnNumber": 119,
            "lineNumber": 56,
            "type": "parser",
            "url": "https://www.ceskatelevize.cz/"
        },
        "requested_for": "https://www.ceskatelevize.cz/"
    },
    {
        "time": 234923.829648,
        "requested_resource": "https://imgct.ceskatelevize.cz/global/js/images.js?_ts=1366977080",
        "initiator": {
            "columnNumber": 103,
            "lineNumber": 57,
            "type": "parser",
            "url": "https://www.ceskatelevize.cz/"
        },
        "requested_for": "https://www.ceskatelevize.cz/"
    },
    {
        "time": 234923.829692,
        "requested_resource": "https://imgct.ceskatelevize.cz/global/js/picturefill.js?_ts=1366977081",
        "initiator": {
            "columnNumber": 108,
            "lineNumber": 58,
            "type": "parser",
            "url": "https://www.ceskatelevize.cz/"
        },
        "requested_for": "https://www.ceskatelevize.cz/"
    },
    {
        "time": 234923.829746,
        "requested_resource": "https://imgct.ceskatelevize.cz/global/js/swipe.js?_ts=1366977080",
        "initiator": {
            "columnNumber": 102,
            "lineNumber": 59,
            "type": "parser",
            "url": "https://www.ceskatelevize.cz/"
        },
        "requested_for": "https://www.ceskatelevize.cz/"
    },
    {
        "time": 234923.829824,
        "requested_resource": "https://imgct.ceskatelevize.cz/homepage/js/panels.js?_ts=1680096220",
        "initiator": {
            "columnNumber": 105,
            "lineNumber": 60,
            "type": "parser",
            "url": "https://www.ceskatelevize.cz/"
        },
        "requested_for": "https://www.ceskatelevize.cz/"
    },
    {
        "time": 234923.829886,
        "requested_resource": "https://imgct.ceskatelevize.cz/homepage/js/live-programmes.js?_ts=1678280423",
        "initiator": {
            "columnNumber": 114,
            "lineNumber": 61,
            "type": "parser",
            "url": "https://www.ceskatelevize.cz/"
        },
        "requested_for": "https://www.ceskatelevize.cz/"
    },
    {
        "time": 234923.829908,
        "requested_resource": "https://imgct.ceskatelevize.cz/homepage/js/icast-tips.js?_ts=1679046644",
        "initiator": {
            "columnNumber": 109,
            "lineNumber": 62,
            "type": "parser",
            "url": "https://www.ceskatelevize.cz/"
        },
        "requested_for": "https://www.ceskatelevize.cz/"
    },
    {
        "time": 234923.829943,
        "requested_resource": "https://ctfs.ceskatelevize.cz/static/v8.10/assets/images/Ceska_televize_logo_onDark.cf4bee6eae50783dd898d45ac03b0bc6.svg",
        "initiator": {
            "columnNumber": 1912,
            "lineNumber": 105,
            "type": "parser",
            "url": "https://www.ceskatelevize.cz/"
        },
        "requested_for": "https://www.ceskatelevize.cz/"
    },
    {
        "time": 234923.829974,
        "requested_resource": "https://ctfs.ceskatelevize.cz/static/v8.10/assets/images/Ceska_televize_logo.c18ac7a00af1952d4a74b7e9c4792aa7.svg",
        "initiator": {
            "columnNumber": 2122,
            "lineNumber": 105,
            "type": "parser",
            "url": "https://www.ceskatelevize.cz/"
        },
        "requested_for": "https://www.ceskatelevize.cz/"
    },
    {
        "time": 234923.830075,
        "requested_resource": "https://ctfs.ceskatelevize.cz/static/v8.10/assets/images/CT_bean_onDark.63d087140c712cb7f1bc5c6f42134ee9.svg",
        "initiator": {
            "columnNumber": 2359,
            "lineNumber": 105,
            "type": "parser",
            "url": "https://www.ceskatelevize.cz/"
        },
        "requested_for": "https://www.ceskatelevize.cz/"
    },
    {
        "time": 234923.830116,
        "requested_resource": "https://ctfs.ceskatelevize.cz/static/v8.10/assets/images/CT_bean.ff0ad0c7492ce71c855b0a8f9f4c5a37.svg",
        "initiator": {
            "columnNumber": 2580,
            "lineNumber": 105,
            "type": "parser",
            "url": "https://www.ceskatelevize.cz/"
        },
        "requested_for": "https://www.ceskatelevize.cz/"
    },
    {
        "time": 234923.830136,
        "requested_resource": "https://ctfs.ceskatelevize.cz/static/assets/images/grey-square.jpg",
        "initiator": {
            "columnNumber": 6316,
            "lineNumber": 105,
            "type": "parser",
            "url": "https://www.ceskatelevize.cz/"
        },
        "requested_for": "https://www.ceskatelevize.cz/"
    },
    {
        "time": 234923.83017,
        "requested_resource": "https://ctfs.ceskatelevize.cz/static/v8.10/assets/images/ivysilani.40364905e6d8c597d722605b08a95b0d.svg",
        "initiator": {
            "columnNumber": 16195,
            "lineNumber": 105,
            "type": "parser",
            "url": "https://www.ceskatelevize.cz/"
        },
        "requested_for": "https://www.ceskatelevize.cz/"
    },
    {
        "time": 234923.83019,
        "requested_resource": "https://ctfs.ceskatelevize.cz/static/v8.10/assets/images/CT24.55f6b35963ab9a22b0ab1ce9b28557bf.svg",
        "initiator": {
            "columnNumber": 16460,
            "lineNumber": 105,
            "type": "parser",
            "url": "https://www.ceskatelevize.cz/"
        },
        "requested_for": "https://www.ceskatelevize.cz/"
    },
    {
        "time": 234923.83021,
        "requested_resource": "https://ctfs.ceskatelevize.cz/static/v8.10/assets/images/CTd.6dc0eee1c38ca664e1e35d0a596900f9.svg",
        "initiator": {
            "columnNumber": 16734,
            "lineNumber": 105,
            "type": "parser",
            "url": "https://www.ceskatelevize.cz/"
        },
        "requested_for": "https://www.ceskatelevize.cz/"
    },
    {
        "time": 234923.830227,
        "requested_resource": "https://ctfs.ceskatelevize.cz/static/v8.10/assets/images/CTsport.a7fdab5b06b2e07fa04ae41d376f29a4.svg",
        "initiator": {
            "columnNumber": 17010,
            "lineNumber": 105,
            "type": "parser",
            "url": "https://www.ceskatelevize.cz/"
        },
        "requested_for": "https://www.ceskatelevize.cz/"
    },
    {
        "time": 234923.830247,
        "requested_resource": "https://ctfs.ceskatelevize.cz/static/v8.10/assets/images/CTart.35124ab699485bd6cc3eb539d7b3faa0.svg",
        "initiator": {
            "columnNumber": 17279,
            "lineNumber": 105,
            "type": "parser",
            "url": "https://www.ceskatelevize.cz/"
        },
        "requested_for": "https://www.ceskatelevize.cz/"
    },
    {
        "time": 234923.830266,
        "requested_resource": "https://ctfs.ceskatelevize.cz/static/v8.10/assets/images/edu.6a64a78e38af931fb4b194a932c29286.svg",
        "initiator": {
            "columnNumber": 17546,
            "lineNumber": 105,
            "type": "parser",
            "url": "https://www.ceskatelevize.cz/"
        },
        "requested_for": "https://www.ceskatelevize.cz/"
    },
    {
        "time": 234923.830289,
        "requested_resource": "https://imgct.ceskatelevize.cz/upload/homepage/panels/a/default/823/82265.jpg?_ts=1739965090",
        "initiator": {
            "columnNumber": 44,
            "lineNumber": 126,
            "type": "parser",
            "url": "https://www.ceskatelevize.cz/"
        },
        "requested_for": "https://www.ceskatelevize.cz/"
    },
    {
        "time": 234923.830309,
        "requested_resource": "https://imgct.ceskatelevize.cz/upload/homepage/panels/b/default/823/82266.jpg?_ts=1739965203",
        "initiator": {
            "columnNumber": 26,
            "lineNumber": 154,
            "type": "parser",
            "url": "https://www.ceskatelevize.cz/"
        },
        "requested_for": "https://www.ceskatelevize.cz/"
    },
    {
        "time": 234923.830331,
        "requested_resource": "https://imgct.ceskatelevize.cz/upload/homepage/panels/c/default/823/82253.jpg?_ts=1739889533",
        "initiator": {
            "columnNumber": 44,
            "lineNumber": 185,
            "type": "parser",
            "url": "https://www.ceskatelevize.cz/"
        },
        "requested_for": "https://www.ceskatelevize.cz/"
    },
    {
        "time": 234923.830352,
        "requested_resource": "https://imgct.ceskatelevize.cz/upload/homepage/panels/d/default/823/82237.jpg?_ts=1739810297",
        "initiator": {
            "columnNumber": 41,
            "lineNumber": 213,
            "type": "parser",
            "url": "https://www.ceskatelevize.cz/"
        },
        "requested_for": "https://www.ceskatelevize.cz/"
    },
    {
        "time": 234923.830371,
        "requested_resource": "https://imgct.ceskatelevize.cz/upload/homepage/panels/e/default/823/82281.jpg?_ts=1740181772",
        "initiator": {
            "columnNumber": 67,
            "lineNumber": 244,
            "type": "parser",
            "url": "https://www.ceskatelevize.cz/"
        },
        "requested_for": "https://www.ceskatelevize.cz/"
    },
    {
        "time": 234923.830387,
        "requested_resource": "https://imgct.ceskatelevize.cz/upload/homepage/panels/f/default/823/82277.jpg?_ts=1740168167",
        "initiator": {
            "columnNumber": 51,
            "lineNumber": 274,
            "type": "parser",
            "url": "https://www.ceskatelevize.cz/"
        },
        "requested_for": "https://www.ceskatelevize.cz/"
    },
    {
        "time": 234923.830407,
        "requested_resource": "https://imgct.ceskatelevize.cz/upload/homepage/panels/g/default/823/82261.jpg?_ts=1739962151",
        "initiator": {
            "columnNumber": 40,
            "lineNumber": 302,
            "type": "parser",
            "url": "https://www.ceskatelevize.cz/"
        },
        "requested_for": "https://www.ceskatelevize.cz/"
    },
    {
        "time": 234923.830425,
        "requested_resource": "https://imgct.ceskatelevize.cz/upload/homepage/panels/h/default/823/82226.jpg?_ts=1739789336",
        "initiator": {
            "columnNumber": 23,
            "lineNumber": 330,
            "type": "parser",
            "url": "https://www.ceskatelevize.cz/"
        },
        "requested_for": "https://www.ceskatelevize.cz/"
    },
    {
        "time": 234923.830447,
        "requested_resource": "https://ctfs.ceskatelevize.cz/img/HgatpoIlhLJaI6cPB9S6LaPB_jV22kkCrIilVnXYVQ8/rs:fit:512/plain/s3/porady-s3/64884d5267c65ad5240fd435/card/decko.3d3bc.jpg",
        "initiator": {
            "columnNumber": 832,
            "lineNumber": 370,
            "type": "parser",
            "url": "https://www.ceskatelevize.cz/"
        },
        "requested_for": "https://www.ceskatelevize.cz/"
    },
    {
        "time": 234923.830465,
        "requested_resource": "https://ctfs.ceskatelevize.cz/img/vTFG2CEXkeb1YLL3Ou2aN5oSFsym0vBgbz8_on7m6a0/rs:fit:512/plain/s3/porady-s3/648b343c44bac22218050981/card/limity.55745.jpg",
        "initiator": {
            "columnNumber": 832,
            "lineNumber": 376,
            "type": "parser",
            "url": "https://www.ceskatelevize.cz/"
        },
        "requested_for": "https://www.ceskatelevize.cz/"
    },
    {
        "time": 234923.830485,
        "requested_resource": "https://ctfs.ceskatelevize.cz/img/jlT_osoOfuxfwczjsYFKHCHucooy-3ttMPiYf_iIzYQ/rs:fit:512/plain/s3/porady-s3/64db53dad188722ff902c167/card/zrozena-pro-afriku.c6b3b.jpg",
        "initiator": {
            "columnNumber": 892,
            "lineNumber": 382,
            "type": "parser",
            "url": "https://www.ceskatelevize.cz/"
        },
        "requested_for": "https://www.ceskatelevize.cz/"
    },
    {
        "time": 234923.830501,
        "requested_resource": "https://ctfs.ceskatelevize.cz/img/vh6DesumQCWuZnihrJvA5eGXhhdS0sdSfMCybS7MTFQ/rs:fit:512/plain/s3/porady-s3/65eeb9ba811954a71c099906/card/janek-ledecky-vsechno-b.9005f.jpg",
        "initiator": {
            "columnNumber": 965,
            "lineNumber": 388,
            "type": "parser",
            "url": "https://www.ceskatelevize.cz/"
        },
        "requested_for": "https://www.ceskatelevize.cz/"
    },
    {
        "time": 234923.83052,
        "requested_resource": "https://ctfs.ceskatelevize.cz/img/A2XTkVbMRcwMRQeUea1ZoiKfzxFhD-COaAXJrBXLswg/rs:fit:512/plain/s3/porady-s3/66bb5720dea1cd375f0e1cc3/card/pan-bates-versus-britska.ceb28.jpg",
        "initiator": {
            "columnNumber": 967,
            "lineNumber": 402,
            "type": "parser",
            "url": "https://www.ceskatelevize.cz/"
        },
        "requested_for": "https://www.ceskatelevize.cz/"
    },
    {
        "time": 234923.830538,
        "requested_resource": "https://ctfs.ceskatelevize.cz/img/UxgjA2ibqOFx0DJK3voPSE-feH5dv6fZk8U9KXHb0-0/rs:fit:512/plain/s3/porady-s3/6697c8efaec955e5a2091573/card/exit.9574c.jpg",
        "initiator": {
            "columnNumber": 833,
            "lineNumber": 408,
            "type": "parser",
            "url": "https://www.ceskatelevize.cz/"
        },
        "requested_for": "https://www.ceskatelevize.cz/"
    },
    {
        "time": 234923.830558,
        "requested_resource": "https://ctfs.ceskatelevize.cz/img/hMdUbeHWM7rIiAxlfgJmsw6fF3aSlMFtLc87pfT7cYI/rs:fit:512/plain/s3/porady-s3/15039317384-temne-srdce/images/karta-poradu.jpg",
        "initiator": {
            "columnNumber": 869,
            "lineNumber": 414,
            "type": "parser",
            "url": "https://www.ceskatelevize.cz/"
        },
        "requested_for": "https://www.ceskatelevize.cz/"
    },
    {
        "time": 234923.830578,
        "requested_resource": "https://ctfs.ceskatelevize.cz/img/O1eommpi8rLww0uyKboBa6KbsdmNcWHDEhNpwwcudYo/rs:fit:512/plain/s3/porady-s3/64891488ea3008c406011f0b/card/most-1698913076182.jpg",
        "initiator": {
            "columnNumber": 841,
            "lineNumber": 420,
            "type": "parser",
            "url": "https://www.ceskatelevize.cz/"
        },
        "requested_for": "https://www.ceskatelevize.cz/"
    },
    {
        "time": 234923.830595,
        "requested_resource": "https://imgct.ceskatelevize.cz/homepage/images/icon-ct1.png?_ts=1366977085",
        "initiator": {
            "columnNumber": 19,
            "lineNumber": 442,
            "type": "parser",
            "url": "https://www.ceskatelevize.cz/"
        },
        "requested_for": "https://www.ceskatelevize.cz/"
    },
    {
        "time": 234923.830614,
        "requested_resource": "https://imgct.ceskatelevize.cz/homepage/images/icon-ct2.png?_ts=1366977085",
        "initiator": {
            "columnNumber": 19,
            "lineNumber": 475,
            "type": "parser",
            "url": "https://www.ceskatelevize.cz/"
        },
        "requested_for": "https://www.ceskatelevize.cz/"
    },
    {
        "time": 234923.830632,
        "requested_resource": "https://imgct.ceskatelevize.cz/homepage/images/icon-ct24.png?_ts=1366977086",
        "initiator": {
            "columnNumber": 20,
            "lineNumber": 508,
            "type": "parser",
            "url": "https://www.ceskatelevize.cz/"
        },
        "requested_for": "https://www.ceskatelevize.cz/"
    },
    {
        "time": 234923.83065,
        "requested_resource": "https://imgct.ceskatelevize.cz/homepage/images/icon-sport.png?_ts=1378125853",
        "initiator": {
            "columnNumber": 24,
            "lineNumber": 541,
            "type": "parser",
            "url": "https://www.ceskatelevize.cz/"
        },
        "requested_for": "https://www.ceskatelevize.cz/"
    },
    {
        "time": 234923.830673,
        "requested_resource": "https://imgct.ceskatelevize.cz/homepage/images/icon-decko.png?_ts=1725887736",
        "initiator": {
            "columnNumber": 21,
            "lineNumber": 574,
            "type": "parser",
            "url": "https://www.ceskatelevize.cz/"
        },
        "requested_for": "https://www.ceskatelevize.cz/"
    },
    {
        "time": 234923.830691,
        "requested_resource": "https://imgct.ceskatelevize.cz/homepage/images/icon-art.png?_ts=1725887736",
        "initiator": {
            "columnNumber": 16,
            "lineNumber": 607,
            "type": "parser",
            "url": "https://www.ceskatelevize.cz/"
        },
        "requested_for": "https://www.ceskatelevize.cz/"
    },
    {
        "time": 234923.830728,
        "requested_resource": "https://ctfs.ceskatelevize.cz/static/v8.10/assets/images/instagram_onDark.c5aad20901e71a9f4f51bd2eda6529a2.svg",
        "initiator": {
            "columnNumber": 1189,
            "lineNumber": 638,
            "type": "parser",
            "url": "https://www.ceskatelevize.cz/"
        },
        "requested_for": "https://www.ceskatelevize.cz/"
    },
    {
        "time": 234923.830758,
        "requested_resource": "https://ctfs.ceskatelevize.cz/static/v8.10/assets/images/instagram.3a9b47167b56a8398b1154e4bfd4d968.svg",
        "initiator": {
            "columnNumber": 1388,
            "lineNumber": 638,
            "type": "parser",
            "url": "https://www.ceskatelevize.cz/"
        },
        "requested_for": "https://www.ceskatelevize.cz/"
    },
    {
        "time": 234923.830776,
        "requested_resource": "https://ctfs.ceskatelevize.cz/static/v8.10/assets/images/instagramHover.453e43e947e31fc54ba08ee854ac2d31.svg",
        "initiator": {
            "columnNumber": 1589,
            "lineNumber": 638,
            "type": "parser",
            "url": "https://www.ceskatelevize.cz/"
        },
        "requested_for": "https://www.ceskatelevize.cz/"
    },
    {
        "time": 234923.830796,
        "requested_resource": "https://ctfs.ceskatelevize.cz/static/v8.10/assets/images/facebook_onDark.f42916b9083ed1756eee33516dd12f7a.svg",
        "initiator": {
            "columnNumber": 1957,
            "lineNumber": 638,
            "type": "parser",
            "url": "https://www.ceskatelevize.cz/"
        },
        "requested_for": "https://www.ceskatelevize.cz/"
    },
    {
        "time": 234923.830814,
        "requested_resource": "https://ctfs.ceskatelevize.cz/static/v8.10/assets/images/facebook.9f235719262ad8d171db7038006e595b.svg",
        "initiator": {
            "columnNumber": 2153,
            "lineNumber": 638,
            "type": "parser",
            "url": "https://www.ceskatelevize.cz/"
        },
        "requested_for": "https://www.ceskatelevize.cz/"
    },
    {
        "time": 234923.830836,
        "requested_resource": "https://ctfs.ceskatelevize.cz/static/v8.10/assets/images/facebookHover.57aeb200052f27057fd3660c3130b984.svg",
        "initiator": {
            "columnNumber": 2351,
            "lineNumber": 638,
            "type": "parser",
            "url": "https://www.ceskatelevize.cz/"
        },
        "requested_for": "https://www.ceskatelevize.cz/"
    },
    {
        "time": 234923.830854,
        "requested_resource": "https://ctfs.ceskatelevize.cz/static/v8.10/assets/images/youTube_onDark.7034749e4442c3a7b88881798f821885.svg",
        "initiator": {
            "columnNumber": 2713,
            "lineNumber": 638,
            "type": "parser",
            "url": "https://www.ceskatelevize.cz/"
        },
        "requested_for": "https://www.ceskatelevize.cz/"
    },
    {
        "time": 234923.830873,
        "requested_resource": "https://ctfs.ceskatelevize.cz/static/v8.10/assets/images/youtube.18a09babf34f011369671fea53574285.svg",
        "initiator": {
            "columnNumber": 2906,
            "lineNumber": 638,
            "type": "parser",
            "url": "https://www.ceskatelevize.cz/"
        },
        "requested_for": "https://www.ceskatelevize.cz/"
    },
    {
        "time": 234923.830891,
        "requested_resource": "https://ctfs.ceskatelevize.cz/static/v8.10/assets/images/youtubeHover.c3c292dabd4b015b1cf47e3d7f019eab.svg",
        "initiator": {
            "columnNumber": 3101,
            "lineNumber": 638,
            "type": "parser",
            "url": "https://www.ceskatelevize.cz/"
        },
        "requested_for": "https://www.ceskatelevize.cz/"
    },
    {
        "time": 234923.83091,
        "requested_resource": "https://ctfs.ceskatelevize.cz/static/v8.10/assets/images/x.2d220dc9e09450579721eafc49ec3386.svg",
        "initiator": {
            "columnNumber": 3451,
            "lineNumber": 638,
            "type": "parser",
            "url": "https://www.ceskatelevize.cz/"
        },
        "requested_for": "https://www.ceskatelevize.cz/"
    },
    {
        "time": 234923.830929,
        "requested_resource": "https://ctfs.ceskatelevize.cz/static/v8.10/assets/images/x_onDark.5dbd86f0d64d1136cdf068e9bab061af.svg",
        "initiator": {
            "columnNumber": 3663,
            "lineNumber": 638,
            "type": "parser",
            "url": "https://www.ceskatelevize.cz/"
        },
        "requested_for": "https://www.ceskatelevize.cz/"
    },
    {
        "time": 234923.830948,
        "requested_resource": "https://ctfs.ceskatelevize.cz/static/v8.10/assets/images/xHover.c2a61034122d8e8d3bf9f7f5a789b6e6.svg",
        "initiator": {
            "columnNumber": 3861,
            "lineNumber": 638,
            "type": "parser",
            "url": "https://www.ceskatelevize.cz/"
        },
        "requested_for": "https://www.ceskatelevize.cz/"
    },
    {
        "time": 234923.830967,
        "requested_resource": "https://ctfs.ceskatelevize.cz/static/v8.10/assets/images/threads_onDark.53303abc2888d0319192d11026d8070e.svg",
        "initiator": {
            "columnNumber": 4226,
            "lineNumber": 638,
            "type": "parser",
            "url": "https://www.ceskatelevize.cz/"
        },
        "requested_for": "https://www.ceskatelevize.cz/"
    },
    {
        "time": 234923.830985,
        "requested_resource": "https://ctfs.ceskatelevize.cz/static/v8.10/assets/images/threads.40961671c4911dc94f2db6831d674f00.svg",
        "initiator": {
            "columnNumber": 4419,
            "lineNumber": 638,
            "type": "parser",
            "url": "https://www.ceskatelevize.cz/"
        },
        "requested_for": "https://www.ceskatelevize.cz/"
    },
    {
        "time": 234923.83101,
        "requested_resource": "https://ctfs.ceskatelevize.cz/static/v8.10/assets/images/threadsHover.dd323dfd4ba55509dc5fe899bf009fd9.svg",
        "initiator": {
            "columnNumber": 4614,
            "lineNumber": 638,
            "type": "parser",
            "url": "https://www.ceskatelevize.cz/"
        },
        "requested_for": "https://www.ceskatelevize.cz/"
    },
    {
        "time": 234923.841751,
        "requested_resource": "https://ctfs.ceskatelevize.cz/static/v8.10/assets/images/ivysilani_onDark.ab6917666b20cb702da012b12652cb96.svg",
        "initiator": {
            "columnNumber": 8431,
            "lineNumber": 638,
            "type": "parser",
            "url": "https://www.ceskatelevize.cz/"
        },
        "requested_for": "https://www.ceskatelevize.cz/"
    },
    {
        "time": 234923.841816,
        "requested_resource": "https://ctfs.ceskatelevize.cz/static/v8.10/assets/images/edu_onDark.2faa4b3583a80b5a3b270c1b13d9b951.svg",
        "initiator": {
            "columnNumber": 9472,
            "lineNumber": 638,
            "type": "parser",
            "url": "https://www.ceskatelevize.cz/"
        },
        "requested_for": "https://www.ceskatelevize.cz/"
    },
    {
        "time": 234923.841837,
        "requested_resource": "https://ctfs.ceskatelevize.cz/static/v8.10/assets/images/phone.e6bbdc2c11ae2ec29eee4c2ec210625e.svg",
        "initiator": {
            "columnNumber": 10110,
            "lineNumber": 638,
            "type": "parser",
            "url": "https://www.ceskatelevize.cz/"
        },
        "requested_for": "https://www.ceskatelevize.cz/"
    },
    {
        "time": 234923.841858,
        "requested_resource": "https://ctfs.ceskatelevize.cz/static/v8.10/assets/images/phone_onDark.76f41573b1e9f1329731f389a4eeaea1.svg",
        "initiator": {
            "columnNumber": 10297,
            "lineNumber": 638,
            "type": "parser",
            "url": "https://www.ceskatelevize.cz/"
        },
        "requested_for": "https://www.ceskatelevize.cz/"
    },
    {
        "time": 234923.841876,
        "requested_resource": "https://ctfs.ceskatelevize.cz/static/v8.10/assets/images/mail.87be2d7b32cdd394c336423aea9a2144.svg",
        "initiator": {
            "columnNumber": 10573,
            "lineNumber": 638,
            "type": "parser",
            "url": "https://www.ceskatelevize.cz/"
        },
        "requested_for": "https://www.ceskatelevize.cz/"
    },
    {
        "time": 234923.841897,
        "requested_resource": "https://ctfs.ceskatelevize.cz/static/v8.10/assets/images/mail_onDark.c064926afc45bb59bb368d03f8afbc2d.svg",
        "initiator": {
            "columnNumber": 10750,
            "lineNumber": 638,
            "type": "parser",
            "url": "https://www.ceskatelevize.cz/"
        },
        "requested_for": "https://www.ceskatelevize.cz/"
    },
    {
        "time": 234923.842148,
        "requested_resource": "https://imgct.ceskatelevize.cz/global/js/analytics.js?_ts=1384266057",
        "initiator": {
            "columnNumber": 106,
            "lineNumber": 648,
            "type": "parser",
            "url": "https://www.ceskatelevize.cz/"
        },
        "requested_for": "https://www.ceskatelevize.cz/"
    },
    {
        "time": 234923.880018,
        "requested_resource": "https://ctfs.ceskatelevize.cz/static/assets/css/fonts.css",
        "initiator": {
            "columnNumber": 0,
            "lineNumber": 0,
            "type": "parser",
            "url": "https://ctfs.ceskatelevize.cz/static/v8.10/assets/common.css"
        },
        "requested_for": "https://www.ceskatelevize.cz/"
    },
    {
        "time": 234924.211021,
        "requested_resource": "https://www.googletagmanager.com/gtm.js?id=GTM-WR543Z2",
        "initiator": {
            "stack": {
                "callFrames": [
                    {
                        "columnNumber": 66,
                        "functionName": "",
                        "lineNumber": 83,
                        "scriptId": "39",
                        "url": "https://www.ceskatelevize.cz/"
                    }
                ]
            },
            "type": "script"
        },
        "requested_for": "https://www.ceskatelevize.cz/"
    },
    {
        "time": 234924.215348,
        "requested_resource": "https://ctfs.ceskatelevize.cz/static/assets/fonts/source_sans_pro_normal.woff2",
        "initiator": {
            "type": "parser",
            "url": "https://ctfs.ceskatelevize.cz/static/assets/css/fonts.css"
        },
        "requested_for": "https://www.ceskatelevize.cz/"
    },
    {
        "time": 234924.215988,
        "requested_resource": "https://imgct.ceskatelevize.cz/homepage/images/wrapper-panels.png",
        "initiator": {
            "type": "parser",
            "url": "https://imgct.ceskatelevize.cz/homepage/styles/panels.css?_ts=1728371619"
        },
        "requested_for": "https://www.ceskatelevize.cz/"
    },
    {
        "time": 234924.216417,
        "requested_resource": "https://ctfs.ceskatelevize.cz/porady-s3/episode/66ed67bc7400c61827021e66/card/22-unora.d2827.jpeg?width=240&height=135",
        "initiator": {
            "columnNumber": 37,
            "lineNumber": 509,
            "type": "parser",
            "url": "https://www.ceskatelevize.cz/"
        },
        "requested_for": "https://www.ceskatelevize.cz/"
    },
    {
        "time": 234924.216523,
        "requested_resource": "https://imgct.ceskatelevize.cz/homepage/images/play-arrow.svg",
        "initiator": {
            "type": "parser",
            "url": "https://imgct.ceskatelevize.cz/homepage/styles/live-programmes.css?_ts=1725891386"
        },
        "requested_for": "https://www.ceskatelevize.cz/"
    },
    {
        "time": 234924.216606,
        "requested_resource": "https://ctfs.ceskatelevize.cz/porady-s3/648b28641d9ed074440b8cf2/card/dospivani-grizzlyho-prib.2df77.jpeg?width=240&height=135",
        "initiator": {
            "columnNumber": 37,
            "lineNumber": 509,
            "type": "parser",
            "url": "https://www.ceskatelevize.cz/"
        },
        "requested_for": "https://www.ceskatelevize.cz/"
    },
    {
        "time": 234924.216694,
        "requested_resource": "https://ctfs.ceskatelevize.cz/porady-s3/6488331227b88e0a3005779e/placeholder/10253066674-zpravy-ve-12-1692880263.jpg?width=240&height=135",
        "initiator": {
            "columnNumber": 37,
            "lineNumber": 509,
            "type": "parser",
            "url": "https://www.ceskatelevize.cz/"
        },
        "requested_for": "https://www.ceskatelevize.cz/"
    },
    {
        "time": 234924.216787,
        "requested_resource": "https://ctfs.ceskatelevize.cz/static/assets/fonts/tv_sans_screen_medium.woff2",
        "initiator": {
            "type": "parser",
            "url": "https://ctfs.ceskatelevize.cz/static/assets/css/fonts.css"
        },
        "requested_for": "https://www.ceskatelevize.cz/"
    },
    {
        "time": 234924.216872,
        "requested_resource": "https://ctfs.ceskatelevize.cz/static/assets/fonts/source_sans_pro_semibold.woff2",
        "initiator": {
            "type": "parser",
            "url": "https://ctfs.ceskatelevize.cz/static/assets/css/fonts.css"
        },
        "requested_for": "https://www.ceskatelevize.cz/"
    },
    {
        "time": 234924.251391,
        "requested_resource": "https://stats.g.doubleclick.net/dc.js",
        "initiator": {
            "stack": {
                "callFrames": [
                    {
                        "columnNumber": 271,
                        "functionName": "",
                        "lineNumber": 7,
                        "scriptId": "35",
                        "url": "https://imgct.ceskatelevize.cz/global/js/analytics.js?_ts=1384266057"
                    }
                ]
            },
            "type": "script"
        },
        "requested_for": "https://www.ceskatelevize.cz/"
    },
    {
        "time": 234924.254019,
        "requested_resource": "https://ctfs.ceskatelevize.cz/porady-s3/660126484e38932ccf079f43/placeholder/ms-v-biatlonu-2025-svycar.68bd2.jpg?width=240&height=135",
        "initiator": {
            "columnNumber": 1,
            "lineNumber": 686,
            "type": "parser",
            "url": "https://www.ceskatelevize.cz/"
        },
        "requested_for": "https://www.ceskatelevize.cz/"
    },
    {
        "time": 234924.254107,
        "requested_resource": "https://ctfs.ceskatelevize.cz/porady-s3/episode/64888e040daae4f4300bcfda/card/bludiste-943-1714586714.jpg?width=240&height=135",
        "initiator": {
            "columnNumber": 1,
            "lineNumber": 686,
            "type": "parser",
            "url": "https://www.ceskatelevize.cz/"
        },
        "requested_for": "https://www.ceskatelevize.cz/"
    },
    {
        "time": 234924.254184,
        "requested_resource": "https://imgct.ceskatelevize.cz/cache/w240/global/images/empty/ct6-512x288.jpg?_ts=1739935353",
        "initiator": {
            "columnNumber": 1,
            "lineNumber": 686,
            "type": "parser",
            "url": "https://www.ceskatelevize.cz/"
        },
        "requested_for": "https://www.ceskatelevize.cz/"
    },
    {
        "time": 234924.686871,
        "requested_resource": "https://stats.g.doubleclick.net/r/__utm.gif?utmwv=5.7.2dc&utms=1&utmn=666368707&utmhn=www.ceskatelevize.cz&utmcs=UTF-8&utmsr=2560x1440&utmvp=1234x1172&utmsc=24-bit&utmul=en-us&utmje=0&utmfl=-&utmdt=%C4%8Cesk%C3%A1%20televize&utmhid=1974445547&utmr=-&utmp=%2F&utmht=1740222752086&utmac=UA-25828408-1&utmcc=__utma%3D105745756.1081222883.1740222752.1740222752.1740222752.1%3B%2B__utmz%3D105745756.1740222752.1.1.utmcsr%3D(direct)%7Cutmccn%3D(direct)%7Cutmcmd%3D(none)%3B&utmjid=869057302&utmredir=3&utmu=qDEAAAAAAAAAAAAAAAAAAAAE~",
        "initiator": {
            "columnNumber": 1,
            "lineNumber": 686,
            "type": "parser",
            "url": "https://www.ceskatelevize.cz/"
        },
        "requested_for": "https://www.ceskatelevize.cz/"
    },
    {
        "time": 234924.716439,
        "requested_resource": "https://www.googletagmanager.com/gtag/js?id=G-C15JW7LS9P&l=dataLayer&cx=c&gtm=45He52k0v847099800za200",
        "initiator": {
            "stack": {
                "callFrames": [
                    {
                        "columnNumber": 482,
                        "functionName": "pc",
                        "lineNumber": 190,
                        "scriptId": "45",
                        "url": "https://www.googletagmanager.com/gtm.js?id=GTM-WR543Z2"
                    }
                ]
            },
            "type": "script"
        },
        "requested_for": "https://www.ceskatelevize.cz/"
    },
    {
        "time": 234924.717602,
        "requested_resource": "https://www.googletagmanager.com/gtag/js?id=G-97J6ZLW1NX&l=dataLayer&cx=c&gtm=45He52k0v847099800za200",
        "initiator": {
            "stack": {
                "callFrames": [
                    {
                        "columnNumber": 482,
                        "functionName": "pc",
                        "lineNumber": 190,
                        "scriptId": "45",
                        "url": "https://www.googletagmanager.com/gtm.js?id=GTM-WR543Z2"
                    }
                ]
            },
            "type": "script"
        },
        "requested_for": "https://www.ceskatelevize.cz/"
    },
    {
        "time": 234924.72069,
        "requested_resource": "https://www.clarity.ms/tag/mqovdir3ga",
        "initiator": {
            "stack": {
                "callFrames": [
                    {
                        "columnNumber": 482,
                        "functionName": "pc",
                        "lineNumber": 190,
                        "scriptId": "45",
                        "url": "https://www.googletagmanager.com/gtm.js?id=GTM-WR543Z2"
                    }
                ]
            },
            "type": "script"
        },
        "requested_for": "https://www.ceskatelevize.cz/"
    },
    {
        "time": 234924.751522,
        "requested_resource": "https://l.getsitecontrol.com/p43emkm7.js",
        "initiator": {
            "stack": {
                "callFrames": [
                    {
                        "columnNumber": 482,
                        "functionName": "pc",
                        "lineNumber": 190,
                        "scriptId": "45",
                        "url": "https://www.googletagmanager.com/gtm.js?id=GTM-WR543Z2"
                    }
                ]
            },
            "type": "script"
        },
        "requested_for": "https://www.ceskatelevize.cz/"
    },
    {
        "time": 234924.792409,
        "requested_resource": "https://l.getsitecontrol.com/p43emkm7.json",
        "initiator": {
            "stack": {
                "callFrames": [
                    {
                        "columnNumber": 403,
                        "functionName": "",
                        "lineNumber": 0,
                        "scriptId": "110",
                        "url": "https://l.getsitecontrol.com/p43emkm7.js"
                    }
                ]
            },
            "type": "script"
        },
        "requested_for": "https://www.ceskatelevize.cz/"
    },
    {
        "time": 234924.811259,
        "requested_resource": "https://s2.getsitecontrol.com/widgets/es6/runtime.0fd2887.js",
        "initiator": {
            "stack": {
                "callFrames": [
                    {
                        "columnNumber": 384,
                        "functionName": "s.onload",
                        "lineNumber": 0,
                        "scriptId": "110",
                        "url": "https://l.getsitecontrol.com/p43emkm7.js"
                    }
                ]
            },
            "type": "script"
        },
        "requested_for": "https://www.ceskatelevize.cz/"
    },
    {
        "time": 234924.847901,
        "requested_resource": "https://region1.google-analytics.com/g/collect?v=2&tid=G-C15JW7LS9P&gtm=45je52k0v883833889z8847099800za200zb847099800&_p=1740222751612&gcs=G100&gcd=13p3pPp2p5l1&npa=1&dma_cps=-&dma=1&tag_exp=101732279~101732281~102067808~102482433~102539968~102558064~102587591~102605417~102640600~102658453&cid=1506604657.1740222752&ul=en-us&sr=2560x1440&uaa=x86&uab=64&uafvl=Chromium%3B133.0.6943.126%7CNot(A%253ABrand%3B99.0.0.0&uamb=0&uam=&uap=Windows&uapv=19.0.0&uaw=0&are=1&frm=0&pscdl=denied&_s=1&dt=%C4%8Cesk%C3%A1%20televize&sid=1740222752&sct=1&seg=0&dl=https%3A%2F%2Fwww.ceskatelevize.cz%2F&en=homepage_view&_fv=1&_nsi=1&_ss=1&ep.app_versionPlatform=%7CWeb&ep.page_type=Homepage&ep.page_section=SHP&ep.gtm_tagEvent=GA4%20-%20Event%20-%20Homepage%7Chomepage_view&ep.page_visibility=visible&ep.interaction=false&up.user_viewport=1249x1172&tfd=1111",
        "initiator": {
            "stack": {
                "callFrames": [
                    {
                        "columnNumber": 285,
                        "functionName": "Ec",
                        "lineNumber": 154,
                        "scriptId": "109",
                        "url": "https://www.googletagmanager.com/gtag/js?id=G-C15JW7LS9P&l=dataLayer&cx=c&gtm=45He52k0v847099800za200"
                    }
                ]
            },
            "type": "script"
        },
        "requested_for": "https://www.ceskatelevize.cz/"
    },
    {
        "time": 234924.884022,
        "requested_resource": "https://www.googletagmanager.com/gtag/destination?id=AW-16695405696&l=dataLayer&cx=c&gtm=45je52k0v877550551za200zb847099800",
        "initiator": {
            "stack": {
                "callFrames": [
                    {
                        "columnNumber": 482,
                        "functionName": "pc",
                        "lineNumber": 149,
                        "scriptId": "112",
                        "url": "https://www.googletagmanager.com/gtag/js?id=G-97J6ZLW1NX&l=dataLayer&cx=c&gtm=45He52k0v847099800za200"
                    }
                ]
            },
            "type": "script"
        },
        "requested_for": "https://www.ceskatelevize.cz/"
    },
    {
        "time": 234924.90845,
        "requested_resource": "https://events.getsitectrl.com/api/v1/events",
        "initiator": {
            "stack": {
                "callFrames": [
                    {
                        "columnNumber": 38647,
                        "functionName": "fetchServerData",
                        "lineNumber": 0,
                        "scriptId": "113",
                        "url": "https://s2.getsitecontrol.com/widgets/es6/runtime.0fd2887.js"
                    }
                ]
            },
            "type": "script"
        },
        "requested_for": "https://www.ceskatelevize.cz/"
    },
    {
        "time": 234924.947186,
        "requested_resource": "https://www.clarity.ms/s/0.7.69/clarity.js",
        "initiator": {
            "stack": {
                "callFrames": [
                    {
                        "columnNumber": 222,
                        "functionName": "",
                        "lineNumber": 0,
                        "scriptId": "115",
                        "url": "https://www.clarity.ms/tag/mqovdir3ga"
                    }
                ]
            },
            "type": "script"
        },
        "requested_for": "https://www.ceskatelevize.cz/"
    },
    {
        "time": 234925.047817,
        "requested_resource": "https://cdn.cookielaw.org/scripttemplates/otSDKStub.js",
        "initiator": {
            "stack": {
                "callFrames": [
                    {
                        "columnNumber": 343,
                        "functionName": "n",
                        "lineNumber": 0,
                        "scriptId": "44",
                        "url": "https://ctfs.ceskatelevize.cz/static/scripts/cmp/v1.1/cmp.js"
                    }
                ]
            },
            "type": "script"
        },
        "requested_for": "https://www.ceskatelevize.cz/"
    },
    {
        "time": 234925.048236,
        "requested_resource": "https://spir.hit.gemius.pl/xgemius.js",
        "initiator": {
            "stack": {
                "callFrames": [
                    {
                        "columnNumber": 255,
                        "functionName": "",
                        "lineNumber": 664,
                        "scriptId": "43",
                        "url": "https://www.ceskatelevize.cz/"
                    }
                ]
            },
            "type": "script"
        },
        "requested_for": "https://www.ceskatelevize.cz/"
    },
    {
        "time": 234925.115233,
        "requested_resource": "https://r.clarity.ms/collect",
        "initiator": {
            "stack": {
                "callFrames": [
                    {
                        "columnNumber": 50154,
                        "functionName": "Er",
                        "lineNumber": 1,
                        "scriptId": "116",
                        "url": "https://www.clarity.ms/s/0.7.69/clarity.js"
                    }
                ]
            },
            "type": "script"
        },
        "requested_for": "https://www.ceskatelevize.cz/"
    },
    {
        "time": 234925.167972,
        "requested_resource": "https://ctfs.ceskatelevize.cz/static/assets/favicon/favicon.svg",
        "initiator": {
            "type": "other"
        },
        "requested_for": "https://www.ceskatelevize.cz/"
    },
    {
        "time": 234925.192125,
        "requested_resource": "https://ctfs.ceskatelevize.cz/static/assets/favicon/favicon.ico",
        "initiator": {
            "type": "other"
        },
        "requested_for": "https://www.ceskatelevize.cz/"
    },
    {
        "time": 234925.202709,
        "requested_resource": "https://cdn.cookielaw.org/consent/f2f812b2-4ffd-4d22-9bea-92bae0e38431/f2f812b2-4ffd-4d22-9bea-92bae0e38431.json",
        "initiator": {
            "stack": {
                "callFrames": [
                    {
                        "columnNumber": 11759,
                        "functionName": "f.otFetch",
                        "lineNumber": 0,
                        "scriptId": "119",
                        "url": "https://cdn.cookielaw.org/scripttemplates/otSDKStub.js"
                    }
                ]
            },
            "type": "script"
        },
        "requested_for": "https://www.ceskatelevize.cz/"
    },
    {
        "time": 234925.238869,
        "requested_resource": "https://geolocation.onetrust.com/cookieconsentpub/v1/geo/location",
        "initiator": {
            "stack": {
                "callFrames": [
                    {
                        "columnNumber": 11759,
                        "functionName": "f.otFetch",
                        "lineNumber": 0,
                        "scriptId": "119",
                        "url": "https://cdn.cookielaw.org/scripttemplates/otSDKStub.js"
                    }
                ]
            },
            "type": "script"
        },
        "requested_for": "https://www.ceskatelevize.cz/"
    },
    {
        "time": 234925.301917,
        "requested_resource": "https://cdn.cookielaw.org/scripttemplates/202407.2.0/otBannerSdk.js",
        "initiator": {
            "stack": {
                "callFrames": [
                    {
                        "columnNumber": 12238,
                        "functionName": "f.jsonp",
                        "lineNumber": 0,
                        "scriptId": "119",
                        "url": "https://cdn.cookielaw.org/scripttemplates/otSDKStub.js"
                    }
                ]
            },
            "type": "script"
        },
        "requested_for": "https://www.ceskatelevize.cz/"
    },
    {
        "time": 234925.335576,
        "requested_resource": "https://cdn.cookielaw.org/consent/f2f812b2-4ffd-4d22-9bea-92bae0e38431/f5d8aa98-4484-4661-b117-f953d7f9a735/cs.json",
        "initiator": {
            "stack": {
                "callFrames": [
                    {
                        "columnNumber": 48422,
                        "functionName": "",
                        "lineNumber": 6,
                        "scriptId": "128",
                        "url": "https://cdn.cookielaw.org/scripttemplates/202407.2.0/otBannerSdk.js"
                    }
                ]
            },
            "type": "script"
        },
        "requested_for": "https://www.ceskatelevize.cz/"
    },
    {
        "time": 234925.368233,
        "requested_resource": "https://cdn.cookielaw.org/scripttemplates/202407.2.0/assets/otCenterRounded.json",
        "initiator": {
            "stack": {
                "callFrames": [
                    {
                        "columnNumber": 48422,
                        "functionName": "",
                        "lineNumber": 6,
                        "scriptId": "128",
                        "url": "https://cdn.cookielaw.org/scripttemplates/202407.2.0/otBannerSdk.js"
                    }
                ]
            },
            "type": "script"
        },
        "requested_for": "https://www.ceskatelevize.cz/"
    },
    {
        "time": 234925.368381,
        "requested_resource": "https://cdn.cookielaw.org/scripttemplates/202407.2.0/assets/v2/otPcCenter.json",
        "initiator": {
            "stack": {
                "callFrames": [
                    {
                        "columnNumber": 48422,
                        "functionName": "",
                        "lineNumber": 6,
                        "scriptId": "128",
                        "url": "https://cdn.cookielaw.org/scripttemplates/202407.2.0/otBannerSdk.js"
                    }
                ]
            },
            "type": "script"
        },
        "requested_for": "https://www.ceskatelevize.cz/"
    },
    {
        "time": 234925.368491,
        "requested_resource": "https://cdn.cookielaw.org/scripttemplates/202407.2.0/assets/otCommonStyles.css",
        "initiator": {
            "stack": {
                "callFrames": [
                    {
                        "columnNumber": 48422,
                        "functionName": "",
                        "lineNumber": 6,
                        "scriptId": "128",
                        "url": "https://cdn.cookielaw.org/scripttemplates/202407.2.0/otBannerSdk.js"
                    }
                ]
            },
            "type": "script"
        },
        "requested_for": "https://www.ceskatelevize.cz/"
    },
    {
        "time": 234925.387411,
        "requested_resource": "https://ctfs.ceskatelevize.cz/static/assets/images/Ceska_televize_logo.c18ac7a00af1952d4a74b7e9c4792aa7.svg",
        "initiator": {
            "type": "other"
        },
        "requested_for": "https://www.ceskatelevize.cz/"
    },
    {
        "time": 234925.387563,
        "requested_resource": "https://ctfs.ceskatelevize.cz/static/assets/fonts/tv_sans_screen_regular.woff2",
        "initiator": {
            "type": "parser",
            "url": "https://ctfs.ceskatelevize.cz/static/assets/css/fonts.css"
        },
        "requested_for": "https://www.ceskatelevize.cz/"
    },
    {
        "time": 234925.393215,
        "requested_resource": "https://cdn.cookielaw.org/logos/static/ot_guard_logo.svg",
        "initiator": {
            "stack": {
                "callFrames": [
                    {
                        "columnNumber": 48422,
                        "functionName": "",
                        "lineNumber": 6,
                        "scriptId": "128",
                        "url": "https://cdn.cookielaw.org/scripttemplates/202407.2.0/otBannerSdk.js"
                    }
                ]
            },
            "type": "script"
        },
        "requested_for": "https://www.ceskatelevize.cz/"
    },
    {
        "time": 234925.406214,
        "requested_resource": "https://cdn.cookielaw.org/logos/2088510a-7443-466e-aae5-04ce682573e7/e967ad41-08d0-4971-a2a9-a8a8cba3c7ef/f99067cc-c697-4e36-b709-247896e4d81b/logo-ceskatelevize.png",
        "initiator": {
            "type": "other"
        },
        "requested_for": "https://www.ceskatelevize.cz/"
    },
    {
        "time": 234925.406255,
        "requested_resource": "https://cdn.cookielaw.org/logos/static/powered_by_logo.svg",
        "initiator": {
            "type": "other"
        },
        "requested_for": "https://www.ceskatelevize.cz/"
    },
    {
        "time": 234926.424307,
        "requested_resource": "https://r.clarity.ms/collect",
        "initiator": {
            "stack": {
                "callFrames": [
                    {
                        "columnNumber": 50154,
                        "functionName": "Er",
                        "lineNumber": 1,
                        "scriptId": "116",
                        "url": "https://www.clarity.ms/s/0.7.69/clarity.js"
                    }
                ]
            },
            "type": "script"
        },
        "requested_for": "https://www.ceskatelevize.cz/"
    },
    {
        "time": 234929.861554,
        "requested_resource": "https://region1.google-analytics.com/g/collect?v=2&tid=G-C15JW7LS9P&gtm=45je52k0v883833889z8847099800za200zb847099800&_p=1740222751612&gcs=G100&gcd=13p3pPp2p5l1&npa=1&dma_cps=-&dma=1&tag_exp=101732279~101732281~102067808~102482433~102539968~102558064~102587591~102605417~102640600~102658453&cid=1506604657.1740222752&ul=en-us&sr=2560x1440&uaa=x86&uab=64&uafvl=Chromium%3B133.0.6943.126%7CNot(A%253ABrand%3B99.0.0.0&uamb=0&uam=&uap=Windows&uapv=19.0.0&uaw=0&are=1&frm=0&pscdl=denied&dt=%C4%8Cesk%C3%A1%20televize&sid=1740222752&sct=1&seg=0&dl=https%3A%2F%2Fwww.ceskatelevize.cz%2F&_s=2&tfd=6124",
        "initiator": {
            "stack": {
                "callFrames": [
                    {
                        "columnNumber": 285,
                        "functionName": "Ec",
                        "lineNumber": 154,
                        "scriptId": "109",
                        "url": "https://www.googletagmanager.com/gtag/js?id=G-C15JW7LS9P&l=dataLayer&cx=c&gtm=45He52k0v847099800za200"
                    }
                ]
            },
            "type": "script"
        },
        "requested_for": "https://www.ceskatelevize.cz/"
    }
]