{
    "google.com": {
        "accounts": {
            "A": [
                "64.233.184.84"
            ],
            "CNAME": []
        },
        "android.clients": {
            "A": [
                "142.251.36.142",
                "142.251.36.110",
                "142.251.36.78",
                "142.251.37.110"
            ],
            "CNAME": [
                "android.l.google.com"
            ]
        },
        "android.l": {
            "A": [
                "142.251.36.142",
                "142.251.36.110",
                "142.251.36.78",
                "142.251.37.110"
            ],
            "CNAME": []
        },
        "mtalk": {
            "A": [
                "142.250.27.188"
            ],
            "CNAME": []
        }
    },
    "kosmas.cz": {
        "kosmas.cz": {
            "A": [
                "20.229.94.220"
            ],
            "CNAME": []
        },
        "www": {
            "A": [
                "20.105.224.6"
            ],
            "CNAME": [
                "app-kosmas-prod-web.azurewebsites.net",
                "waws-prod-am2-541.sip.azurewebsites.windows.net",
                "waws-prod-am2-541-01ba.westeurope.cloudapp.azure.com"
            ]
        },
        "obalky": {
            "A": [
                "20.229.94.220"
            ],
            "CNAME": [
                "kosmas-web-sites.westeurope.cloudapp.azure.com"
            ]
        }
    },
    "azurewebsites.net": {
        "app-kosmas-prod-web": {
            "A": [],
            "CNAME": [
                "waws-prod-am2-541.sip.azurewebsites.windows.net"
            ]
        }
    },
    "windows.net": {
        "waws-prod-am2-541.sip.azurewebsites": {
            "A": [],
            "CNAME": [
                "waws-prod-am2-541-01ba.westeurope.cloudapp.azure.com"
            ]
        }
    },
    "azure.com": {
        "waws-prod-am2-541-01ba.westeurope.cloudapp": {
            "A": [
                "20.105.224.6"
            ],
            "CNAME": []
        },
        "kosmas-web-sites.westeurope.cloudapp": {
            "A": [
                "20.229.94.220"
            ],
            "CNAME": []
        },
        "clarity-ingest-eus2-b-sc.eastus2.cloudapp": {
            "A": [
                "20.119.174.243"
            ],
            "CNAME": []
        }
    },
    "googletagmanager.com": {
        "www": {
            "A": [
                "142.251.36.104"
            ],
            "CNAME": []
        }
    },
    "typekit.net": {
        "use": {
            "A": [
                "2.16.2.186",
                "2.16.2.193"
            ],
            "CNAME": [
                "use-stls.adobe.com.edgesuite.net",
                "a1988.dscg1.akamai.net"
            ]
        },
        "p": {
            "A": [
                "2.16.2.186",
                "2.16.2.203"
            ],
            "CNAME": [
                "p.typekit.net-stls-v3.edgesuite.net",
                "a1874.dscg1.akamai.net"
            ]
        }
    },
    "edgesuite.net": {
        "use-stls.adobe.com": {
            "A": [],
            "CNAME": [
                "a1988.dscg1.akamai.net"
            ]
        },
        "p.typekit.net-stls-v3": {
            "A": [],
            "CNAME": [
                "a1874.dscg1.akamai.net"
            ]
        }
    },
    "akamai.net": {
        "a1988.dscg1": {
            "A": [
                "2.16.2.186",
                "2.16.2.193"
            ],
            "CNAME": []
        },
        "a1874.dscg1": {
            "A": [
                "2.16.2.186",
                "2.16.2.203"
            ],
            "CNAME": []
        }
    },
    "googleapis.com": {
        "content-autofill": {
            "A": [
                "142.251.37.106",
                "142.251.36.106",
                "142.251.36.74",
                "142.251.36.138"
            ],
            "CNAME": []
        }
    },
    "googlesyndication.com": {
        "pagead2": {
            "A": [
                "142.251.36.98"
            ],
            "CNAME": []
        }
    },
    "bing.com": {
        "bat": {
            "A": [
                "150.171.27.10",
                "150.171.28.10"
            ],
            "CNAME": [
                "bat-bing-com.ax-0001.ax-msedge.net",
                "ax-0001.ax-msedge.net"
            ]
        }
    },
    "ax-msedge.net": {
        "bat-bing-com.ax-0001": {
            "A": [],
            "CNAME": [
                "ax-0001.ax-msedge.net"
            ]
        },
        "ax-0001": {
            "A": [
                "150.171.27.10",
                "150.171.28.10"
            ],
            "CNAME": []
        }
    },
    "google-analytics.com": {
        "region1": {
            "A": [
                "216.239.32.36",
                "216.239.34.36"
            ],
            "CNAME": []
        }
    },
    "clarity.ms": {
        "www": {
            "A": [
                "13.107.253.45"
            ],
            "CNAME": [
                "clarity.azurefd.net",
                "azurefd-t-prod.trafficmanager.net",
                "shed.dual-low.s-part-0017.t-0009.t-msedge.net",
                "azurefd-t-fb-prod.trafficmanager.net",
                "dual.s-part-0017.t-0009.fb-t-msedge.net",
                "s-part-0017.t-0009.fb-t-msedge.net"
            ]
        },
        "r": {
            "A": [
                "20.119.174.243"
            ],
            "CNAME": [
                "clarity-ingest-eus2-b-sc.eastus2.cloudapp.azure.com"
            ]
        }
    },
    "azurefd.net": {
        "clarity": {
            "A": [],
            "CNAME": [
                "azurefd-t-prod.trafficmanager.net"
            ]
        }
    },
    "trafficmanager.net": {
        "azurefd-t-prod": {
            "A": [],
            "CNAME": [
                "shed.dual-low.s-part-0017.t-0009.t-msedge.net"
            ]
        },
        "azurefd-t-fb-prod": {
            "A": [],
            "CNAME": [
                "dual.s-part-0017.t-0009.fb-t-msedge.net"
            ]
        }
    },
    "t-msedge.net": {
        "shed.dual-low.s-part-0017.t-0009": {
            "A": [],
            "CNAME": [
                "azurefd-t-fb-prod.trafficmanager.net"
            ]
        }
    },
    "fb-t-msedge.net": {
        "dual.s-part-0017.t-0009": {
            "A": [],
            "CNAME": [
                "s-part-0017.t-0009.fb-t-msedge.net"
            ]
        },
        "s-part-0017.t-0009": {
            "A": [
                "13.107.253.45"
            ],
            "CNAME": []
        }
    }
}