[
    {
        "requested_by": "https://twitter.com/",
        "time": 237145.14464,
        "requested_resource": "https://twitter.com/",
        "initiator": {
            "type": "other"
        }
    },
    {
        "requested_by": "https://x.com/",
        "time": 237145.616746,
        "requested_resource": "https://x.com/",
        "initiator": {
            "type": "other"
        }
    },
    {
        "requested_by": "https://twitter.com/x/migrate?tok=7b2265223a222f222c2274223a313734303232343937337dd863c6b1b076b9881407c960f1094e51",
        "time": 237145.896631,
        "requested_resource": "https://twitter.com/x/migrate?tok=7b2265223a222f222c2274223a313734303232343937337dd863c6b1b076b9881407c960f1094e51",
        "initiator": {
            "stack": {
                "callFrames": [
                    {
                        "columnNumber": 128,
                        "functionName": "",
                        "lineNumber": 33,
                        "scriptId": "14",
                        "url": "https://x.com/"
                    }
                ]
            },
            "type": "script"
        }
    },
    {
        "requested_by": "https://x.com/",
        "time": 237145.894682,
        "requested_resource": "https://x.com/manifest.json",
        "initiator": {
            "type": "other"
        }
    },
    {
        "requested_by": "https://x.com/x/migrate",
        "time": 237146.048196,
        "requested_resource": "https://x.com/x/migrate",
        "initiator": {
            "type": "other"
        }
    },
    {
        "requested_by": "https://x.com/?mx=2",
        "time": 237146.184752,
        "requested_resource": "https://x.com/?mx=2",
        "initiator": {
            "type": "other"
        }
    },
    {
        "requested_by": "https://x.com/?mx=2",
        "time": 237146.437704,
        "requested_resource": "https://abs.twimg.com/responsive-web/client-web/vendor.2e1b551a.js",
        "initiator": {
            "columnNumber": 950,
            "lineNumber": 0,
            "type": "parser",
            "url": "https://x.com/?mx=2"
        }
    },
    {
        "requested_by": "https://x.com/?mx=2",
        "time": 237146.437939,
        "requested_resource": "https://abs.twimg.com/responsive-web/client-web/i18n/en.e120c1ba.js",
        "initiator": {
            "columnNumber": 1140,
            "lineNumber": 0,
            "type": "parser",
            "url": "https://x.com/?mx=2"
        }
    },
    {
        "requested_by": "https://x.com/?mx=2",
        "time": 237146.437999,
        "requested_resource": "https://abs.twimg.com/responsive-web/client-web/main.ef500ffa.js",
        "initiator": {
            "columnNumber": 1327,
            "lineNumber": 0,
            "type": "parser",
            "url": "https://x.com/?mx=2"
        }
    },
    {
        "requested_by": "https://x.com/?mx=2",
        "time": 237146.438918,
        "requested_resource": "https://abs-0.twimg.com/emoji/v2/svg/26a0.svg",
        "initiator": {
            "columnNumber": 6998,
            "lineNumber": 325,
            "type": "parser",
            "url": "https://x.com/?mx=2"
        }
    },
    {
        "requested_by": "https://x.com/?mx=2",
        "time": 237146.698432,
        "requested_resource": "https://abs.twimg.com/responsive-web/client-web/ondemand.Dropdown.9b352baa.js",
        "initiator": {
            "stack": {
                "callFrames": [
                    {
                        "columnNumber": 192188,
                        "functionName": "i.l",
                        "lineNumber": 325,
                        "scriptId": "18",
                        "url": "https://x.com/?mx=2"
                    }
                ]
            },
            "type": "script"
        }
    },
    {
        "requested_by": "https://x.com/?mx=2",
        "time": 237146.729348,
        "requested_resource": "https://abs.twimg.com/responsive-web/client-web/ondemand.s.37ec12ba.js",
        "initiator": {
            "stack": {
                "callFrames": [
                    {
                        "columnNumber": 192188,
                        "functionName": "i.l",
                        "lineNumber": 325,
                        "scriptId": "18",
                        "url": "https://x.com/?mx=2"
                    }
                ]
            },
            "type": "script"
        }
    },
    {
        "requested_by": "https://x.com/?mx=2",
        "time": 237146.754321,
        "requested_resource": "https://abs.twimg.com/responsive-web/client-web/icons.0.07ef5c1a.js",
        "initiator": {
            "stack": {
                "callFrames": [
                    {
                        "columnNumber": 192188,
                        "functionName": "i.l",
                        "lineNumber": 325,
                        "scriptId": "18",
                        "url": "https://x.com/?mx=2"
                    }
                ]
            },
            "type": "script"
        }
    },
    {
        "requested_by": "https://x.com/?mx=2",
        "time": 237146.754602,
        "requested_resource": "https://abs.twimg.com/responsive-web/client-web/icons.13.1c2212fa.js",
        "initiator": {
            "stack": {
                "callFrames": [
                    {
                        "columnNumber": 192188,
                        "functionName": "i.l",
                        "lineNumber": 325,
                        "scriptId": "18",
                        "url": "https://x.com/?mx=2"
                    }
                ]
            },
            "type": "script"
        }
    },
    {
        "requested_by": "https://x.com/?mx=2",
        "time": 237146.755227,
        "requested_resource": "https://abs.twimg.com/responsive-web/client-web/icons.19.2d5652ba.js",
        "initiator": {
            "stack": {
                "callFrames": [
                    {
                        "columnNumber": 192188,
                        "functionName": "i.l",
                        "lineNumber": 325,
                        "scriptId": "18",
                        "url": "https://x.com/?mx=2"
                    }
                ]
            },
            "type": "script"
        }
    },
    {
        "requested_by": "https://x.com/?mx=2",
        "time": 237146.755417,
        "requested_resource": "https://abs.twimg.com/responsive-web/client-web/icons.22.51d4d34a.js",
        "initiator": {
            "stack": {
                "callFrames": [
                    {
                        "columnNumber": 192188,
                        "functionName": "i.l",
                        "lineNumber": 325,
                        "scriptId": "18",
                        "url": "https://x.com/?mx=2"
                    }
                ]
            },
            "type": "script"
        }
    },
    {
        "requested_by": "https://x.com/?mx=2",
        "time": 237146.755596,
        "requested_resource": "https://abs.twimg.com/responsive-web/client-web/icons.29.7755a94a.js",
        "initiator": {
            "stack": {
                "callFrames": [
                    {
                        "columnNumber": 192188,
                        "functionName": "i.l",
                        "lineNumber": 325,
                        "scriptId": "18",
                        "url": "https://x.com/?mx=2"
                    }
                ]
            },
            "type": "script"
        }
    },
    {
        "requested_by": "https://x.com/?mx=2",
        "time": 237146.75576,
        "requested_resource": "https://abs.twimg.com/responsive-web/client-web/icons.5.5b043fea.js",
        "initiator": {
            "stack": {
                "callFrames": [
                    {
                        "columnNumber": 192188,
                        "functionName": "i.l",
                        "lineNumber": 325,
                        "scriptId": "18",
                        "url": "https://x.com/?mx=2"
                    }
                ]
            },
            "type": "script"
        }
    },
    {
        "requested_by": "https://x.com/?mx=2",
        "time": 237146.755914,
        "requested_resource": "https://abs.twimg.com/responsive-web/client-web/icons.15.12272f1a.js",
        "initiator": {
            "stack": {
                "callFrames": [
                    {
                        "columnNumber": 192188,
                        "functionName": "i.l",
                        "lineNumber": 325,
                        "scriptId": "18",
                        "url": "https://x.com/?mx=2"
                    }
                ]
            },
            "type": "script"
        }
    },
    {
        "requested_by": "https://x.com/?mx=2",
        "time": 237146.756085,
        "requested_resource": "https://abs.twimg.com/responsive-web/client-web/icons.4.753b0f0a.js",
        "initiator": {
            "stack": {
                "callFrames": [
                    {
                        "columnNumber": 192188,
                        "functionName": "i.l",
                        "lineNumber": 325,
                        "scriptId": "18",
                        "url": "https://x.com/?mx=2"
                    }
                ]
            },
            "type": "script"
        }
    },
    {
        "requested_by": "https://x.com/?mx=2",
        "time": 237146.756248,
        "requested_resource": "https://abs.twimg.com/responsive-web/client-web/modules.common.4b46469a.js",
        "initiator": {
            "stack": {
                "callFrames": [
                    {
                        "columnNumber": 192188,
                        "functionName": "i.l",
                        "lineNumber": 325,
                        "scriptId": "18",
                        "url": "https://x.com/?mx=2"
                    }
                ]
            },
            "type": "script"
        }
    },
    {
        "requested_by": "https://x.com/?mx=2",
        "time": 237146.756309,
        "requested_resource": "https://abs.twimg.com/responsive-web/client-web/icons.12.a0f2de7a.js",
        "initiator": {
            "stack": {
                "callFrames": [
                    {
                        "columnNumber": 192188,
                        "functionName": "i.l",
                        "lineNumber": 325,
                        "scriptId": "18",
                        "url": "https://x.com/?mx=2"
                    }
                ]
            },
            "type": "script"
        }
    },
    {
        "requested_by": "https://x.com/?mx=2",
        "time": 237146.756364,
        "requested_resource": "https://abs.twimg.com/responsive-web/client-web/modules.audio.3522dfea.js",
        "initiator": {
            "stack": {
                "callFrames": [
                    {
                        "columnNumber": 192188,
                        "functionName": "i.l",
                        "lineNumber": 325,
                        "scriptId": "18",
                        "url": "https://x.com/?mx=2"
                    }
                ]
            },
            "type": "script"
        }
    },
    {
        "requested_by": "https://x.com/?mx=2",
        "time": 237146.75642,
        "requested_resource": "https://abs.twimg.com/responsive-web/client-web/icons.9.7d03a80a.js",
        "initiator": {
            "stack": {
                "callFrames": [
                    {
                        "columnNumber": 192188,
                        "functionName": "i.l",
                        "lineNumber": 325,
                        "scriptId": "18",
                        "url": "https://x.com/?mx=2"
                    }
                ]
            },
            "type": "script"
        }
    },
    {
        "requested_by": "https://x.com/?mx=2",
        "time": 237146.756478,
        "requested_resource": "https://abs.twimg.com/responsive-web/client-web/shared~loader.Typeahead~loader.AppModules~loader.DMDrawer~ondemand.HoverCard~ondemand.NotFound~bundle.AboutTh.2578ba3a.js",
        "initiator": {
            "stack": {
                "callFrames": [
                    {
                        "columnNumber": 192188,
                        "functionName": "i.l",
                        "lineNumber": 325,
                        "scriptId": "18",
                        "url": "https://x.com/?mx=2"
                    }
                ]
            },
            "type": "script"
        }
    },
    {
        "requested_by": "https://x.com/?mx=2",
        "time": 237146.756542,
        "requested_resource": "https://abs.twimg.com/responsive-web/client-web/shared~loader.DashMenu~loader.SideNav~loader.SideNavRedesign~loader.AppModules~loader.DMDrawer~ondemand.Hover.8f3c1eea.js",
        "initiator": {
            "stack": {
                "callFrames": [
                    {
                        "columnNumber": 192188,
                        "functionName": "i.l",
                        "lineNumber": 325,
                        "scriptId": "18",
                        "url": "https://x.com/?mx=2"
                    }
                ]
            },
            "type": "script"
        }
    },
    {
        "requested_by": "https://x.com/?mx=2",
        "time": 237146.756602,
        "requested_resource": "https://abs.twimg.com/responsive-web/client-web/shared~loader.DashMenu~loader.SideNav~loader.SideNavRedesign~loader.AppModules~loader.DMDrawer~bundle.MultiAc.0bc88b2a.js",
        "initiator": {
            "stack": {
                "callFrames": [
                    {
                        "columnNumber": 192188,
                        "functionName": "i.l",
                        "lineNumber": 325,
                        "scriptId": "18",
                        "url": "https://x.com/?mx=2"
                    }
                ]
            },
            "type": "script"
        }
    },
    {
        "requested_by": "https://x.com/?mx=2",
        "time": 237146.756658,
        "requested_resource": "https://abs.twimg.com/responsive-web/client-web/shared~loader.Typeahead~loader.AppModules~loader.DMDrawer~bundle.ReaderMode~bundle.Articles~bundle.AudioSpace.569ce1aa.js",
        "initiator": {
            "stack": {
                "callFrames": [
                    {
                        "columnNumber": 192188,
                        "functionName": "i.l",
                        "lineNumber": 325,
                        "scriptId": "18",
                        "url": "https://x.com/?mx=2"
                    }
                ]
            },
            "type": "script"
        }
    },
    {
        "requested_by": "https://x.com/?mx=2",
        "time": 237146.756717,
        "requested_resource": "https://abs.twimg.com/responsive-web/client-web/shared~loader.AppModules~ondemand.SettingsRevamp~bundle.NotABot~bundle.TwitterBlue.df6a34ea.js",
        "initiator": {
            "stack": {
                "callFrames": [
                    {
                        "columnNumber": 192188,
                        "functionName": "i.l",
                        "lineNumber": 325,
                        "scriptId": "18",
                        "url": "https://x.com/?mx=2"
                    }
                ]
            },
            "type": "script"
        }
    },
    {
        "requested_by": "https://x.com/?mx=2",
        "time": 237146.756776,
        "requested_resource": "https://abs.twimg.com/responsive-web/client-web/shared~loader.Typeahead~loader.AppModules~bundle.AudioSpaceDiscovery.208eb11a.js",
        "initiator": {
            "stack": {
                "callFrames": [
                    {
                        "columnNumber": 192188,
                        "functionName": "i.l",
                        "lineNumber": 325,
                        "scriptId": "18",
                        "url": "https://x.com/?mx=2"
                    }
                ]
            },
            "type": "script"
        }
    },
    {
        "requested_by": "https://x.com/?mx=2",
        "time": 237146.756831,
        "requested_resource": "https://abs.twimg.com/responsive-web/client-web/shared~loader.AppModules~bundle.LoggedOutHome~bundle.TV.728c1aba.js",
        "initiator": {
            "stack": {
                "callFrames": [
                    {
                        "columnNumber": 192188,
                        "functionName": "i.l",
                        "lineNumber": 325,
                        "scriptId": "18",
                        "url": "https://x.com/?mx=2"
                    }
                ]
            },
            "type": "script"
        }
    },
    {
        "requested_by": "https://x.com/?mx=2",
        "time": 237146.756882,
        "requested_resource": "https://abs.twimg.com/responsive-web/client-web/shared~loader.AppModules~loader.LoggedOutNotifications.411f77ea.js",
        "initiator": {
            "stack": {
                "callFrames": [
                    {
                        "columnNumber": 192188,
                        "functionName": "i.l",
                        "lineNumber": 325,
                        "scriptId": "18",
                        "url": "https://x.com/?mx=2"
                    }
                ]
            },
            "type": "script"
        }
    },
    {
        "requested_by": "https://x.com/?mx=2",
        "time": 237146.756934,
        "requested_resource": "https://abs.twimg.com/responsive-web/client-web/shared~loader.AppModules~bundle.LoggedOutHome.72ac592a.js",
        "initiator": {
            "stack": {
                "callFrames": [
                    {
                        "columnNumber": 192188,
                        "functionName": "i.l",
                        "lineNumber": 325,
                        "scriptId": "18",
                        "url": "https://x.com/?mx=2"
                    }
                ]
            },
            "type": "script"
        }
    },
    {
        "requested_by": "https://x.com/?mx=2",
        "time": 237146.756988,
        "requested_resource": "https://abs.twimg.com/responsive-web/client-web/loader.AppModules.6459896a.js",
        "initiator": {
            "stack": {
                "callFrames": [
                    {
                        "columnNumber": 192188,
                        "functionName": "i.l",
                        "lineNumber": 325,
                        "scriptId": "18",
                        "url": "https://x.com/?mx=2"
                    }
                ]
            },
            "type": "script"
        }
    },
    {
        "requested_by": "https://x.com/?mx=2",
        "time": 237146.759329,
        "requested_resource": "https://abs.twimg.com/responsive-web/client-web/icons.7.d4420eba.js",
        "initiator": {
            "stack": {
                "callFrames": [
                    {
                        "columnNumber": 192188,
                        "functionName": "i.l",
                        "lineNumber": 325,
                        "scriptId": "18",
                        "url": "https://x.com/?mx=2"
                    }
                ]
            },
            "type": "script"
        }
    },
    {
        "requested_by": "https://x.com/?mx=2",
        "time": 237146.759433,
        "requested_resource": "https://abs.twimg.com/responsive-web/client-web/icons.1.72126e1a.js",
        "initiator": {
            "stack": {
                "callFrames": [
                    {
                        "columnNumber": 192188,
                        "functionName": "i.l",
                        "lineNumber": 325,
                        "scriptId": "18",
                        "url": "https://x.com/?mx=2"
                    }
                ]
            },
            "type": "script"
        }
    },
    {
        "requested_by": "https://x.com/?mx=2",
        "time": 237146.759504,
        "requested_resource": "https://abs.twimg.com/responsive-web/client-web/icons.11.288d2daa.js",
        "initiator": {
            "stack": {
                "callFrames": [
                    {
                        "columnNumber": 192188,
                        "functionName": "i.l",
                        "lineNumber": 325,
                        "scriptId": "18",
                        "url": "https://x.com/?mx=2"
                    }
                ]
            },
            "type": "script"
        }
    },
    {
        "requested_by": "https://x.com/?mx=2",
        "time": 237146.759571,
        "requested_resource": "https://abs.twimg.com/responsive-web/client-web/icons.20.d6ab7b5a.js",
        "initiator": {
            "stack": {
                "callFrames": [
                    {
                        "columnNumber": 192188,
                        "functionName": "i.l",
                        "lineNumber": 325,
                        "scriptId": "18",
                        "url": "https://x.com/?mx=2"
                    }
                ]
            },
            "type": "script"
        }
    },
    {
        "requested_by": "https://x.com/?mx=2",
        "time": 237146.759626,
        "requested_resource": "https://abs.twimg.com/responsive-web/client-web/icons.25.f3f9402a.js",
        "initiator": {
            "stack": {
                "callFrames": [
                    {
                        "columnNumber": 192188,
                        "functionName": "i.l",
                        "lineNumber": 325,
                        "scriptId": "18",
                        "url": "https://x.com/?mx=2"
                    }
                ]
            },
            "type": "script"
        }
    },
    {
        "requested_by": "https://x.com/?mx=2",
        "time": 237146.759678,
        "requested_resource": "https://abs.twimg.com/responsive-web/client-web/icons.24.1c4d834a.js",
        "initiator": {
            "stack": {
                "callFrames": [
                    {
                        "columnNumber": 192188,
                        "functionName": "i.l",
                        "lineNumber": 325,
                        "scriptId": "18",
                        "url": "https://x.com/?mx=2"
                    }
                ]
            },
            "type": "script"
        }
    },
    {
        "requested_by": "https://x.com/?mx=2",
        "time": 237146.759748,
        "requested_resource": "https://abs.twimg.com/responsive-web/client-web/icons.2.c13b126a.js",
        "initiator": {
            "stack": {
                "callFrames": [
                    {
                        "columnNumber": 192188,
                        "functionName": "i.l",
                        "lineNumber": 325,
                        "scriptId": "18",
                        "url": "https://x.com/?mx=2"
                    }
                ]
            },
            "type": "script"
        }
    },
    {
        "requested_by": "https://x.com/?mx=2",
        "time": 237146.759802,
        "requested_resource": "https://abs.twimg.com/responsive-web/client-web/shared~loader.DashMenu~loader.SideNav~loader.SideNavRedesign~loader.DMDrawer~ondemand.HoverCard~bundle.Accoun.763a61ba.js",
        "initiator": {
            "stack": {
                "callFrames": [
                    {
                        "columnNumber": 192188,
                        "functionName": "i.l",
                        "lineNumber": 325,
                        "scriptId": "18",
                        "url": "https://x.com/?mx=2"
                    }
                ]
            },
            "type": "script"
        }
    },
    {
        "requested_by": "https://x.com/?mx=2",
        "time": 237146.759865,
        "requested_resource": "https://abs.twimg.com/responsive-web/client-web/shared~loader.DashMenu~loader.SideNav~loader.SideNavRedesign~bundle.MultiAccount~bundle.JobSearch.3c7c4f3a.js",
        "initiator": {
            "stack": {
                "callFrames": [
                    {
                        "columnNumber": 192188,
                        "functionName": "i.l",
                        "lineNumber": 325,
                        "scriptId": "18",
                        "url": "https://x.com/?mx=2"
                    }
                ]
            },
            "type": "script"
        }
    },
    {
        "requested_by": "https://x.com/?mx=2",
        "time": 237146.759913,
        "requested_resource": "https://abs.twimg.com/responsive-web/client-web/shared~loader.SideNav~loader.SideNavRedesign~bundle.MultiAccount~bundle.JobSearch.93bedf7a.js",
        "initiator": {
            "stack": {
                "callFrames": [
                    {
                        "columnNumber": 192188,
                        "functionName": "i.l",
                        "lineNumber": 325,
                        "scriptId": "18",
                        "url": "https://x.com/?mx=2"
                    }
                ]
            },
            "type": "script"
        }
    },
    {
        "requested_by": "https://x.com/?mx=2",
        "time": 237146.759978,
        "requested_resource": "https://abs.twimg.com/responsive-web/client-web/shared~loader.SideNav~loader.SideNavRedesign~bundle.JobSearch.e2e6b94a.js",
        "initiator": {
            "stack": {
                "callFrames": [
                    {
                        "columnNumber": 192188,
                        "functionName": "i.l",
                        "lineNumber": 325,
                        "scriptId": "18",
                        "url": "https://x.com/?mx=2"
                    }
                ]
            },
            "type": "script"
        }
    },
    {
        "requested_by": "https://x.com/?mx=2",
        "time": 237146.760034,
        "requested_resource": "https://abs.twimg.com/responsive-web/client-web/shared~loader.SideNav~loader.SideNavRedesign.8ea3d25a.js",
        "initiator": {
            "stack": {
                "callFrames": [
                    {
                        "columnNumber": 192188,
                        "functionName": "i.l",
                        "lineNumber": 325,
                        "scriptId": "18",
                        "url": "https://x.com/?mx=2"
                    }
                ]
            },
            "type": "script"
        }
    },
    {
        "requested_by": "https://x.com/?mx=2",
        "time": 237146.760085,
        "requested_resource": "https://abs.twimg.com/responsive-web/client-web/loader.SideNav.733c347a.js",
        "initiator": {
            "stack": {
                "callFrames": [
                    {
                        "columnNumber": 192188,
                        "functionName": "i.l",
                        "lineNumber": 325,
                        "scriptId": "18",
                        "url": "https://x.com/?mx=2"
                    }
                ]
            },
            "type": "script"
        }
    },
    {
        "requested_by": "https://x.com/?mx=2",
        "time": 237146.762252,
        "requested_resource": "https://abs.twimg.com/responsive-web/client-web/shared~loader.AudioDock~loader.DashMenu~loader.DashModal~loader.Typeahead~loader.DMDrawer~ondemand.InlinePlay.a7ea5eea.js",
        "initiator": {
            "stack": {
                "callFrames": [
                    {
                        "columnNumber": 192188,
                        "functionName": "i.l",
                        "lineNumber": 325,
                        "scriptId": "18",
                        "url": "https://x.com/?mx=2"
                    }
                ]
            },
            "type": "script"
        }
    },
    {
        "requested_by": "https://x.com/?mx=2",
        "time": 237146.762348,
        "requested_resource": "https://abs.twimg.com/responsive-web/client-web/shared~bundle.AudioSpaceDetail~bundle.AudioSpaceDiscovery~bundle.AudioSpacebarScreen~bundle.Birdwatch~bundle..da72065a.js",
        "initiator": {
            "stack": {
                "callFrames": [
                    {
                        "columnNumber": 192188,
                        "functionName": "i.l",
                        "lineNumber": 325,
                        "scriptId": "18",
                        "url": "https://x.com/?mx=2"
                    }
                ]
            },
            "type": "script"
        }
    },
    {
        "requested_by": "https://x.com/?mx=2",
        "time": 237146.762423,
        "requested_resource": "https://abs.twimg.com/responsive-web/client-web/shared~bundle.LoggedOutHome~loader.TimelineRenderer~loader.SignupModule.e517356a.js",
        "initiator": {
            "stack": {
                "callFrames": [
                    {
                        "columnNumber": 192188,
                        "functionName": "i.l",
                        "lineNumber": 325,
                        "scriptId": "18",
                        "url": "https://x.com/?mx=2"
                    }
                ]
            },
            "type": "script"
        }
    },
    {
        "requested_by": "https://x.com/?mx=2",
        "time": 237146.762478,
        "requested_resource": "https://abs.twimg.com/responsive-web/client-web/bundle.LoggedOutHome.c81caa9a.js",
        "initiator": {
            "stack": {
                "callFrames": [
                    {
                        "columnNumber": 192188,
                        "functionName": "i.l",
                        "lineNumber": 325,
                        "scriptId": "18",
                        "url": "https://x.com/?mx=2"
                    }
                ]
            },
            "type": "script"
        }
    },
    {
        "requested_by": "https://x.com/?mx=2",
        "time": 237146.763523,
        "requested_resource": "https://abs.twimg.com/responsive-web/client-web/icons.14.8934578a.js",
        "initiator": {
            "stack": {
                "callFrames": [
                    {
                        "columnNumber": 192188,
                        "functionName": "i.l",
                        "lineNumber": 325,
                        "scriptId": "18",
                        "url": "https://x.com/?mx=2"
                    }
                ]
            },
            "type": "script"
        }
    },
    {
        "requested_by": "https://x.com/?mx=2",
        "time": 237146.764236,
        "requested_resource": "https://abs.twimg.com/responsive-web/client-web/icons.10.f659151a.js",
        "initiator": {
            "stack": {
                "callFrames": [
                    {
                        "columnNumber": 192188,
                        "functionName": "i.l",
                        "lineNumber": 325,
                        "scriptId": "18",
                        "url": "https://x.com/?mx=2"
                    }
                ]
            },
            "type": "script"
        }
    },
    {
        "requested_by": "https://x.com/?mx=2",
        "time": 237146.764337,
        "requested_resource": "https://abs.twimg.com/responsive-web/client-web/icons.6.49ba7f3a.js",
        "initiator": {
            "stack": {
                "callFrames": [
                    {
                        "columnNumber": 192188,
                        "functionName": "i.l",
                        "lineNumber": 325,
                        "scriptId": "18",
                        "url": "https://x.com/?mx=2"
                    }
                ]
            },
            "type": "script"
        }
    },
    {
        "requested_by": "https://x.com/?mx=2",
        "time": 237146.764412,
        "requested_resource": "https://abs.twimg.com/responsive-web/client-web/icons.17.d2cee35a.js",
        "initiator": {
            "stack": {
                "callFrames": [
                    {
                        "columnNumber": 192188,
                        "functionName": "i.l",
                        "lineNumber": 325,
                        "scriptId": "18",
                        "url": "https://x.com/?mx=2"
                    }
                ]
            },
            "type": "script"
        }
    },
    {
        "requested_by": "https://x.com/?mx=2",
        "time": 237146.764475,
        "requested_resource": "https://abs.twimg.com/responsive-web/client-web/icons.27.ddbd6e8a.js",
        "initiator": {
            "stack": {
                "callFrames": [
                    {
                        "columnNumber": 192188,
                        "functionName": "i.l",
                        "lineNumber": 325,
                        "scriptId": "18",
                        "url": "https://x.com/?mx=2"
                    }
                ]
            },
            "type": "script"
        }
    },
    {
        "requested_by": "https://x.com/?mx=2",
        "time": 237146.764529,
        "requested_resource": "https://abs.twimg.com/responsive-web/client-web/icons.16.c8ce6eba.js",
        "initiator": {
            "stack": {
                "callFrames": [
                    {
                        "columnNumber": 192188,
                        "functionName": "i.l",
                        "lineNumber": 325,
                        "scriptId": "18",
                        "url": "https://x.com/?mx=2"
                    }
                ]
            },
            "type": "script"
        }
    },
    {
        "requested_by": "https://x.com/?mx=2",
        "time": 237146.764582,
        "requested_resource": "https://abs.twimg.com/responsive-web/client-web/icons.26.dd53c53a.js",
        "initiator": {
            "stack": {
                "callFrames": [
                    {
                        "columnNumber": 192188,
                        "functionName": "i.l",
                        "lineNumber": 325,
                        "scriptId": "18",
                        "url": "https://x.com/?mx=2"
                    }
                ]
            },
            "type": "script"
        }
    },
    {
        "requested_by": "https://x.com/?mx=2",
        "time": 237146.764636,
        "requested_resource": "https://abs.twimg.com/responsive-web/client-web/icons.3.b4978aea.js",
        "initiator": {
            "stack": {
                "callFrames": [
                    {
                        "columnNumber": 192188,
                        "functionName": "i.l",
                        "lineNumber": 325,
                        "scriptId": "18",
                        "url": "https://x.com/?mx=2"
                    }
                ]
            },
            "type": "script"
        }
    },
    {
        "requested_by": "https://x.com/?mx=2",
        "time": 237146.764689,
        "requested_resource": "https://abs.twimg.com/responsive-web/client-web/icons.23.56119eba.js",
        "initiator": {
            "stack": {
                "callFrames": [
                    {
                        "columnNumber": 192188,
                        "functionName": "i.l",
                        "lineNumber": 325,
                        "scriptId": "18",
                        "url": "https://x.com/?mx=2"
                    }
                ]
            },
            "type": "script"
        }
    },
    {
        "requested_by": "https://x.com/?mx=2",
        "time": 237146.764742,
        "requested_resource": "https://abs.twimg.com/responsive-web/client-web/icons.8.9678433a.js",
        "initiator": {
            "stack": {
                "callFrames": [
                    {
                        "columnNumber": 192188,
                        "functionName": "i.l",
                        "lineNumber": 325,
                        "scriptId": "18",
                        "url": "https://x.com/?mx=2"
                    }
                ]
            },
            "type": "script"
        }
    },
    {
        "requested_by": "https://x.com/?mx=2",
        "time": 237146.764797,
        "requested_resource": "https://abs.twimg.com/responsive-web/client-web/shared~loader.AudioDock~loader.DashMenu~loader.DashModal~loader.DMDrawer~ondemand.InlinePlayer~ondemand.Comma.aa5d486a.js",
        "initiator": {
            "stack": {
                "callFrames": [
                    {
                        "columnNumber": 192188,
                        "functionName": "i.l",
                        "lineNumber": 325,
                        "scriptId": "18",
                        "url": "https://x.com/?mx=2"
                    }
                ]
            },
            "type": "script"
        }
    },
    {
        "requested_by": "https://x.com/?mx=2",
        "time": 237146.764846,
        "requested_resource": "https://abs.twimg.com/responsive-web/client-web/loader.AudioDock.0b11f45a.js",
        "initiator": {
            "stack": {
                "callFrames": [
                    {
                        "columnNumber": 192188,
                        "functionName": "i.l",
                        "lineNumber": 325,
                        "scriptId": "18",
                        "url": "https://x.com/?mx=2"
                    }
                ]
            },
            "type": "script"
        }
    },
    {
        "requested_by": "https://x.com/?mx=2",
        "time": 237146.765628,
        "requested_resource": "https://accounts.google.com/gsi/client",
        "initiator": {
            "stack": {
                "callFrames": [
                    {
                        "columnNumber": 1508301,
                        "functionName": "inject",
                        "lineNumber": 0,
                        "scriptId": "20",
                        "url": "https://abs.twimg.com/responsive-web/client-web/main.ef500ffa.js"
                    }
                ]
            },
            "type": "script"
        }
    },
    {
        "requested_by": "https://x.com/?mx=2",
        "time": 237146.766053,
        "requested_resource": "https://abs.twimg.com/responsive-web/client-web/loader.richScribeAction.ec56a9ca.js",
        "initiator": {
            "stack": {
                "callFrames": [
                    {
                        "columnNumber": 192188,
                        "functionName": "i.l",
                        "lineNumber": 325,
                        "scriptId": "18",
                        "url": "https://x.com/?mx=2"
                    }
                ]
            },
            "type": "script"
        }
    },
    {
        "requested_by": "https://x.com/?mx=2",
        "time": 237146.770408,
        "requested_resource": "https://abs.twimg.com/responsive-web/client-web/bundle.NetworkInstrument.61a0b44a.js",
        "initiator": {
            "stack": {
                "callFrames": [
                    {
                        "columnNumber": 192188,
                        "functionName": "i.l",
                        "lineNumber": 325,
                        "scriptId": "18",
                        "url": "https://x.com/?mx=2"
                    }
                ]
            },
            "type": "script"
        }
    },
    {
        "requested_by": "https://x.com/?mx=2",
        "time": 237146.786845,
        "requested_resource": "https://api.x.com/1.1/jot/client_event.json",
        "initiator": {
            "stack": {
                "callFrames": [
                    {
                        "columnNumber": 2606186,
                        "functionName": "",
                        "lineNumber": 0,
                        "scriptId": "20",
                        "url": "https://abs.twimg.com/responsive-web/client-web/main.ef500ffa.js"
                    }
                ]
            },
            "type": "script"
        }
    },
    {
        "requested_by": "https://x.com/?mx=2",
        "time": 237146.787214,
        "requested_resource": "https://api.x.com/1.1/hashflags.json",
        "initiator": {
            "stack": {
                "callFrames": [
                    {
                        "columnNumber": 2606186,
                        "functionName": "",
                        "lineNumber": 0,
                        "scriptId": "20",
                        "url": "https://abs.twimg.com/responsive-web/client-web/main.ef500ffa.js"
                    }
                ]
            },
            "type": "script"
        }
    },
    {
        "requested_by": "https://x.com/?mx=2",
        "time": 237146.78737,
        "requested_resource": "https://api.x.com/graphql/WBT8ommFCSHiy3z2_4k1Vg/Viewer?variables=%7B%22withCommunitiesMemberships%22%3Atrue%7D&features=%7B%22profile_label_improvements_pcf_label_in_post_enabled%22%3Atrue%2C%22rweb_tipjar_consumption_enabled%22%3Atrue%2C%22responsive_web_graphql_exclude_directive_enabled%22%3Atrue%2C%22verified_phone_label_enabled%22%3Afalse%2C%22creator_subscriptions_tweet_preview_api_enabled%22%3Atrue%2C%22responsive_web_graphql_skip_user_profile_image_extensions_enabled%22%3Afalse%2C%22responsive_web_graphql_timeline_navigation_enabled%22%3Atrue%7D&fieldToggles=%7B%22isDelegate%22%3Afalse%2C%22withAuxiliaryUserLabels%22%3Afalse%7D",
        "initiator": {
            "stack": {
                "callFrames": [
                    {
                        "columnNumber": 2606186,
                        "functionName": "",
                        "lineNumber": 0,
                        "scriptId": "20",
                        "url": "https://abs.twimg.com/responsive-web/client-web/main.ef500ffa.js"
                    }
                ]
            },
            "type": "script"
        }
    },
    {
        "requested_by": "https://api.x.com/1.1/jot/client_event.json",
        "time": 237146.787665,
        "requested_resource": "https://api.x.com/1.1/jot/client_event.json",
        "initiator": {
            "requestId": "21836.84",
            "type": "preflight",
            "url": "https://api.x.com/1.1/jot/client_event.json"
        }
    },
    {
        "requested_by": "https://x.com/?mx=2",
        "time": 237146.787503,
        "requested_resource": "https://api.x.com/1.1/jot/client_event.json",
        "initiator": {
            "stack": {
                "callFrames": [
                    {
                        "columnNumber": 2606186,
                        "functionName": "",
                        "lineNumber": 0,
                        "scriptId": "20",
                        "url": "https://abs.twimg.com/responsive-web/client-web/main.ef500ffa.js"
                    }
                ]
            },
            "type": "script"
        }
    },
    {
        "requested_by": "https://api.x.com/1.1/hashflags.json",
        "time": 237146.788217,
        "requested_resource": "https://api.x.com/1.1/hashflags.json",
        "initiator": {
            "requestId": "21836.85",
            "type": "preflight",
            "url": "https://api.x.com/1.1/hashflags.json"
        }
    },
    {
        "requested_by": "https://api.x.com/graphql/WBT8ommFCSHiy3z2_4k1Vg/Viewer?variables=%7B%22withCommunitiesMemberships%22%3Atrue%7D&features=%7B%22profile_label_improvements_pcf_label_in_post_enabled%22%3Atrue%2C%22rweb_tipjar_consumption_enabled%22%3Atrue%2C%22responsive_web_graphql_exclude_directive_enabled%22%3Atrue%2C%22verified_phone_label_enabled%22%3Afalse%2C%22creator_subscriptions_tweet_preview_api_enabled%22%3Atrue%2C%22responsive_web_graphql_skip_user_profile_image_extensions_enabled%22%3Afalse%2C%22responsive_web_graphql_timeline_navigation_enabled%22%3Atrue%7D&fieldToggles=%7B%22isDelegate%22%3Afalse%2C%22withAuxiliaryUserLabels%22%3Afalse%7D",
        "time": 237146.788254,
        "requested_resource": "https://api.x.com/graphql/WBT8ommFCSHiy3z2_4k1Vg/Viewer?variables=%7B%22withCommunitiesMemberships%22%3Atrue%7D&features=%7B%22profile_label_improvements_pcf_label_in_post_enabled%22%3Atrue%2C%22rweb_tipjar_consumption_enabled%22%3Atrue%2C%22responsive_web_graphql_exclude_directive_enabled%22%3Atrue%2C%22verified_phone_label_enabled%22%3Afalse%2C%22creator_subscriptions_tweet_preview_api_enabled%22%3Atrue%2C%22responsive_web_graphql_skip_user_profile_image_extensions_enabled%22%3Afalse%2C%22responsive_web_graphql_timeline_navigation_enabled%22%3Atrue%7D&fieldToggles=%7B%22isDelegate%22%3Afalse%2C%22withAuxiliaryUserLabels%22%3Afalse%7D",
        "initiator": {
            "requestId": "21836.86",
            "type": "preflight",
            "url": "https://api.x.com/graphql/WBT8ommFCSHiy3z2_4k1Vg/Viewer?variables=%7B%22withCommunitiesMemberships%22%3Atrue%7D&features=%7B%22profile_label_improvements_pcf_label_in_post_enabled%22%3Atrue%2C%22rweb_tipjar_consumption_enabled%22%3Atrue%2C%22responsive_web_graphql_exclude_directive_enabled%22%3Atrue%2C%22verified_phone_label_enabled%22%3Afalse%2C%22creator_subscriptions_tweet_preview_api_enabled%22%3Atrue%2C%22responsive_web_graphql_skip_user_profile_image_extensions_enabled%22%3Afalse%2C%22responsive_web_graphql_timeline_navigation_enabled%22%3Atrue%7D&fieldToggles=%7B%22isDelegate%22%3Afalse%2C%22withAuxiliaryUserLabels%22%3Afalse%7D"
        }
    },
    {
        "requested_by": "https://api.x.com/1.1/jot/client_event.json",
        "time": 237146.788272,
        "requested_resource": "https://api.x.com/1.1/jot/client_event.json",
        "initiator": {
            "requestId": "21836.87",
            "type": "preflight",
            "url": "https://api.x.com/1.1/jot/client_event.json"
        }
    },
    {
        "requested_by": "https://x.com/?mx=2",
        "time": 237146.831302,
        "requested_resource": "https://api.x.com/1.1/jot/client_event.json",
        "initiator": {
            "stack": {
                "callFrames": [
                    {
                        "columnNumber": 2606186,
                        "functionName": "",
                        "lineNumber": 0,
                        "scriptId": "20",
                        "url": "https://abs.twimg.com/responsive-web/client-web/main.ef500ffa.js"
                    }
                ]
            },
            "type": "script"
        }
    },
    {
        "requested_by": "https://api.x.com/1.1/jot/client_event.json",
        "time": 237146.831871,
        "requested_resource": "https://api.x.com/1.1/jot/client_event.json",
        "initiator": {
            "requestId": "21836.88",
            "type": "preflight",
            "url": "https://api.x.com/1.1/jot/client_event.json"
        }
    },
    {
        "requested_by": "https://x.com/?mx=2",
        "time": 237146.853212,
        "requested_resource": "https://appleid.cdn-apple.com/appleauth/static/jsapi/appleid/1/en_US/appleid.auth.js",
        "initiator": {
            "stack": {
                "callFrames": [
                    {
                        "columnNumber": 1508301,
                        "functionName": "inject",
                        "lineNumber": 0,
                        "scriptId": "20",
                        "url": "https://abs.twimg.com/responsive-web/client-web/main.ef500ffa.js"
                    }
                ]
            },
            "type": "script"
        }
    },
    {
        "requested_by": "https://x.com/?mx=2",
        "time": 237146.854776,
        "requested_resource": "https://abs.twimg.com/fonts/v1/chirp-extended-heavy-web.woff2",
        "initiator": {
            "columnNumber": 15,
            "lineNumber": 338,
            "type": "parser",
            "url": "https://x.com/?mx=2"
        }
    },
    {
        "requested_by": "https://x.com/?mx=2",
        "time": 237146.85485,
        "requested_resource": "https://abs.twimg.com/responsive-web/client-web/Chirp-Bold.ebb56aba.woff2",
        "initiator": {
            "columnNumber": 15,
            "lineNumber": 338,
            "type": "parser",
            "url": "https://x.com/?mx=2"
        }
    },
    {
        "requested_by": "https://x.com/?mx=2",
        "time": 237146.854949,
        "requested_resource": "https://abs.twimg.com/responsive-web/client-web/Chirp-Regular.80fda27a.woff2",
        "initiator": {
            "columnNumber": 15,
            "lineNumber": 338,
            "type": "parser",
            "url": "https://x.com/?mx=2"
        }
    },
    {
        "requested_by": "https://x.com/?mx=2",
        "time": 237146.875175,
        "requested_resource": "https://abs.twimg.com/responsive-web/client-web/Chirp-Medium.f8e2739a.woff2",
        "initiator": {
            "columnNumber": 15,
            "lineNumber": 338,
            "type": "parser",
            "url": "https://x.com/?mx=2"
        }
    },
    {
        "requested_by": "https://x.com/?mx=2",
        "time": 237146.946402,
        "requested_resource": "https://abs.twimg.com/responsive-web/client-web/shared~ondemand.InlinePlayer~loaders.video.VideoPlayerDefaultUI~loaders.video.VideoPlayerMiniUI~loaders.video.9219e18a.js",
        "initiator": {
            "stack": {
                "callFrames": [
                    {
                        "columnNumber": 192188,
                        "functionName": "i.l",
                        "lineNumber": 325,
                        "scriptId": "18",
                        "url": "https://x.com/?mx=2"
                    }
                ]
            },
            "type": "script"
        }
    },
    {
        "requested_by": "https://x.com/?mx=2",
        "time": 237146.946687,
        "requested_resource": "https://abs.twimg.com/responsive-web/client-web/shared~ondemand.InlinePlayer~loaders.video.VideoPlayerDefaultUI~loaders.video.VideoPlayerMiniUI~bundle.Reader.d74e005a.js",
        "initiator": {
            "stack": {
                "callFrames": [
                    {
                        "columnNumber": 192188,
                        "functionName": "i.l",
                        "lineNumber": 325,
                        "scriptId": "18",
                        "url": "https://x.com/?mx=2"
                    }
                ]
            },
            "type": "script"
        }
    },
    {
        "requested_by": "https://x.com/?mx=2",
        "time": 237146.946756,
        "requested_resource": "https://abs.twimg.com/responsive-web/client-web/shared~ondemand.InlinePlayer~loaders.video.PlayerBase~bundle.ReaderMode~bundle.AudioSpaceDetail~bundle.AudioS.b62bd6ba.js",
        "initiator": {
            "stack": {
                "callFrames": [
                    {
                        "columnNumber": 192188,
                        "functionName": "i.l",
                        "lineNumber": 325,
                        "scriptId": "18",
                        "url": "https://x.com/?mx=2"
                    }
                ]
            },
            "type": "script"
        }
    },
    {
        "requested_by": "https://x.com/?mx=2",
        "time": 237146.946816,
        "requested_resource": "https://abs.twimg.com/responsive-web/client-web/shared~ondemand.InlinePlayer~bundle.LiveEvent~loader.AudioOnlyVideoPlayer.4a5d425a.js",
        "initiator": {
            "stack": {
                "callFrames": [
                    {
                        "columnNumber": 192188,
                        "functionName": "i.l",
                        "lineNumber": 325,
                        "scriptId": "18",
                        "url": "https://x.com/?mx=2"
                    }
                ]
            },
            "type": "script"
        }
    },
    {
        "requested_by": "https://x.com/?mx=2",
        "time": 237146.946868,
        "requested_resource": "https://abs.twimg.com/responsive-web/client-web/loader.AudioOnlyVideoPlayer.1f7fe20a.js",
        "initiator": {
            "stack": {
                "callFrames": [
                    {
                        "columnNumber": 192188,
                        "functionName": "i.l",
                        "lineNumber": 325,
                        "scriptId": "18",
                        "url": "https://x.com/?mx=2"
                    }
                ]
            },
            "type": "script"
        }
    },
    {
        "requested_by": "https://x.com/?mx=2",
        "time": 237146.949841,
        "requested_resource": "https://api.x.com/1.1/onboarding/sso_init.json",
        "initiator": {
            "stack": {
                "callFrames": [
                    {
                        "columnNumber": 2606186,
                        "functionName": "",
                        "lineNumber": 0,
                        "scriptId": "20",
                        "url": "https://abs.twimg.com/responsive-web/client-web/main.ef500ffa.js"
                    }
                ]
            },
            "type": "script"
        }
    },
    {
        "requested_by": "https://api.x.com/1.1/onboarding/sso_init.json",
        "time": 237146.950195,
        "requested_resource": "https://api.x.com/1.1/onboarding/sso_init.json",
        "initiator": {
            "requestId": "21836.95",
            "type": "preflight",
            "url": "https://api.x.com/1.1/onboarding/sso_init.json"
        }
    },
    {
        "requested_by": "https://x.com/?mx=2",
        "time": 237146.968037,
        "requested_resource": "https://api.x.com/1.1/jot/error_log.json",
        "initiator": {
            "stack": {
                "callFrames": [
                    {
                        "columnNumber": 2606186,
                        "functionName": "",
                        "lineNumber": 0,
                        "scriptId": "20",
                        "url": "https://abs.twimg.com/responsive-web/client-web/main.ef500ffa.js"
                    }
                ]
            },
            "type": "script"
        }
    },
    {
        "requested_by": "https://api.x.com/1.1/jot/error_log.json",
        "time": 237146.968423,
        "requested_resource": "https://api.x.com/1.1/jot/error_log.json",
        "initiator": {
            "requestId": "21836.96",
            "type": "preflight",
            "url": "https://api.x.com/1.1/jot/error_log.json"
        }
    },
    {
        "requested_by": "https://x.com/?mx=2",
        "time": 237147.220726,
        "requested_resource": "https://accounts.google.com/gsi/style",
        "initiator": {
            "stack": {
                "callFrames": [
                    {
                        "columnNumber": 38,
                        "functionName": "wq",
                        "lineNumber": 259,
                        "scriptId": "84",
                        "url": "https://accounts.google.com/gsi/client"
                    }
                ]
            },
            "type": "script"
        }
    },
    {
        "requested_by": "https://x.com/?mx=2",
        "time": 237147.222972,
        "requested_resource": "https://x.com/manifest.json",
        "initiator": {
            "type": "other"
        }
    },
    {
        "requested_by": "https://x.com/?mx=2",
        "time": 237147.223123,
        "requested_resource": "https://abs.twimg.com/favicons/twitter.3.ico",
        "initiator": {
            "type": "other"
        }
    },
    {
        "requested_by": "https://x.com/?mx=2",
        "time": 237147.341935,
        "requested_resource": "https://abs.twimg.com/responsive-web/client-web/icon-default.522d363a.png",
        "initiator": {
            "type": "other"
        }
    },
    {
        "requested_by": "https://x.com/?mx=2",
        "time": 237149.846726,
        "requested_resource": "https://api.x.com/1.1/jot/client_event.json",
        "initiator": {
            "stack": {
                "callFrames": [
                    {
                        "columnNumber": 2606186,
                        "functionName": "",
                        "lineNumber": 0,
                        "scriptId": "20",
                        "url": "https://abs.twimg.com/responsive-web/client-web/main.ef500ffa.js"
                    }
                ]
            },
            "type": "script"
        }
    },
    {
        "requested_by": "https://x.com/?mx=2",
        "time": 237151.77529,
        "requested_resource": "https://abs.twimg.com/responsive-web/client-web/i18n/emoji-en.2c3a42aa.js",
        "initiator": {
            "stack": {
                "callFrames": [
                    {
                        "columnNumber": 192188,
                        "functionName": "i.l",
                        "lineNumber": 325,
                        "scriptId": "18",
                        "url": "https://x.com/?mx=2"
                    }
                ]
            },
            "type": "script"
        }
    },
    {
        "requested_by": "https://x.com/?mx=2",
        "time": 237151.798365,
        "requested_resource": "https://abs.twimg.com/responsive-web/client-web/shared~ondemand.EmojiPicker~ondemand.EmojiPickerData~ondemand.ParticipantReaction.ff3f31ca.js",
        "initiator": {
            "stack": {
                "callFrames": [
                    {
                        "columnNumber": 192188,
                        "functionName": "i.l",
                        "lineNumber": 325,
                        "scriptId": "18",
                        "url": "https://x.com/?mx=2"
                    }
                ]
            },
            "type": "script"
        }
    }
]