{
    "google.com": {
        "accounts": {
            "A": [
                "64.233.184.84"
            ],
            "CNAME": []
        },
        "android.clients": {
            "A": [
                "142.251.36.142",
                "142.251.36.110",
                "142.251.36.78",
                "142.251.37.110"
            ],
            "CNAME": [
                "android.l.google.com"
            ]
        },
        "android.l": {
            "A": [
                "142.251.36.142",
                "142.251.36.110",
                "142.251.36.78",
                "142.251.37.110"
            ],
            "CNAME": []
        },
        "mtalk": {
            "A": [
                "142.250.27.188"
            ],
            "CNAME": []
        }
    },
    "reflex.cz": {
        "reflex.cz": {
            "A": [
                "172.67.68.131",
                "104.26.11.14",
                "104.26.10.14"
            ],
            "CNAME": []
        },
        "www": {
            "A": [
                "104.26.11.14",
                "172.67.68.131",
                "104.26.10.14"
            ],
            "CNAME": []
        },
        "analytics": {
            "A": [
                "85.207.4.141"
            ],
            "CNAME": [
                "sgtm-cra.cnci.tech"
            ]
        }
    },
    "cncenter.cz": {
        "w": {
            "A": [
                "79.127.204.113"
            ],
            "CNAME": [
                "w-uncached.b-cdn.net"
            ]
        },
        "img2": {
            "A": [
                "91.235.52.120"
            ],
            "CNAME": []
        }
    },
    "b-cdn.net": {
        "w-uncached": {
            "A": [
                "79.127.204.113"
            ],
            "CNAME": []
        },
        "cnc-ad-script-uncached": {
            "A": [
                "185.152.64.17"
            ],
            "CNAME": []
        }
    },
    "googleapis.com": {
        "fonts": {
            "A": [
                "142.251.36.138"
            ],
            "CNAME": []
        },
        "content-autofill": {
            "A": [
                "142.251.36.138",
                "142.251.36.74",
                "142.251.36.106",
                "142.251.37.106"
            ],
            "CNAME": []
        }
    },
    "gstatic.com": {
        "fonts": {
            "A": [
                "142.251.37.99"
            ],
            "CNAME": []
        }
    },
    "cdn77.org": {
        "1958898586.rsc": {
            "A": [
                "84.17.61.36",
                "84.17.61.33",
                "185.152.65.27"
            ],
            "CNAME": []
        },
        "1341732386.rsc": {
            "A": [
                "84.17.61.32",
                "185.152.65.27",
                "84.17.61.35"
            ],
            "CNAME": []
        },
        "1884403144.rsc": {
            "A": [
                "84.17.61.32",
                "84.17.61.36",
                "185.152.65.26"
            ],
            "CNAME": []
        },
        "1203907854.rsc": {
            "A": [
                "185.152.65.26",
                "84.17.61.32",
                "84.17.61.36"
            ],
            "CNAME": []
        }
    },
    "cpex.cz": {
        "cdn": {
            "A": [
                "84.17.61.32",
                "185.152.65.27",
                "84.17.61.35"
            ],
            "CNAME": [
                "1341732386.rsc.cdn77.org"
            ]
        }
    },
    "doubleclick.net": {
        "securepubads.g": {
            "A": [
                "142.251.36.130"
            ],
            "CNAME": []
        }
    },
    "rubiconproject.com": {
        "micro": {
            "A": [
                "104.96.128.188"
            ],
            "CNAME": [
                "digicertwc.rubiconproject.com.edgekey.net",
                "e8960.e2.akamaiedge.net"
            ]
        },
        "prebid-server": {
            "A": [
                "69.173.144.137"
            ],
            "CNAME": [
                "prebid-server.rubiconproject.net.akadns.net",
                "prebid-server-perf-eu.rubiconproject.net.akadns.net"
            ]
        },
        "fastlane": {
            "A": [
                "69.173.156.139"
            ],
            "CNAME": [
                "tagged-by.rubiconproject.net.akadns.net"
            ]
        }
    },
    "edgekey.net": {
        "digicertwc.rubiconproject.com": {
            "A": [],
            "CNAME": [
                "e8960.e2.akamaiedge.net"
            ]
        },
        "a.teads.tv": {
            "A": [],
            "CNAME": [
                "e9957.b.akamaiedge.net"
            ]
        }
    },
    "akamaiedge.net": {
        "e8960.e2": {
            "A": [
                "104.96.128.188"
            ],
            "CNAME": []
        },
        "e9957.b": {
            "A": [
                "2.23.9.94"
            ],
            "CNAME": []
        }
    },
    "gemius.pl": {
        "spir.hit": {
            "A": [
                "141.95.47.55",
                "141.95.47.56",
                "141.95.47.53",
                "141.95.47.54"
            ],
            "CNAME": []
        }
    },
    "privacy-center.org": {
        "sdk": {
            "A": [
                "65.9.95.23",
                "65.9.95.56",
                "65.9.95.111",
                "65.9.95.124"
            ],
            "CNAME": []
        }
    },
    "jsdelivr.net": {
        "cdn": {
            "A": [
                "199.232.17.229"
            ],
            "CNAME": [
                "jsdelivr.map.fastly.net"
            ]
        }
    },
    "fastly.net": {
        "jsdelivr.map": {
            "A": [
                "199.232.17.229"
            ],
            "CNAME": []
        }
    },
    "blesk.cz": {
        "didomi": {
            "A": [
                "65.9.95.45",
                "65.9.95.78",
                "65.9.95.114",
                "65.9.95.81"
            ],
            "CNAME": []
        }
    },
    "googletagmanager.com": {
        "www": {
            "A": [
                "142.251.36.104"
            ],
            "CNAME": []
        }
    },
    "googlesyndication.com": {
        "pagead2": {
            "A": [
                "142.251.36.98"
            ],
            "CNAME": []
        }
    },
    "cnci.tech": {
        "sgtm-cra": {
            "A": [
                "85.207.4.141"
            ],
            "CNAME": []
        }
    },
    "akadns.net": {
        "prebid-server.rubiconproject.net": {
            "A": [],
            "CNAME": [
                "prebid-server-perf-eu.rubiconproject.net.akadns.net"
            ]
        },
        "prebid-server-perf-eu.rubiconproject.net": {
            "A": [
                "69.173.144.137"
            ],
            "CNAME": []
        },
        "tagged-by.rubiconproject.net": {
            "A": [
                "69.173.156.139"
            ],
            "CNAME": []
        },
        "track-eu.adformnet": {
            "A": [
                "37.157.5.87",
                "37.157.5.141",
                "37.157.5.84",
                "37.157.4.29",
                "37.157.4.28",
                "37.157.5.132"
            ],
            "CNAME": []
        }
    },
    "adnxs-simple.com": {
        "ib": {
            "A": [
                "185.89.210.180",
                "185.89.211.84",
                "185.89.210.90",
                "185.89.210.153",
                "185.89.210.20",
                "185.89.210.82",
                "185.89.210.122",
                "185.89.210.141",
                "185.89.210.46",
                "185.89.210.244",
                "185.89.211.116",
                "185.89.210.212"
            ],
            "CNAME": [
                "xandr-adnxs-simple-ib.trafficmanager.net",
                "ams3-ib.adnxs.com"
            ]
        }
    },
    "trafficmanager.net": {
        "xandr-adnxs-simple-ib": {
            "A": [],
            "CNAME": [
                "ams3-ib.adnxs.com"
            ]
        }
    },
    "adnxs.com": {
        "ams3-ib": {
            "A": [
                "185.89.210.180",
                "185.89.211.84",
                "185.89.210.90",
                "185.89.210.153",
                "185.89.210.20",
                "185.89.210.82",
                "185.89.210.122",
                "185.89.210.141",
                "185.89.210.46",
                "185.89.210.244",
                "185.89.211.116",
                "185.89.210.212"
            ],
            "CNAME": []
        }
    },
    "teads.tv": {
        "a": {
            "A": [
                "2.23.9.94"
            ],
            "CNAME": [
                "a.teads.tv.edgekey.net",
                "e9957.b.akamaiedge.net"
            ]
        }
    },
    "adform.net": {
        "adx": {
            "A": [
                "37.157.5.87",
                "37.157.5.141",
                "37.157.5.84",
                "37.157.4.29",
                "37.157.4.28",
                "37.157.5.132"
            ],
            "CNAME": [
                "track-eu.adformnet.akadns.net"
            ]
        }
    }
}