{
    "google.com": {
        "accounts": {
            "A": [
                "64.233.184.84"
            ],
            "CNAME": []
        },
        "www": {
            "A": [
                "142.251.36.132"
            ],
            "CNAME": []
        },
        "fundingchoicesmessages": {
            "A": [
                "142.251.36.110"
            ],
            "CNAME": [
                "www3.l.google.com"
            ]
        },
        "www3.l": {
            "A": [
                "142.251.36.110"
            ],
            "CNAME": []
        },
        "android.clients": {
            "A": [
                "142.251.36.78",
                "142.251.36.110",
                "142.251.36.142",
                "142.251.37.110"
            ],
            "CNAME": [
                "android.l.google.com"
            ]
        },
        "android.l": {
            "A": [
                "142.251.36.78",
                "142.251.36.110",
                "142.251.36.142",
                "142.251.37.110"
            ],
            "CNAME": []
        },
        "mtalk": {
            "A": [
                "142.250.27.188"
            ],
            "CNAME": []
        }
    },
    "menicka.cz": {
        "menicka.cz": {
            "A": [
                "81.2.195.168"
            ],
            "CNAME": []
        },
        "www": {
            "A": [
                "81.2.195.168"
            ],
            "CNAME": [
                "menicka.cz"
            ]
        }
    },
    "jquery.com": {
        "code": {
            "A": [
                "151.101.130.137",
                "151.101.66.137",
                "151.101.194.137",
                "151.101.2.137"
            ],
            "CNAME": []
        }
    },
    "googleapis.com": {
        "fonts": {
            "A": [
                "142.251.36.138"
            ],
            "CNAME": []
        },
        "maps": {
            "A": [
                "142.251.37.106",
                "142.251.36.106",
                "142.251.36.74",
                "142.251.36.138"
            ],
            "CNAME": []
        }
    },
    "unpkg.com": {
        "unpkg.com": {
            "A": [
                "104.17.245.203",
                "104.17.247.203",
                "104.17.249.203",
                "104.17.246.203",
                "104.17.248.203"
            ],
            "CNAME": []
        }
    },
    "imedia.cz": {
        "c": {
            "A": [
                "77.75.77.163"
            ],
            "CNAME": []
        }
    },
    "gstatic.com": {
        "fonts": {
            "A": [
                "142.251.37.99"
            ],
            "CNAME": []
        },
        "www": {
            "A": [
                "142.251.36.99"
            ],
            "CNAME": []
        }
    },
    "googletagmanager.com": {
        "www": {
            "A": [
                "142.251.36.104"
            ],
            "CNAME": []
        }
    },
    "doubleclick.net": {
        "securepubads.g": {
            "A": [
                "142.251.36.130"
            ],
            "CNAME": []
        },
        "stats.g": {
            "A": [
                "142.250.27.156",
                "142.250.27.154",
                "142.250.27.157",
                "142.250.27.155"
            ],
            "CNAME": []
        },
        "googleads.g": {
            "A": [
                "142.251.37.98"
            ],
            "CNAME": []
        }
    },
    "googlesyndication.com": {
        "pagead2": {
            "A": [
                "142.251.36.98"
            ],
            "CNAME": []
        }
    },
    "assetcss.com": {
        "assetcss.com": {
            "A": [
                "104.21.30.51",
                "172.67.150.152"
            ],
            "CNAME": []
        }
    },
    "facebook.net": {
        "connect": {
            "A": [
                "157.240.30.27"
            ],
            "CNAME": [
                "scontent.xx.fbcdn.net"
            ]
        }
    },
    "fbcdn.net": {
        "scontent.xx": {
            "A": [
                "157.240.30.27"
            ],
            "CNAME": []
        },
        "static.xx": {
            "A": [
                "157.240.30.27"
            ],
            "CNAME": [
                "scontent.xx.fbcdn.net"
            ]
        }
    },
    "seznam.cz": {
        "c": {
            "A": [
                "77.75.79.172",
                "77.75.77.172"
            ],
            "CNAME": []
        }
    },
    "clarity.ms": {
        "www": {
            "A": [
                "13.107.253.45"
            ],
            "CNAME": [
                "clarity.azurefd.net",
                "azurefd-t-prod.trafficmanager.net",
                "shed.dual-low.s-part-0017.t-0009.t-msedge.net",
                "azurefd-t-fb-prod.trafficmanager.net",
                "dual.s-part-0017.t-0009.fb-t-msedge.net",
                "s-part-0017.t-0009.fb-t-msedge.net"
            ]
        },
        "r": {
            "A": [
                "20.119.174.243"
            ],
            "CNAME": [
                "clarity-ingest-eus2-b-sc.eastus2.cloudapp.azure.com"
            ]
        },
        "c": {
            "A": [
                "13.74.129.1"
            ],
            "CNAME": [
                "c.msn.com",
                "c-msn-pme.trafficmanager.net"
            ]
        }
    },
    "azurefd.net": {
        "clarity": {
            "A": [],
            "CNAME": [
                "azurefd-t-prod.trafficmanager.net"
            ]
        }
    },
    "trafficmanager.net": {
        "azurefd-t-prod": {
            "A": [],
            "CNAME": [
                "shed.dual-low.s-part-0017.t-0009.t-msedge.net"
            ]
        },
        "azurefd-t-fb-prod": {
            "A": [],
            "CNAME": [
                "dual.s-part-0017.t-0009.fb-t-msedge.net"
            ]
        },
        "c-msn-pme": {
            "A": [
                "13.74.129.1"
            ],
            "CNAME": []
        },
        "xandr-adnxs-simple-ib": {
            "A": [],
            "CNAME": [
                "ams3-ib.adnxs.com"
            ]
        }
    },
    "t-msedge.net": {
        "shed.dual-low.s-part-0017.t-0009": {
            "A": [],
            "CNAME": [
                "azurefd-t-fb-prod.trafficmanager.net"
            ]
        }
    },
    "fb-t-msedge.net": {
        "dual.s-part-0017.t-0009": {
            "A": [],
            "CNAME": [
                "s-part-0017.t-0009.fb-t-msedge.net"
            ]
        },
        "s-part-0017.t-0009": {
            "A": [
                "13.107.253.45"
            ],
            "CNAME": []
        }
    },
    "qwtag.com": {
        "cdn": {
            "A": [
                "65.9.95.40",
                "65.9.95.20",
                "65.9.95.101",
                "65.9.95.107"
            ],
            "CNAME": [
                "d1tmv9do6l7y3m.cloudfront.net"
            ]
        }
    },
    "cloudfront.net": {
        "d1tmv9do6l7y3m": {
            "A": [
                "65.9.95.40",
                "65.9.95.20",
                "65.9.95.101",
                "65.9.95.107"
            ],
            "CNAME": []
        },
        "d2hznjffoeqs0a": {
            "A": [
                "65.9.95.87",
                "65.9.95.127",
                "65.9.95.43",
                "65.9.95.8"
            ],
            "CNAME": []
        },
        "dlfcjf8vziwlb": {
            "A": [
                "65.9.95.103",
                "65.9.95.106",
                "65.9.95.53",
                "65.9.95.28"
            ],
            "CNAME": []
        }
    },
    "facebook.com": {
        "www": {
            "A": [
                "157.240.30.35"
            ],
            "CNAME": [
                "star-mini.c10r.facebook.com"
            ]
        },
        "star-mini.c10r": {
            "A": [
                "157.240.30.35"
            ],
            "CNAME": []
        }
    },
    "unblockia.com": {
        "cdn": {
            "A": [
                "65.9.95.43",
                "65.9.95.8",
                "65.9.95.87",
                "65.9.95.127"
            ],
            "CNAME": [
                "d2hznjffoeqs0a.cloudfront.net"
            ]
        },
        "loader": {
            "A": [
                "65.9.95.87",
                "65.9.95.127",
                "65.9.95.43",
                "65.9.95.8"
            ],
            "CNAME": [
                "d2hznjffoeqs0a.cloudfront.net"
            ]
        },
        "t": {
            "A": [
                "65.9.95.103",
                "65.9.95.106",
                "65.9.95.53",
                "65.9.95.28"
            ],
            "CNAME": [
                "dlfcjf8vziwlb.cloudfront.net"
            ]
        }
    },
    "jsdelivr.net": {
        "cdn": {
            "A": [
                "199.232.17.229"
            ],
            "CNAME": [
                "jsdelivr.map.fastly.net"
            ]
        }
    },
    "fastly.net": {
        "jsdelivr.map": {
            "A": [
                "199.232.17.229"
            ],
            "CNAME": []
        }
    },
    "google-analytics.com": {
        "region1": {
            "A": [
                "216.239.34.36",
                "216.239.32.36"
            ],
            "CNAME": []
        }
    },
    "googletagservices.com": {
        "www": {
            "A": [
                "142.251.37.98"
            ],
            "CNAME": []
        }
    },
    "azure.com": {
        "clarity-ingest-eus2-b-sc.eastus2.cloudapp": {
            "A": [
                "20.119.174.243"
            ],
            "CNAME": []
        }
    },
    "msn.com": {
        "c": {
            "A": [],
            "CNAME": [
                "c-msn-pme.trafficmanager.net"
            ]
        }
    },
    "bing.com": {
        "c": {
            "A": [
                "150.171.28.10",
                "150.171.27.10"
            ],
            "CNAME": [
                "c-bing-com.ax-0001.ax-msedge.net",
                "ax-0001.ax-msedge.net"
            ]
        }
    },
    "ax-msedge.net": {
        "c-bing-com.ax-0001": {
            "A": [],
            "CNAME": [
                "ax-0001.ax-msedge.net"
            ]
        },
        "ax-0001": {
            "A": [
                "150.171.28.10",
                "150.171.27.10"
            ],
            "CNAME": []
        }
    },
    "creativecdn.com": {
        "prebid-eu": {
            "A": [
                "185.184.8.90"
            ],
            "CNAME": []
        }
    },
    "yieldbird.com": {
        "s2s": {
            "A": [
                "52.19.247.208",
                "63.32.19.150"
            ],
            "CNAME": [
                "prebid-server-1837493940.eu-west-1.elb.amazonaws.com"
            ]
        }
    },
    "amazonaws.com": {
        "prebid-server-1837493940.eu-west-1.elb": {
            "A": [
                "52.19.247.208",
                "63.32.19.150"
            ],
            "CNAME": []
        }
    },
    "rubiconproject.com": {
        "fastlane": {
            "A": [
                "69.173.156.139"
            ],
            "CNAME": [
                "tagged-by.rubiconproject.net.akadns.net"
            ]
        }
    },
    "akadns.net": {
        "tagged-by.rubiconproject.net": {
            "A": [
                "69.173.156.139"
            ],
            "CNAME": []
        },
        "track-eu.adformnet": {
            "A": [
                "37.157.5.132",
                "37.157.4.28",
                "37.157.4.29",
                "37.157.5.84",
                "37.157.5.141",
                "37.157.5.87"
            ],
            "CNAME": []
        }
    },
    "adnxs-simple.com": {
        "ib": {
            "A": [
                "185.89.210.141",
                "185.89.210.90",
                "185.89.211.84",
                "185.89.211.116",
                "185.89.210.180",
                "185.89.210.46",
                "185.89.210.82",
                "185.89.210.20",
                "185.89.210.244",
                "185.89.210.212",
                "185.89.210.153",
                "185.89.210.122"
            ],
            "CNAME": [
                "xandr-adnxs-simple-ib.trafficmanager.net",
                "ams3-ib.adnxs.com"
            ]
        }
    },
    "adnxs.com": {
        "ams3-ib": {
            "A": [
                "185.89.210.141",
                "185.89.210.90",
                "185.89.211.84",
                "185.89.211.116",
                "185.89.210.180",
                "185.89.210.46",
                "185.89.210.82",
                "185.89.210.20",
                "185.89.210.244",
                "185.89.210.212",
                "185.89.210.153",
                "185.89.210.122"
            ],
            "CNAME": []
        }
    },
    "4dex.io": {
        "mp": {
            "A": [
                "172.64.153.78",
                "104.18.34.178"
            ],
            "CNAME": []
        },
        "script": {
            "A": [
                "172.67.75.241",
                "104.26.9.169",
                "104.26.8.169"
            ],
            "CNAME": []
        }
    },
    "criteo.com": {
        "grid-bidder": {
            "A": [
                "178.250.7.136"
            ],
            "CNAME": [
                "in-ftd-170.fr3.vip.prod.criteo.com"
            ]
        },
        "in-ftd-170.fr3.vip.prod": {
            "A": [
                "178.250.7.136"
            ],
            "CNAME": []
        }
    },
    "casalemedia.com": {
        "htlb": {
            "A": [
                "104.18.26.193",
                "104.18.27.193"
            ],
            "CNAME": []
        }
    },
    "adform.net": {
        "adx": {
            "A": [
                "37.157.5.132",
                "37.157.4.28",
                "37.157.4.29",
                "37.157.5.84",
                "37.157.5.141",
                "37.157.5.87"
            ],
            "CNAME": [
                "track-eu.adformnet.akadns.net"
            ]
        }
    },
    "script.ac": {
        "cadmus": {
            "A": [
                "104.18.41.30",
                "172.64.146.226"
            ],
            "CNAME": []
        }
    },
    "exp-tas.com": {
        "default": {
            "A": [
                "13.107.5.93"
            ],
            "CNAME": [
                "deault-exp-tas-com.e-0014.e-msedge.net",
                "e-0014.e-msedge.net"
            ]
        }
    },
    "e-msedge.net": {
        "deault-exp-tas-com.e-0014": {
            "A": [],
            "CNAME": [
                "e-0014.e-msedge.net"
            ]
        },
        "e-0014": {
            "A": [
                "13.107.5.93"
            ],
            "CNAME": []
        }
    }
}