[
    {
        "requested_for": "https://pixabay.com/",
        "time": 340150.757834,
        "requestId": "90E26FCCFC07A33F238589D5B7F35B8C",
        "loaderId": "90E26FCCFC07A33F238589D5B7F35B8C",
        "requested_resource": "https://pixabay.com/",
        "initiator": {
            "type": "other"
        }
    },
    {
        "requested_for": "https://pixabay.com/",
        "time": 340150.798376,
        "requestId": "90E26FCCFC07A33F238589D5B7F35B8C",
        "loaderId": "90E26FCCFC07A33F238589D5B7F35B8C",
        "requested_resource": "https://pixabay.com/",
        "initiator": {
            "type": "other"
        }
    },
    {
        "requested_for": "https://pixabay.com/?__cf_chl_rt_tk=5muLE83DlmCTBhXJDECtol.dxNWXyqF7YFz_YejIcAo-1742329156-1.0.1.1-6hW5Wgb1i2OTRoaM0IYAKrjWiK5hq3Vfhc.6moi9qA4",
        "time": 340150.825699,
        "requestId": "22948.2",
        "loaderId": "90E26FCCFC07A33F238589D5B7F35B8C",
        "requested_resource": "https://pixabay.com/cdn-cgi/challenge-platform/h/g/orchestrate/chl_page/v1?ray=92276c8c4b8c246f",
        "initiator": {
            "stack": {
                "callFrames": [
                    {
                        "columnNumber": 26,
                        "functionName": "apply",
                        "lineNumber": 284,
                        "scriptId": "13",
                        "url": "chrome-extension://bbogkpojpmdnlonjjogfkaclifmgnbfe/fb2b2e55-a6bc-44e4-97b1-fcc5c072556a"
                    },
                    {
                        "columnNumber": 24,
                        "functionName": "apply",
                        "lineNumber": 404,
                        "scriptId": "13",
                        "url": "chrome-extension://bbogkpojpmdnlonjjogfkaclifmgnbfe/fb2b2e55-a6bc-44e4-97b1-fcc5c072556a"
                    },
                    {
                        "columnNumber": 7306,
                        "functionName": "",
                        "lineNumber": 0,
                        "scriptId": "14",
                        "url": "https://pixabay.com/"
                    },
                    {
                        "columnNumber": 7324,
                        "functionName": "",
                        "lineNumber": 0,
                        "scriptId": "14",
                        "url": "https://pixabay.com/"
                    }
                ]
            },
            "type": "script"
        }
    },
    {
        "requested_for": "blob:https://pixabay.com/9651c776-9e38-4eb4-b580-e526544e9c14",
        "time": 340150.855741,
        "requestId": "F75C682833C0EA154E2AD44FCEC8A67B",
        "loaderId": "",
        "requested_resource": "blob:https://pixabay.com/9651c776-9e38-4eb4-b580-e526544e9c14",
        "initiator": {
            "type": "other",
            "url": "https://pixabay.com/"
        }
    },
    {
        "requested_for": "https://pixabay.com/",
        "time": 340150.855861,
        "requestId": "22948.3",
        "loaderId": "90E26FCCFC07A33F238589D5B7F35B8C",
        "requested_resource": "https://challenges.cloudflare.com/turnstile/v0/g/f3b948d8acb8/api.js?onload=EFpGI0&render=explicit",
        "initiator": {
            "stack": {
                "callFrames": [
                    {
                        "columnNumber": 26,
                        "functionName": "apply",
                        "lineNumber": 284,
                        "scriptId": "13",
                        "url": "chrome-extension://bbogkpojpmdnlonjjogfkaclifmgnbfe/fb2b2e55-a6bc-44e4-97b1-fcc5c072556a"
                    },
                    {
                        "columnNumber": 24,
                        "functionName": "apply",
                        "lineNumber": 404,
                        "scriptId": "13",
                        "url": "chrome-extension://bbogkpojpmdnlonjjogfkaclifmgnbfe/fb2b2e55-a6bc-44e4-97b1-fcc5c072556a"
                    },
                    {
                        "columnNumber": 30416,
                        "functionName": "gz",
                        "lineNumber": 0,
                        "scriptId": "16",
                        "url": "https://pixabay.com/cdn-cgi/challenge-platform/h/g/orchestrate/chl_page/v1?ray=92276c8c4b8c246f"
                    },
                    {
                        "columnNumber": 49742,
                        "functionName": "gx",
                        "lineNumber": 0,
                        "scriptId": "16",
                        "url": "https://pixabay.com/cdn-cgi/challenge-platform/h/g/orchestrate/chl_page/v1?ray=92276c8c4b8c246f"
                    },
                    {
                        "columnNumber": 54928,
                        "functionName": "HjAhr",
                        "lineNumber": 0,
                        "scriptId": "16",
                        "url": "https://pixabay.com/cdn-cgi/challenge-platform/h/g/orchestrate/chl_page/v1?ray=92276c8c4b8c246f"
                    },
                    {
                        "columnNumber": 55159,
                        "functionName": "gD",
                        "lineNumber": 0,
                        "scriptId": "16",
                        "url": "https://pixabay.com/cdn-cgi/challenge-platform/h/g/orchestrate/chl_page/v1?ray=92276c8c4b8c246f"
                    }
                ]
            },
            "type": "script"
        }
    },
    {
        "requested_for": "https://pixabay.com/",
        "time": 340150.864404,
        "requestId": "22948.4",
        "loaderId": "90E26FCCFC07A33F238589D5B7F35B8C",
        "requested_resource": "https://pixabay.com/favicon.ico",
        "initiator": {
            "columnNumber": 7352,
            "lineNumber": 0,
            "type": "parser",
            "url": "https://pixabay.com/"
        }
    },
    {
        "requested_for": "https://pixabay.com/",
        "time": 340150.918767,
        "requestId": "22948.5",
        "loaderId": "90E26FCCFC07A33F238589D5B7F35B8C",
        "requested_resource": "https://pixabay.com/favicon.ico",
        "initiator": {
            "type": "other"
        }
    },
    {
        "requested_for": "https://pixabay.com/",
        "time": 340150.971835,
        "requestId": "22948.6",
        "loaderId": "90E26FCCFC07A33F238589D5B7F35B8C",
        "requested_resource": "https://pixabay.com/cdn-cgi/challenge-platform/h/g/flow/ov1/444700248:1742326362:rtm83fhg6hTOeH1Iue6mNSqfr3DJIW_bVyV93fQb87A/92276c8c4b8c246f/WBfklUjUUxt_vfuWyQ2xSTC8gheRHyp0MdkIuFGf.Js-1742329156-1.2.1.1-PbPT4yqxHKQr15czZrD3yflPyNbEHqpZQkBcKTSOJVMicWgmw_14OoIO4BA82495",
        "initiator": {
            "stack": {
                "callFrames": [
                    {
                        "columnNumber": 54729,
                        "functionName": "fy",
                        "lineNumber": 0,
                        "scriptId": "16",
                        "url": "https://pixabay.com/cdn-cgi/challenge-platform/h/g/orchestrate/chl_page/v1?ray=92276c8c4b8c246f"
                    }
                ]
            },
            "type": "script"
        }
    },
    {
        "requested_for": "blob:https://pixabay.com/9b1c433d-05bf-4ba8-a2d3-4ec1a5c26f70",
        "time": 340151.003606,
        "requestId": "23830A9CF0F03ACC21B597D292A9CB21",
        "loaderId": "",
        "requested_resource": "blob:https://pixabay.com/9b1c433d-05bf-4ba8-a2d3-4ec1a5c26f70",
        "initiator": {
            "type": "other",
            "url": "https://pixabay.com/"
        }
    },
    {
        "requested_for": "https://challenges.cloudflare.com/cdn-cgi/challenge-platform/h/g/turnstile/if/ov2/av0/rcv/1pxii/0x4AAAAAAAAjq6WYeRDKmebM/dark/fbE/new/normal/auto/",
        "time": 340151.008341,
        "requestId": "CEAE5157CA0AB4B5880AD8642D1DC621",
        "loaderId": "CEAE5157CA0AB4B5880AD8642D1DC621",
        "requested_resource": "https://challenges.cloudflare.com/cdn-cgi/challenge-platform/h/g/turnstile/if/ov2/av0/rcv/1pxii/0x4AAAAAAAAjq6WYeRDKmebM/dark/fbE/new/normal/auto/",
        "initiator": {
            "stack": {
                "callFrames": [
                    {
                        "columnNumber": 26,
                        "functionName": "apply",
                        "lineNumber": 284,
                        "scriptId": "13",
                        "url": "chrome-extension://bbogkpojpmdnlonjjogfkaclifmgnbfe/fb2b2e55-a6bc-44e4-97b1-fcc5c072556a"
                    },
                    {
                        "columnNumber": 24,
                        "functionName": "apply",
                        "lineNumber": 404,
                        "scriptId": "13",
                        "url": "chrome-extension://bbogkpojpmdnlonjjogfkaclifmgnbfe/fb2b2e55-a6bc-44e4-97b1-fcc5c072556a"
                    },
                    {
                        "columnNumber": 32433,
                        "functionName": "T",
                        "lineNumber": 0,
                        "scriptId": "19",
                        "url": "https://challenges.cloudflare.com/turnstile/v0/g/f3b948d8acb8/api.js?onload=EFpGI0&render=explicit"
                    },
                    {
                        "columnNumber": 37892,
                        "functionName": "f1",
                        "lineNumber": 0,
                        "scriptId": "16",
                        "url": "https://pixabay.com/cdn-cgi/challenge-platform/h/g/orchestrate/chl_page/v1?ray=92276c8c4b8c246f"
                    },
                    {
                        "columnNumber": 74307,
                        "functionName": "",
                        "lineNumber": 0,
                        "scriptId": "16",
                        "url": "https://pixabay.com/cdn-cgi/challenge-platform/h/g/orchestrate/chl_page/v1?ray=92276c8c4b8c246f"
                    },
                    {
                        "columnNumber": 75090,
                        "functionName": "",
                        "lineNumber": 0,
                        "scriptId": "16",
                        "url": "https://pixabay.com/cdn-cgi/challenge-platform/h/g/orchestrate/chl_page/v1?ray=92276c8c4b8c246f"
                    },
                    {
                        "columnNumber": 75143,
                        "functionName": "eV",
                        "lineNumber": 0,
                        "scriptId": "16",
                        "url": "https://pixabay.com/cdn-cgi/challenge-platform/h/g/orchestrate/chl_page/v1?ray=92276c8c4b8c246f"
                    },
                    {
                        "columnNumber": 37892,
                        "functionName": "f1",
                        "lineNumber": 0,
                        "scriptId": "16",
                        "url": "https://pixabay.com/cdn-cgi/challenge-platform/h/g/orchestrate/chl_page/v1?ray=92276c8c4b8c246f"
                    },
                    {
                        "columnNumber": 74307,
                        "functionName": "",
                        "lineNumber": 0,
                        "scriptId": "16",
                        "url": "https://pixabay.com/cdn-cgi/challenge-platform/h/g/orchestrate/chl_page/v1?ray=92276c8c4b8c246f"
                    },
                    {
                        "columnNumber": 75090,
                        "functionName": "",
                        "lineNumber": 0,
                        "scriptId": "16",
                        "url": "https://pixabay.com/cdn-cgi/challenge-platform/h/g/orchestrate/chl_page/v1?ray=92276c8c4b8c246f"
                    },
                    {
                        "columnNumber": 75143,
                        "functionName": "eV",
                        "lineNumber": 0,
                        "scriptId": "16",
                        "url": "https://pixabay.com/cdn-cgi/challenge-platform/h/g/orchestrate/chl_page/v1?ray=92276c8c4b8c246f"
                    },
                    {
                        "columnNumber": 37869,
                        "functionName": "f1",
                        "lineNumber": 0,
                        "scriptId": "16",
                        "url": "https://pixabay.com/cdn-cgi/challenge-platform/h/g/orchestrate/chl_page/v1?ray=92276c8c4b8c246f"
                    },
                    {
                        "columnNumber": 74307,
                        "functionName": "",
                        "lineNumber": 0,
                        "scriptId": "16",
                        "url": "https://pixabay.com/cdn-cgi/challenge-platform/h/g/orchestrate/chl_page/v1?ray=92276c8c4b8c246f"
                    },
                    {
                        "columnNumber": 75090,
                        "functionName": "",
                        "lineNumber": 0,
                        "scriptId": "16",
                        "url": "https://pixabay.com/cdn-cgi/challenge-platform/h/g/orchestrate/chl_page/v1?ray=92276c8c4b8c246f"
                    },
                    {
                        "columnNumber": 75143,
                        "functionName": "eV",
                        "lineNumber": 0,
                        "scriptId": "16",
                        "url": "https://pixabay.com/cdn-cgi/challenge-platform/h/g/orchestrate/chl_page/v1?ray=92276c8c4b8c246f"
                    },
                    {
                        "columnNumber": 37869,
                        "functionName": "f1",
                        "lineNumber": 0,
                        "scriptId": "16",
                        "url": "https://pixabay.com/cdn-cgi/challenge-platform/h/g/orchestrate/chl_page/v1?ray=92276c8c4b8c246f"
                    },
                    {
                        "columnNumber": 74307,
                        "functionName": "",
                        "lineNumber": 0,
                        "scriptId": "16",
                        "url": "https://pixabay.com/cdn-cgi/challenge-platform/h/g/orchestrate/chl_page/v1?ray=92276c8c4b8c246f"
                    },
                    {
                        "columnNumber": 75090,
                        "functionName": "",
                        "lineNumber": 0,
                        "scriptId": "16",
                        "url": "https://pixabay.com/cdn-cgi/challenge-platform/h/g/orchestrate/chl_page/v1?ray=92276c8c4b8c246f"
                    },
                    {
                        "columnNumber": 75143,
                        "functionName": "eV",
                        "lineNumber": 0,
                        "scriptId": "16",
                        "url": "https://pixabay.com/cdn-cgi/challenge-platform/h/g/orchestrate/chl_page/v1?ray=92276c8c4b8c246f"
                    },
                    {
                        "columnNumber": 53533,
                        "functionName": "jVauH",
                        "lineNumber": 0,
                        "scriptId": "16",
                        "url": "https://pixabay.com/cdn-cgi/challenge-platform/h/g/orchestrate/chl_page/v1?ray=92276c8c4b8c246f"
                    },
                    {
                        "columnNumber": 54707,
                        "functionName": "i.<computed>",
                        "lineNumber": 0,
                        "scriptId": "16",
                        "url": "https://pixabay.com/cdn-cgi/challenge-platform/h/g/orchestrate/chl_page/v1?ray=92276c8c4b8c246f"
                    }
                ]
            },
            "type": "script"
        }
    }
]