{
    "google.com": {
        "accounts": {
            "A": [
                "64.233.184.84"
            ],
            "CNAME": []
        },
        "android.clients": {
            "A": [
                "142.251.36.78",
                "142.251.36.110",
                "142.251.36.142",
                "142.251.37.110"
            ],
            "CNAME": [
                "android.l.google.com"
            ]
        },
        "android.l": {
            "A": [
                "142.251.36.78",
                "142.251.36.110",
                "142.251.36.142",
                "142.251.37.110"
            ],
            "CNAME": []
        },
        "mtalk": {
            "A": [
                "142.250.27.188"
            ],
            "CNAME": []
        }
    },
    "refresher.cz": {
        "refresher.cz": {
            "A": [
                "104.26.3.111",
                "104.26.2.111",
                "172.67.70.154"
            ],
            "CNAME": []
        },
        "tracker": {
            "A": [
                "172.67.70.154",
                "104.26.2.111",
                "104.26.3.111"
            ],
            "CNAME": []
        }
    },
    "ampproject.org": {
        "cdn": {
            "A": [
                "142.251.36.129"
            ],
            "CNAME": [
                "cdn-content.ampproject.org"
            ]
        },
        "cdn-content": {
            "A": [
                "142.251.36.129"
            ],
            "CNAME": []
        }
    },
    "refstatic.sk": {
        "refstatic.sk": {
            "A": [
                "172.67.69.23",
                "104.26.11.190",
                "104.26.10.190"
            ],
            "CNAME": []
        }
    },
    "googletagmanager.com": {
        "www": {
            "A": [
                "142.251.36.104"
            ],
            "CNAME": []
        }
    },
    "gemius.pl": {
        "gask.hit": {
            "A": [
                "137.74.65.116",
                "54.37.54.0"
            ],
            "CNAME": []
        },
        "spir.hit": {
            "A": [
                "141.95.47.54",
                "141.95.47.53",
                "141.95.47.56",
                "141.95.47.55"
            ],
            "CNAME": []
        }
    },
    "teads.tv": {
        "a": {
            "A": [
                "2.23.9.94"
            ],
            "CNAME": [
                "a.teads.tv.edgekey.net",
                "e9957.b.akamaiedge.net"
            ]
        }
    },
    "edgekey.net": {
        "a.teads.tv": {
            "A": [],
            "CNAME": [
                "e9957.b.akamaiedge.net"
            ]
        }
    },
    "akamaiedge.net": {
        "e9957.b": {
            "A": [
                "2.23.9.94"
            ],
            "CNAME": []
        }
    },
    "adform.net": {
        "adx": {
            "A": [
                "37.157.5.87",
                "37.157.5.141",
                "37.157.5.84",
                "37.157.4.29",
                "37.157.4.28",
                "37.157.5.132"
            ],
            "CNAME": [
                "track-eu.adformnet.akadns.net"
            ]
        }
    },
    "akadns.net": {
        "track-eu.adformnet": {
            "A": [
                "37.157.5.87",
                "37.157.5.141",
                "37.157.5.84",
                "37.157.4.29",
                "37.157.4.28",
                "37.157.5.132"
            ],
            "CNAME": []
        }
    },
    "cookielaw.org": {
        "cdn": {
            "A": [
                "104.18.86.42",
                "104.18.87.42"
            ],
            "CNAME": []
        }
    },
    "gstatic.com": {
        "www": {
            "A": [
                "142.251.36.99"
            ],
            "CNAME": []
        },
        "fonts": {
            "A": [
                "142.251.37.99"
            ],
            "CNAME": []
        }
    },
    "cloudflareinsights.com": {
        "static": {
            "A": [
                "104.16.79.73",
                "104.16.80.73"
            ],
            "CNAME": []
        }
    },
    "onetrust.com": {
        "geolocation": {
            "A": [
                "172.64.155.119",
                "104.18.32.137"
            ],
            "CNAME": []
        }
    },
    "googleapis.com": {
        "fonts": {
            "A": [
                "142.251.36.138"
            ],
            "CNAME": []
        },
        "content-autofill": {
            "A": [
                "142.251.36.138",
                "142.251.36.74",
                "142.251.37.106",
                "142.251.36.106"
            ],
            "CNAME": []
        }
    },
    "visualstudio.com": {
        "update.code": {
            "A": [
                "13.107.253.45"
            ],
            "CNAME": [
                "vscode-update-g6gcb6ggdthkctd9.z01.azurefd.net",
                "star-azurefd-prod.trafficmanager.net",
                "shed.dual-low.s-part-0017.t-0009.t-msedge.net",
                "azurefd-t-fb-prod.trafficmanager.net",
                "dual.s-part-0017.t-0009.fb-t-msedge.net",
                "s-part-0017.t-0009.fb-t-msedge.net"
            ]
        }
    },
    "azurefd.net": {
        "vscode-update-g6gcb6ggdthkctd9.z01": {
            "A": [],
            "CNAME": [
                "star-azurefd-prod.trafficmanager.net"
            ]
        }
    },
    "trafficmanager.net": {
        "star-azurefd-prod": {
            "A": [],
            "CNAME": [
                "shed.dual-low.s-part-0017.t-0009.t-msedge.net"
            ]
        },
        "azurefd-t-fb-prod": {
            "A": [],
            "CNAME": [
                "dual.s-part-0017.t-0009.fb-t-msedge.net"
            ]
        },
        "mobile.events.data": {
            "A": [],
            "CNAME": [
                "onedscolprdjpw00.japanwest.cloudapp.azure.com"
            ]
        }
    },
    "t-msedge.net": {
        "shed.dual-low.s-part-0017.t-0009": {
            "A": [],
            "CNAME": [
                "azurefd-t-fb-prod.trafficmanager.net"
            ]
        }
    },
    "fb-t-msedge.net": {
        "dual.s-part-0017.t-0009": {
            "A": [],
            "CNAME": [
                "s-part-0017.t-0009.fb-t-msedge.net"
            ]
        },
        "s-part-0017.t-0009": {
            "A": [
                "13.107.253.45"
            ],
            "CNAME": []
        }
    },
    "microsoft.com": {
        "mobile.events.data": {
            "A": [
                "40.74.98.192"
            ],
            "CNAME": [
                "mobile.events.data.trafficmanager.net",
                "onedscolprdjpw00.japanwest.cloudapp.azure.com"
            ]
        }
    },
    "azure.com": {
        "onedscolprdjpw00.japanwest.cloudapp": {
            "A": [
                "40.74.98.192"
            ],
            "CNAME": []
        }
    }
}