[
    {
        "time": 237219.261624,
        "requested_resource": "https://refresher.cz/",
        "initiator": {
            "type": "other"
        },
        "requested_for": "https://refresher.cz/"
    },
    {
        "time": 237219.317969,
        "requested_resource": "https://refresher.cz/static/js/header.js?v=1.2.5",
        "initiator": {
            "columnNumber": 92,
            "lineNumber": 23,
            "type": "parser",
            "url": "https://refresher.cz/"
        },
        "requested_for": "https://refresher.cz/"
    },
    {
        "time": 237219.318099,
        "requested_resource": "https://refresher.cz/static/js/article.js?v=1.4.4",
        "initiator": {
            "columnNumber": 93,
            "lineNumber": 24,
            "type": "parser",
            "url": "https://refresher.cz/"
        },
        "requested_for": "https://refresher.cz/"
    },
    {
        "time": 237219.318126,
        "requested_resource": "https://www.gstatic.com/firebasejs/7.5.2/firebase-app.js",
        "initiator": {
            "columnNumber": 100,
            "lineNumber": 25,
            "type": "parser",
            "url": "https://refresher.cz/"
        },
        "requested_for": "https://refresher.cz/"
    },
    {
        "time": 237219.318147,
        "requested_resource": "https://www.gstatic.com/firebasejs/7.5.2/firebase-analytics.js",
        "initiator": {
            "columnNumber": 106,
            "lineNumber": 26,
            "type": "parser",
            "url": "https://refresher.cz/"
        },
        "requested_for": "https://refresher.cz/"
    },
    {
        "time": 237219.318169,
        "requested_resource": "https://www.gstatic.com/firebasejs/7.5.2/firebase-messaging.js",
        "initiator": {
            "columnNumber": 106,
            "lineNumber": 27,
            "type": "parser",
            "url": "https://refresher.cz/"
        },
        "requested_for": "https://refresher.cz/"
    },
    {
        "time": 237219.3182,
        "requested_resource": "https://refresher.cz/static/js/postLoad.js?v=1.7.6",
        "initiator": {
            "columnNumber": 94,
            "lineNumber": 28,
            "type": "parser",
            "url": "https://refresher.cz/"
        },
        "requested_for": "https://refresher.cz/"
    },
    {
        "time": 237219.318219,
        "requested_resource": "https://refresher.cz/static/css/combined/mc_4bf251df75d37fedfd2bcfa247458164.css",
        "initiator": {
            "columnNumber": 128,
            "lineNumber": 29,
            "type": "parser",
            "url": "https://refresher.cz/"
        },
        "requested_for": "https://refresher.cz/"
    },
    {
        "time": 237219.318273,
        "requested_resource": "https://refresher.cz/build/main.e34729d3.css",
        "initiator": {
            "columnNumber": 84,
            "lineNumber": 62,
            "type": "parser",
            "url": "https://refresher.cz/"
        },
        "requested_for": "https://refresher.cz/"
    },
    {
        "time": 237219.3183,
        "requested_resource": "https://refresher.cz/build/redesign.88fae865.css",
        "initiator": {
            "columnNumber": 88,
            "lineNumber": 63,
            "type": "parser",
            "url": "https://refresher.cz/"
        },
        "requested_for": "https://refresher.cz/"
    },
    {
        "time": 237219.318326,
        "requested_resource": "https://refresher.cz/build/homepage.2dbbdc89.css",
        "initiator": {
            "columnNumber": 88,
            "lineNumber": 64,
            "type": "parser",
            "url": "https://refresher.cz/"
        },
        "requested_for": "https://refresher.cz/"
    },
    {
        "time": 237219.318359,
        "requested_resource": "https://refresher.cz/build/runtime.18a02a75.js",
        "initiator": {
            "columnNumber": 86,
            "lineNumber": 65,
            "type": "parser",
            "url": "https://refresher.cz/"
        },
        "requested_for": "https://refresher.cz/"
    },
    {
        "time": 237219.318377,
        "requested_resource": "https://refresher.cz/build/950.b4beaeb5.js",
        "initiator": {
            "columnNumber": 78,
            "lineNumber": 66,
            "type": "parser",
            "url": "https://refresher.cz/"
        },
        "requested_for": "https://refresher.cz/"
    },
    {
        "time": 237219.318398,
        "requested_resource": "https://refresher.cz/build/main.3da05964.js",
        "initiator": {
            "columnNumber": 79,
            "lineNumber": 67,
            "type": "parser",
            "url": "https://refresher.cz/"
        },
        "requested_for": "https://refresher.cz/"
    },
    {
        "time": 237219.318418,
        "requested_resource": "https://refresher.cz/build/redesign.8c391cd8.js",
        "initiator": {
            "columnNumber": 83,
            "lineNumber": 68,
            "type": "parser",
            "url": "https://refresher.cz/"
        },
        "requested_for": "https://refresher.cz/"
    },
    {
        "time": 237219.318438,
        "requested_resource": "https://refresher.cz/build/447.dcd3620b.js",
        "initiator": {
            "columnNumber": 78,
            "lineNumber": 69,
            "type": "parser",
            "url": "https://refresher.cz/"
        },
        "requested_for": "https://refresher.cz/"
    },
    {
        "time": 237219.318461,
        "requested_resource": "https://refresher.cz/build/homepage.db891834.js",
        "initiator": {
            "columnNumber": 83,
            "lineNumber": 70,
            "type": "parser",
            "url": "https://refresher.cz/"
        },
        "requested_for": "https://refresher.cz/"
    },
    {
        "time": 237219.318491,
        "requested_resource": "https://refresher.cz/static/js/external/tcf.stub.js?v=1678374159",
        "initiator": {
            "columnNumber": 137,
            "lineNumber": 87,
            "type": "parser",
            "url": "https://refresher.cz/"
        },
        "requested_for": "https://refresher.cz/"
    },
    {
        "time": 237219.318515,
        "requested_resource": "https://refresher.cz/static/js/external/oneTrust_production/scripttemplates/otSDKStub.js?v=1737643174",
        "initiator": {
            "columnNumber": 403,
            "lineNumber": 87,
            "type": "parser",
            "url": "https://refresher.cz/"
        },
        "requested_for": "https://refresher.cz/"
    },
    {
        "time": 237219.318566,
        "requested_resource": "https://cdn.ampproject.org/amp-story-player-v0.js",
        "initiator": {
            "columnNumber": 95,
            "lineNumber": 154,
            "type": "parser",
            "url": "https://refresher.cz/"
        },
        "requested_for": "https://refresher.cz/"
    },
    {
        "time": 237219.318626,
        "requested_resource": "https://cdn.ampproject.org/amp-story-player-v0.css",
        "initiator": {
            "columnNumber": 106,
            "lineNumber": 155,
            "type": "parser",
            "url": "https://refresher.cz/"
        },
        "requested_for": "https://refresher.cz/"
    },
    {
        "time": 237219.329941,
        "requested_resource": "https://refstatic.sk/article/1ec36600481b2652d461.jpg?ic=290x0x350x623&is=480x860&s=9e95a4628f2d8e7012cc104a5e488afc6e89fdaf0d2d88c6a96f1754e7c68737",
        "initiator": {
            "columnNumber": 95,
            "lineNumber": 1242,
            "type": "parser",
            "url": "https://refresher.cz/"
        },
        "requested_for": "https://refresher.cz/"
    },
    {
        "time": 237219.330667,
        "requested_resource": "https://static.cloudflareinsights.com/beacon.min.js/vcd15cbe7772f49c399c6a5babf22c1241717689176015",
        "initiator": {
            "columnNumber": 987,
            "lineNumber": 2446,
            "type": "parser",
            "url": "https://refresher.cz/"
        },
        "requested_for": "https://refresher.cz/"
    },
    {
        "time": 237219.372167,
        "requested_resource": "https://refresher.cz/static/js/external/oneTrust_production/consent/6c51c9b6-738a-4c97-86e0-a2c75f374d44/6c51c9b6-738a-4c97-86e0-a2c75f374d44.json",
        "initiator": {
            "stack": {
                "callFrames": [
                    {
                        "columnNumber": 10683,
                        "functionName": "f.otFetch",
                        "lineNumber": 0,
                        "scriptId": "19",
                        "url": "https://refresher.cz/static/js/external/oneTrust_production/scripttemplates/otSDKStub.js?v=1737643174"
                    }
                ]
            },
            "type": "script"
        },
        "requested_for": "https://refresher.cz/"
    },
    {
        "time": 237219.391382,
        "requested_resource": "https://refstatic.sk/article/Tvurce-Peaky-Blinders-exkluzivne-pro-Refresher-Filmem-pro-Netflix-to-nekonci-Chci-natocit-Eastern-Promises-2~9fed39570176e414ccbf.jpg?is=1000x300c&ic=0x146x1920x576&s=4cca15361a74427ddbb1656f96719d5a7f1655c2d641b834e371efcfba12de77",
        "initiator": {
            "columnNumber": 13,
            "lineNumber": 1234,
            "type": "parser",
            "url": "https://refresher.cz/"
        },
        "requested_for": "https://refresher.cz/"
    },
    {
        "time": 237219.395901,
        "requested_resource": "https://spir.hit.gemius.pl/xgemius.js",
        "initiator": {
            "stack": {
                "callFrames": [
                    {
                        "columnNumber": 13,
                        "functionName": "",
                        "lineNumber": 2434,
                        "scriptId": "30",
                        "url": "https://refresher.cz/"
                    }
                ]
            },
            "type": "script"
        },
        "requested_for": "https://refresher.cz/"
    },
    {
        "time": 237219.396745,
        "requested_resource": "https://geolocation.onetrust.com/cookieconsentpub/v1/geo/location",
        "initiator": {
            "stack": {
                "callFrames": [
                    {
                        "columnNumber": 10683,
                        "functionName": "f.otFetch",
                        "lineNumber": 0,
                        "scriptId": "19",
                        "url": "https://refresher.cz/static/js/external/oneTrust_production/scripttemplates/otSDKStub.js?v=1737643174"
                    }
                ]
            },
            "type": "script"
        },
        "requested_for": "https://refresher.cz/"
    },
    {
        "time": 237219.406535,
        "requested_resource": "https://refresher.cz/build/images/icon-menu-hamburger.0e5b546f.svg",
        "initiator": {
            "type": "parser",
            "url": "https://refresher.cz/build/redesign.88fae865.css"
        },
        "requested_for": "https://refresher.cz/"
    },
    {
        "time": 237219.406636,
        "requested_resource": "https://refresher.cz/build/images/icon-refresher-badge.5038c7e4.svg",
        "initiator": {
            "type": "parser",
            "url": "https://refresher.cz/build/redesign.88fae865.css"
        },
        "requested_for": "https://refresher.cz/"
    },
    {
        "time": 237219.406684,
        "requested_resource": "https://refresher.cz/build/images/icon-refresher-news-badge.819108cd.svg",
        "initiator": {
            "type": "parser",
            "url": "https://refresher.cz/build/redesign.88fae865.css"
        },
        "requested_for": "https://refresher.cz/"
    },
    {
        "time": 237219.406717,
        "requested_resource": "https://refresher.cz/build/images/icon-search.34a25f07.svg",
        "initiator": {
            "type": "parser",
            "url": "https://refresher.cz/build/redesign.88fae865.css"
        },
        "requested_for": "https://refresher.cz/"
    },
    {
        "time": 237219.406743,
        "requested_resource": "https://refresher.cz/build/images/icon-color-scheme-dark.c9fdf9d3.svg",
        "initiator": {
            "type": "parser",
            "url": "https://refresher.cz/build/redesign.88fae865.css"
        },
        "requested_for": "https://refresher.cz/"
    },
    {
        "time": 237219.406787,
        "requested_resource": "https://refresher.cz/build/images/icon-profile.9d512fcb.svg",
        "initiator": {
            "type": "parser",
            "url": "https://refresher.cz/build/redesign.88fae865.css"
        },
        "requested_for": "https://refresher.cz/"
    },
    {
        "time": 237219.406852,
        "requested_resource": "https://refresher.cz/build/images/icon-color-scheme-light.8f9e9be0.svg",
        "initiator": {
            "type": "parser",
            "url": "https://refresher.cz/build/redesign.88fae865.css"
        },
        "requested_for": "https://refresher.cz/"
    },
    {
        "time": 237219.406895,
        "requested_resource": "https://refresher.cz/build/images/icon-color-scheme-device-mobile.047c9c39.svg",
        "initiator": {
            "type": "parser",
            "url": "https://refresher.cz/build/redesign.88fae865.css"
        },
        "requested_for": "https://refresher.cz/"
    },
    {
        "time": 237219.406974,
        "requested_resource": "https://refresher.cz/build/images/icon-caret-solid-down.f6c5d4a9.svg",
        "initiator": {
            "type": "parser",
            "url": "https://refresher.cz/build/redesign.88fae865.css"
        },
        "requested_for": "https://refresher.cz/"
    },
    {
        "time": 237219.407649,
        "requested_resource": "https://refresher.cz/build/images/icon-refresher-news.0a096c9e.svg",
        "initiator": {
            "type": "parser",
            "url": "https://refresher.cz/build/redesign.88fae865.css"
        },
        "requested_for": "https://refresher.cz/"
    },
    {
        "time": 237219.407797,
        "requested_resource": "https://refresher.cz/build/images/icon-caret-right.ba071f7d.svg",
        "initiator": {
            "type": "parser",
            "url": "https://refresher.cz/build/redesign.88fae865.css"
        },
        "requested_for": "https://refresher.cz/"
    },
    {
        "time": 237219.407874,
        "requested_resource": "https://refresher.cz/build/images/icon-arrow.9d8a1673.svg",
        "initiator": {
            "type": "parser",
            "url": "https://refresher.cz/build/main.e34729d3.css"
        },
        "requested_for": "https://refresher.cz/"
    },
    {
        "time": 237219.407901,
        "requested_resource": "https://refresher.cz/build/images/icon-close.784e3fa2.svg",
        "initiator": {
            "type": "parser",
            "url": "https://refresher.cz/build/main.e34729d3.css"
        },
        "requested_for": "https://refresher.cz/"
    },
    {
        "time": 237219.408033,
        "requested_resource": "https://refresher.cz/build/images/icon-premium.f329fd7d.svg",
        "initiator": {
            "type": "parser",
            "url": "https://refresher.cz/build/redesign.88fae865.css"
        },
        "requested_for": "https://refresher.cz/"
    },
    {
        "time": 237219.408076,
        "requested_resource": "https://refresher.cz/build/images/icon-featured.345ca78a.svg",
        "initiator": {
            "type": "parser",
            "url": "https://refresher.cz/build/redesign.88fae865.css"
        },
        "requested_for": "https://refresher.cz/"
    },
    {
        "time": 237219.408348,
        "requested_resource": "https://refresher.cz/build/images/icon-stories-preview.e9f31af1.svg",
        "initiator": {
            "type": "parser",
            "url": "https://refresher.cz/build/homepage.2dbbdc89.css"
        },
        "requested_for": "https://refresher.cz/"
    },
    {
        "time": 237219.409533,
        "requested_resource": "data:image/svg+xml;charset=utf-8,<svg xmlns=\"http://www.w3.org/2000/svg\" width=\"48\" height=\"48\" fill=\"none\"><path stroke=\"%23fff\" stroke-linecap=\"round\" stroke-width=\"1.9\" d=\"M17 29.2V18.8c0-1.2 1.4-2 2.5-1.3l7.5 5.2c1 .6 1 2 0 2.6l-7.5 5.2c-1 .7-2.5 0-2.5-1.3Z\"/><rect width=\"1.8\" height=\"15.6\" x=\"30.2\" y=\"16.2\" fill=\"%23fff\" rx=\".9\"/></svg>",
        "initiator": {
            "columnNumber": 8,
            "lineNumber": 2448,
            "type": "parser",
            "url": "https://refresher.cz/"
        },
        "requested_for": "https://refresher.cz/"
    },
    {
        "time": 237219.409877,
        "requested_resource": "https://refresher.cz/build/images/icon-sponsored.4ed8dd4e.svg",
        "initiator": {
            "type": "parser",
            "url": "https://refresher.cz/build/redesign.88fae865.css"
        },
        "requested_for": "https://refresher.cz/"
    },
    {
        "time": 237219.410395,
        "requested_resource": "https://refresher.cz/build/images/icon-rn.05f17745.svg",
        "initiator": {
            "type": "parser",
            "url": "https://refresher.cz/build/homepage.2dbbdc89.css"
        },
        "requested_for": "https://refresher.cz/"
    },
    {
        "time": 237219.41138,
        "requested_resource": "https://refresher.cz/build/images/icon-facebook.a9207555.svg",
        "initiator": {
            "type": "parser",
            "url": "https://refresher.cz/build/redesign.88fae865.css"
        },
        "requested_for": "https://refresher.cz/"
    },
    {
        "time": 237219.411417,
        "requested_resource": "https://refresher.cz/build/images/icon-instagram.e793139a.svg",
        "initiator": {
            "type": "parser",
            "url": "https://refresher.cz/build/redesign.88fae865.css"
        },
        "requested_for": "https://refresher.cz/"
    },
    {
        "time": 237219.411538,
        "requested_resource": "https://refresher.cz/build/images/icon-youtube.c7419033.svg",
        "initiator": {
            "type": "parser",
            "url": "https://refresher.cz/build/redesign.88fae865.css"
        },
        "requested_for": "https://refresher.cz/"
    },
    {
        "time": 237219.411587,
        "requested_resource": "https://refresher.cz/build/images/icon-twitter.e8e0055e.svg",
        "initiator": {
            "type": "parser",
            "url": "https://refresher.cz/build/redesign.88fae865.css"
        },
        "requested_for": "https://refresher.cz/"
    },
    {
        "time": 237219.411619,
        "requested_resource": "https://refresher.cz/build/images/icon-tiktok.61bf6d96.svg",
        "initiator": {
            "type": "parser",
            "url": "https://refresher.cz/build/redesign.88fae865.css"
        },
        "requested_for": "https://refresher.cz/"
    },
    {
        "time": 237219.411655,
        "requested_resource": "https://refresher.cz/build/images/icon-spotify.b31d3133.svg",
        "initiator": {
            "type": "parser",
            "url": "https://refresher.cz/build/redesign.88fae865.css"
        },
        "requested_for": "https://refresher.cz/"
    },
    {
        "time": 237219.411681,
        "requested_resource": "https://refresher.cz/build/images/icon-rss.6df1d6e7.svg",
        "initiator": {
            "type": "parser",
            "url": "https://refresher.cz/build/redesign.88fae865.css"
        },
        "requested_for": "https://refresher.cz/"
    },
    {
        "time": 237219.411752,
        "requested_resource": "https://refresher.cz/build/images/icon-report.fcf32eea.svg",
        "initiator": {
            "type": "parser",
            "url": "https://refresher.cz/build/redesign.88fae865.css"
        },
        "requested_for": "https://refresher.cz/"
    },
    {
        "time": 237219.411796,
        "requested_resource": "https://refresher.cz/build/images/logo-refresher-full.8fe5d825.svg",
        "initiator": {
            "type": "parser",
            "url": "https://refresher.cz/build/redesign.88fae865.css"
        },
        "requested_for": "https://refresher.cz/"
    },
    {
        "time": 237219.412374,
        "requested_resource": "https://refresher.cz/build/fonts/Inter-ExtraBold.a4393c38.woff2",
        "initiator": {
            "type": "parser",
            "url": "https://refresher.cz/build/redesign.88fae865.css"
        },
        "requested_for": "https://refresher.cz/"
    },
    {
        "time": 237219.412575,
        "requested_resource": "https://refresher.cz/build/fonts/Inter-Light.fe493d97.woff2",
        "initiator": {
            "type": "parser",
            "url": "https://refresher.cz/build/redesign.88fae865.css"
        },
        "requested_for": "https://refresher.cz/"
    },
    {
        "time": 237219.412812,
        "requested_resource": "https://refresher.cz/build/fonts/Inter-Medium.7b5aa0fd.woff2",
        "initiator": {
            "type": "parser",
            "url": "https://refresher.cz/build/redesign.88fae865.css"
        },
        "requested_for": "https://refresher.cz/"
    },
    {
        "time": 237219.413026,
        "requested_resource": "https://refresher.cz/build/fonts/Inter-SemiBold.d2e8d8e7.woff2",
        "initiator": {
            "type": "parser",
            "url": "https://refresher.cz/build/redesign.88fae865.css"
        },
        "requested_for": "https://refresher.cz/"
    },
    {
        "time": 237219.41319,
        "requested_resource": "https://refresher.cz/build/fonts/Inter-Regular.3a87cb21.woff2",
        "initiator": {
            "type": "parser",
            "url": "https://refresher.cz/build/redesign.88fae865.css"
        },
        "requested_for": "https://refresher.cz/"
    },
    {
        "time": 237219.460863,
        "requested_resource": "https://refstatic.sk/article/5009609736918cd36e87.jpg?ic=134x0x1440x2560&is=480x860&s=bc3fa8d8a0f3960eec2c38e2d00e1f9d77bec5d1dd1fc7bbe1ce2050f70fbb3a",
        "initiator": {
            "columnNumber": 8,
            "lineNumber": 2448,
            "type": "parser",
            "url": "https://refresher.cz/"
        },
        "requested_for": "https://refresher.cz/"
    },
    {
        "time": 237219.460922,
        "requested_resource": "https://refstatic.sk/article/1c9739c97fba8228c99c.jpg?ic=604x0x632x1123&is=480x860&s=ca2503ce2304b5005b3472034900e0060b6f359b0a14132bc72077cec55a3f16",
        "initiator": {
            "columnNumber": 8,
            "lineNumber": 2448,
            "type": "parser",
            "url": "https://refresher.cz/"
        },
        "requested_for": "https://refresher.cz/"
    },
    {
        "time": 237219.460946,
        "requested_resource": "https://refstatic.sk/article/4d40476a68fb8e20848f.jpg?ic=125x0x1080x1920&is=480x860&s=b14957eacf2a4ab9571e85c87a47fe7ec10b794e6e48adb736927e9745ad04ea",
        "initiator": {
            "columnNumber": 8,
            "lineNumber": 2448,
            "type": "parser",
            "url": "https://refresher.cz/"
        },
        "requested_for": "https://refresher.cz/"
    },
    {
        "time": 237219.460969,
        "requested_resource": "https://refstatic.sk/article/a1782925175f4a0ea0f5.jpg?ic=800x0x960x1707&is=480x860&s=8f93276900c8f108e55f5f413130b5009d38896da77efa05c55f67b303994b16",
        "initiator": {
            "columnNumber": 8,
            "lineNumber": 2448,
            "type": "parser",
            "url": "https://refresher.cz/"
        },
        "requested_for": "https://refresher.cz/"
    },
    {
        "time": 237219.460995,
        "requested_resource": "https://refstatic.sk/article/98956237ac5620c973fe.jpg?ic=764x0x960x1707&is=480x860&s=9dc010d41a729122d6a1c608054bd8edc6adb1db6c0caa5a43499cff5c29797e",
        "initiator": {
            "columnNumber": 8,
            "lineNumber": 2448,
            "type": "parser",
            "url": "https://refresher.cz/"
        },
        "requested_for": "https://refresher.cz/"
    },
    {
        "time": 237219.461032,
        "requested_resource": "https://refstatic.sk/article/8105977058080435469f.jpg?ic=294x0x1080x1920&is=480x860&s=8719d2003e97c8150a37c6f697beba1e7477c43d45b84da5f784e2247d4e7fb5",
        "initiator": {
            "columnNumber": 8,
            "lineNumber": 2448,
            "type": "parser",
            "url": "https://refresher.cz/"
        },
        "requested_for": "https://refresher.cz/"
    },
    {
        "time": 237219.461049,
        "requested_resource": "https://refstatic.sk/article/c7ddf4c7c7c56befc7e6.jpg?ic=31x0x338x600&is=480x860&s=c9adc92d2fd23a03ee3eb49115b0a02e8e68272adb762ea0e856752d60b768da",
        "initiator": {
            "columnNumber": 8,
            "lineNumber": 2448,
            "type": "parser",
            "url": "https://refresher.cz/"
        },
        "requested_for": "https://refresher.cz/"
    },
    {
        "time": 237219.461065,
        "requested_resource": "https://refstatic.sk/article/4589613ca64d6c163bee.jpg?ic=709x0x703x1250&is=480x860&s=d0b5c9d5f06e6fe457e3ccfe91403cbd79950a5a7a0ff6b8d0a843f2a08e4402",
        "initiator": {
            "columnNumber": 8,
            "lineNumber": 2448,
            "type": "parser",
            "url": "https://refresher.cz/"
        },
        "requested_for": "https://refresher.cz/"
    },
    {
        "time": 237219.461082,
        "requested_resource": "https://refstatic.sk/article/90061b467406dd177302.jpg?ic=469x0x563x1000&is=480x860&s=4ebc46ee762b3c7c96d001c2abc1addb4fbc1987ef412f249b4bb1b0ff522e85",
        "initiator": {
            "columnNumber": 8,
            "lineNumber": 2448,
            "type": "parser",
            "url": "https://refresher.cz/"
        },
        "requested_for": "https://refresher.cz/"
    },
    {
        "time": 237219.461126,
        "requested_resource": "https://refstatic.sk/article/7c2dbea8b4cbee6bc0c9.jpg?ic=187x0x707x1256&is=480x860&s=e5a95d835558dbed7e9f991ed3e528c485e0317003229bf8c13fac83a12ccb03",
        "initiator": {
            "columnNumber": 8,
            "lineNumber": 2448,
            "type": "parser",
            "url": "https://refresher.cz/"
        },
        "requested_for": "https://refresher.cz/"
    },
    {
        "time": 237219.461142,
        "requested_resource": "https://refstatic.sk/article/87f42769e41b6dcf507f.jpg?ic=70x0x692x1230&is=480x860&s=a8350db6671048afe3d275f646f84a874ee4218db092f783d22ee2b339c5bf64",
        "initiator": {
            "columnNumber": 8,
            "lineNumber": 2448,
            "type": "parser",
            "url": "https://refresher.cz/"
        },
        "requested_for": "https://refresher.cz/"
    },
    {
        "time": 237219.461165,
        "requested_resource": "https://refstatic.sk/article/4b69e0df6760ff244433.jpg?ic=442x0x506x900&is=480x860&s=a19e12a0145157910e1fd1a4262c945612cb0e675fdd15b3925b1386eb2452a5",
        "initiator": {
            "columnNumber": 8,
            "lineNumber": 2448,
            "type": "parser",
            "url": "https://refresher.cz/"
        },
        "requested_for": "https://refresher.cz/"
    },
    {
        "time": 237219.461181,
        "requested_resource": "https://refstatic.sk/article/a45a85b677d3dde40c7c.jpg?ic=494x0x608x1080&is=480x860&s=2806076fb9f57ab63f204668814041a6144614c23d3891151c19f0c401fc9e56",
        "initiator": {
            "columnNumber": 8,
            "lineNumber": 2448,
            "type": "parser",
            "url": "https://refresher.cz/"
        },
        "requested_for": "https://refresher.cz/"
    },
    {
        "time": 237219.461206,
        "requested_resource": "https://refstatic.sk/article/0ef75bb1ffd2b8e964f6.jpg?ic=327x0x295x524&is=480x860&s=c7f9831bca0732996901fe243cfb96fe5c6f8f24421f6588919298653b76f474",
        "initiator": {
            "columnNumber": 8,
            "lineNumber": 2448,
            "type": "parser",
            "url": "https://refresher.cz/"
        },
        "requested_for": "https://refresher.cz/"
    },
    {
        "time": 237219.461248,
        "requested_resource": "https://refstatic.sk/article/65773110da6b1d7d7ef7.jpg?ic=101x0x1125x2000&is=480x860&s=f782bd44f67450232ed57c7e8c269066551c320fce7bd44f21d80c137116317f",
        "initiator": {
            "columnNumber": 8,
            "lineNumber": 2448,
            "type": "parser",
            "url": "https://refresher.cz/"
        },
        "requested_for": "https://refresher.cz/"
    },
    {
        "time": 237219.461302,
        "requested_resource": "https://refstatic.sk/article/ea0b162771ff2e8f6f10.jpg?ic=236x0x608x1080&is=480x860&s=afda7ff06b5c9351b147bfa158273f4d45a0c58713465c2d9b530d00d668c3af",
        "initiator": {
            "columnNumber": 8,
            "lineNumber": 2448,
            "type": "parser",
            "url": "https://refresher.cz/"
        },
        "requested_for": "https://refresher.cz/"
    },
    {
        "time": 237219.461329,
        "requested_resource": "https://refstatic.sk/article/b51e2c243e417a4207c8.jpg?ic=0x0x1080x1920&is=480x860&s=378e2cf8a86b08374a65e0115c8e85cde30b1599735a588af6cc49a1bd8c8cd0",
        "initiator": {
            "columnNumber": 8,
            "lineNumber": 2448,
            "type": "parser",
            "url": "https://refresher.cz/"
        },
        "requested_for": "https://refresher.cz/"
    },
    {
        "time": 237219.461348,
        "requested_resource": "https://refstatic.sk/article/0b8801a8d289cc6162bb.jpg?ic=19x0x563x1000&is=480x860&s=2c38a41fd055323cb272dd5aad7ab80879c22a044a5233fd21c01637132eacba",
        "initiator": {
            "columnNumber": 8,
            "lineNumber": 2448,
            "type": "parser",
            "url": "https://refresher.cz/"
        },
        "requested_for": "https://refresher.cz/"
    },
    {
        "time": 237219.461372,
        "requested_resource": "https://refstatic.sk/article/a7ccd59905d2843a1f4c.jpg?ic=134x0x1440x2560&is=480x860&s=8267b7f29cf896b891614617458b9a9073be3b51eaa978ca8a65fd03af0c5c80",
        "initiator": {
            "columnNumber": 8,
            "lineNumber": 2448,
            "type": "parser",
            "url": "https://refresher.cz/"
        },
        "requested_for": "https://refresher.cz/"
    },
    {
        "time": 237219.461397,
        "requested_resource": "https://refstatic.sk/article/Tvurce-Peaky-Blinders-exkluzivne-pro-Refresher-Filmem-pro-Netflix-to-nekonci-Chci-natocit-Eastern-Promises-2~9fed39570176e414ccbf.jpg?is=400x250c&ic=126x0x1728x1080&s=adde34768efee959133b5e79ab6a3f7f6ea7b2f4c39f76f46945b3c4063aed90",
        "initiator": {
            "columnNumber": 8,
            "lineNumber": 2448,
            "type": "parser",
            "url": "https://refresher.cz/"
        },
        "requested_for": "https://refresher.cz/"
    },
    {
        "time": 237219.461419,
        "requested_resource": "https://refstatic.sk/article/KVIZ-Jak-dobre-si-pamatujes-si-ucitele-a-ucitelky-z-ceskych-filmu~aaee2c4fdea5ef7b99db.jpg?is=400x250c&ic=52x0x611x382&s=0cf920417dcb45e3086218c21a0d884b93b745e45f85ac19ca514c89e8612f35",
        "initiator": {
            "columnNumber": 8,
            "lineNumber": 2448,
            "type": "parser",
            "url": "https://refresher.cz/"
        },
        "requested_for": "https://refresher.cz/"
    },
    {
        "time": 237219.461466,
        "requested_resource": "https://refstatic.sk/article/Od-Kanyeho-Westa-k-Ye-Podivej-se-na-shrnuti-nejkontroverznejsich-kauz-slavneho-rappera~7ef6a235b33324324b6d.jpg?is=400x250c&ic=19x0x1152x720&s=794a32d08de1f33574b2a16b54b62ba94ee355d456c3fec73cecc186f308e917",
        "initiator": {
            "columnNumber": 8,
            "lineNumber": 2448,
            "type": "parser",
            "url": "https://refresher.cz/"
        },
        "requested_for": "https://refresher.cz/"
    },
    {
        "time": 237219.461521,
        "requested_resource": "https://refstatic.sk/article/Refresher-Art-Jan-Bican-vystavuje-v-Hongkongu-a-upcycluje-pro-prazsky-sekac-Chci-pretvaret-svet-na-chodici-galerii-rika~82ae2c3e9061278077f7.jpg?is=400x250c&s=f12d71c44347ae068990417be02a8eb8722c6d8c8029a8e554ec08ad2623b9f3",
        "initiator": {
            "columnNumber": 8,
            "lineNumber": 2448,
            "type": "parser",
            "url": "https://refresher.cz/"
        },
        "requested_for": "https://refresher.cz/"
    },
    {
        "time": 237219.461558,
        "requested_resource": "https://refstatic.sk/article/Jak-zni-Mike-Trafik-bez-PSH-Slyseli-jsme-jeho-solove-album-Melodrama-jako-prvni~76f01d0cc45bcbf0175f.jpg?is=400x250c&ic=0x329x2048x1280&s=457b2ffc43613f1dc1823660c084c76d04c8a801805cfb3c894b84328a7a276e",
        "initiator": {
            "columnNumber": 8,
            "lineNumber": 2448,
            "type": "parser",
            "url": "https://refresher.cz/"
        },
        "requested_for": "https://refresher.cz/"
    },
    {
        "time": 237219.461591,
        "requested_resource": "https://refstatic.sk/article/Mlade-zeny-si-s-nami-promluvily-o-toxickych-vztazich-Mel-nepredvidatelne-vybuchy-hnevu-verila-jsem-ze-je-to-moje-chyba~017890b0ec6ae7a9e0e2.jpg?is=400x250c&ic=61x0x1152x720&s=d9299dee7a19960a5defd4c6b4ece4e1fa81a4c29755ba1795a9f3fb1c36c66b",
        "initiator": {
            "columnNumber": 8,
            "lineNumber": 2448,
            "type": "parser",
            "url": "https://refresher.cz/"
        },
        "requested_for": "https://refresher.cz/"
    },
    {
        "time": 237219.46164,
        "requested_resource": "https://refstatic.sk/article/Pet-duvodu-proc-se-tesit-na-novou-sezonu-F1-Kdo-ma-nejvetsi-sanci-vyhrat-titul~d4b551e1df3f1ff73935.jpg?is=400x250c&ic=92x0x1728x1080&s=c717907f5ac15dd42ef94b384fa5e2a26ff9a12c5c44bcaacf4fd77ed7602cdb",
        "initiator": {
            "columnNumber": 8,
            "lineNumber": 2448,
            "type": "parser",
            "url": "https://refresher.cz/"
        },
        "requested_for": "https://refresher.cz/"
    },
    {
        "time": 237219.461686,
        "requested_resource": "https://refstatic.sk/article/Tenisky-do-3-tisic-Kc-ve-kterych-ohromis-Mrkni-na-nove-New-Balance-vintage-adidas-ci-popularni-Asics~60615c1760e14984e518.jpg?is=400x250c&ic=0x213x1080x675&s=c0e67dd09ff3cbb3d9e9e61a34e23f423a35c3edb18404b5373cf8e9ec7c45de",
        "initiator": {
            "columnNumber": 8,
            "lineNumber": 2448,
            "type": "parser",
            "url": "https://refresher.cz/"
        },
        "requested_for": "https://refresher.cz/"
    },
    {
        "time": 237219.461706,
        "requested_resource": "https://refstatic.sk/article/Boty-ktere-ovladnou-prvni-polovinu-roku-2025-Techto-pet-stylu-uvidis-vsude~74e61761601be2e1da4f.jpg?is=270x360c&ic=793x0x782x1043&s=73d323fbe7db3c67861f084133e45a95a4b7e0b4eb8605fc19eb9acc8c543615",
        "initiator": {
            "columnNumber": 8,
            "lineNumber": 2448,
            "type": "parser",
            "url": "https://refresher.cz/"
        },
        "requested_for": "https://refresher.cz/"
    },
    {
        "time": 237219.461725,
        "requested_resource": "https://refstatic.sk/article/KVIZ-Jak-dobre-si-pamatujes-si-ucitele-a-ucitelky-z-ceskych-filmu~aaee2c4fdea5ef7b99db.jpg?is=270x360c&ic=84x0x286x382&s=fdc6b12f609c32c39b855ba9ce629a637ba5d97e00fb12565b3cecc57e0abe6e",
        "initiator": {
            "columnNumber": 8,
            "lineNumber": 2448,
            "type": "parser",
            "url": "https://refresher.cz/"
        },
        "requested_for": "https://refresher.cz/"
    },
    {
        "time": 237219.461746,
        "requested_resource": "https://refstatic.sk/article/Velky-test-mlecnych-cokolad-kvalitni-mela-horkou-pachut-vyhrala-stylovka-Jak-dopadla-Milka~5c15d86bab0928d5c96f.jpg?is=270x360c&ic=686x16x1169x1559&s=4a1013684e61894bdf31c99bf1e91be32f5c4937d96392f2e808dc77613de95a",
        "initiator": {
            "columnNumber": 8,
            "lineNumber": 2448,
            "type": "parser",
            "url": "https://refresher.cz/"
        },
        "requested_for": "https://refresher.cz/"
    },
    {
        "time": 237219.461764,
        "requested_resource": "https://refstatic.sk/article/Vlny-ale-jako-serial-Na-Netflix-miri-chvaleny-cesky-thriller-o-udalostech-roku-1989~508ba99b1b126e547f81.jpg?is=270x360c&ic=135x0x324x432&s=f3f23fff6133f7fd041f026abb7ff19ae0b8066c7833291eee2b3f83135ef841",
        "initiator": {
            "columnNumber": 8,
            "lineNumber": 2448,
            "type": "parser",
            "url": "https://refresher.cz/"
        },
        "requested_for": "https://refresher.cz/"
    },
    {
        "time": 237219.477996,
        "requested_resource": "https://refresher.cz/static/js/external/oneTrust_production/scripttemplates/202501.1.0/otBannerSdk.js",
        "initiator": {
            "stack": {
                "callFrames": [
                    {
                        "columnNumber": 11162,
                        "functionName": "f.jsonp",
                        "lineNumber": 0,
                        "scriptId": "19",
                        "url": "https://refresher.cz/static/js/external/oneTrust_production/scripttemplates/otSDKStub.js?v=1737643174"
                    }
                ]
            },
            "type": "script"
        },
        "requested_for": "https://refresher.cz/"
    },
    {
        "time": 237219.49194,
        "requested_resource": "https://refresher.cz/176842-A-AP-Rocky-je-prvnim-kreativnim-reditelem-v-historii-znacky-Ray-Ban/gallery/amp?player",
        "initiator": {
            "stack": {
                "callFrames": [
                    {
                        "columnNumber": 48277,
                        "functionName": "i.xm",
                        "lineNumber": 1,
                        "scriptId": "34",
                        "url": "https://cdn.ampproject.org/amp-story-player-v0.js"
                    }
                ]
            },
            "type": "script"
        },
        "requested_for": "https://refresher.cz/176842-A-AP-Rocky-je-prvnim-kreativnim-reditelem-v-historii-znacky-Ray-Ban/gallery/amp?player"
    },
    {
        "time": 237219.557371,
        "requested_resource": "https://cdn.ampproject.org/v0.js",
        "initiator": {
            "columnNumber": 195,
            "lineNumber": 2,
            "type": "parser",
            "url": "https://refresher.cz/176842-A-AP-Rocky-je-prvnim-kreativnim-reditelem-v-historii-znacky-Ray-Ban/gallery/amp?player"
        },
        "requested_for": "https://refresher.cz/176842-A-AP-Rocky-je-prvnim-kreativnim-reditelem-v-historii-znacky-Ray-Ban/gallery/amp?player"
    },
    {
        "time": 237219.557514,
        "requested_resource": "https://cdn.ampproject.org/v0/amp-story-1.0.js",
        "initiator": {
            "columnNumber": 298,
            "lineNumber": 2,
            "type": "parser",
            "url": "https://refresher.cz/176842-A-AP-Rocky-je-prvnim-kreativnim-reditelem-v-historii-znacky-Ray-Ban/gallery/amp?player"
        },
        "requested_for": "https://refresher.cz/176842-A-AP-Rocky-je-prvnim-kreativnim-reditelem-v-historii-znacky-Ray-Ban/gallery/amp?player"
    },
    {
        "time": 237219.557568,
        "requested_resource": "https://cdn.ampproject.org/v0/amp-story-auto-ads-0.1.js",
        "initiator": {
            "columnNumber": 419,
            "lineNumber": 2,
            "type": "parser",
            "url": "https://refresher.cz/176842-A-AP-Rocky-je-prvnim-kreativnim-reditelem-v-historii-znacky-Ray-Ban/gallery/amp?player"
        },
        "requested_for": "https://refresher.cz/176842-A-AP-Rocky-je-prvnim-kreativnim-reditelem-v-historii-znacky-Ray-Ban/gallery/amp?player"
    },
    {
        "time": 237219.557596,
        "requested_resource": "https://cdn.ampproject.org/v0/amp-story-auto-analytics-0.1.js",
        "initiator": {
            "columnNumber": 552,
            "lineNumber": 2,
            "type": "parser",
            "url": "https://refresher.cz/176842-A-AP-Rocky-je-prvnim-kreativnim-reditelem-v-historii-znacky-Ray-Ban/gallery/amp?player"
        },
        "requested_for": "https://refresher.cz/176842-A-AP-Rocky-je-prvnim-kreativnim-reditelem-v-historii-znacky-Ray-Ban/gallery/amp?player"
    },
    {
        "time": 237219.557621,
        "requested_resource": "https://cdn.ampproject.org/v0/amp-analytics-0.1.js",
        "initiator": {
            "columnNumber": 663,
            "lineNumber": 2,
            "type": "parser",
            "url": "https://refresher.cz/176842-A-AP-Rocky-je-prvnim-kreativnim-reditelem-v-historii-znacky-Ray-Ban/gallery/amp?player"
        },
        "requested_for": "https://refresher.cz/176842-A-AP-Rocky-je-prvnim-kreativnim-reditelem-v-historii-znacky-Ray-Ban/gallery/amp?player"
    },
    {
        "time": 237219.557644,
        "requested_resource": "https://fonts.googleapis.com/css?family=Inter:300,400,800",
        "initiator": {
            "columnNumber": 760,
            "lineNumber": 2,
            "type": "parser",
            "url": "https://refresher.cz/176842-A-AP-Rocky-je-prvnim-kreativnim-reditelem-v-historii-znacky-Ray-Ban/gallery/amp?player"
        },
        "requested_for": "https://refresher.cz/176842-A-AP-Rocky-je-prvnim-kreativnim-reditelem-v-historii-znacky-Ray-Ban/gallery/amp?player"
    },
    {
        "time": 237219.574456,
        "requested_resource": "https://refresher.cz/static/js/external/oneTrust_production/consent/6c51c9b6-738a-4c97-86e0-a2c75f374d44/01949321-32a3-7efc-9525-6bb0f6d31160/en.json",
        "initiator": {
            "stack": {
                "callFrames": [
                    {
                        "columnNumber": 49618,
                        "functionName": "",
                        "lineNumber": 6,
                        "scriptId": "39",
                        "url": "https://refresher.cz/static/js/external/oneTrust_production/scripttemplates/202501.1.0/otBannerSdk.js"
                    }
                ]
            },
            "type": "script"
        },
        "requested_for": "https://refresher.cz/"
    },
    {
        "time": 237219.574643,
        "requested_resource": "https://cdn.cookielaw.org/vendorlist/iab2V2Data.json",
        "initiator": {
            "stack": {
                "callFrames": [
                    {
                        "columnNumber": 49618,
                        "functionName": "",
                        "lineNumber": 6,
                        "scriptId": "39",
                        "url": "https://refresher.cz/static/js/external/oneTrust_production/scripttemplates/202501.1.0/otBannerSdk.js"
                    }
                ]
            },
            "type": "script"
        },
        "requested_for": "https://refresher.cz/"
    },
    {
        "time": 237219.575101,
        "requested_resource": "https://refresher.cz/static/js/external/oneTrust_production/scripttemplates/202501.1.0/otTCF.js",
        "initiator": {
            "stack": {
                "callFrames": [
                    {
                        "columnNumber": 53910,
                        "functionName": "Mt.jsonp",
                        "lineNumber": 6,
                        "scriptId": "39",
                        "url": "https://refresher.cz/static/js/external/oneTrust_production/scripttemplates/202501.1.0/otBannerSdk.js"
                    }
                ]
            },
            "type": "script"
        },
        "requested_for": "https://refresher.cz/"
    },
    {
        "time": 237219.675557,
        "requested_resource": "https://refresher.cz/static/js/external/oneTrust_production/scripttemplates/202501.1.0/assets/otCenterRounded.json",
        "initiator": {
            "stack": {
                "callFrames": [
                    {
                        "columnNumber": 49618,
                        "functionName": "",
                        "lineNumber": 6,
                        "scriptId": "39",
                        "url": "https://refresher.cz/static/js/external/oneTrust_production/scripttemplates/202501.1.0/otBannerSdk.js"
                    }
                ]
            },
            "type": "script"
        },
        "requested_for": "https://refresher.cz/"
    },
    {
        "time": 237219.675733,
        "requested_resource": "https://refresher.cz/static/js/external/oneTrust_production/scripttemplates/202501.1.0/assets/otCommonStyles.css",
        "initiator": {
            "stack": {
                "callFrames": [
                    {
                        "columnNumber": 49618,
                        "functionName": "",
                        "lineNumber": 6,
                        "scriptId": "39",
                        "url": "https://refresher.cz/static/js/external/oneTrust_production/scripttemplates/202501.1.0/otBannerSdk.js"
                    }
                ]
            },
            "type": "script"
        },
        "requested_for": "https://refresher.cz/"
    },
    {
        "time": 237219.70714,
        "requested_resource": "https://refstatic.sk/article/1ec36600481b2652d461.jpg?is=720x960&ic=290x0x350x623&s=ea8e887ea3286e242bb71dea9758b7c74ce5cfa7808ba0a626be3282af2fce56",
        "initiator": {
            "columnNumber": 171,
            "lineNumber": 112,
            "type": "parser",
            "url": "https://refresher.cz/176842-A-AP-Rocky-je-prvnim-kreativnim-reditelem-v-historii-znacky-Ray-Ban/gallery/amp?player"
        },
        "requested_for": "https://refresher.cz/176842-A-AP-Rocky-je-prvnim-kreativnim-reditelem-v-historii-znacky-Ray-Ban/gallery/amp?player"
    },
    {
        "time": 237219.714964,
        "requested_resource": "https://refresher.cz/build/fonts/Inter-Bold.f37ee506.woff2",
        "initiator": {
            "type": "parser",
            "url": "https://refresher.cz/build/redesign.88fae865.css"
        },
        "requested_for": "https://refresher.cz/"
    },
    {
        "time": 237219.747876,
        "requested_resource": "https://refresher.cz/build/images/icon-carousel-pagination-active.5a4ffdc5.svg",
        "initiator": {
            "type": "parser",
            "url": "https://refresher.cz/build/homepage.2dbbdc89.css"
        },
        "requested_for": "https://refresher.cz/"
    },
    {
        "time": 237219.74795,
        "requested_resource": "https://refresher.cz/build/images/icon-carousel-pagination.085d410d.svg",
        "initiator": {
            "type": "parser",
            "url": "https://refresher.cz/build/homepage.2dbbdc89.css"
        },
        "requested_for": "https://refresher.cz/"
    },
    {
        "time": 237219.774276,
        "requested_resource": "https://refstatic.sk/article/Jak-zni-Mike-Trafik-bez-PSH-Slyseli-jsme-jeho-solove-album-Melodrama-jako-prvni~76f01d0cc45bcbf0175f.jpg?is=1000x300c&ic=0x354x2048x614&s=3536f89c51275e4576376e9ef21a4bf211c6f2690951ad055774015a15503ce4",
        "initiator": {
            "columnNumber": 8,
            "lineNumber": 2448,
            "type": "parser",
            "url": "https://refresher.cz/"
        },
        "requested_for": "https://refresher.cz/"
    },
    {
        "time": 237219.77435,
        "requested_resource": "https://refstatic.sk/article/Blizci-ti-muzou-zmenit-profilovku-i-odepsat-na-zpravy-Co-se-stane-s-tvymi-ucty-na-Instagramu-ci-TikToku-az-zemres~1fca34c7a14f137c8c6c.jpg?is=1000x300c&ic=0x420x1748x524&s=67f3bc31bbfecf94f018b520f5d9b21988cabfc55d2afb5fbb2e757510c0303d",
        "initiator": {
            "columnNumber": 8,
            "lineNumber": 2448,
            "type": "parser",
            "url": "https://refresher.cz/"
        },
        "requested_for": "https://refresher.cz/"
    },
    {
        "time": 237219.781614,
        "requested_resource": "https://fonts.gstatic.com/s/inter/v18/UcC73FwrK3iLTeHuS_nVMrMxCp50SjIa1ZL7.woff2",
        "initiator": {
            "type": "parser",
            "url": "https://fonts.googleapis.com/css?family=Inter:300,400,800"
        },
        "requested_for": "https://refresher.cz/176842-A-AP-Rocky-je-prvnim-kreativnim-reditelem-v-historii-znacky-Ray-Ban/gallery/amp?player"
    },
    {
        "time": 237219.781742,
        "requested_resource": "https://fonts.gstatic.com/s/inter/v18/UcC73FwrK3iLTeHuS_nVMrMxCp50SjIa25L7SUc.woff2",
        "initiator": {
            "type": "parser",
            "url": "https://fonts.googleapis.com/css?family=Inter:300,400,800"
        },
        "requested_for": "https://refresher.cz/176842-A-AP-Rocky-je-prvnim-kreativnim-reditelem-v-historii-znacky-Ray-Ban/gallery/amp?player"
    },
    {
        "time": 237219.78305,
        "requested_resource": "https://refresher.cz/manifest.json",
        "initiator": {
            "columnNumber": 8,
            "lineNumber": 2448,
            "type": "parser",
            "url": "https://refresher.cz/"
        },
        "requested_for": "https://refresher.cz/"
    },
    {
        "time": 237219.795834,
        "requested_resource": "https://refresher.cz/cdn-cgi/rum?",
        "initiator": {
            "stack": {
                "callFrames": [
                    {
                        "columnNumber": 9089,
                        "functionName": "t.sendObjectBeacon",
                        "lineNumber": 0,
                        "scriptId": "38",
                        "url": "https://static.cloudflareinsights.com/beacon.min.js/vcd15cbe7772f49c399c6a5babf22c1241717689176015"
                    }
                ]
            },
            "type": "script"
        },
        "requested_for": "https://refresher.cz/"
    },
    {
        "time": 237219.79612,
        "requested_resource": "https://refresher.cz/static/css/img/favicon-w.png",
        "initiator": {
            "type": "other"
        },
        "requested_for": "https://refresher.cz/"
    },
    {
        "time": 237219.820305,
        "requested_resource": "https://refresher.cz/static/css/img/favicon-b.png",
        "initiator": {
            "type": "other"
        },
        "requested_for": "https://refresher.cz/"
    },
    {
        "time": 237221.727443,
        "requested_resource": "https://cdn.ampproject.org/rtv/012502032353000/v0/amp-viewer-integration-0.1.js",
        "initiator": {
            "stack": {
                "callFrames": [
                    {
                        "columnNumber": 263755,
                        "functionName": "i.Tf",
                        "lineNumber": 1,
                        "scriptId": "42",
                        "url": "https://cdn.ampproject.org/v0.js"
                    }
                ]
            },
            "type": "script"
        },
        "requested_for": "https://refresher.cz/176842-A-AP-Rocky-je-prvnim-kreativnim-reditelem-v-historii-znacky-Ray-Ban/gallery/amp?player"
    },
    {
        "time": 237221.728271,
        "requested_resource": "https://cdn.ampproject.org/rtv/012502032353000/v0/amp-animation-0.1.js",
        "initiator": {
            "stack": {
                "callFrames": [
                    {
                        "columnNumber": 263755,
                        "functionName": "i.Tf",
                        "lineNumber": 1,
                        "scriptId": "42",
                        "url": "https://cdn.ampproject.org/v0.js"
                    }
                ]
            },
            "type": "script"
        },
        "requested_for": "https://refresher.cz/176842-A-AP-Rocky-je-prvnim-kreativnim-reditelem-v-historii-znacky-Ray-Ban/gallery/amp?player"
    },
    {
        "time": 237221.728869,
        "requested_resource": "https://cdn.ampproject.org/rtv/012502032353000/v0/amp-story.cs.json?__amp_source_origin=https%3A%2F%2Frefresher.cz",
        "initiator": {
            "stack": {
                "callFrames": [
                    {
                        "columnNumber": 126471,
                        "functionName": "",
                        "lineNumber": 1,
                        "scriptId": "42",
                        "url": "https://cdn.ampproject.org/v0.js"
                    }
                ]
            },
            "type": "script"
        },
        "requested_for": "https://refresher.cz/176842-A-AP-Rocky-je-prvnim-kreativnim-reditelem-v-historii-znacky-Ray-Ban/gallery/amp?player"
    },
    {
        "time": 237221.749119,
        "requested_resource": "data:image/svg+xml;charset=utf-8,<svg xmlns=\"http://www.w3.org/2000/svg\" width=\"48\" height=\"48\" fill=\"none\"><path fill=\"%23fff\" d=\"m21.1 25.4 9.87-9.86 1.42 1.42-9.86 9.87z\"/><path stroke=\"%23fff\" stroke-linecap=\"round\" stroke-width=\"1.9\" d=\"m16.85 19.82 15.33-4.14c.04 0 .07.03.06.06l-4.02 15.34a1.6 1.6 0 0 1-2.97.33l-2.93-5.73-5.77-2.88a1.6 1.6 0 0 1 .3-2.98Z\"/></svg>",
        "initiator": {
            "type": "other"
        },
        "requested_for": "https://refresher.cz/176842-A-AP-Rocky-je-prvnim-kreativnim-reditelem-v-historii-znacky-Ray-Ban/gallery/amp?player"
    },
    {
        "time": 237221.768289,
        "requested_resource": "https://refresher.cz/176815-Druha-rada-romantickeho-hitu-od-Netflixu-nabira-hvezdnou-posilu/gallery/amp?player",
        "initiator": {
            "stack": {
                "callFrames": [
                    {
                        "columnNumber": 48277,
                        "functionName": "i.xm",
                        "lineNumber": 1,
                        "scriptId": "34",
                        "url": "https://cdn.ampproject.org/amp-story-player-v0.js"
                    }
                ]
            },
            "type": "script"
        },
        "requested_for": "https://refresher.cz/176815-Druha-rada-romantickeho-hitu-od-Netflixu-nabira-hvezdnou-posilu/gallery/amp?player"
    },
    {
        "time": 237221.795376,
        "requested_resource": "data:image/svg+xml;charset=utf-8,<svg xmlns=\"http://www.w3.org/2000/svg\" width=\"48\" height=\"48\" fill=\"none\"><rect width=\"1.84\" height=\"18.84\" x=\"16.68\" y=\"18\" fill=\"%23fff\" rx=\".92\" transform=\"rotate(-45 16.68 18)\"/><rect width=\"1.84\" height=\"18.84\" x=\"30\" y=\"16.7\" fill=\"%23fff\" rx=\".92\" transform=\"rotate(45 30 16.7)\"/></svg>",
        "initiator": {
            "type": "other"
        },
        "requested_for": "https://refresher.cz/176842-A-AP-Rocky-je-prvnim-kreativnim-reditelem-v-historii-znacky-Ray-Ban/gallery/amp?player"
    },
    {
        "time": 237221.823051,
        "requested_resource": "https://cdn.ampproject.org/v0.js",
        "initiator": {
            "columnNumber": 191,
            "lineNumber": 2,
            "type": "parser",
            "url": "https://refresher.cz/176815-Druha-rada-romantickeho-hitu-od-Netflixu-nabira-hvezdnou-posilu/gallery/amp?player"
        },
        "requested_for": "https://refresher.cz/176815-Druha-rada-romantickeho-hitu-od-Netflixu-nabira-hvezdnou-posilu/gallery/amp?player"
    },
    {
        "time": 237221.823126,
        "requested_resource": "https://cdn.ampproject.org/v0/amp-story-1.0.js",
        "initiator": {
            "columnNumber": 294,
            "lineNumber": 2,
            "type": "parser",
            "url": "https://refresher.cz/176815-Druha-rada-romantickeho-hitu-od-Netflixu-nabira-hvezdnou-posilu/gallery/amp?player"
        },
        "requested_for": "https://refresher.cz/176815-Druha-rada-romantickeho-hitu-od-Netflixu-nabira-hvezdnou-posilu/gallery/amp?player"
    },
    {
        "time": 237221.823147,
        "requested_resource": "https://cdn.ampproject.org/v0/amp-story-auto-ads-0.1.js",
        "initiator": {
            "columnNumber": 415,
            "lineNumber": 2,
            "type": "parser",
            "url": "https://refresher.cz/176815-Druha-rada-romantickeho-hitu-od-Netflixu-nabira-hvezdnou-posilu/gallery/amp?player"
        },
        "requested_for": "https://refresher.cz/176815-Druha-rada-romantickeho-hitu-od-Netflixu-nabira-hvezdnou-posilu/gallery/amp?player"
    },
    {
        "time": 237221.823164,
        "requested_resource": "https://cdn.ampproject.org/v0/amp-story-auto-analytics-0.1.js",
        "initiator": {
            "columnNumber": 548,
            "lineNumber": 2,
            "type": "parser",
            "url": "https://refresher.cz/176815-Druha-rada-romantickeho-hitu-od-Netflixu-nabira-hvezdnou-posilu/gallery/amp?player"
        },
        "requested_for": "https://refresher.cz/176815-Druha-rada-romantickeho-hitu-od-Netflixu-nabira-hvezdnou-posilu/gallery/amp?player"
    },
    {
        "time": 237221.823181,
        "requested_resource": "https://cdn.ampproject.org/v0/amp-analytics-0.1.js",
        "initiator": {
            "columnNumber": 659,
            "lineNumber": 2,
            "type": "parser",
            "url": "https://refresher.cz/176815-Druha-rada-romantickeho-hitu-od-Netflixu-nabira-hvezdnou-posilu/gallery/amp?player"
        },
        "requested_for": "https://refresher.cz/176815-Druha-rada-romantickeho-hitu-od-Netflixu-nabira-hvezdnou-posilu/gallery/amp?player"
    },
    {
        "time": 237221.823199,
        "requested_resource": "https://fonts.googleapis.com/css?family=Inter:300,400,800",
        "initiator": {
            "columnNumber": 756,
            "lineNumber": 2,
            "type": "parser",
            "url": "https://refresher.cz/176815-Druha-rada-romantickeho-hitu-od-Netflixu-nabira-hvezdnou-posilu/gallery/amp?player"
        },
        "requested_for": "https://refresher.cz/176815-Druha-rada-romantickeho-hitu-od-Netflixu-nabira-hvezdnou-posilu/gallery/amp?player"
    },
    {
        "time": 237221.827208,
        "requested_resource": "https://fonts.gstatic.com/s/inter/v18/UcC73FwrK3iLTeHuS_nVMrMxCp50SjIa1ZL7.woff2",
        "initiator": {
            "type": "parser",
            "url": "https://fonts.googleapis.com/css?family=Inter:300,400,800"
        },
        "requested_for": "https://refresher.cz/176815-Druha-rada-romantickeho-hitu-od-Netflixu-nabira-hvezdnou-posilu/gallery/amp?player"
    },
    {
        "time": 237221.828305,
        "requested_resource": "https://fonts.gstatic.com/s/inter/v18/UcC73FwrK3iLTeHuS_nVMrMxCp50SjIa25L7SUc.woff2",
        "initiator": {
            "type": "parser",
            "url": "https://fonts.googleapis.com/css?family=Inter:300,400,800"
        },
        "requested_for": "https://refresher.cz/176815-Druha-rada-romantickeho-hitu-od-Netflixu-nabira-hvezdnou-posilu/gallery/amp?player"
    },
    {
        "time": 237221.85636,
        "requested_resource": "https://cdn.ampproject.org/rtv/012502032353000/v0/amp-loader-0.1.js",
        "initiator": {
            "stack": {
                "callFrames": [
                    {
                        "columnNumber": 263755,
                        "functionName": "i.Tf",
                        "lineNumber": 1,
                        "scriptId": "42",
                        "url": "https://cdn.ampproject.org/v0.js"
                    }
                ]
            },
            "type": "script"
        },
        "requested_for": "https://refresher.cz/176815-Druha-rada-romantickeho-hitu-od-Netflixu-nabira-hvezdnou-posilu/gallery/amp?player"
    },
    {
        "time": 237221.863729,
        "requested_resource": "https://refstatic.sk/article/5009609736918cd36e87.jpg?is=720x960&ic=134x0x1440x2560&s=c328c2682f507c4ee315e06f58472d827a9e5ffa1f3551b5e55baf0224fc8a88",
        "initiator": {
            "type": "other"
        },
        "requested_for": "https://refresher.cz/176815-Druha-rada-romantickeho-hitu-od-Netflixu-nabira-hvezdnou-posilu/gallery/amp?player"
    },
    {
        "time": 237223.87276,
        "requested_resource": "https://cdn.ampproject.org/rtv/012502032353000/v0/amp-viewer-integration-0.1.js",
        "initiator": {
            "stack": {
                "callFrames": [
                    {
                        "columnNumber": 263755,
                        "functionName": "i.Tf",
                        "lineNumber": 1,
                        "scriptId": "42",
                        "url": "https://cdn.ampproject.org/v0.js"
                    }
                ]
            },
            "type": "script"
        },
        "requested_for": "https://refresher.cz/176815-Druha-rada-romantickeho-hitu-od-Netflixu-nabira-hvezdnou-posilu/gallery/amp?player"
    },
    {
        "time": 237223.873219,
        "requested_resource": "https://cdn.ampproject.org/rtv/012502032353000/v0/amp-animation-0.1.js",
        "initiator": {
            "stack": {
                "callFrames": [
                    {
                        "columnNumber": 263755,
                        "functionName": "i.Tf",
                        "lineNumber": 1,
                        "scriptId": "42",
                        "url": "https://cdn.ampproject.org/v0.js"
                    }
                ]
            },
            "type": "script"
        },
        "requested_for": "https://refresher.cz/176815-Druha-rada-romantickeho-hitu-od-Netflixu-nabira-hvezdnou-posilu/gallery/amp?player"
    },
    {
        "time": 237223.873425,
        "requested_resource": "https://cdn.ampproject.org/rtv/012502032353000/v0/amp-story.cs.json?__amp_source_origin=https%3A%2F%2Frefresher.cz",
        "initiator": {
            "stack": {
                "callFrames": [
                    {
                        "columnNumber": 126471,
                        "functionName": "",
                        "lineNumber": 1,
                        "scriptId": "42",
                        "url": "https://cdn.ampproject.org/v0.js"
                    }
                ]
            },
            "type": "script"
        },
        "requested_for": "https://refresher.cz/176815-Druha-rada-romantickeho-hitu-od-Netflixu-nabira-hvezdnou-posilu/gallery/amp?player"
    },
    {
        "time": 237223.890142,
        "requested_resource": "data:image/svg+xml;charset=utf-8,<svg xmlns=\"http://www.w3.org/2000/svg\" width=\"48\" height=\"48\" fill=\"none\"><path fill=\"%23fff\" d=\"m21.1 25.4 9.87-9.86 1.42 1.42-9.86 9.87z\"/><path stroke=\"%23fff\" stroke-linecap=\"round\" stroke-width=\"1.9\" d=\"m16.85 19.82 15.33-4.14c.04 0 .07.03.06.06l-4.02 15.34a1.6 1.6 0 0 1-2.97.33l-2.93-5.73-5.77-2.88a1.6 1.6 0 0 1 .3-2.98Z\"/></svg>",
        "initiator": {
            "type": "other"
        },
        "requested_for": "https://refresher.cz/176815-Druha-rada-romantickeho-hitu-od-Netflixu-nabira-hvezdnou-posilu/gallery/amp?player"
    },
    {
        "time": 237223.912063,
        "requested_resource": "data:image/svg+xml;charset=utf-8,<svg xmlns=\"http://www.w3.org/2000/svg\" width=\"48\" height=\"48\" fill=\"none\"><rect width=\"1.84\" height=\"18.84\" x=\"16.68\" y=\"18\" fill=\"%23fff\" rx=\".92\" transform=\"rotate(-45 16.68 18)\"/><rect width=\"1.84\" height=\"18.84\" x=\"30\" y=\"16.7\" fill=\"%23fff\" rx=\".92\" transform=\"rotate(45 30 16.7)\"/></svg>",
        "initiator": {
            "type": "other"
        },
        "requested_for": "https://refresher.cz/176815-Druha-rada-romantickeho-hitu-od-Netflixu-nabira-hvezdnou-posilu/gallery/amp?player"
    },
    {
        "time": 237224.815198,
        "requested_resource": "https://refstatic.sk/article/Mlade-zeny-si-s-nami-promluvily-o-toxickych-vztazich-Mel-nepredvidatelne-vybuchy-hnevu-verila-jsem-ze-je-to-moje-chyba~017890b0ec6ae7a9e0e2.jpg?is=1000x300c&ic=6x170x1267x380&s=53aab1d2bb1b60e93223eafdaa18eba8b5d7a2ff022a4a16b4c54eda3a6a7175",
        "initiator": {
            "type": "other"
        },
        "requested_for": "https://refresher.cz/"
    }
]