[
    {
        "time": 237230.834137,
        "requested_resource": "https://finmag.cz/",
        "initiator": {
            "type": "other"
        },
        "requested_for": "https://finmag.cz/"
    },
    {
        "time": 237231.176774,
        "requested_resource": "https://www.finmag.cz/",
        "initiator": {
            "type": "other"
        },
        "requested_for": "https://www.finmag.cz/"
    },
    {
        "time": 237231.569738,
        "requested_resource": "https://static-css.pencdn.cz/css/fm/redesign2023/2025-02-20/finmag2023.min.css",
        "initiator": {
            "columnNumber": 987,
            "lineNumber": 1,
            "type": "parser",
            "url": "https://www.finmag.cz/"
        },
        "requested_for": "https://www.finmag.cz/"
    },
    {
        "time": 237231.569872,
        "requested_resource": "https://cdn.cpex.cz/cmp/v2/cpex-cmp.min.js",
        "initiator": {
            "columnNumber": 1382,
            "lineNumber": 1,
            "type": "parser",
            "url": "https://www.finmag.cz/"
        },
        "requested_for": "https://www.finmag.cz/"
    },
    {
        "time": 237231.569912,
        "requested_resource": "https://securepubads.g.doubleclick.net/tag/js/gpt.js",
        "initiator": {
            "columnNumber": 1513,
            "lineNumber": 1,
            "type": "parser",
            "url": "https://www.finmag.cz/"
        },
        "requested_for": "https://www.finmag.cz/"
    },
    {
        "time": 237231.569937,
        "requested_resource": "https://cdn.performax.cz/yi/adsbypx/px_autoads.css",
        "initiator": {
            "columnNumber": 127,
            "lineNumber": 45,
            "type": "parser",
            "url": "https://www.finmag.cz/"
        },
        "requested_for": "https://www.finmag.cz/"
    },
    {
        "time": 237231.569962,
        "requested_resource": "https://1gr.cz/js/uni/uni.js?rr=1739890821327",
        "initiator": {
            "columnNumber": 75,
            "lineNumber": 49,
            "type": "parser",
            "url": "https://www.finmag.cz/"
        },
        "requested_for": "https://www.finmag.cz/"
    },
    {
        "time": 237231.569985,
        "requested_resource": "https://1gr.cz/css/externi/reklama-mini.css?rr=1736344027687",
        "initiator": {
            "columnNumber": 8,
            "lineNumber": 52,
            "type": "parser",
            "url": "https://www.finmag.cz/"
        },
        "requested_for": "https://www.finmag.cz/"
    },
    {
        "time": 237231.570024,
        "requested_resource": "https://publisher.caroda.io/videoPlayer/caroda.min.js?ctok=0e08e3523042476366646da4e6a1",
        "initiator": {
            "columnNumber": 180,
            "lineNumber": 133,
            "type": "parser",
            "url": "https://www.finmag.cz/"
        },
        "requested_for": "https://www.finmag.cz/"
    },
    {
        "time": 237231.669679,
        "requested_resource": "https://sdk.privacy-center.org/9a8e2159-3781-4da1-9590-fbf86806f86e/loader.js?target=www.finmag.cz",
        "initiator": {
            "stack": {
                "callFrames": [
                    {
                        "columnNumber": 1951,
                        "functionName": "",
                        "lineNumber": 0,
                        "scriptId": "16",
                        "url": "https://cdn.cpex.cz/cmp/v2/cpex-cmp.min.js"
                    }
                ]
            },
            "type": "script"
        },
        "requested_for": "https://www.finmag.cz/"
    },
    {
        "time": 237231.824571,
        "requested_resource": "https://cdn.cpex.cz/package/cpex-package.min.js",
        "initiator": {
            "stack": {
                "callFrames": [
                    {
                        "columnNumber": 18,
                        "functionName": "",
                        "lineNumber": 68,
                        "scriptId": "21",
                        "url": "https://www.finmag.cz/"
                    }
                ]
            },
            "type": "script"
        },
        "requested_for": "https://www.finmag.cz/"
    },
    {
        "time": 237231.824911,
        "requested_resource": "https://spir.hit.gemius.pl/xgemius.js",
        "initiator": {
            "stack": {
                "callFrames": [
                    {
                        "columnNumber": 1033,
                        "functionName": "",
                        "lineNumber": 75,
                        "scriptId": "22",
                        "url": "https://www.finmag.cz/"
                    }
                ]
            },
            "type": "script"
        },
        "requested_for": "https://www.finmag.cz/"
    },
    {
        "time": 237231.825321,
        "requested_resource": "https://www.googletagmanager.com/gtm.js?id=GTM-NPZQKL6",
        "initiator": {
            "stack": {
                "callFrames": [
                    {
                        "columnNumber": 272,
                        "functionName": "",
                        "lineNumber": 197,
                        "scriptId": "27",
                        "url": "https://www.finmag.cz/"
                    }
                ]
            },
            "type": "script"
        },
        "requested_for": "https://www.finmag.cz/"
    },
    {
        "time": 237231.827118,
        "requested_resource": "https://static-css.pencdn.cz/css/fm/redesign2023/icons/finmag-icons.svg",
        "initiator": {
            "type": "parser",
            "url": "https://static-css.pencdn.cz/css/fm/redesign2023/2025-02-20/finmag2023.min.css"
        },
        "requested_for": "https://www.finmag.cz/"
    },
    {
        "time": 237231.828146,
        "requested_resource": "https://static-css.pencdn.cz/css/fm/redesign2023/fonts/RedHatDisplay-Medium.woff2",
        "initiator": {
            "type": "parser",
            "url": "https://static-css.pencdn.cz/css/fm/redesign2023/2025-02-20/finmag2023.min.css"
        },
        "requested_for": "https://www.finmag.cz/"
    },
    {
        "time": 237231.828311,
        "requested_resource": "https://static-css.pencdn.cz/css/fm/redesign2023/fonts/RedHatDisplay-Black.woff2",
        "initiator": {
            "type": "parser",
            "url": "https://static-css.pencdn.cz/css/fm/redesign2023/2025-02-20/finmag2023.min.css"
        },
        "requested_for": "https://www.finmag.cz/"
    },
    {
        "time": 237231.832368,
        "requested_resource": "https://static-css.pencdn.cz/css/fm/redesign2023/fonts/RedHatDisplay-MediumExt.woff2",
        "initiator": {
            "type": "parser",
            "url": "https://static-css.pencdn.cz/css/fm/redesign2023/2025-02-20/finmag2023.min.css"
        },
        "requested_for": "https://www.finmag.cz/"
    },
    {
        "time": 237231.837165,
        "requested_resource": "https://static-css.pencdn.cz/css/fm/redesign2023/fonts/RedHatDisplay-BlackExt.woff2",
        "initiator": {
            "type": "parser",
            "url": "https://static-css.pencdn.cz/css/fm/redesign2023/2025-02-20/finmag2023.min.css"
        },
        "requested_for": "https://www.finmag.cz/"
    },
    {
        "time": 237231.844109,
        "requested_resource": "https://static-css.pencdn.cz/javascript/jquery/jquery-3.5.1.min.js",
        "initiator": {
            "stack": {
                "callFrames": [
                    {
                        "columnNumber": 60,
                        "functionName": "AsyncLoad",
                        "lineNumber": 145,
                        "scriptId": "26",
                        "url": "https://www.finmag.cz/"
                    }
                ]
            },
            "type": "script"
        },
        "requested_for": "https://www.finmag.cz/"
    },
    {
        "time": 237231.845495,
        "requested_resource": "https://static-css.pencdn.cz/javascript/fm/redesign2023/2024-09-11/fm-global2023.js",
        "initiator": {
            "stack": {
                "callFrames": [
                    {
                        "columnNumber": 60,
                        "functionName": "AsyncLoad",
                        "lineNumber": 145,
                        "scriptId": "26",
                        "url": "https://www.finmag.cz/"
                    }
                ]
            },
            "type": "script"
        },
        "requested_for": "https://www.finmag.cz/"
    },
    {
        "time": 237231.845839,
        "requested_resource": "https://cdn.onesignal.com/sdks/web/v16/OneSignalSDK.page.js",
        "initiator": {
            "stack": {
                "callFrames": [
                    {
                        "columnNumber": 60,
                        "functionName": "AsyncLoad",
                        "lineNumber": 145,
                        "scriptId": "26",
                        "url": "https://www.finmag.cz/"
                    }
                ]
            },
            "type": "script"
        },
        "requested_for": "https://www.finmag.cz/"
    },
    {
        "time": 237231.867819,
        "requested_resource": "https://cdn.cpex.cz/settings/production/mafra.js",
        "initiator": {
            "stack": {
                "callFrames": [
                    {
                        "columnNumber": 1732,
                        "functionName": "",
                        "lineNumber": 0,
                        "scriptId": "38",
                        "url": "https://cdn.cpex.cz/package/cpex-package.min.js"
                    }
                ]
            },
            "type": "script"
        },
        "requested_for": "https://www.finmag.cz/"
    },
    {
        "time": 237231.868091,
        "requested_resource": "https://cdn.cpex.cz/settings/production/mafra/finmag.cz.js",
        "initiator": {
            "stack": {
                "callFrames": [
                    {
                        "columnNumber": 1732,
                        "functionName": "",
                        "lineNumber": 0,
                        "scriptId": "38",
                        "url": "https://cdn.cpex.cz/package/cpex-package.min.js"
                    }
                ]
            },
            "type": "script"
        },
        "requested_for": "https://www.finmag.cz/"
    },
    {
        "time": 237231.873926,
        "requested_resource": "https://static-css.pencdn.cz/images/finmag/kalendar/kalendar-icons.svg",
        "initiator": {
            "type": "parser",
            "url": "https://static-css.pencdn.cz/css/fm/redesign2023/2025-02-20/finmag2023.min.css"
        },
        "requested_for": "https://www.finmag.cz/"
    },
    {
        "time": 237231.874462,
        "requested_resource": "https://static-css.pencdn.cz/css/fm/redesign2023/fonts/RedHatDisplay-Bold.woff2",
        "initiator": {
            "type": "parser",
            "url": "https://static-css.pencdn.cz/css/fm/redesign2023/2025-02-20/finmag2023.min.css"
        },
        "requested_for": "https://www.finmag.cz/"
    },
    {
        "time": 237231.890476,
        "requested_resource": "https://static-css.pencdn.cz/css/fm/redesign2023/fonts/RedHatDisplay-BoldExt.woff2",
        "initiator": {
            "type": "parser",
            "url": "https://static-css.pencdn.cz/css/fm/redesign2023/2025-02-20/finmag2023.min.css"
        },
        "requested_for": "https://www.finmag.cz/"
    },
    {
        "time": 237231.918925,
        "requested_resource": "https://static-css.pencdn.cz/javascript/flickity-carusel/flickity.pkgd.min.js",
        "initiator": {
            "stack": {
                "callFrames": [
                    {
                        "columnNumber": 60,
                        "functionName": "AsyncLoad",
                        "lineNumber": 145,
                        "scriptId": "26",
                        "url": "https://www.finmag.cz/"
                    }
                ]
            },
            "type": "script"
        },
        "requested_for": "https://www.finmag.cz/"
    },
    {
        "time": 237231.919086,
        "requested_resource": "https://static-css.pencdn.cz/css/fm/redesign2023/icons/projekt-promo-zarovka.svg",
        "initiator": {
            "columnNumber": 26,
            "lineNumber": 383,
            "type": "parser",
            "url": "https://www.finmag.cz/"
        },
        "requested_for": "https://www.finmag.cz/"
    },
    {
        "time": 237231.919134,
        "requested_resource": "https://static-css.pencdn.cz/css/fm/redesign2023/icons/projekt-promo-penize.svg",
        "initiator": {
            "columnNumber": 26,
            "lineNumber": 383,
            "type": "parser",
            "url": "https://www.finmag.cz/"
        },
        "requested_for": "https://www.finmag.cz/"
    },
    {
        "time": 237231.919154,
        "requested_resource": "https://static-css.pencdn.cz/images/finmag/predplatne/finmag-titulka-popup_202412.webp",
        "initiator": {
            "columnNumber": 26,
            "lineNumber": 383,
            "type": "parser",
            "url": "https://www.finmag.cz/"
        },
        "requested_for": "https://www.finmag.cz/"
    },
    {
        "time": 237231.919172,
        "requested_resource": "https://js.pencdn.cz/acimage/w640-h416-c1/468298.jpg",
        "initiator": {
            "columnNumber": 26,
            "lineNumber": 383,
            "type": "parser",
            "url": "https://www.finmag.cz/"
        },
        "requested_for": "https://www.finmag.cz/"
    },
    {
        "time": 237231.919187,
        "requested_resource": "https://js.pencdn.cz/acimage/w640-h416-c1/468286.jpg",
        "initiator": {
            "columnNumber": 26,
            "lineNumber": 383,
            "type": "parser",
            "url": "https://www.finmag.cz/"
        },
        "requested_for": "https://www.finmag.cz/"
    },
    {
        "time": 237231.919202,
        "requested_resource": "https://js.pencdn.cz/acimage/w640-h416-c1/468247.jpg",
        "initiator": {
            "columnNumber": 26,
            "lineNumber": 383,
            "type": "parser",
            "url": "https://www.finmag.cz/"
        },
        "requested_for": "https://www.finmag.cz/"
    },
    {
        "time": 237231.919224,
        "requested_resource": "https://js.pencdn.cz/acimage/w640-h416-c1/468189.jpg",
        "initiator": {
            "columnNumber": 26,
            "lineNumber": 383,
            "type": "parser",
            "url": "https://www.finmag.cz/"
        },
        "requested_for": "https://www.finmag.cz/"
    },
    {
        "time": 237231.919239,
        "requested_resource": "https://js.pencdn.cz/acimage/w640-h416-c1/468157.jpg",
        "initiator": {
            "columnNumber": 26,
            "lineNumber": 383,
            "type": "parser",
            "url": "https://www.finmag.cz/"
        },
        "requested_for": "https://www.finmag.cz/"
    },
    {
        "time": 237231.919254,
        "requested_resource": "https://static-css.pencdn.cz/images/finmag/logo-akcenta1.svg",
        "initiator": {
            "columnNumber": 26,
            "lineNumber": 383,
            "type": "parser",
            "url": "https://www.finmag.cz/"
        },
        "requested_for": "https://www.finmag.cz/"
    },
    {
        "time": 237231.919271,
        "requested_resource": "https://js.pencdn.cz/acimage/w640-h416-c1/468030.jpg",
        "initiator": {
            "columnNumber": 26,
            "lineNumber": 383,
            "type": "parser",
            "url": "https://www.finmag.cz/"
        },
        "requested_for": "https://www.finmag.cz/"
    },
    {
        "time": 237231.919285,
        "requested_resource": "https://js.pencdn.cz/acimage/w640-h416-c1/468107.jpg",
        "initiator": {
            "columnNumber": 26,
            "lineNumber": 383,
            "type": "parser",
            "url": "https://www.finmag.cz/"
        },
        "requested_for": "https://www.finmag.cz/"
    },
    {
        "time": 237231.919303,
        "requested_resource": "https://js.pencdn.cz/acimage/w640-h416-c1/468040.jpg",
        "initiator": {
            "columnNumber": 26,
            "lineNumber": 383,
            "type": "parser",
            "url": "https://www.finmag.cz/"
        },
        "requested_for": "https://www.finmag.cz/"
    },
    {
        "time": 237231.940411,
        "requested_resource": "https://static-css.pencdn.cz/css/flags_2017-04-04a.css",
        "initiator": {
            "stack": {
                "callFrames": [
                    {
                        "columnNumber": 60,
                        "functionName": "cb",
                        "lineNumber": 165,
                        "scriptId": "26",
                        "url": "https://www.finmag.cz/"
                    }
                ]
            },
            "type": "script"
        },
        "requested_for": "https://www.finmag.cz/"
    },
    {
        "time": 237231.94053,
        "requested_resource": "https://static-css.pencdn.cz/css/flickity-carusel/flickity.css",
        "initiator": {
            "stack": {
                "callFrames": [
                    {
                        "columnNumber": 60,
                        "functionName": "cb",
                        "lineNumber": 165,
                        "scriptId": "26",
                        "url": "https://www.finmag.cz/"
                    }
                ]
            },
            "type": "script"
        },
        "requested_for": "https://www.finmag.cz/"
    },
    {
        "time": 237231.950955,
        "requested_resource": "https://ads.caroda.io/videoPlayer/caroda.min.js?ctok=0e08e3523042476366646da4e6a1&domain=finmag.cz&defer=true",
        "initiator": {
            "stack": {
                "callFrames": [
                    {
                        "columnNumber": 16,
                        "functionName": "",
                        "lineNumber": 58,
                        "scriptId": "44",
                        "url": "https://publisher.caroda.io/videoPlayer/caroda.min.js?ctok=0e08e3523042476366646da4e6a1"
                    }
                ]
            },
            "type": "script"
        },
        "requested_for": "https://www.finmag.cz/"
    },
    {
        "time": 237231.974612,
        "requested_resource": "https://securepubads.g.doubleclick.net/pagead/managed/js/gpt/m202502190101/pubads_impl.js?cb=31090515",
        "initiator": {
            "stack": {
                "callFrames": [
                    {
                        "columnNumber": 53963,
                        "functionName": "Kj",
                        "lineNumber": 10,
                        "scriptId": "40",
                        "url": "https://securepubads.g.doubleclick.net/tag/js/gpt.js"
                    }
                ]
            },
            "type": "script"
        },
        "requested_for": "https://www.finmag.cz/"
    },
    {
        "time": 237231.976586,
        "requested_resource": "https://static-css.pencdn.cz/javascript/fm/redesign2023/gam/2024-12-16_1/gam-fm.js",
        "initiator": {
            "stack": {
                "callFrames": [
                    {
                        "columnNumber": 60,
                        "functionName": "AsyncLoad",
                        "lineNumber": 145,
                        "scriptId": "26",
                        "url": "https://www.finmag.cz/"
                    }
                ]
            },
            "type": "script"
        },
        "requested_for": "https://www.finmag.cz/"
    },
    {
        "time": 237231.983138,
        "requested_resource": "https://www.penize.cz/javascript/jquery.countdown.js",
        "initiator": {
            "stack": {
                "callFrames": [
                    {
                        "columnNumber": 60,
                        "functionName": "AsyncLoad",
                        "lineNumber": 145,
                        "scriptId": "26",
                        "url": "https://www.finmag.cz/"
                    }
                ]
            },
            "type": "script"
        },
        "requested_for": "https://www.finmag.cz/"
    },
    {
        "time": 237231.984531,
        "requested_resource": "https://cdn.cpex.cz/hb/prebid/prebid.min.js",
        "initiator": {
            "stack": {
                "callFrames": [
                    {
                        "columnNumber": 1732,
                        "functionName": "",
                        "lineNumber": 0,
                        "scriptId": "38",
                        "url": "https://cdn.cpex.cz/package/cpex-package.min.js"
                    }
                ]
            },
            "type": "script"
        },
        "requested_for": "https://www.finmag.cz/"
    },
    {
        "time": 237231.985188,
        "requested_resource": "https://cdn.onesignal.com/sdks/web/v16/OneSignalSDK.page.es6.js?v=160301",
        "initiator": {
            "stack": {
                "callFrames": [
                    {
                        "columnNumber": 265,
                        "functionName": "t.addScriptToPage",
                        "lineNumber": 0,
                        "scriptId": "45",
                        "url": "https://cdn.onesignal.com/sdks/web/v16/OneSignalSDK.page.js"
                    }
                ]
            },
            "type": "script"
        },
        "requested_for": "https://www.finmag.cz/"
    },
    {
        "time": 237232.034024,
        "requested_resource": "https://static-css.pencdn.cz/css/images/flags-sprite_2015-10-12.png",
        "initiator": {
            "type": "parser",
            "url": "https://static-css.pencdn.cz/css/flags_2017-04-04a.css"
        },
        "requested_for": "https://www.finmag.cz/"
    },
    {
        "time": 237232.063963,
        "requested_resource": "https://www.penize.cz/css/jquery.countdown.css",
        "initiator": {
            "stack": {
                "callFrames": [
                    {
                        "columnNumber": 60,
                        "functionName": "cb",
                        "lineNumber": 165,
                        "scriptId": "26",
                        "url": "https://www.finmag.cz/"
                    }
                ]
            },
            "type": "script"
        },
        "requested_for": "https://www.finmag.cz/"
    },
    {
        "time": 237232.068036,
        "requested_resource": "https://www.finmag.cz/actions/getData.aspx?template=460994",
        "initiator": {
            "stack": {
                "callFrames": [
                    {
                        "columnNumber": 10,
                        "functionName": "LoadContent",
                        "lineNumber": 572,
                        "scriptId": "39",
                        "url": "https://static-css.pencdn.cz/javascript/fm/redesign2023/2024-09-11/fm-global2023.js"
                    }
                ]
            },
            "type": "script"
        },
        "requested_for": "https://www.finmag.cz/"
    },
    {
        "time": 237232.068631,
        "requested_resource": "https://securepubads.g.doubleclick.net/pagead/managed/dict/m202502200101/gpt",
        "initiator": {
            "columnNumber": 26,
            "lineNumber": 383,
            "type": "parser",
            "url": "https://www.finmag.cz/"
        },
        "requested_for": "https://www.finmag.cz/"
    },
    {
        "time": 237232.112782,
        "requested_resource": "https://js.pencdn.cz/acimage/w166-h166-c1/426496.jpg",
        "initiator": {
            "columnNumber": 26,
            "lineNumber": 383,
            "type": "parser",
            "url": "https://www.finmag.cz/"
        },
        "requested_for": "https://www.finmag.cz/"
    },
    {
        "time": 237232.112831,
        "requested_resource": "https://js.pencdn.cz/acimage/w166-h166-c1/466823.jpg",
        "initiator": {
            "columnNumber": 26,
            "lineNumber": 383,
            "type": "parser",
            "url": "https://www.finmag.cz/"
        },
        "requested_for": "https://www.finmag.cz/"
    },
    {
        "time": 237232.112864,
        "requested_resource": "https://js.pencdn.cz/acimage/w166-h166-c1/426109.jpg",
        "initiator": {
            "columnNumber": 26,
            "lineNumber": 383,
            "type": "parser",
            "url": "https://www.finmag.cz/"
        },
        "requested_for": "https://www.finmag.cz/"
    },
    {
        "time": 237232.112884,
        "requested_resource": "https://js.pencdn.cz/acimage/w166-h166-c1/427641.jpg",
        "initiator": {
            "columnNumber": 26,
            "lineNumber": 383,
            "type": "parser",
            "url": "https://www.finmag.cz/"
        },
        "requested_for": "https://www.finmag.cz/"
    },
    {
        "time": 237232.132429,
        "requested_resource": "https://onesignal.com/api/v1/sync/7491f8e6-000a-4ded-9941-885cdc7757df/web?callback=__jp0",
        "initiator": {
            "stack": {
                "callFrames": [
                    {
                        "columnNumber": 247402,
                        "functionName": "e.exports",
                        "lineNumber": 0,
                        "scriptId": "51",
                        "url": "https://cdn.onesignal.com/sdks/web/v16/OneSignalSDK.page.es6.js?v=160301"
                    }
                ]
            },
            "type": "script"
        },
        "requested_for": "https://www.finmag.cz/"
    },
    {
        "time": 237232.202229,
        "requested_resource": "https://sdk.privacy-center.org/sdk/169ca3ee90aab3f8a29c09a328c18e41acfef520/modern/sdk.169ca3ee90aab3f8a29c09a328c18e41acfef520.js",
        "initiator": {
            "stack": {
                "callFrames": [
                    {
                        "columnNumber": 100107,
                        "functionName": "e",
                        "lineNumber": 0,
                        "scriptId": "53",
                        "url": "https://sdk.privacy-center.org/9a8e2159-3781-4da1-9590-fbf86806f86e/loader.js?target=www.finmag.cz"
                    }
                ]
            },
            "type": "script"
        },
        "requested_for": "https://www.finmag.cz/"
    },
    {
        "time": 237232.241003,
        "requested_resource": "https://privacy.cpex.cz/global-cookies/169ca3ee90aab3f8a29c09a328c18e41acfef520/global-cookies.169ca3ee90aab3f8a29c09a328c18e41acfef520.html",
        "initiator": {
            "stack": {
                "callFrames": [
                    {
                        "columnNumber": 322285,
                        "functionName": "vs",
                        "lineNumber": 1,
                        "scriptId": "54",
                        "url": "https://sdk.privacy-center.org/sdk/169ca3ee90aab3f8a29c09a328c18e41acfef520/modern/sdk.169ca3ee90aab3f8a29c09a328c18e41acfef520.js"
                    }
                ]
            },
            "type": "script"
        },
        "requested_for": "https://privacy.cpex.cz/global-cookies/169ca3ee90aab3f8a29c09a328c18e41acfef520/global-cookies.169ca3ee90aab3f8a29c09a328c18e41acfef520.html"
    },
    {
        "time": 237232.300085,
        "requested_resource": "https://www.googletagmanager.com/gtag/js?id=G-0PK805VJEX&l=dataLayer&cx=c&gtm=45He52k0v9105889834za200",
        "initiator": {
            "stack": {
                "callFrames": [
                    {
                        "columnNumber": 482,
                        "functionName": "pc",
                        "lineNumber": 125,
                        "scriptId": "56",
                        "url": "https://www.googletagmanager.com/gtm.js?id=GTM-NPZQKL6"
                    }
                ]
            },
            "type": "script"
        },
        "requested_for": "https://www.finmag.cz/"
    },
    {
        "time": 237232.301132,
        "requested_resource": "https://www.googletagmanager.com/gtag/js?id=G-DY9GKFL4P7&l=dataLayer&cx=c&gtm=45He52k0v9105889834za200",
        "initiator": {
            "stack": {
                "callFrames": [
                    {
                        "columnNumber": 482,
                        "functionName": "pc",
                        "lineNumber": 125,
                        "scriptId": "56",
                        "url": "https://www.googletagmanager.com/gtm.js?id=GTM-NPZQKL6"
                    }
                ]
            },
            "type": "script"
        },
        "requested_for": "https://www.finmag.cz/"
    },
    {
        "time": 237232.304277,
        "requested_resource": "https://pagead2.googlesyndication.com/ccm/collect?en=page_view&dl=https%3A%2F%2Fwww.finmag.cz%2F&scrsrc=www.googletagmanager.com&frm=0&rnd=1938433329.1740225060&navt=n&npa=1&gtm=45He52k0v9105889834za200&gcs=G100&gcd=13p3p3p2p5l1&dma_cps=-&dma=1&tcfd=10001&tag_exp=101732279~101732281~102067808~102482433~102539968~102558064~102587591~102605417~102640600~102658453&tft=1740225059705&tfd=1470&apve=1",
        "initiator": {
            "stack": {
                "callFrames": [
                    {
                        "columnNumber": 322,
                        "functionName": "Cc",
                        "lineNumber": 129,
                        "scriptId": "56",
                        "url": "https://www.googletagmanager.com/gtm.js?id=GTM-NPZQKL6"
                    }
                ]
            },
            "type": "script"
        },
        "requested_for": "https://www.finmag.cz/"
    },
    {
        "time": 237232.305677,
        "requested_resource": "https://c.seznam.cz/js/rc.js",
        "initiator": {
            "stack": {
                "callFrames": [
                    {
                        "columnNumber": 482,
                        "functionName": "pc",
                        "lineNumber": 125,
                        "scriptId": "56",
                        "url": "https://www.googletagmanager.com/gtm.js?id=GTM-NPZQKL6"
                    }
                ]
            },
            "type": "script"
        },
        "requested_for": "https://www.finmag.cz/"
    },
    {
        "time": 237232.312329,
        "requested_resource": "https://www.googletagmanager.com/static/service_worker/5230/sw_iframe.html?origin=https%3A%2F%2Fwww.finmag.cz",
        "initiator": {
            "stack": {
                "callFrames": [
                    {
                        "columnNumber": 263,
                        "functionName": "q",
                        "lineNumber": 488,
                        "scriptId": "56",
                        "url": "https://www.googletagmanager.com/gtm.js?id=GTM-NPZQKL6"
                    }
                ]
            },
            "type": "script"
        },
        "requested_for": "https://www.googletagmanager.com/static/service_worker/5230/sw_iframe.html?origin=https%3A%2F%2Fwww.finmag.cz"
    },
    {
        "time": 237232.418526,
        "requested_resource": "https://www.googletagmanager.com/gtag/destination?id=AW-413548169&l=dataLayer&cx=c&gtm=45je52k0v899671546za200zb9105889834",
        "initiator": {
            "stack": {
                "callFrames": [
                    {
                        "columnNumber": 482,
                        "functionName": "pc",
                        "lineNumber": 197,
                        "scriptId": "64",
                        "url": "https://www.googletagmanager.com/gtag/js?id=G-0PK805VJEX&l=dataLayer&cx=c&gtm=45He52k0v9105889834za200"
                    }
                ]
            },
            "type": "script"
        },
        "requested_for": "https://www.finmag.cz/"
    },
    {
        "time": 237232.418871,
        "requested_resource": "https://www.googletagmanager.com/gtag/destination?id=AW-980090373&l=dataLayer&cx=c&gtm=45je52k0v899671546za200zb9105889834",
        "initiator": {
            "stack": {
                "callFrames": [
                    {
                        "columnNumber": 482,
                        "functionName": "pc",
                        "lineNumber": 197,
                        "scriptId": "64",
                        "url": "https://www.googletagmanager.com/gtag/js?id=G-0PK805VJEX&l=dataLayer&cx=c&gtm=45He52k0v9105889834za200"
                    }
                ]
            },
            "type": "script"
        },
        "requested_for": "https://www.finmag.cz/"
    },
    {
        "time": 237232.430002,
        "requested_resource": "https://region1.google-analytics.com/g/collect?v=2&tid=G-0PK805VJEX&gtm=45je52k0v899671546z89105889834za200zb9105889834&_p=1740225059226&gcs=G100&gcd=13p3pPp2p5l1&npa=1&dma_cps=-&dma=1&tcfd=10001&tag_exp=101732282~101732284~102067808~102482433~102539968~102558064~102587591~102605417~102640600~102658453&cid=1092486929.1740225060&ul=en-us&sr=2560x1440&uaa=x86&uab=64&uafvl=Chromium%3B133.0.6943.126%7CNot(A%253ABrand%3B99.0.0.0&uamb=0&uam=&uap=Windows&uapv=19.0.0&uaw=0&are=1&frm=0&pscdl=denied&_s=1&sid=1740225059&sct=1&seg=0&dl=https%3A%2F%2Fwww.finmag.cz%2F&dt=Podnik%C3%A1n%C3%AD%2C%20pen%C3%ADze%2C%20inspirace%20-%20Finmag.cz&en=page_view&_fv=1&_nsi=1&_ss=1&tfd=1596",
        "initiator": {
            "stack": {
                "callFrames": [
                    {
                        "columnNumber": 285,
                        "functionName": "Ec",
                        "lineNumber": 202,
                        "scriptId": "64",
                        "url": "https://www.googletagmanager.com/gtag/js?id=G-0PK805VJEX&l=dataLayer&cx=c&gtm=45He52k0v9105889834za200"
                    }
                ]
            },
            "type": "script"
        },
        "requested_for": "https://www.finmag.cz/"
    },
    {
        "time": 237232.698111,
        "requested_resource": "https://c.seznam.cz/retargeting?id=154824&url=https%3A%2F%2Fwww.finmag.cz%2F&consent=0",
        "initiator": {
            "columnNumber": 26,
            "lineNumber": 383,
            "type": "parser",
            "url": "https://www.finmag.cz/"
        },
        "requested_for": "https://www.finmag.cz/"
    },
    {
        "time": 237232.792258,
        "requested_resource": "https://1gr.cz/log/redir.aspx?log=hax&r=jsdomena_www.finmag.cz&from=https%3A%2F%2Fwww.finmag.cz%2F&ver=&url=https%3A%2F%2Fwww.finmag.cz%2F&rnd=0.4386697136267643",
        "initiator": {
            "type": "other"
        },
        "requested_for": "https://www.finmag.cz/"
    },
    {
        "time": 237232.799852,
        "requested_resource": "https://sdk.privacy-center.org/sdk/169ca3ee90aab3f8a29c09a328c18e41acfef520/modern/ui-web-cs-web.169ca3ee90aab3f8a29c09a328c18e41acfef520.js",
        "initiator": {
            "stack": {
                "callFrames": [
                    {
                        "columnNumber": 262993,
                        "functionName": "o.l",
                        "lineNumber": 1,
                        "scriptId": "54",
                        "url": "https://sdk.privacy-center.org/sdk/169ca3ee90aab3f8a29c09a328c18e41acfef520/modern/sdk.169ca3ee90aab3f8a29c09a328c18e41acfef520.js"
                    }
                ]
            },
            "type": "script"
        },
        "requested_for": "https://www.finmag.cz/"
    },
    {
        "time": 237232.815517,
        "requested_resource": "https://region1.google-analytics.com/g/collect?v=2&tid=G-DY9GKFL4P7&gtm=45je52k0v898750222z89105889834za200zb9105889834&_p=1740225059226&gcs=G100&gcd=13q3qPq2q5l1&npa=1&dma_cps=-&dma=1&tcfd=10001&tag_exp=101732279~101732281~102067808~102482433~102539968~102558064~102587591~102605417~102640600~102658453&cid=1092486929.1740225060&ul=en-us&sr=2560x1440&uaa=x86&uab=64&uafvl=Chromium%3B133.0.6943.126%7CNot(A%253ABrand%3B99.0.0.0&uamb=0&uam=&uap=Windows&uapv=19.0.0&uaw=0&are=1&frm=0&pscdl=denied&_s=1&sid=1740225060&sct=1&seg=0&dl=https%3A%2F%2Fwww.finmag.cz%2F&dt=Podnik%C3%A1n%C3%AD%2C%20pen%C3%ADze%2C%20inspirace%20-%20Finmag.cz&en=page_view&_fv=1&_ss=1&tfd=1982",
        "initiator": {
            "stack": {
                "callFrames": [
                    {
                        "columnNumber": 285,
                        "functionName": "Ec",
                        "lineNumber": 209,
                        "scriptId": "63",
                        "url": "https://www.googletagmanager.com/gtag/js?id=G-DY9GKFL4P7&l=dataLayer&cx=c&gtm=45He52k0v9105889834za200"
                    }
                ]
            },
            "type": "script"
        },
        "requested_for": "https://www.finmag.cz/"
    },
    {
        "time": 237232.816315,
        "requested_resource": "https://www.finmag.cz/favicon.ico",
        "initiator": {
            "type": "other"
        },
        "requested_for": "https://www.finmag.cz/"
    },
    {
        "time": 237232.846179,
        "requested_resource": "https://cdn.jsdelivr.net/gh/prebid/currency-file@1/latest.json?date=20250222",
        "initiator": {
            "stack": {
                "callFrames": [
                    {
                        "columnNumber": 32479,
                        "functionName": "r",
                        "lineNumber": 11,
                        "scriptId": "48",
                        "url": "https://cdn.cpex.cz/hb/prebid/prebid.min.js"
                    }
                ]
            },
            "type": "script"
        },
        "requested_for": "https://www.finmag.cz/"
    },
    {
        "time": 237232.847465,
        "requested_resource": "https://cdn.cpex.cz/logos/mafra/mafra-finmag.svg",
        "initiator": {
            "type": "other"
        },
        "requested_for": "https://www.finmag.cz/"
    },
    {
        "time": 237234.8619,
        "requested_resource": "https://gum.criteo.com/sid/json?origin=prebid&topUrl=https%3A%2F%2Fwww.finmag.cz%2F&domain=www.finmag.cz&cw=1&lsw=1&gdprString=CQNOsMAQNOsMAAHABBENBdFgAAAAAEPgAATIAAATUgQgAVAAuABwAEAAMgAaABEACYAFUALgAYgA_ACEgEQARIAjgBlgDNgHcAd4A_QCDgEWAJKAbQA6gCbQFSAKyAWoAtwBeYDJAGpgTUAA.YAAACHwAAAAA&gdpr=1",
        "initiator": {
            "stack": {
                "callFrames": [
                    {
                        "columnNumber": 32479,
                        "functionName": "r",
                        "lineNumber": 11,
                        "scriptId": "48",
                        "url": "https://cdn.cpex.cz/hb/prebid/prebid.min.js"
                    }
                ]
            },
            "type": "script"
        },
        "requested_for": "https://www.finmag.cz/"
    },
    {
        "time": 237234.865017,
        "requested_resource": "https://gum.criteo.com/sid/json?origin=prebid&topUrl=https%3A%2F%2Fwww.finmag.cz%2F&domain=www.finmag.cz&cw=1&lsw=1&gdprString=CQNOsMAQNOsMAAHABBENBdFgAAAAAEPgAATIAAATUgQgAVAAuABwAEAAMgAaABEACYAFUALgAYgA_ACEgEQARIAjgBlgDNgHcAd4A_QCDgEWAJKAbQA6gCbQFSAKyAWoAtwBeYDJAGpgTUAA.YAAACHwAAAAA&gdpr=1",
        "initiator": {
            "requestId": "21684.91",
            "type": "preflight",
            "url": "https://gum.criteo.com/sid/json?origin=prebid&topUrl=https%3A%2F%2Fwww.finmag.cz%2F&domain=www.finmag.cz&cw=1&lsw=1&gdprString=CQNOsMAQNOsMAAHABBENBdFgAAAAAEPgAATIAAATUgQgAVAAuABwAEAAMgAaABEACYAFUALgAYgA_ACEgEQARIAjgBlgDNgHcAd4A_QCDgEWAJKAbQA6gCbQFSAKyAWoAtwBeYDJAGpgTUAA.YAAACHwAAAAA&gdpr=1"
        },
        "requested_for": "https://gum.criteo.com/sid/json?origin=prebid&topUrl=https%3A%2F%2Fwww.finmag.cz%2F&domain=www.finmag.cz&cw=1&lsw=1&gdprString=CQNOsMAQNOsMAAHABBENBdFgAAAAAEPgAATIAAATUgQgAVAAuABwAEAAMgAaABEACYAFUALgAYgA_ACEgEQARIAjgBlgDNgHcAd4A_QCDgEWAJKAbQA6gCbQFSAKyAWoAtwBeYDJAGpgTUAA.YAAACHwAAAAA&gdpr=1"
    },
    {
        "time": 237235.008832,
        "requested_resource": "https://htlb.casalemedia.com/openrtb/pbjs?s=1162336",
        "initiator": {
            "stack": {
                "callFrames": [
                    {
                        "columnNumber": 32479,
                        "functionName": "r",
                        "lineNumber": 11,
                        "scriptId": "48",
                        "url": "https://cdn.cpex.cz/hb/prebid/prebid.min.js"
                    }
                ]
            },
            "type": "script"
        },
        "requested_for": "https://www.finmag.cz/"
    },
    {
        "time": 237235.010069,
        "requested_resource": "https://adx.adform.net/adx/openrtb",
        "initiator": {
            "stack": {
                "callFrames": [
                    {
                        "columnNumber": 32479,
                        "functionName": "r",
                        "lineNumber": 11,
                        "scriptId": "48",
                        "url": "https://cdn.cpex.cz/hb/prebid/prebid.min.js"
                    }
                ]
            },
            "type": "script"
        },
        "requested_for": "https://www.finmag.cz/"
    },
    {
        "time": 237235.012413,
        "requested_resource": "https://fastlane.rubiconproject.com/a/api/fastlane.json?account_id=10900&site_id=157330&zone_id=3667286&size_id=15&alt_size_ids=2%2C16%2C19%2C39%2C40%2C43%2C44%2C48%2C57%2C60%2C83%2C94%2C96%2C117%2C258%2C259%2C261&p_pos=atf&gdpr=1&gdpr_consent=CQNOsMAQNOsMAAHABBENBdFgAAAAAEPgAATIAAATUgQgAVAAuABwAEAAMgAaABEACYAFUALgAYgA_ACEgEQARIAjgBlgDNgHcAd4A_QCDgEWAJKAbQA6gCbQFSAKyAWoAtwBeYDJAGpgTUAA.YAAACHwAAAAA&rp_schain=1.0,1!cpex.cz,003,1,,,&rf=https%3A%2F%2Fwww.finmag.cz%2F&tg_i.domain=finmag.cz%2Cwww.finmag.cz&tg_i.page=https%3A%2F%2Fwww.finmag.cz%2F&tg_i.gdpr=0&tk_flint=pbjs_lite_v9.27.0&x_source.tid=26f76bb0-f2a1-461c-86e9-5b5545263449&l_pb_bid_id=764545480fc3b5&p_screen_res=2560x1440&rp_secure=1&x_imp.ext.tid=b7d84598-c610-4709-858d-fcc96f1dbff4&rp_maxbids=1&dsarequired=1&dsapubrender=1&dsadatatopubs=1&dsatransparency=finmag.cz~1_2&m_ch_ua=%22Chromium%22%7Cv%3D%22133%22%2C%22Not(A%3ABrand%22%7Cv%3D%2299%22&m_ch_full_ver=%22Chromium%22%7Cv%3D%22133%22%2C%22Not(A%3ABrand%22%7Cv%3D%2299%22&m_ch_mobile=%3F0&m_ch_platform=Windows&slots=1&rand=0.5861256105199995",
        "initiator": {
            "stack": {
                "callFrames": [
                    {
                        "columnNumber": 32479,
                        "functionName": "r",
                        "lineNumber": 11,
                        "scriptId": "48",
                        "url": "https://cdn.cpex.cz/hb/prebid/prebid.min.js"
                    }
                ]
            },
            "type": "script"
        },
        "requested_for": "https://www.finmag.cz/"
    },
    {
        "time": 237235.013492,
        "requested_resource": "https://prebid-eu.creativecdn.com/bidder/prebid/bids",
        "initiator": {
            "stack": {
                "callFrames": [
                    {
                        "columnNumber": 32479,
                        "functionName": "r",
                        "lineNumber": 11,
                        "scriptId": "48",
                        "url": "https://cdn.cpex.cz/hb/prebid/prebid.min.js"
                    }
                ]
            },
            "type": "script"
        },
        "requested_for": "https://www.finmag.cz/"
    },
    {
        "time": 237235.014691,
        "requested_resource": "https://i.connectad.io/api/v2",
        "initiator": {
            "stack": {
                "callFrames": [
                    {
                        "columnNumber": 32479,
                        "functionName": "r",
                        "lineNumber": 11,
                        "scriptId": "48",
                        "url": "https://cdn.cpex.cz/hb/prebid/prebid.min.js"
                    }
                ]
            },
            "type": "script"
        },
        "requested_for": "https://www.finmag.cz/"
    },
    {
        "time": 237235.015459,
        "requested_resource": "https://adx.adform.net/adx/openrtb",
        "initiator": {
            "stack": {
                "callFrames": [
                    {
                        "columnNumber": 32479,
                        "functionName": "r",
                        "lineNumber": 11,
                        "scriptId": "48",
                        "url": "https://cdn.cpex.cz/hb/prebid/prebid.min.js"
                    }
                ]
            },
            "type": "script"
        },
        "requested_for": "https://www.finmag.cz/"
    },
    {
        "time": 237235.016179,
        "requested_resource": "https://adx.adform.net/adx/openrtb",
        "initiator": {
            "stack": {
                "callFrames": [
                    {
                        "columnNumber": 32479,
                        "functionName": "r",
                        "lineNumber": 11,
                        "scriptId": "48",
                        "url": "https://cdn.cpex.cz/hb/prebid/prebid.min.js"
                    }
                ]
            },
            "type": "script"
        },
        "requested_for": "https://www.finmag.cz/"
    },
    {
        "time": 237235.017856,
        "requested_resource": "https://ssp.wp.pl/bidder/?bdver=6.10&pbver=9.27.0&inver=0",
        "initiator": {
            "stack": {
                "callFrames": [
                    {
                        "columnNumber": 32479,
                        "functionName": "r",
                        "lineNumber": 11,
                        "scriptId": "48",
                        "url": "https://cdn.cpex.cz/hb/prebid/prebid.min.js"
                    }
                ]
            },
            "type": "script"
        },
        "requested_for": "https://www.finmag.cz/"
    },
    {
        "time": 237235.019895,
        "requested_resource": "https://grid-bidder.criteo.com/openrtb_2_5/pbjs/auction/request?profileId=207&av=37&wv=9.27.0&cb=56573452297&lsavail=1&networkId=11172",
        "initiator": {
            "stack": {
                "callFrames": [
                    {
                        "columnNumber": 32479,
                        "functionName": "r",
                        "lineNumber": 11,
                        "scriptId": "48",
                        "url": "https://cdn.cpex.cz/hb/prebid/prebid.min.js"
                    }
                ]
            },
            "type": "script"
        },
        "requested_for": "https://www.finmag.cz/"
    },
    {
        "time": 237235.021994,
        "requested_resource": "https://hbopenbid.pubmatic.com/translator?source=prebid-client",
        "initiator": {
            "stack": {
                "callFrames": [
                    {
                        "columnNumber": 32479,
                        "functionName": "r",
                        "lineNumber": 11,
                        "scriptId": "48",
                        "url": "https://cdn.cpex.cz/hb/prebid/prebid.min.js"
                    }
                ]
            },
            "type": "script"
        },
        "requested_for": "https://www.finmag.cz/"
    },
    {
        "time": 237235.461681,
        "requested_resource": "https://analytics.cpex.cz/api/v2/prebid_b",
        "initiator": {
            "stack": {
                "callFrames": [
                    {
                        "columnNumber": 3544,
                        "functionName": "r",
                        "lineNumber": 41,
                        "scriptId": "48",
                        "url": "https://cdn.cpex.cz/hb/prebid/prebid.min.js"
                    }
                ]
            },
            "type": "script"
        },
        "requested_for": "https://www.finmag.cz/"
    },
    {
        "time": 237238.369111,
        "requested_resource": "https://sync.connectad.io/iFrameSyncer?gdpr=1&gdpr_consent=CQNOsMAQNOsMAAHABBENBdFgAAAAAEPgAATIAAATUgQgAVAAuABwAEAAMgAaABEACYAFUALgAYgA_ACEgEQARIAjgBlgDNgHcAd4A_QCDgEWAJKAbQA6gCbQFSAKyAWoAtwBeYDJAGpgTUAA.YAAACHwAAAAA&",
        "initiator": {
            "stack": {
                "callFrames": [
                    {
                        "columnNumber": 126000,
                        "functionName": "ce",
                        "lineNumber": 11,
                        "scriptId": "48",
                        "url": "https://cdn.cpex.cz/hb/prebid/prebid.min.js"
                    }
                ]
            },
            "type": "script"
        },
        "requested_for": "https://sync.connectad.io/iFrameSyncer?gdpr=1&gdpr_consent=CQNOsMAQNOsMAAHABBENBdFgAAAAAEPgAATIAAATUgQgAVAAuABwAEAAMgAaABEACYAFUALgAYgA_ACEgEQARIAjgBlgDNgHcAd4A_QCDgEWAJKAbQA6gCbQFSAKyAWoAtwBeYDJAGpgTUAA.YAAACHwAAAAA&"
    },
    {
        "time": 237238.37,
        "requested_resource": "https://image8.pubmatic.com/AdServer/ImgSync?p=158732&gdpr=1&gdpr_consent=CQNOsMAQNOsMAAHABBENBdFgAAAAAEPgAATIAAATUgQgAVAAuABwAEAAMgAaABEACYAFUALgAYgA_ACEgEQARIAjgBlgDNgHcAd4A_QCDgEWAJKAbQA6gCbQFSAKyAWoAtwBeYDJAGpgTUAA.YAAACHwAAAAA",
        "initiator": {
            "type": "other"
        },
        "requested_for": "https://www.finmag.cz/"
    },
    {
        "time": 237238.370059,
        "requested_resource": "https://ssp.wp.pl/v1/sync/pixel?inver=0&platform=wpartner&host=www.finmag.cz&gdpr=1&gdpr_consent=CQNOsMAQNOsMAAHABBENBdFgAAAAAEPgAATIAAATUgQgAVAAuABwAEAAMgAaABEACYAFUALgAYgA_ACEgEQARIAjgBlgDNgHcAd4A_QCDgEWAJKAbQA6gCbQFSAKyAWoAtwBeYDJAGpgTUAA.YAAACHwAAAAA",
        "initiator": {
            "type": "other"
        },
        "requested_for": "https://www.finmag.cz/"
    },
    {
        "time": 237238.370079,
        "requested_resource": "https://dsum.casalemedia.com/pbusermatch?origin=prebid&site_id=1162336&p=1&i=0&gdpr=1&gdpr_consent=CQNOsMAQNOsMAAHABBENBdFgAAAAAEPgAATIAAATUgQgAVAAuABwAEAAMgAaABEACYAFUALgAYgA_ACEgEQARIAjgBlgDNgHcAd4A_QCDgEWAJKAbQA6gCbQFSAKyAWoAtwBeYDJAGpgTUAA.YAAACHwAAAAA&us_privacy=",
        "initiator": {
            "type": "other"
        },
        "requested_for": "https://www.finmag.cz/"
    }
]