[
    {
        "requested_by": "https://e-chalupy.cz/",
        "time": 237265.451312,
        "requested_resource": "https://e-chalupy.cz/",
        "initiator": {
            "type": "other"
        }
    },
    {
        "requested_by": "https://www.e-chalupy.cz/",
        "time": 237265.527098,
        "requested_resource": "https://www.e-chalupy.cz/",
        "initiator": {
            "type": "other"
        }
    },
    {
        "requested_by": "https://www.e-chalupy.cz/",
        "time": 237265.592158,
        "requested_resource": "https://www.googletagmanager.com/gtag/js?id=UA-1856399-1",
        "initiator": {
            "columnNumber": 77,
            "lineNumber": 15,
            "type": "parser",
            "url": "https://www.e-chalupy.cz/"
        }
    },
    {
        "requested_by": "https://www.e-chalupy.cz/",
        "time": 237265.592367,
        "requested_resource": "https://pro.fontawesome.com/releases/v5.8.2/css/all.css",
        "initiator": {
            "columnNumber": 194,
            "lineNumber": 29,
            "type": "parser",
            "url": "https://www.e-chalupy.cz/"
        }
    },
    {
        "requested_by": "https://www.e-chalupy.cz/",
        "time": 237265.592433,
        "requested_resource": "https://css.e-chalupy.cz/chaty_chalupy_new.css?v=76",
        "initiator": {
            "columnNumber": 100,
            "lineNumber": 31,
            "type": "parser",
            "url": "https://www.e-chalupy.cz/"
        }
    },
    {
        "requested_by": "https://www.e-chalupy.cz/",
        "time": 237265.59248,
        "requested_resource": "https://css.e-chalupy.cz/jquery-1.9.1.min.js",
        "initiator": {
            "columnNumber": 59,
            "lineNumber": 32,
            "type": "parser",
            "url": "https://www.e-chalupy.cz/"
        }
    },
    {
        "requested_by": "https://www.e-chalupy.cz/",
        "time": 237265.592548,
        "requested_resource": "https://css.e-chalupy.cz/jquery.lazy.min.js",
        "initiator": {
            "columnNumber": 58,
            "lineNumber": 33,
            "type": "parser",
            "url": "https://www.e-chalupy.cz/"
        }
    },
    {
        "requested_by": "https://www.e-chalupy.cz/",
        "time": 237265.592648,
        "requested_resource": "https://css.e-chalupy.cz/e-chalupy-cz.png",
        "initiator": {
            "columnNumber": 81,
            "lineNumber": 50,
            "type": "parser",
            "url": "https://www.e-chalupy.cz/"
        }
    },
    {
        "requested_by": "https://www.e-chalupy.cz/",
        "time": 237265.592701,
        "requested_resource": "https://www.e-chalupy.cz/beskydy/_4327/www-chatapustevny-cz-af98-.jpeg",
        "initiator": {
            "columnNumber": 317,
            "lineNumber": 107,
            "type": "parser",
            "url": "https://www.e-chalupy.cz/"
        }
    },
    {
        "requested_by": "https://www.e-chalupy.cz/",
        "time": 237265.592787,
        "requested_resource": "https://www.e-chalupy.cz/jizni_cechy/_0707/u-faflika-dum-653a-.jpeg",
        "initiator": {
            "columnNumber": 1102,
            "lineNumber": 107,
            "type": "parser",
            "url": "https://www.e-chalupy.cz/"
        }
    },
    {
        "requested_by": "https://www.e-chalupy.cz/",
        "time": 237265.592831,
        "requested_resource": "https://www.e-chalupy.cz/kokorinsko/_6028/pohadkova-chaloupka-s-bazenem-discgolfovym-hristem-a-obrovskymi-pozemky-0eb9-.jpeg",
        "initiator": {
            "columnNumber": 1907,
            "lineNumber": 107,
            "type": "parser",
            "url": "https://www.e-chalupy.cz/"
        }
    },
    {
        "requested_by": "https://www.e-chalupy.cz/",
        "time": 237265.592857,
        "requested_resource": "https://www.e-chalupy.cz/beskydy/_11335/20250114-092118-ed41-.jpeg",
        "initiator": {
            "columnNumber": 2665,
            "lineNumber": 107,
            "type": "parser",
            "url": "https://www.e-chalupy.cz/"
        }
    },
    {
        "requested_by": "https://www.e-chalupy.cz/",
        "time": 237265.592879,
        "requested_resource": "https://www.e-chalupy.cz/jizni_morava/_3243/virivka-a-dvur-e042-.jpeg",
        "initiator": {
            "columnNumber": 3473,
            "lineNumber": 107,
            "type": "parser",
            "url": "https://www.e-chalupy.cz/"
        }
    },
    {
        "requested_by": "https://www.e-chalupy.cz/",
        "time": 237265.592902,
        "requested_resource": "https://www.e-chalupy.cz/jizni_cechy/_0049/zimni-pohled-191f-.jpeg",
        "initiator": {
            "columnNumber": 4306,
            "lineNumber": 107,
            "type": "parser",
            "url": "https://www.e-chalupy.cz/"
        }
    },
    {
        "requested_by": "https://www.e-chalupy.cz/",
        "time": 237265.592922,
        "requested_resource": "https://www.e-chalupy.cz/cesky_raj/_3549/svata-panna-loktuse-pohled-jihovychodni-b7d7.jpeg",
        "initiator": {
            "columnNumber": 5228,
            "lineNumber": 107,
            "type": "parser",
            "url": "https://www.e-chalupy.cz/"
        }
    },
    {
        "requested_by": "https://www.e-chalupy.cz/",
        "time": 237265.592943,
        "requested_resource": "https://www.e-chalupy.cz/vysocina/_7101/penzion-statek-habri-4fe1.jpeg",
        "initiator": {
            "columnNumber": 6076,
            "lineNumber": 107,
            "type": "parser",
            "url": "https://www.e-chalupy.cz/"
        }
    },
    {
        "requested_by": "https://www.e-chalupy.cz/",
        "time": 237265.592961,
        "requested_resource": "https://www.e-chalupy.cz/beskydy/_9113/chata-pohoda-zima-90bd.jpeg",
        "initiator": {
            "columnNumber": 6937,
            "lineNumber": 107,
            "type": "parser",
            "url": "https://www.e-chalupy.cz/"
        }
    },
    {
        "requested_by": "https://www.e-chalupy.cz/",
        "time": 237265.592987,
        "requested_resource": "https://www.e-chalupy.cz/orlicke_hory/_2975/foto-otevreneho-bazenu-de32.jpeg",
        "initiator": {
            "columnNumber": 7791,
            "lineNumber": 107,
            "type": "parser",
            "url": "https://www.e-chalupy.cz/"
        }
    },
    {
        "requested_by": "https://www.e-chalupy.cz/",
        "time": 237265.593012,
        "requested_resource": "https://www.e-chalupy.cz/jeseniky/_4848/20220905-125638-2d6b.jpeg",
        "initiator": {
            "columnNumber": 8614,
            "lineNumber": 107,
            "type": "parser",
            "url": "https://www.e-chalupy.cz/"
        }
    },
    {
        "requested_by": "https://www.e-chalupy.cz/",
        "time": 237265.593035,
        "requested_resource": "https://www.e-chalupy.cz/beskydy/_11500/chata-klarka-ca70.jpeg",
        "initiator": {
            "columnNumber": 9458,
            "lineNumber": 107,
            "type": "parser",
            "url": "https://www.e-chalupy.cz/"
        }
    },
    {
        "requested_by": "https://www.e-chalupy.cz/",
        "time": 237265.593055,
        "requested_resource": "https://www.e-chalupy.cz/krusne_hory/_9343/chalupa-vyhled-exterier-38b4.jpeg",
        "initiator": {
            "columnNumber": 10314,
            "lineNumber": 107,
            "type": "parser",
            "url": "https://www.e-chalupy.cz/"
        }
    },
    {
        "requested_by": "https://www.e-chalupy.cz/",
        "time": 237265.59308,
        "requested_resource": "https://www.e-chalupy.cz/jizni_morava/_2853/srub-9a4e.jpeg",
        "initiator": {
            "columnNumber": 11122,
            "lineNumber": 107,
            "type": "parser",
            "url": "https://www.e-chalupy.cz/"
        }
    },
    {
        "requested_by": "https://www.e-chalupy.cz/",
        "time": 237265.593105,
        "requested_resource": "https://www.e-chalupy.cz/sumava/_4967/chata-lipno-1-b4f0.jpeg",
        "initiator": {
            "columnNumber": 11880,
            "lineNumber": 107,
            "type": "parser",
            "url": "https://www.e-chalupy.cz/"
        }
    },
    {
        "requested_by": "https://www.e-chalupy.cz/",
        "time": 237265.593127,
        "requested_resource": "https://www.e-chalupy.cz/orlicke_hory/_1742/chata-souvlastni-6710.jpeg",
        "initiator": {
            "columnNumber": 12617,
            "lineNumber": 107,
            "type": "parser",
            "url": "https://www.e-chalupy.cz/"
        }
    },
    {
        "requested_by": "https://www.e-chalupy.cz/",
        "time": 237265.593158,
        "requested_resource": "https://www.e-chalupy.cz/jizerske_hory/_11278/apartmany-antoninov-5f72.jpeg",
        "initiator": {
            "columnNumber": 13477,
            "lineNumber": 107,
            "type": "parser",
            "url": "https://www.e-chalupy.cz/"
        }
    },
    {
        "requested_by": "https://www.e-chalupy.cz/",
        "time": 237265.593185,
        "requested_resource": "https://www.e-chalupy.cz/jeseniky/_8303/horska-chaloupka-bela-pod-pradedem-8acc.jpeg",
        "initiator": {
            "columnNumber": 14358,
            "lineNumber": 107,
            "type": "parser",
            "url": "https://www.e-chalupy.cz/"
        }
    },
    {
        "requested_by": "https://www.e-chalupy.cz/",
        "time": 237265.593245,
        "requested_resource": "https://www.e-chalupy.cz/orlicke_hory/_8280/chalupa-pod-krizovkou-cervena-voda-80e1.jpeg",
        "initiator": {
            "columnNumber": 15248,
            "lineNumber": 107,
            "type": "parser",
            "url": "https://www.e-chalupy.cz/"
        }
    },
    {
        "requested_by": "https://www.e-chalupy.cz/",
        "time": 237265.593272,
        "requested_resource": "https://www.e-chalupy.cz/jeseniky/_16302/img-20221219-112056-7733.jpeg",
        "initiator": {
            "columnNumber": 16068,
            "lineNumber": 107,
            "type": "parser",
            "url": "https://www.e-chalupy.cz/"
        }
    },
    {
        "requested_by": "https://www.e-chalupy.cz/",
        "time": 237265.593292,
        "requested_resource": "https://www.e-chalupy.cz/beskydy/_11745/dji-fly-20250111-193612-55-1736622432556-photo-optimized-ee12.jpeg",
        "initiator": {
            "columnNumber": 16999,
            "lineNumber": 107,
            "type": "parser",
            "url": "https://www.e-chalupy.cz/"
        }
    },
    {
        "requested_by": "https://www.e-chalupy.cz/",
        "time": 237265.593314,
        "requested_resource": "https://www.e-chalupy.cz/vychodni_cechy/_2556/pohled-na-srub-jizni-strana-deb9.jpeg",
        "initiator": {
            "columnNumber": 757,
            "lineNumber": 108,
            "type": "parser",
            "url": "https://www.e-chalupy.cz/"
        }
    },
    {
        "requested_by": "https://www.e-chalupy.cz/",
        "time": 237265.593335,
        "requested_resource": "https://www.e-chalupy.cz/vychodni_cechy/_6993/chalupa-s-wellness-5ed8.jpeg",
        "initiator": {
            "columnNumber": 1729,
            "lineNumber": 108,
            "type": "parser",
            "url": "https://www.e-chalupy.cz/"
        }
    },
    {
        "requested_by": "https://www.e-chalupy.cz/",
        "time": 237265.593353,
        "requested_resource": "https://www.e-chalupy.cz/jeseniky/_4067/chalupa-kraliky-dolni-orlice-7e0a.jpeg",
        "initiator": {
            "columnNumber": 720,
            "lineNumber": 110,
            "type": "parser",
            "url": "https://www.e-chalupy.cz/"
        }
    },
    {
        "requested_by": "https://www.e-chalupy.cz/",
        "time": 237265.593375,
        "requested_resource": "https://www.e-chalupy.cz/kokorinsko/_3467/bazen-80e8.jpeg",
        "initiator": {
            "columnNumber": 1551,
            "lineNumber": 110,
            "type": "parser",
            "url": "https://www.e-chalupy.cz/"
        }
    },
    {
        "requested_by": "https://www.e-chalupy.cz/",
        "time": 237265.59345,
        "requested_resource": "https://www.e-chalupy.cz/krkonose/_2083/karolina-a-vendula-be63.jpeg",
        "initiator": {
            "columnNumber": 2467,
            "lineNumber": 110,
            "type": "parser",
            "url": "https://www.e-chalupy.cz/"
        }
    },
    {
        "requested_by": "https://www.e-chalupy.cz/",
        "time": 237265.593489,
        "requested_resource": "https://www.e-chalupy.cz/jeseniky/_11367/1-a319.jpeg",
        "initiator": {
            "columnNumber": 3322,
            "lineNumber": 110,
            "type": "parser",
            "url": "https://www.e-chalupy.cz/"
        }
    },
    {
        "requested_by": "https://www.e-chalupy.cz/",
        "time": 237265.593511,
        "requested_resource": "https://www.e-chalupy.cz/stredni_cechy/_18443/glamping-slapy-ubytovani-zdan-454d.jpeg",
        "initiator": {
            "columnNumber": 4184,
            "lineNumber": 110,
            "type": "parser",
            "url": "https://www.e-chalupy.cz/"
        }
    },
    {
        "requested_by": "https://www.e-chalupy.cz/",
        "time": 237265.593542,
        "requested_resource": "https://www.e-chalupy.cz/sumava/_4596/chalupa-misa-3ebd.jpeg",
        "initiator": {
            "columnNumber": 5018,
            "lineNumber": 110,
            "type": "parser",
            "url": "https://www.e-chalupy.cz/"
        }
    },
    {
        "requested_by": "https://www.e-chalupy.cz/",
        "time": 237265.59356,
        "requested_resource": "https://www.e-chalupy.cz/orlicke_hory/_4840/celni-pohled-54dd.jpeg",
        "initiator": {
            "columnNumber": 5867,
            "lineNumber": 110,
            "type": "parser",
            "url": "https://www.e-chalupy.cz/"
        }
    },
    {
        "requested_by": "https://www.e-chalupy.cz/",
        "time": 237265.593579,
        "requested_resource": "https://www.e-chalupy.cz/jeseniky/_0170/chaloupka-pusta-6907.jpeg",
        "initiator": {
            "columnNumber": 6666,
            "lineNumber": 110,
            "type": "parser",
            "url": "https://www.e-chalupy.cz/"
        }
    },
    {
        "requested_by": "https://www.e-chalupy.cz/",
        "time": 237265.593599,
        "requested_resource": "https://www.e-chalupy.cz/vysocina/_12973/chalupa-zemulka-dankovice-2d2d.jpeg",
        "initiator": {
            "columnNumber": 7495,
            "lineNumber": 110,
            "type": "parser",
            "url": "https://www.e-chalupy.cz/"
        }
    },
    {
        "requested_by": "https://www.e-chalupy.cz/",
        "time": 237265.593619,
        "requested_resource": "https://www.e-chalupy.cz/krkonose/_0742/bazen-485c.jpeg",
        "initiator": {
            "columnNumber": 8334,
            "lineNumber": 110,
            "type": "parser",
            "url": "https://www.e-chalupy.cz/"
        }
    },
    {
        "requested_by": "https://www.e-chalupy.cz/",
        "time": 237265.59364,
        "requested_resource": "https://www.e-chalupy.cz/vychodni_cechy/_16455/chodnicek-k-vyhlidce-400f.jpeg",
        "initiator": {
            "columnNumber": 625,
            "lineNumber": 112,
            "type": "parser",
            "url": "https://www.e-chalupy.cz/"
        }
    },
    {
        "requested_by": "https://www.e-chalupy.cz/",
        "time": 237265.593674,
        "requested_resource": "https://www.e-chalupy.cz/sumava/_0861/predni-pohled-1cbb.jpeg",
        "initiator": {
            "columnNumber": 1499,
            "lineNumber": 112,
            "type": "parser",
            "url": "https://www.e-chalupy.cz/"
        }
    },
    {
        "requested_by": "https://www.e-chalupy.cz/",
        "time": 237265.593703,
        "requested_resource": "https://www.e-chalupy.cz/orlicke_hory/_11309/scholzuv-mlyn-a-paradni-kopec-na-bobovani--3cb0.jpeg",
        "initiator": {
            "columnNumber": 2420,
            "lineNumber": 112,
            "type": "parser",
            "url": "https://www.e-chalupy.cz/"
        }
    },
    {
        "requested_by": "https://www.e-chalupy.cz/",
        "time": 237265.593744,
        "requested_resource": "https://www.e-chalupy.cz/vychodni_cechy/_0361/img-2258-2476.jpeg",
        "initiator": {
            "columnNumber": 3295,
            "lineNumber": 112,
            "type": "parser",
            "url": "https://www.e-chalupy.cz/"
        }
    },
    {
        "requested_by": "https://www.e-chalupy.cz/",
        "time": 237265.593772,
        "requested_resource": "https://www.e-chalupy.cz/jizni_cechy/_4757/chalupa-lodge-varvazov-5601.jpeg",
        "initiator": {
            "columnNumber": 4164,
            "lineNumber": 112,
            "type": "parser",
            "url": "https://www.e-chalupy.cz/"
        }
    },
    {
        "requested_by": "https://www.e-chalupy.cz/",
        "time": 237265.605012,
        "requested_resource": "https://www.googletagmanager.com/gtm.js?id=GTM-KHD524L",
        "initiator": {
            "stack": {
                "callFrames": [
                    {
                        "columnNumber": 72,
                        "functionName": "",
                        "lineNumber": 13,
                        "scriptId": "14",
                        "url": "https://www.e-chalupy.cz/"
                    }
                ]
            },
            "type": "script"
        }
    },
    {
        "requested_by": "https://www.e-chalupy.cz/",
        "time": 237265.605635,
        "requested_resource": "https://www.e-chalupy.cz/orlicke_hory/_5988/chalupa-u-pejska-rampuse-87dd.jpeg",
        "initiator": {
            "columnNumber": 5047,
            "lineNumber": 112,
            "type": "parser",
            "url": "https://www.e-chalupy.cz/"
        }
    },
    {
        "requested_by": "https://www.e-chalupy.cz/",
        "time": 237265.605675,
        "requested_resource": "https://www.e-chalupy.cz/jizerske_hory/_7104/chata-bludicka-josefuv-dul-8065.jpeg",
        "initiator": {
            "columnNumber": 5909,
            "lineNumber": 112,
            "type": "parser",
            "url": "https://www.e-chalupy.cz/"
        }
    },
    {
        "requested_by": "https://www.e-chalupy.cz/",
        "time": 237265.605697,
        "requested_resource": "https://www.e-chalupy.cz/ceske_svycarsko/_9645/roubenka-doubice-pronajem-ceske-svycarsko-9213.jpeg",
        "initiator": {
            "columnNumber": 6788,
            "lineNumber": 112,
            "type": "parser",
            "url": "https://www.e-chalupy.cz/"
        }
    },
    {
        "requested_by": "https://www.e-chalupy.cz/",
        "time": 237265.605717,
        "requested_resource": "https://www.e-chalupy.cz/krkonose/_11292/chalupa-harrachov-122f.jpeg",
        "initiator": {
            "columnNumber": 7622,
            "lineNumber": 112,
            "type": "parser",
            "url": "https://www.e-chalupy.cz/"
        }
    },
    {
        "requested_by": "https://www.e-chalupy.cz/",
        "time": 237265.605745,
        "requested_resource": "https://www.e-chalupy.cz/beskydy/_2880/chaloupka-na-strani-ubytovani-se-psem-445f.jpeg",
        "initiator": {
            "columnNumber": 8509,
            "lineNumber": 112,
            "type": "parser",
            "url": "https://www.e-chalupy.cz/"
        }
    },
    {
        "requested_by": "https://www.e-chalupy.cz/",
        "time": 237265.605765,
        "requested_resource": "https://www.e-chalupy.cz/zapadni_cechy/_7319/zapadni-pohled-35d8.jpeg",
        "initiator": {
            "columnNumber": 9396,
            "lineNumber": 112,
            "type": "parser",
            "url": "https://www.e-chalupy.cz/"
        }
    },
    {
        "requested_by": "https://www.e-chalupy.cz/",
        "time": 237265.605787,
        "requested_resource": "https://www.e-chalupy.cz/krkonose/_11175/chalupa-u-mateju-vitkovice-v-krkonosich-9c0b.jpeg",
        "initiator": {
            "columnNumber": 10358,
            "lineNumber": 112,
            "type": "parser",
            "url": "https://www.e-chalupy.cz/"
        }
    },
    {
        "requested_by": "https://www.e-chalupy.cz/",
        "time": 237265.605807,
        "requested_resource": "https://www.e-chalupy.cz/orlicke_hory/_0306/venkovni-kryta-masazni-spa-pro-7-osob--22c9.jpeg",
        "initiator": {
            "columnNumber": 11286,
            "lineNumber": 112,
            "type": "parser",
            "url": "https://www.e-chalupy.cz/"
        }
    },
    {
        "requested_by": "https://www.e-chalupy.cz/",
        "time": 237265.605825,
        "requested_resource": "https://www.e-chalupy.cz/jeseniky/_4680/roubenka-r1-7e98.jpeg",
        "initiator": {
            "columnNumber": 12079,
            "lineNumber": 112,
            "type": "parser",
            "url": "https://www.e-chalupy.cz/"
        }
    },
    {
        "requested_by": "https://www.e-chalupy.cz/",
        "time": 237265.605845,
        "requested_resource": "https://www.e-chalupy.cz/vysocina/_1244/roubenka-u-lisky-f06d.jpeg",
        "initiator": {
            "columnNumber": 12911,
            "lineNumber": 112,
            "type": "parser",
            "url": "https://www.e-chalupy.cz/"
        }
    },
    {
        "requested_by": "https://www.e-chalupy.cz/",
        "time": 237265.605867,
        "requested_resource": "https://www.e-chalupy.cz/orlicke_hory/_4146/chalupa-jonas-4a20.jpeg",
        "initiator": {
            "columnNumber": 13752,
            "lineNumber": 112,
            "type": "parser",
            "url": "https://www.e-chalupy.cz/"
        }
    },
    {
        "requested_by": "https://www.e-chalupy.cz/",
        "time": 237265.605887,
        "requested_resource": "https://www.e-chalupy.cz/orlicke_hory/_4453/chalupa-elsa-kunvald-2358.jpeg",
        "initiator": {
            "columnNumber": 14631,
            "lineNumber": 112,
            "type": "parser",
            "url": "https://www.e-chalupy.cz/"
        }
    },
    {
        "requested_by": "https://www.e-chalupy.cz/",
        "time": 237265.605909,
        "requested_resource": "https://www.e-chalupy.cz/krusne_hory/_0725/pohled-ze-zahrady-11c6.jpeg",
        "initiator": {
            "columnNumber": 15480,
            "lineNumber": 112,
            "type": "parser",
            "url": "https://www.e-chalupy.cz/"
        }
    },
    {
        "requested_by": "https://www.e-chalupy.cz/",
        "time": 237265.605933,
        "requested_resource": "https://www.e-chalupy.cz/stredni_cechy/_6900/drevniky-resort-slapy-ubytovani-s-bazenem-13f2.jpeg",
        "initiator": {
            "columnNumber": 16392,
            "lineNumber": 112,
            "type": "parser",
            "url": "https://www.e-chalupy.cz/"
        }
    },
    {
        "requested_by": "https://www.e-chalupy.cz/",
        "time": 237265.605959,
        "requested_resource": "https://www.e-chalupy.cz/beskydy/_1935/zimni-091d.jpeg",
        "initiator": {
            "columnNumber": 17240,
            "lineNumber": 112,
            "type": "parser",
            "url": "https://www.e-chalupy.cz/"
        }
    },
    {
        "requested_by": "https://www.e-chalupy.cz/",
        "time": 237265.605982,
        "requested_resource": "https://www.e-chalupy.cz/orlicke_hory/_1029/chalupa-bukovka-2a9c.jpeg",
        "initiator": {
            "columnNumber": 18101,
            "lineNumber": 112,
            "type": "parser",
            "url": "https://www.e-chalupy.cz/"
        }
    },
    {
        "requested_by": "https://www.e-chalupy.cz/",
        "time": 237265.606001,
        "requested_resource": "https://www.e-chalupy.cz/orlicke_hory/_4423/chata-pegas-pohled-1bd5.jpeg",
        "initiator": {
            "columnNumber": 18948,
            "lineNumber": 112,
            "type": "parser",
            "url": "https://www.e-chalupy.cz/"
        }
    },
    {
        "requested_by": "https://www.e-chalupy.cz/",
        "time": 237265.606021,
        "requested_resource": "https://www.e-chalupy.cz/beskydy/_4579/zimni-pohled-od-lesa-c6b1.jpeg",
        "initiator": {
            "columnNumber": 19733,
            "lineNumber": 112,
            "type": "parser",
            "url": "https://www.e-chalupy.cz/"
        }
    },
    {
        "requested_by": "https://www.e-chalupy.cz/",
        "time": 237265.606044,
        "requested_resource": "https://www.e-chalupy.cz/jeseniky/_6439/chalupa-karra-kuncice-ca5f.jpeg",
        "initiator": {
            "columnNumber": 20477,
            "lineNumber": 112,
            "type": "parser",
            "url": "https://www.e-chalupy.cz/"
        }
    },
    {
        "requested_by": "https://www.e-chalupy.cz/",
        "time": 237265.60607,
        "requested_resource": "https://www.e-chalupy.cz/jeseniky/_3832/mlyn-pod-lesem-pronajem-chalupy-stedrakova-lhota-ee0c.jpeg",
        "initiator": {
            "columnNumber": 21384,
            "lineNumber": 112,
            "type": "parser",
            "url": "https://www.e-chalupy.cz/"
        }
    },
    {
        "requested_by": "https://www.e-chalupy.cz/",
        "time": 237265.606087,
        "requested_resource": "https://www.e-chalupy.cz/orlicke_hory/_7745/hajovna-serlissky-mlyn-c62c.jpeg",
        "initiator": {
            "columnNumber": 22285,
            "lineNumber": 112,
            "type": "parser",
            "url": "https://www.e-chalupy.cz/"
        }
    },
    {
        "requested_by": "https://www.e-chalupy.cz/",
        "time": 237265.606127,
        "requested_resource": "https://www.e-chalupy.cz/cesky_raj/_0042/chalupa-taburek-8279.jpeg",
        "initiator": {
            "columnNumber": 23200,
            "lineNumber": 112,
            "type": "parser",
            "url": "https://www.e-chalupy.cz/"
        }
    },
    {
        "requested_by": "https://www.e-chalupy.cz/",
        "time": 237265.606145,
        "requested_resource": "https://www.e-chalupy.cz/sumava/_7402/zima-na-sumave-chalupa-horice-na-sumave-73d3.jpeg",
        "initiator": {
            "columnNumber": 24125,
            "lineNumber": 112,
            "type": "parser",
            "url": "https://www.e-chalupy.cz/"
        }
    },
    {
        "requested_by": "https://www.e-chalupy.cz/",
        "time": 237265.606164,
        "requested_resource": "https://www.e-chalupy.cz/stredni_cechy/_0581/chata-merin-ba37.jpeg",
        "initiator": {
            "columnNumber": 24927,
            "lineNumber": 112,
            "type": "parser",
            "url": "https://www.e-chalupy.cz/"
        }
    },
    {
        "requested_by": "https://www.e-chalupy.cz/",
        "time": 237265.606183,
        "requested_resource": "https://www.e-chalupy.cz/vychodni_cechy/_9930/chaloupka-pod-krakonosovem-3bb5.jpeg",
        "initiator": {
            "columnNumber": 25814,
            "lineNumber": 112,
            "type": "parser",
            "url": "https://www.e-chalupy.cz/"
        }
    },
    {
        "requested_by": "https://www.e-chalupy.cz/",
        "time": 237265.606205,
        "requested_resource": "https://www.e-chalupy.cz/jeseniky/_12040/zimni-virivka-cb87.jpeg",
        "initiator": {
            "columnNumber": 26633,
            "lineNumber": 112,
            "type": "parser",
            "url": "https://www.e-chalupy.cz/"
        }
    },
    {
        "requested_by": "https://www.e-chalupy.cz/",
        "time": 237265.606223,
        "requested_resource": "https://www.e-chalupy.cz/krusne_hory/_11174/chalupa-marie-klinovec-2e1f.jpeg",
        "initiator": {
            "columnNumber": 27537,
            "lineNumber": 112,
            "type": "parser",
            "url": "https://www.e-chalupy.cz/"
        }
    },
    {
        "requested_by": "https://www.e-chalupy.cz/",
        "time": 237265.606243,
        "requested_resource": "https://www.e-chalupy.cz/krkonose/_0542/roubenka-cp-145-9a3d.jpeg",
        "initiator": {
            "columnNumber": 28433,
            "lineNumber": 112,
            "type": "parser",
            "url": "https://www.e-chalupy.cz/"
        }
    },
    {
        "requested_by": "https://www.e-chalupy.cz/",
        "time": 237265.606263,
        "requested_resource": "https://www.e-chalupy.cz/sumava/_0878/apartman-c-2-kuchyne-obyvak-4030.jpeg",
        "initiator": {
            "columnNumber": 29345,
            "lineNumber": 112,
            "type": "parser",
            "url": "https://www.e-chalupy.cz/"
        }
    },
    {
        "requested_by": "https://www.e-chalupy.cz/",
        "time": 237265.606283,
        "requested_resource": "https://www.e-chalupy.cz/vychodni_cechy/_15427/venkovni-sudova-sauna-virivka-541f.jpeg",
        "initiator": {
            "columnNumber": 30219,
            "lineNumber": 112,
            "type": "parser",
            "url": "https://www.e-chalupy.cz/"
        }
    },
    {
        "requested_by": "https://www.e-chalupy.cz/",
        "time": 237265.606304,
        "requested_resource": "https://css.e-chalupy.cz/e-chalupy-modra.png",
        "initiator": {
            "columnNumber": 84,
            "lineNumber": 238,
            "type": "parser",
            "url": "https://www.e-chalupy.cz/"
        }
    },
    {
        "requested_by": "https://www.e-chalupy.cz/",
        "time": 237265.606328,
        "requested_resource": "https://css.e-chalupy.cz//autocomplete/autocomplete.css",
        "initiator": {
            "columnNumber": 104,
            "lineNumber": 241,
            "type": "parser",
            "url": "https://www.e-chalupy.cz/"
        }
    },
    {
        "requested_by": "https://www.e-chalupy.cz/",
        "time": 237265.606347,
        "requested_resource": "https://css.e-chalupy.cz/autocomplete/autocomplete.min.js",
        "initiator": {
            "columnNumber": 72,
            "lineNumber": 242,
            "type": "parser",
            "url": "https://www.e-chalupy.cz/"
        }
    },
    {
        "requested_by": "https://www.e-chalupy.cz/",
        "time": 237265.606368,
        "requested_resource": "https://css.e-chalupy.cz/global.js?v=76",
        "initiator": {
            "columnNumber": 54,
            "lineNumber": 246,
            "type": "parser",
            "url": "https://www.e-chalupy.cz/"
        }
    },
    {
        "requested_by": "https://www.e-chalupy.cz/",
        "time": 237265.606391,
        "requested_resource": "https://static.cloudflareinsights.com/beacon.min.js/vcd15cbe7772f49c399c6a5babf22c1241717689176015",
        "initiator": {
            "columnNumber": 456,
            "lineNumber": 258,
            "type": "parser",
            "url": "https://www.e-chalupy.cz/"
        }
    },
    {
        "requested_by": "https://www.e-chalupy.cz/",
        "time": 237265.794315,
        "requested_resource": "https://toplist.cz/dot.asp?id=480771&http=&wi=2560&he=1440&t=Chaty%20a%20chalupy%20k%20pronajmut%ED%2C%20pron%E1jem%20chat%20a%20chalup",
        "initiator": {
            "columnNumber": 264,
            "lineNumber": 170,
            "type": "parser",
            "url": "https://www.e-chalupy.cz/"
        }
    },
    {
        "requested_by": "https://www.e-chalupy.cz/",
        "time": 237265.798949,
        "requested_resource": "https://css.e-chalupy.cz/sipka-dolu.gif",
        "initiator": {
            "type": "parser",
            "url": "https://css.e-chalupy.cz/chaty_chalupy_new.css?v=76"
        }
    },
    {
        "requested_by": "https://www.e-chalupy.cz/",
        "time": 237265.799018,
        "requested_resource": "https://css.e-chalupy.cz/muj-vyber.gif",
        "initiator": {
            "type": "parser",
            "url": "https://css.e-chalupy.cz/chaty_chalupy_new.css?v=76"
        }
    },
    {
        "requested_by": "https://www.e-chalupy.cz/",
        "time": 237265.888809,
        "requested_resource": "https://www.googletagmanager.com/gtag/js?id=G-ZBL9PZMCFR&l=dataLayer&cx=c&gtm=457e52k0za200",
        "initiator": {
            "stack": {
                "callFrames": [
                    {
                        "columnNumber": 482,
                        "functionName": "pc",
                        "lineNumber": 98,
                        "scriptId": "22",
                        "url": "https://www.googletagmanager.com/gtag/js?id=UA-1856399-1"
                    }
                ]
            },
            "type": "script"
        }
    },
    {
        "requested_by": "https://www.e-chalupy.cz/",
        "time": 237265.890795,
        "requested_resource": "https://www.google-analytics.com/analytics.js",
        "initiator": {
            "stack": {
                "callFrames": [
                    {
                        "columnNumber": 482,
                        "functionName": "pc",
                        "lineNumber": 98,
                        "scriptId": "22",
                        "url": "https://www.googletagmanager.com/gtag/js?id=UA-1856399-1"
                    }
                ]
            },
            "type": "script"
        }
    },
    {
        "requested_by": "https://www.e-chalupy.cz/",
        "time": 237265.95271,
        "requested_resource": "https://www.google.com/ccm/collect?en=page_view&dl=https%3A%2F%2Fwww.e-chalupy.cz%2F&scrsrc=www.googletagmanager.com&frm=0&rnd=1087450459.1740225093&dt=Chaty%20a%20chalupy%20k%20pronajmut%C3%AD%2C%20pron%C3%A1jem%20chat%20a%20chalup&auid=641212485.1740225093&navt=n&npa=1&gtm=45He52k0v9123678765za200&gcd=13l3l3l2l1l1&dma_cps=syphamo&dma=1&tag_exp=101732282~101732284~102067808~102482433~102539968~102558064~102587591~102605417~102640600~102658453&tft=1740225093353&tfd=502&apve=1",
        "initiator": {
            "stack": {
                "callFrames": [
                    {
                        "columnNumber": 322,
                        "functionName": "Cc",
                        "lineNumber": 105,
                        "scriptId": "27",
                        "url": "https://www.googletagmanager.com/gtm.js?id=GTM-KHD524L"
                    }
                ]
            },
            "type": "script"
        }
    },
    {
        "requested_by": "https://www.e-chalupy.cz/",
        "time": 237265.954637,
        "requested_resource": "https://www.googletagmanager.com/gtag/js?id=G-467PXF1QK3&l=dataLayer&cx=c&gtm=45He52k0v9123678765za200",
        "initiator": {
            "stack": {
                "callFrames": [
                    {
                        "columnNumber": 482,
                        "functionName": "pc",
                        "lineNumber": 101,
                        "scriptId": "27",
                        "url": "https://www.googletagmanager.com/gtm.js?id=GTM-KHD524L"
                    }
                ]
            },
            "type": "script"
        }
    },
    {
        "requested_by": "https://www.e-chalupy.cz/",
        "time": 237265.955516,
        "requested_resource": "https://www.googletagmanager.com/gtag/js?id=AW-1041789586",
        "initiator": {
            "stack": {
                "callFrames": [
                    {
                        "columnNumber": 391,
                        "functionName": "pc",
                        "lineNumber": 101,
                        "scriptId": "27",
                        "url": "https://www.googletagmanager.com/gtm.js?id=GTM-KHD524L"
                    }
                ]
            },
            "type": "script"
        }
    },
    {
        "requested_by": "https://www.e-chalupy.cz/",
        "time": 237265.956107,
        "requested_resource": "https://connect.facebook.net/en_US/fbevents.js",
        "initiator": {
            "stack": {
                "callFrames": [
                    {
                        "columnNumber": 428,
                        "functionName": "",
                        "lineNumber": 633,
                        "scriptId": "27",
                        "url": "https://www.googletagmanager.com/gtm.js?id=GTM-KHD524L"
                    }
                ]
            },
            "type": "script"
        }
    },
    {
        "requested_by": "https://www.googletagmanager.com/static/service_worker/5230/sw_iframe.html?origin=https%3A%2F%2Fwww.e-chalupy.cz",
        "time": 237265.964029,
        "requested_resource": "https://www.googletagmanager.com/static/service_worker/5230/sw_iframe.html?origin=https%3A%2F%2Fwww.e-chalupy.cz",
        "initiator": {
            "stack": {
                "callFrames": [
                    {
                        "columnNumber": 263,
                        "functionName": "q",
                        "lineNumber": 454,
                        "scriptId": "27",
                        "url": "https://www.googletagmanager.com/gtm.js?id=GTM-KHD524L"
                    }
                ]
            },
            "type": "script"
        }
    },
    {
        "requested_by": "https://www.e-chalupy.cz/",
        "time": 237265.995799,
        "requested_resource": "https://region1.analytics.google.com/g/collect?v=2&tid=G-ZBL9PZMCFR&gtm=45je52k0v9134935653za200&_p=1740225093006&_gaz=1&gcd=13l3l3l2l1l1&npa=1&dma_cps=syphamo&dma=1&tag_exp=101732282~101732284~102067808~102453103~102482433~102539968~102558064~102587591~102605417~102640600~102658453&cid=605789186.1740225093&ul=en-us&sr=2560x1440&uaa=x86&uab=64&uafvl=Chromium%3B133.0.6943.126%7CNot(A%253ABrand%3B99.0.0.0&uamb=0&uam=&uap=Windows&uapv=19.0.0&uaw=0&are=1&frm=0&pscdl=&_eu=AAAI&_s=1&sid=1740225093&sct=1&seg=0&dl=https%3A%2F%2Fwww.e-chalupy.cz%2F&dt=Chaty%20a%20chalupy%20k%20pronajmut%C3%AD%2C%20pron%C3%A1jem%20chat%20a%20chalup&en=page_view&_fv=1&_nsi=1&_ss=1&tfd=545",
        "initiator": {
            "stack": {
                "callFrames": [
                    {
                        "columnNumber": 285,
                        "functionName": "Ec",
                        "lineNumber": 176,
                        "scriptId": "29",
                        "url": "https://www.googletagmanager.com/gtag/js?id=G-ZBL9PZMCFR&l=dataLayer&cx=c&gtm=457e52k0za200"
                    }
                ]
            },
            "type": "script"
        }
    },
    {
        "requested_by": "https://www.e-chalupy.cz/",
        "time": 237265.996069,
        "requested_resource": "https://stats.g.doubleclick.net/g/collect?v=2&tid=G-ZBL9PZMCFR&cid=605789186.1740225093&gtm=45je52k0v9134935653za200&aip=1&dma=1&dma_cps=syphamo&gcd=13l3l3l2l1l1&npa=1&frm=0&tag_exp=101732282~101732284~102067808~102453103~102482433~102539968~102558064~102587591~102605417~102640600~102658453",
        "initiator": {
            "stack": {
                "callFrames": [
                    {
                        "columnNumber": 226,
                        "functionName": "Bc",
                        "lineNumber": 175,
                        "scriptId": "29",
                        "url": "https://www.googletagmanager.com/gtag/js?id=G-ZBL9PZMCFR&l=dataLayer&cx=c&gtm=457e52k0za200"
                    }
                ]
            },
            "type": "script"
        }
    },
    {
        "requested_by": "https://www.e-chalupy.cz/",
        "time": 237265.996573,
        "requested_resource": "https://www.google.cz/ads/ga-audiences?v=1&t=sr&slf_rd=1&_r=4&tid=G-ZBL9PZMCFR&cid=605789186.1740225093&gtm=45je52k0v9134935653za200&aip=1&dma=1&dma_cps=syphamo&gcd=13l3l3l2l1l1&npa=1&frm=0&tag_exp=101732282~101732284~102067808~102453103~102482433~102539968~102558064~102587591~102605417~102640600~102658453&tag_exp=101732282~101732284~102067808~102453103~102482433~102539968~102558064~102587591~102605417~102640600~102658453&z=116480086",
        "initiator": {
            "columnNumber": 1,
            "lineNumber": 261,
            "type": "parser",
            "url": "https://www.e-chalupy.cz/"
        }
    },
    {
        "requested_by": "https://www.e-chalupy.cz/",
        "time": 237266.063438,
        "requested_resource": "https://connect.facebook.net/signals/config/828161432379117?v=2.9.184&r=stable&domain=www.e-chalupy.cz&hme=93c44828b638838a88daf3a14a90ff297f7fc4ade758f21de5500c9f17542765&ex_m=70%2C122%2C107%2C111%2C61%2C4%2C100%2C69%2C16%2C97%2C89%2C51%2C54%2C173%2C176%2C188%2C184%2C185%2C187%2C29%2C101%2C53%2C77%2C186%2C168%2C171%2C181%2C182%2C189%2C132%2C41%2C194%2C191%2C192%2C34%2C144%2C15%2C50%2C198%2C197%2C134%2C18%2C40%2C1%2C43%2C65%2C66%2C67%2C71%2C93%2C17%2C14%2C96%2C92%2C91%2C108%2C52%2C110%2C39%2C109%2C30%2C94%2C26%2C169%2C172%2C141%2C86%2C56%2C84%2C33%2C73%2C0%2C95%2C32%2C28%2C82%2C83%2C88%2C47%2C46%2C87%2C37%2C11%2C12%2C13%2C6%2C7%2C25%2C22%2C23%2C57%2C62%2C64%2C75%2C102%2C27%2C76%2C9%2C8%2C80%2C48%2C21%2C104%2C103%2C105%2C98%2C10%2C20%2C3%2C38%2C74%2C19%2C5%2C90%2C81%2C44%2C35%2C85%2C2%2C36%2C63%2C42%2C106%2C45%2C79%2C68%2C112%2C60%2C59%2C31%2C99%2C58%2C55%2C49%2C78%2C72%2C24%2C113",
        "initiator": {
            "stack": {
                "callFrames": [
                    {
                        "columnNumber": 715,
                        "functionName": "e",
                        "lineNumber": 127,
                        "scriptId": "36",
                        "url": "https://connect.facebook.net/en_US/fbevents.js"
                    }
                ]
            },
            "type": "script"
        }
    },
    {
        "requested_by": "https://www.e-chalupy.cz/",
        "time": 237266.124253,
        "requested_resource": "https://region1.google-analytics.com/g/collect?v=2&tid=G-467PXF1QK3&gtm=45je52k0v9126788923z89123678765za200zb9123678765&_p=1740225093006&gcd=13l3l3l2l1l1&npa=1&dma_cps=syphamo&dma=1&tag_exp=101732282~101732284~102067808~102482433~102539968~102558064~102587591~102605417~102640600~102658453&cid=605789186.1740225093&ul=en-us&sr=2560x1440&uaa=x86&uab=64&uafvl=Chromium%3B133.0.6943.126%7CNot(A%253ABrand%3B99.0.0.0&uamb=0&uam=&uap=Windows&uapv=19.0.0&uaw=0&are=1&frm=0&pscdl=&_s=1&sid=1740225093&sct=1&seg=0&dl=https%3A%2F%2Fwww.e-chalupy.cz%2F&dt=Chaty%20a%20chalupy%20k%20pronajmut%C3%AD%2C%20pron%C3%A1jem%20chat%20a%20chalup&en=page_view&_fv=1&_ss=1&epn.viewport_width=1249&tfd=673",
        "initiator": {
            "stack": {
                "callFrames": [
                    {
                        "columnNumber": 285,
                        "functionName": "Ec",
                        "lineNumber": 210,
                        "scriptId": "34",
                        "url": "https://www.googletagmanager.com/gtag/js?id=G-467PXF1QK3&l=dataLayer&cx=c&gtm=45He52k0v9123678765za200"
                    }
                ]
            },
            "type": "script"
        }
    },
    {
        "requested_by": "https://www.e-chalupy.cz/",
        "time": 237266.140511,
        "requested_resource": "https://www.facebook.com/tr/?id=828161432379117&ev=PageView&dl=https%3A%2F%2Fwww.e-chalupy.cz%2F&rl=&if=false&ts=1740225093541&sw=2560&sh=1440&v=2.9.184&r=stable&ec=0&o=4126&fbp=fb.1.1740225093539.583914038745553135&ler=empty&it=1740225093464&coo=false&cdl=&rqm=GET",
        "initiator": {
            "columnNumber": 1,
            "lineNumber": 261,
            "type": "parser",
            "url": "https://www.e-chalupy.cz/"
        }
    },
    {
        "requested_by": "https://www.e-chalupy.cz/",
        "time": 237266.140576,
        "requested_resource": "https://www.facebook.com/privacy_sandbox/pixel/register/trigger/?id=828161432379117&ev=PageView&dl=https%3A%2F%2Fwww.e-chalupy.cz%2F&rl=&if=false&ts=1740225093541&sw=2560&sh=1440&v=2.9.184&r=stable&ec=0&o=4126&fbp=fb.1.1740225093539.583914038745553135&ler=empty&it=1740225093464&coo=false&cdl=&rqm=FGET",
        "initiator": {
            "columnNumber": 1,
            "lineNumber": 261,
            "type": "parser",
            "url": "https://www.e-chalupy.cz/"
        }
    },
    {
        "requested_by": "https://www.e-chalupy.cz/",
        "time": 237266.247217,
        "requested_resource": "https://www.google-analytics.com/j/collect?v=1&_v=j101&a=2073899364&t=pageview&_s=1&dl=https%3A%2F%2Fwww.e-chalupy.cz%2F&ul=en-us&de=UTF-8&dt=Chaty%20a%20chalupy%20k%20pronajmut%C3%AD%2C%20pron%C3%A1jem%20chat%20a%20chalup&sd=24-bit&sr=2560x1440&vp=1234x1172&je=0&_u=YADAAUABAAAAACAAI~&jid=1834246656&gjid=2074225626&cid=605789186.1740225093&tid=UA-1856399-1&_gid=472557086.1740225094&_r=1&gtm=457e52k0za200&gcd=13l3l3l2l1l1&dma_cps=syphamo&dma=1&tag_exp=101732282~101732284~102067808~102482433~102539968~102558064~102587591~102605417~102640600~102658453&jsscut=1&npa=1&z=185438978",
        "initiator": {
            "stack": {
                "callFrames": [
                    {
                        "columnNumber": 31,
                        "functionName": "wd",
                        "lineNumber": 35,
                        "scriptId": "39",
                        "url": "https://www.google-analytics.com/analytics.js"
                    }
                ]
            },
            "type": "script"
        }
    },
    {
        "requested_by": "https://www.e-chalupy.cz/",
        "time": 237267.156847,
        "requested_resource": "https://www.e-chalupy.cz/cesky_raj/_3549/svata-panna-loktuse-pohled-jihovychodni-b7d7-.jpeg",
        "initiator": {
            "type": "other"
        }
    },
    {
        "requested_by": "https://www.e-chalupy.cz/",
        "time": 237267.156904,
        "requested_resource": "https://www.e-chalupy.cz/vysocina/_7101/penzion-statek-habri-4fe1-.jpeg",
        "initiator": {
            "type": "other"
        }
    },
    {
        "requested_by": "https://www.e-chalupy.cz/",
        "time": 237267.156932,
        "requested_resource": "https://www.e-chalupy.cz/beskydy/_9113/chata-pohoda-zima-90bd-.jpeg",
        "initiator": {
            "type": "other"
        }
    },
    {
        "requested_by": "https://www.e-chalupy.cz/",
        "time": 237267.156949,
        "requested_resource": "https://www.e-chalupy.cz/orlicke_hory/_2975/foto-otevreneho-bazenu-de32-.jpeg",
        "initiator": {
            "type": "other"
        }
    },
    {
        "requested_by": "https://www.e-chalupy.cz/",
        "time": 237267.156969,
        "requested_resource": "https://www.e-chalupy.cz/jeseniky/_4848/20220905-125638-2d6b-.jpeg",
        "initiator": {
            "type": "other"
        }
    },
    {
        "requested_by": "https://www.e-chalupy.cz/",
        "time": 237267.156985,
        "requested_resource": "https://www.e-chalupy.cz/beskydy/_11500/chata-klarka-ca70-.jpeg",
        "initiator": {
            "type": "other"
        }
    },
    {
        "requested_by": "https://www.e-chalupy.cz/",
        "time": 237267.157004,
        "requested_resource": "https://www.e-chalupy.cz/krusne_hory/_9343/chalupa-vyhled-exterier-38b4-.jpeg",
        "initiator": {
            "type": "other"
        }
    },
    {
        "requested_by": "https://www.e-chalupy.cz/",
        "time": 237267.157019,
        "requested_resource": "https://www.e-chalupy.cz/jizni_morava/_2853/srub-9a4e-.jpeg",
        "initiator": {
            "type": "other"
        }
    },
    {
        "requested_by": "https://www.e-chalupy.cz/",
        "time": 237267.157036,
        "requested_resource": "https://www.e-chalupy.cz/sumava/_4967/chata-lipno-1-b4f0-.jpeg",
        "initiator": {
            "type": "other"
        }
    },
    {
        "requested_by": "https://www.e-chalupy.cz/",
        "time": 237267.163305,
        "requested_resource": "https://www.e-chalupy.cz/cdn-cgi/rum?",
        "initiator": {
            "stack": {
                "callFrames": [
                    {
                        "columnNumber": 9089,
                        "functionName": "t.sendObjectBeacon",
                        "lineNumber": 0,
                        "scriptId": "28",
                        "url": "https://static.cloudflareinsights.com/beacon.min.js/vcd15cbe7772f49c399c6a5babf22c1241717689176015"
                    }
                ]
            },
            "type": "script"
        }
    },
    {
        "requested_by": "https://www.e-chalupy.cz/",
        "time": 237267.164097,
        "requested_resource": "https://www.e-chalupy.cz/e-chalupy-cz.png",
        "initiator": {
            "type": "other"
        }
    },
    {
        "requested_by": "https://www.e-chalupy.cz/",
        "time": 237272.168284,
        "requested_resource": "https://region1.google-analytics.com/g/collect?v=2&tid=G-467PXF1QK3&gtm=45je52k0v9126788923z89123678765za200zb9123678765&_p=1740225093006&gcd=13l3l3l2l1l1&npa=1&dma_cps=syphamo&dma=1&tag_exp=101732282~101732284~102067808~102482433~102539968~102558064~102587591~102605417~102640600~102658453&cid=605789186.1740225093&ul=en-us&sr=2560x1440&uaa=x86&uab=64&uafvl=Chromium%3B133.0.6943.126%7CNot(A%253ABrand%3B99.0.0.0&uamb=0&uam=&uap=Windows&uapv=19.0.0&uaw=0&are=1&frm=0&pscdl=&_s=2&sid=1740225093&sct=1&seg=0&dl=https%3A%2F%2Fwww.e-chalupy.cz%2F&dt=Chaty%20a%20chalupy%20k%20pronajmut%C3%AD%2C%20pron%C3%A1jem%20chat%20a%20chalup&en=page_load_time&epn.viewport_width=1249&epn.loading_time_sec=1.71&_et=1038&tfd=6717",
        "initiator": {
            "stack": {
                "callFrames": [
                    {
                        "columnNumber": 285,
                        "functionName": "Ec",
                        "lineNumber": 210,
                        "scriptId": "34",
                        "url": "https://www.googletagmanager.com/gtag/js?id=G-467PXF1QK3&l=dataLayer&cx=c&gtm=45He52k0v9123678765za200"
                    }
                ]
            },
            "type": "script"
        }
    }
]