{"fpd_access_logs":{"1979393782":{"Navigator.prototype.userAgent":{"get":{"args":{"":1},"total":1,"callers":{"Error: FPDCallerTracker\n    at Navigator.replacementPD (chrome-extension://bbogkpojpmdnlonjjogfkaclifmgnbfe/0e2b677a-ee45-4109-8d3d-6756b3287b28:970:11)\n    at Object.apply (chrome-extension://bbogkpojpmdnlonjjogfkaclifmgnbfe/0e2b677a-ee45-4109-8d3d-6756b3287b28:405:25)\n    at 4723 (https://ssp.im.cz/static/js/reklama.js:1:17182)\n    at r (https://ssp.im.cz/static/js/reklama.js:1:58857)\n    at 5683 (https://ssp.im.cz/static/js/reklama.js:1:17252)\n    at r (https://ssp.im.cz/static/js/reklama.js:1:58857)\n    at 9846 (https://ssp.im.cz/static/js/reklama.js:1:35079)\n    at r (https://ssp.im.cz/static/js/reklama.js:1:58857)\n    at 1175 (https://ssp.im.cz/static/js/reklama.js:1:37686)\n    at r (https://ssp.im.cz/static/js/reklama.js:1:58857)":true}}},"window.localStorage":{"get":{"args":{"":5},"total":5,"callers":{"Error: FPDCallerTracker\n    at replacementPD (chrome-extension://bbogkpojpmdnlonjjogfkaclifmgnbfe/0e2b677a-ee45-4109-8d3d-6756b3287b28:3734:11)\n    at Object.apply (chrome-extension://bbogkpojpmdnlonjjogfkaclifmgnbfe/0e2b677a-ee45-4109-8d3d-6756b3287b28:405:25)\n    at https://ssp.im.cz/static/js/reklama.js:1:78799\n    at https://ssp.im.cz/static/js/reklama.js:1:78882\n    at https://ssp.im.cz/static/js/reklama.js:1:81207\n    at https://ssp.im.cz/static/js/reklama.js:1:81210":true,"Error: FPDCallerTracker\n    at replacementPD (chrome-extension://bbogkpojpmdnlonjjogfkaclifmgnbfe/0e2b677a-ee45-4109-8d3d-6756b3287b28:3734:11)\n    at Object.apply (chrome-extension://bbogkpojpmdnlonjjogfkaclifmgnbfe/0e2b677a-ee45-4109-8d3d-6756b3287b28:405:25)\n    at https://ssp.im.cz/static/js/reklama.js:1:78845\n    at https://ssp.im.cz/static/js/reklama.js:1:78882\n    at https://ssp.im.cz/static/js/reklama.js:1:81207\n    at https://ssp.im.cz/static/js/reklama.js:1:81210":true,"Error: FPDCallerTracker\n    at replacementPD (chrome-extension://bbogkpojpmdnlonjjogfkaclifmgnbfe/0e2b677a-ee45-4109-8d3d-6756b3287b28:3734:11)\n    at Object.apply (chrome-extension://bbogkpojpmdnlonjjogfkaclifmgnbfe/0e2b677a-ee45-4109-8d3d-6756b3287b28:405:25)\n    at https://ssp.im.cz/static/js/reklama.js:1:79174\n    at https://ssp.im.cz/static/js/reklama.js:1:79340\n    at https://ssp.im.cz/static/js/reklama.js:1:81207\n    at https://ssp.im.cz/static/js/reklama.js:1:81210":true,"Error: FPDCallerTracker\n    at replacementPD (chrome-extension://bbogkpojpmdnlonjjogfkaclifmgnbfe/0e2b677a-ee45-4109-8d3d-6756b3287b28:3734:11)\n    at Object.apply (chrome-extension://bbogkpojpmdnlonjjogfkaclifmgnbfe/0e2b677a-ee45-4109-8d3d-6756b3287b28:405:25)\n    at _ (https://ssp.im.cz/static/js/reklama.js:1:61415)\n    at https://ssp.im.cz/static/js/reklama.js:1:63616\n    at k.name (https://ssp.im.cz/static/js/reklama.js:1:64283)\n    at Rt (https://ssp.im.cz/static/js/reklama.js:1:80056)\n    at https://ssp.im.cz/static/js/reklama.js:1:80274\n    at https://ssp.im.cz/static/js/reklama.js:1:81207\n    at https://ssp.im.cz/static/js/reklama.js:1:81210":true,"Error: FPDCallerTracker\n    at replacementPD (chrome-extension://bbogkpojpmdnlonjjogfkaclifmgnbfe/0e2b677a-ee45-4109-8d3d-6756b3287b28:3734:11)\n    at Object.apply (chrome-extension://bbogkpojpmdnlonjjogfkaclifmgnbfe/0e2b677a-ee45-4109-8d3d-6756b3287b28:405:25)\n    at _ (https://ssp.im.cz/static/js/reklama.js:1:61415)\n    at https://ssp.im.cz/static/js/reklama.js:1:63616\n    at k.name (https://ssp.im.cz/static/js/reklama.js:1:64283)\n    at bt (https://ssp.im.cz/static/js/reklama.js:1:78296)\n    at https://ssp.im.cz/static/js/reklama.js:1:80562":true}}},"HTMLElement.prototype.offsetWidth":{"get":{"args":{"":1},"total":1,"callers":{"Error: FPDCallerTracker\n    at HTMLDivElement.replacementPD (chrome-extension://bbogkpojpmdnlonjjogfkaclifmgnbfe/0e2b677a-ee45-4109-8d3d-6756b3287b28:4264:11)\n    at Object.apply (chrome-extension://bbogkpojpmdnlonjjogfkaclifmgnbfe/0e2b677a-ee45-4109-8d3d-6756b3287b28:405:25)\n    at responsive.getDomElements (https://c-ko.seznam.cz/sklik/imp?k=311b5eed-e881-4a4e-8021-afdd052198a8&pssp2=7dBuAi1v550Gc41amJJ5WWqZ_hRBQ8TRwLYcay06i91j98BacAk:51:2444)\n    at responsive.buildCounter (https://c-ko.seznam.cz/sklik/imp?k=311b5eed-e881-4a4e-8021-afdd052198a8&pssp2=7dBuAi1v550Gc41amJJ5WWqZ_hRBQ8TRwLYcay06i91j98BacAk:51:4114)\n    at responsive.load (https://c-ko.seznam.cz/sklik/imp?k=311b5eed-e881-4a4e-8021-afdd052198a8&pssp2=7dBuAi1v550Gc41amJJ5WWqZ_hRBQ8TRwLYcay06i91j98BacAk:51:3999)":true}}},"CSSStyleDeclaration.prototype.fontFamily":{"set":{"args":{"":2},"total":2,"callers":{}}},"HTMLElement.prototype.offsetHeight":{"get":{"args":{"":1},"total":1,"callers":{"Error: FPDCallerTracker\n    at HTMLDivElement.replacementPD (chrome-extension://bbogkpojpmdnlonjjogfkaclifmgnbfe/0e2b677a-ee45-4109-8d3d-6756b3287b28:4338:11)\n    at Object.apply (chrome-extension://bbogkpojpmdnlonjjogfkaclifmgnbfe/0e2b677a-ee45-4109-8d3d-6756b3287b28:405:25)\n    at responsive.getDomElements (https://c-ko.seznam.cz/sklik/imp?k=311b5eed-e881-4a4e-8021-afdd052198a8&pssp2=7dBuAi1v550Gc41amJJ5WWqZ_hRBQ8TRwLYcay06i91j98BacAk:51:2500)\n    at responsive.buildCounter (https://c-ko.seznam.cz/sklik/imp?k=311b5eed-e881-4a4e-8021-afdd052198a8&pssp2=7dBuAi1v550Gc41amJJ5WWqZ_hRBQ8TRwLYcay06i91j98BacAk:51:4114)\n    at responsive.load (https://c-ko.seznam.cz/sklik/imp?k=311b5eed-e881-4a4e-8021-afdd052198a8&pssp2=7dBuAi1v550Gc41amJJ5WWqZ_hRBQ8TRwLYcay06i91j98BacAk:51:3999)":true}}}}}}