{
    "doubleclick.net": {
        "securepubads.g": {
            "A": [
                "142.251.36.130"
            ],
            "CNAME": []
        },
        "td": {
            "A": [
                "142.251.36.66"
            ],
            "CNAME": []
        },
        "stats.g": {
            "A": [
                "142.251.18.157",
                "142.251.18.155",
                "142.251.18.154",
                "142.251.18.156"
            ],
            "CNAME": []
        },
        "googleads.g": {
            "A": [
                "142.251.36.66"
            ],
            "CNAME": []
        },
        "ad": {
            "A": [
                "142.251.37.102"
            ],
            "CNAME": []
        }
    },
    "googletagmanager.com": {
        "www": {
            "A": [
                "142.251.36.104"
            ],
            "CNAME": []
        }
    },
    "google-analytics.com": {
        "region1": {
            "A": [
                "216.239.34.36",
                "216.239.32.36"
            ],
            "CNAME": []
        },
        "www": {
            "A": [
                "142.251.37.110"
            ],
            "CNAME": [
                "www-alv.google-analytics.com"
            ]
        },
        "www-alv": {
            "A": [
                "142.251.37.110"
            ],
            "CNAME": []
        }
    },
    "google.com": {
        "accounts": {
            "A": [
                "142.250.102.84"
            ],
            "CNAME": []
        },
        "android.clients": {
            "A": [
                "142.251.36.142",
                "142.251.37.110",
                "142.251.36.78",
                "142.251.36.110"
            ],
            "CNAME": [
                "android.l.google.com"
            ]
        },
        "android.l": {
            "A": [
                "142.251.36.142",
                "142.251.37.110",
                "142.251.36.78",
                "142.251.36.110"
            ],
            "CNAME": []
        },
        "mtalk": {
            "A": [
                "74.125.128.188"
            ],
            "CNAME": [
                "mobile-gtalk.l.google.com"
            ]
        },
        "mobile-gtalk.l": {
            "A": [
                "74.125.128.188"
            ],
            "CNAME": []
        },
        "www": {
            "A": [
                "142.251.36.132"
            ],
            "CNAME": []
        },
        "region1.analytics": {
            "A": [
                "216.239.32.36",
                "216.239.34.36"
            ],
            "CNAME": []
        },
        "youtube-ui.l": {
            "A": [
                "142.251.36.110",
                "142.251.37.110",
                "142.251.36.142",
                "142.251.36.78"
            ],
            "CNAME": []
        },
        "fundingchoicesmessages": {
            "A": [
                "142.251.36.110"
            ],
            "CNAME": [
                "www3.l.google.com"
            ]
        },
        "www3.l": {
            "A": [
                "142.251.36.110"
            ],
            "CNAME": []
        }
    },
    "tiscali.cz": {
        "tiscali.cz": {
            "A": [
                "109.123.210.26",
                "77.78.119.119",
                "77.78.119.204"
            ],
            "CNAME": []
        },
        "www": {
            "A": [
                "77.78.119.204",
                "109.123.210.26",
                "77.78.119.119"
            ],
            "CNAME": []
        },
        "cdn-static": {
            "A": [
                "85.239.227.191",
                "85.239.227.189"
            ],
            "CNAME": []
        },
        "im": {
            "A": [
                "85.239.227.134",
                "85.239.227.63"
            ],
            "CNAME": [
                "img.tiscali.cz"
            ]
        },
        "img": {
            "A": [
                "85.239.227.134",
                "85.239.227.63"
            ],
            "CNAME": []
        },
        "login": {
            "A": [
                "82.208.6.129",
                "82.208.6.130"
            ],
            "CNAME": []
        },
        "cms": {
            "A": [
                "82.208.7.53",
                "109.123.210.18",
                "81.0.235.157"
            ],
            "CNAME": []
        },
        "ticket.login": {
            "A": [
                "82.208.6.129",
                "82.208.6.130"
            ],
            "CNAME": [
                "ticket.tiscali.cz"
            ]
        },
        "ticket": {
            "A": [
                "82.208.6.129",
                "82.208.6.130"
            ],
            "CNAME": []
        }
    },
    "googleapis.com": {
        "fonts": {
            "A": [
                "142.251.36.138"
            ],
            "CNAME": []
        },
        "content-autofill": {
            "A": [
                "142.251.37.106",
                "142.251.36.138",
                "142.251.36.106",
                "142.251.36.74"
            ],
            "CNAME": []
        },
        "imasdk": {
            "A": [
                "142.251.36.106"
            ],
            "CNAME": []
        },
        "ajax": {
            "A": [
                "142.251.37.106"
            ],
            "CNAME": []
        }
    },
    "performax.cz": {
        "cdn": {
            "A": [
                "109.123.210.81",
                "109.123.221.171",
                "109.123.210.83"
            ],
            "CNAME": []
        },
        "dale": {
            "A": [
                "109.123.221.51",
                "109.123.221.54",
                "109.123.221.50"
            ],
            "CNAME": []
        },
        "chip": {
            "A": [
                "109.123.221.54",
                "109.123.221.51",
                "109.123.221.50"
            ],
            "CNAME": []
        }
    },
    "gstatic.com": {
        "fonts": {
            "A": [
                "142.251.37.99"
            ],
            "CNAME": []
        },
        "csi": {
            "A": [
                "216.239.32.3"
            ],
            "CNAME": []
        }
    },
    "sentry.io": {
        "o467217.ingest": {
            "A": [
                "34.120.195.249"
            ],
            "CNAME": []
        }
    },
    "googlesyndication.com": {
        "pagead2": {
            "A": [
                "142.251.36.98"
            ],
            "CNAME": []
        }
    },
    "screechingstove.com": {
        "screechingstove.com": {
            "A": [
                "34.36.178.22"
            ],
            "CNAME": []
        }
    },
    "clarity.ms": {
        "www": {
            "A": [
                "13.107.246.45"
            ],
            "CNAME": [
                "clarity.azurefd.net",
                "azurefd-t-prod.trafficmanager.net",
                "shed.dual-low.s-part-0017.t-0009.t-msedge.net",
                "s-part-0017.t-0009.t-msedge.net"
            ]
        },
        "r": {
            "A": [
                "20.119.174.243"
            ],
            "CNAME": [
                "clarity-ingest-eus2-b-sc.eastus2.cloudapp.azure.com"
            ]
        },
        "c": {
            "A": [
                "13.74.129.1"
            ],
            "CNAME": [
                "c.msn.com",
                "c-msn-pme.trafficmanager.net"
            ]
        }
    },
    "azurefd.net": {
        "clarity": {
            "A": [],
            "CNAME": [
                "azurefd-t-prod.trafficmanager.net"
            ]
        }
    },
    "trafficmanager.net": {
        "azurefd-t-prod": {
            "A": [],
            "CNAME": [
                "shed.dual-low.s-part-0017.t-0009.t-msedge.net"
            ]
        },
        "c-msn-pme": {
            "A": [
                "13.74.129.1"
            ],
            "CNAME": []
        }
    },
    "t-msedge.net": {
        "shed.dual-low.s-part-0017.t-0009": {
            "A": [],
            "CNAME": [
                "s-part-0017.t-0009.t-msedge.net"
            ]
        },
        "s-part-0017.t-0009": {
            "A": [
                "13.107.246.45"
            ],
            "CNAME": []
        }
    },
    "pubmatic.com": {
        "ads": {
            "A": [
                "23.218.208.200"
            ],
            "CNAME": [
                "pubmatic.edgekey.net",
                "e6603.g.akamaiedge.net"
            ]
        }
    },
    "edgekey.net": {
        "pubmatic": {
            "A": [],
            "CNAME": [
                "e6603.g.akamaiedge.net"
            ]
        },
        "cdn.mookie1.com": {
            "A": [],
            "CNAME": [
                "e221614.f.akamaiedge.net"
            ]
        }
    },
    "akamaiedge.net": {
        "e6603.g": {
            "A": [
                "23.218.208.200"
            ],
            "CNAME": []
        },
        "e221614.f": {
            "A": [
                "2.16.1.153",
                "2.16.1.225"
            ],
            "CNAME": []
        }
    },
    "gemius.pl": {
        "spir.hit": {
            "A": [
                "141.95.47.53",
                "141.95.47.55",
                "141.95.47.56",
                "141.95.47.54"
            ],
            "CNAME": []
        },
        "ls.hit": {
            "A": [
                "146.59.30.96",
                "146.59.30.100",
                "146.59.30.104",
                "145.239.237.56"
            ],
            "CNAME": []
        }
    },
    "youtube.com": {
        "www": {
            "A": [
                "142.251.36.110",
                "142.251.37.110",
                "142.251.36.142",
                "142.251.36.78"
            ],
            "CNAME": [
                "youtube-ui.l.google.com"
            ]
        }
    },
    "mookie1.com": {
        "cdn": {
            "A": [
                "2.16.1.153",
                "2.16.1.225"
            ],
            "CNAME": [
                "cdn.mookie1.com.edgekey.net",
                "e221614.f.akamaiedge.net"
            ]
        }
    },
    "jsdelivr.net": {
        "cdn": {
            "A": [
                "199.232.17.229"
            ],
            "CNAME": [
                "jsdelivr.map.fastly.net"
            ]
        }
    },
    "fastly.net": {
        "jsdelivr.map": {
            "A": [
                "199.232.17.229"
            ],
            "CNAME": []
        }
    },
    "azure.com": {
        "clarity-ingest-eus2-b-sc.eastus2.cloudapp": {
            "A": [
                "20.119.174.243"
            ],
            "CNAME": []
        }
    },
    "adsafeprotected.com": {
        "static": {
            "A": [
                "65.9.95.74",
                "65.9.95.65",
                "65.9.95.4",
                "65.9.95.99"
            ],
            "CNAME": [
                "d162h6x3rxav67.cloudfront.net"
            ]
        }
    },
    "cloudfront.net": {
        "d162h6x3rxav67": {
            "A": [
                "65.9.95.74",
                "65.9.95.65",
                "65.9.95.4",
                "65.9.95.99"
            ],
            "CNAME": []
        }
    },
    "2mdn.net": {
        "s0": {
            "A": [
                "142.251.36.70"
            ],
            "CNAME": []
        }
    },
    "googleusercontent.com": {
        "lh3": {
            "A": [
                "142.251.36.97"
            ],
            "CNAME": [
                "googlehosted.l.googleusercontent.com"
            ]
        },
        "googlehosted.l": {
            "A": [
                "142.251.36.97"
            ],
            "CNAME": []
        }
    },
    "msn.com": {
        "c": {
            "A": [],
            "CNAME": [
                "c-msn-pme.trafficmanager.net"
            ]
        }
    },
    "adtrafficquality.google": {
        "ep1": {
            "A": [
                "142.251.36.130"
            ],
            "CNAME": []
        },
        "ep2": {
            "A": [
                "142.251.37.97"
            ],
            "CNAME": []
        }
    },
    "etargetnet.com": {
        "cz.search": {
            "A": [
                "195.168.10.171"
            ],
            "CNAME": []
        }
    },
    "bing.com": {
        "c": {
            "A": [
                "150.171.27.10",
                "150.171.28.10"
            ],
            "CNAME": [
                "c-bing-com.ax-0001.ax-msedge.net"
            ]
        }
    },
    "ax-msedge.net": {
        "c-bing-com.ax-0001": {
            "A": [
                "150.171.27.10",
                "150.171.28.10"
            ],
            "CNAME": []
        },
        "ax-0001": {
            "A": [
                "150.171.27.10",
                "150.171.28.10"
            ],
            "CNAME": []
        }
    },
    "dopc.cz": {
        "cdn": {
            "A": [
                "77.78.119.106"
            ],
            "CNAME": []
        }
    },
    "adform.net": {
        "track": {
            "A": [
                "37.157.6.231",
                "37.157.6.232",
                "37.157.6.233",
                "37.157.6.254",
                "37.157.6.243",
                "37.157.6.237"
            ],
            "CNAME": [
                "track-eu.adformnet.akadns.net"
            ]
        },
        "s1": {
            "A": [
                "37.157.6.245"
            ],
            "CNAME": [
                "s1-eu-cname.adformnet.akadns.net",
                "nstrp.adform.net"
            ]
        },
        "nstrp": {
            "A": [
                "37.157.6.245"
            ],
            "CNAME": []
        }
    },
    "akadns.net": {
        "track-eu.adformnet": {
            "A": [
                "37.157.6.231",
                "37.157.6.232",
                "37.157.6.233",
                "37.157.6.254",
                "37.157.6.243",
                "37.157.6.237"
            ],
            "CNAME": []
        },
        "s1-eu-cname.adformnet": {
            "A": [],
            "CNAME": [
                "nstrp.adform.net"
            ]
        }
    },
    "seznam.cz": {
        "ssp": {
            "A": [
                "77.75.78.101",
                "77.75.76.101"
            ],
            "CNAME": []
        },
        "h": {
            "A": [
                "77.75.78.30",
                "77.75.76.30"
            ],
            "CNAME": []
        },
        "cmp": {
            "A": [
                "77.75.76.214"
            ],
            "CNAME": []
        },
        "c-ko": {
            "A": [
                "77.75.77.172",
                "77.75.79.172"
            ],
            "CNAME": []
        }
    }
}