{
    "doubleclick.net": {
        "securepubads.g": {
            "A": [
                "142.251.36.130"
            ],
            "CNAME": []
        },
        "td": {
            "A": [
                "142.251.36.66"
            ],
            "CNAME": []
        },
        "stats.g": {
            "A": [
                "142.251.18.155",
                "142.251.18.156",
                "142.251.18.154",
                "142.251.18.157"
            ],
            "CNAME": []
        },
        "googleads.g": {
            "A": [
                "142.251.36.66"
            ],
            "CNAME": []
        },
        "ad": {
            "A": [
                "142.251.37.102"
            ],
            "CNAME": []
        }
    },
    "googletagmanager.com": {
        "www": {
            "A": [
                "142.251.36.104"
            ],
            "CNAME": []
        }
    },
    "google.com": {
        "accounts": {
            "A": [
                "142.250.102.84"
            ],
            "CNAME": []
        },
        "android.clients": {
            "A": [
                "142.251.36.110",
                "142.251.36.78",
                "142.251.37.110",
                "142.251.36.142"
            ],
            "CNAME": [
                "android.l.google.com"
            ]
        },
        "android.l": {
            "A": [
                "142.251.36.110",
                "142.251.36.78",
                "142.251.37.110",
                "142.251.36.142"
            ],
            "CNAME": []
        },
        "mtalk": {
            "A": [
                "74.125.128.188"
            ],
            "CNAME": [
                "mobile-gtalk.l.google.com"
            ]
        },
        "mobile-gtalk.l": {
            "A": [
                "74.125.128.188"
            ],
            "CNAME": []
        },
        "www": {
            "A": [
                "142.251.36.132"
            ],
            "CNAME": []
        },
        "region1.analytics": {
            "A": [
                "216.239.34.36",
                "216.239.32.36"
            ],
            "CNAME": []
        },
        "youtube-ui.l": {
            "A": [
                "142.251.36.110",
                "142.251.37.110",
                "142.251.36.142",
                "142.251.36.78"
            ],
            "CNAME": []
        },
        "fundingchoicesmessages": {
            "A": [
                "142.251.36.110"
            ],
            "CNAME": [
                "www3.l.google.com"
            ]
        },
        "www3.l": {
            "A": [
                "142.251.36.110"
            ],
            "CNAME": []
        }
    },
    "googleapis.com": {
        "fonts": {
            "A": [
                "142.251.36.138"
            ],
            "CNAME": []
        },
        "content-autofill": {
            "A": [
                "142.251.36.74",
                "142.251.36.106",
                "142.251.36.138",
                "142.251.37.106"
            ],
            "CNAME": []
        },
        "imasdk": {
            "A": [
                "142.251.36.106"
            ],
            "CNAME": []
        },
        "ajax": {
            "A": [
                "142.251.37.106"
            ],
            "CNAME": []
        }
    },
    "sentry.io": {
        "o467217.ingest": {
            "A": [
                "34.120.195.249"
            ],
            "CNAME": []
        },
        "o1219523.ingest": {
            "A": [
                "34.120.195.249"
            ],
            "CNAME": []
        }
    },
    "edgekey.net": {
        "pubmatic": {
            "A": [],
            "CNAME": [
                "e6603.g.akamaiedge.net"
            ]
        },
        "cdn.mookie1.com": {
            "A": [],
            "CNAME": [
                "e221614.f.akamaiedge.net"
            ]
        },
        "analytics.tiktok.com": {
            "A": [],
            "CNAME": [
                "analytics.tiktok.com.bytewlb.akadns.net"
            ]
        }
    },
    "akamaiedge.net": {
        "e6603.g": {
            "A": [
                "23.218.208.200"
            ],
            "CNAME": []
        },
        "e221614.f": {
            "A": [
                "2.16.1.153",
                "2.16.1.225"
            ],
            "CNAME": []
        },
        "e35058.api14": {
            "A": [
                "2.18.79.34",
                "2.18.79.19"
            ],
            "CNAME": []
        }
    },
    "fastly.net": {
        "jsdelivr.map": {
            "A": [
                "199.232.17.229"
            ],
            "CNAME": []
        },
        "platform.twitter.map": {
            "A": [
                "199.232.40.157"
            ],
            "CNAME": []
        }
    },
    "bing.com": {
        "c": {
            "A": [
                "150.171.27.10",
                "150.171.28.10"
            ],
            "CNAME": [
                "c-bing-com.ax-0001.ax-msedge.net"
            ]
        },
        "bat": {
            "A": [
                "150.171.28.10",
                "150.171.27.10"
            ],
            "CNAME": [
                "bat-bing-com.ax-0001.ax-msedge.net",
                "ax-0001.ax-msedge.net"
            ]
        }
    },
    "ax-msedge.net": {
        "c-bing-com.ax-0001": {
            "A": [
                "150.171.27.10",
                "150.171.28.10"
            ],
            "CNAME": []
        },
        "ax-0001": {
            "A": [
                "150.171.28.10",
                "150.171.27.10"
            ],
            "CNAME": []
        },
        "bat-bing-com.ax-0001": {
            "A": [],
            "CNAME": [
                "ax-0001.ax-msedge.net"
            ]
        }
    },
    "adform.net": {
        "track": {
            "A": [
                "37.157.6.231",
                "37.157.6.232",
                "37.157.6.233",
                "37.157.6.254",
                "37.157.6.243",
                "37.157.6.237"
            ],
            "CNAME": [
                "track-eu.adformnet.akadns.net"
            ]
        },
        "s1": {
            "A": [
                "37.157.6.245"
            ],
            "CNAME": [
                "s1-eu-cname.adformnet.akadns.net",
                "nstrp.adform.net"
            ]
        },
        "nstrp": {
            "A": [
                "37.157.6.245"
            ],
            "CNAME": []
        },
        "s2": {
            "A": [
                "37.157.6.245"
            ],
            "CNAME": [
                "s2.adformnet.akadns.net",
                "s1-eu-cname.adformnet.akadns.net",
                "nstrp.adform.net"
            ]
        }
    },
    "akadns.net": {
        "track-eu.adformnet": {
            "A": [
                "37.157.6.231",
                "37.157.6.232",
                "37.157.6.233",
                "37.157.6.254",
                "37.157.6.243",
                "37.157.6.237"
            ],
            "CNAME": []
        },
        "s1-eu-cname.adformnet": {
            "A": [],
            "CNAME": [
                "nstrp.adform.net"
            ]
        },
        "s2.adformnet": {
            "A": [],
            "CNAME": [
                "s1-eu-cname.adformnet.akadns.net"
            ]
        },
        "analytics.tiktok.com.bytewlb": {
            "A": [],
            "CNAME": [
                "e35058.api14.akamaiedge.net"
            ]
        }
    },
    "seznam.cz": {
        "ssp": {
            "A": [
                "77.75.78.101",
                "77.75.76.101"
            ],
            "CNAME": []
        },
        "h": {
            "A": [
                "77.75.78.30",
                "77.75.76.30"
            ],
            "CNAME": []
        },
        "cmp": {
            "A": [
                "77.75.76.214"
            ],
            "CNAME": []
        },
        "c-ko": {
            "A": [
                "77.75.77.172",
                "77.75.79.172"
            ],
            "CNAME": []
        },
        "c": {
            "A": [
                "77.75.79.172",
                "77.75.77.172"
            ],
            "CNAME": []
        }
    },
    "knihobot.cz": {
        "knihobot.cz": {
            "A": [
                "3.123.174.76",
                "3.76.136.200",
                "3.68.134.238"
            ],
            "CNAME": []
        },
        "cms": {
            "A": [
                "89.221.213.74"
            ],
            "CNAME": []
        },
        "mhubc": {
            "A": [
                "20.105.224.38"
            ],
            "CNAME": [
                "knihobotmhubmhub.azurewebsites.net",
                "hosts.knihobotmhubmhub.azurewebsites.net"
            ]
        }
    },
    "bookbot.com": {
        "cdn": {
            "A": [
                "65.9.95.47",
                "65.9.95.15",
                "65.9.95.5",
                "65.9.95.75"
            ],
            "CNAME": []
        }
    },
    "knhbt.cz": {
        "rezised-images": {
            "A": [
                "65.9.95.90",
                "65.9.95.74",
                "65.9.95.93",
                "65.9.95.91"
            ],
            "CNAME": []
        }
    },
    "ads-twitter.com": {
        "static": {
            "A": [
                "199.232.40.157"
            ],
            "CNAME": [
                "platform.twitter.map.fastly.net"
            ]
        }
    },
    "licdn.com": {
        "snap": {
            "A": [
                "23.32.239.35",
                "2.19.198.11"
            ],
            "CNAME": [
                "od.linkedin.edgesuite.net",
                "a1916.dscg2.akamai.net"
            ]
        }
    },
    "edgesuite.net": {
        "od.linkedin": {
            "A": [],
            "CNAME": [
                "a1916.dscg2.akamai.net"
            ]
        }
    },
    "akamai.net": {
        "a1916.dscg2": {
            "A": [
                "23.32.239.35",
                "2.19.198.11"
            ],
            "CNAME": []
        }
    },
    "smartlook.com": {
        "web-sdk": {
            "A": [
                "65.9.95.28",
                "65.9.95.105",
                "65.9.95.112",
                "65.9.95.64"
            ],
            "CNAME": []
        }
    },
    "exponea.com": {
        "api.eu1": {
            "A": [
                "34.149.75.170"
            ],
            "CNAME": []
        }
    },
    "tiktok.com": {
        "analytics": {
            "A": [
                "2.18.79.34",
                "2.18.79.19"
            ],
            "CNAME": [
                "analytics.tiktok.com.ttdns2.com",
                "analytics.tiktok.com.edgekey.net",
                "analytics.tiktok.com.bytewlb.akadns.net",
                "e35058.api14.akamaiedge.net"
            ]
        }
    },
    "ttdns2.com": {
        "analytics.tiktok.com": {
            "A": [],
            "CNAME": [
                "analytics.tiktok.com.edgekey.net"
            ]
        }
    },
    "featurebase.app": {
        "do": {
            "A": [
                "104.26.4.58",
                "104.26.5.58",
                "172.67.68.118"
            ],
            "CNAME": []
        },
        "knihobot": {
            "A": [
                "104.26.5.58",
                "104.26.4.58",
                "172.67.68.118"
            ],
            "CNAME": []
        }
    },
    "facebook.net": {
        "connect": {
            "A": [
                "157.240.30.27"
            ],
            "CNAME": [
                "scontent.xx.fbcdn.net"
            ]
        }
    },
    "fbcdn.net": {
        "scontent.xx": {
            "A": [
                "157.240.30.27"
            ],
            "CNAME": []
        }
    },
    "linkedin.com": {
        "px.ads": {
            "A": [
                "13.107.42.14"
            ],
            "CNAME": [
                "afd-lnkd.www.linkedin.com",
                "www-linkedin-com.l-0005.l-msedge.net",
                "l-0005.l-msedge.net"
            ]
        },
        "afd-lnkd.www": {
            "A": [],
            "CNAME": [
                "www-linkedin-com.l-0005.l-msedge.net"
            ]
        }
    },
    "l-msedge.net": {
        "www-linkedin-com.l-0005": {
            "A": [],
            "CNAME": [
                "l-0005.l-msedge.net"
            ]
        },
        "l-0005": {
            "A": [
                "13.107.42.14"
            ],
            "CNAME": []
        }
    },
    "azurewebsites.net": {
        "knihobotmhubmhub": {
            "A": [],
            "CNAME": [
                "hosts.knihobotmhubmhub.azurewebsites.net"
            ]
        },
        "hosts.knihobotmhubmhub": {
            "A": [
                "20.105.224.38"
            ],
            "CNAME": []
        }
    },
    "t.co": {
        "t.co": {
            "A": [
                "172.66.0.227"
            ],
            "CNAME": []
        }
    },
    "twitter.com": {
        "analytics": {
            "A": [
                "172.66.0.227"
            ],
            "CNAME": [
                "s.twitter.com"
            ]
        },
        "s": {
            "A": [
                "172.66.0.227"
            ],
            "CNAME": []
        }
    },
    "google.cz": {
        "www": {
            "A": [
                "142.251.36.67"
            ],
            "CNAME": []
        }
    },
    "facebook.com": {
        "www": {
            "A": [
                "157.240.30.35"
            ],
            "CNAME": [
                "star-mini.c10r.facebook.com"
            ]
        },
        "star-mini.c10r": {
            "A": [
                "157.240.30.35"
            ],
            "CNAME": []
        }
    }
}