{
    "wikimedia.org": {
        "wikimedia.org": {
            "A": [
                "185.15.58.224"
            ],
            "CNAME": []
        },
        "www": {
            "A": [
                "185.15.58.224"
            ],
            "CNAME": [
                "dyna.wikimedia.org"
            ]
        },
        "dyna": {
            "A": [
                "185.15.58.224"
            ],
            "CNAME": []
        },
        "foundation": {
            "A": [
                "185.15.58.224"
            ],
            "CNAME": [
                "dyna.wikimedia.org"
            ]
        }
    }
}