[
    {
        "requested_for": "https://foodora.cz/",
        "time": 340325.365106,
        "requestId": "480E8A7C84323DF640B90FC4977063E3",
        "loaderId": "480E8A7C84323DF640B90FC4977063E3",
        "requested_resource": "https://foodora.cz/",
        "initiator": {
            "type": "other"
        }
    },
    {
        "requested_for": "https://www.foodora.cz/",
        "time": 340325.420602,
        "requestId": "480E8A7C84323DF640B90FC4977063E3",
        "loaderId": "480E8A7C84323DF640B90FC4977063E3",
        "requested_resource": "https://www.foodora.cz/",
        "initiator": {
            "type": "other"
        }
    },
    {
        "requested_for": "https://www.foodora.cz/",
        "time": 340325.51788,
        "requestId": "2272.2",
        "loaderId": "480E8A7C84323DF640B90FC4977063E3",
        "requested_resource": "https://www.foodora.cz/lJuB4eTB/captcha/captcha.js?a=c&u=ac2d855d-0436-11f0-9d76-5b3d075f335f&v=&m=0",
        "initiator": {
            "stack": {
                "callFrames": [
                    {
                        "columnNumber": 26,
                        "functionName": "apply",
                        "lineNumber": 284,
                        "scriptId": "13",
                        "url": "chrome-extension://bbogkpojpmdnlonjjogfkaclifmgnbfe/19f45868-54ad-462e-9aa2-0b2c025f2179"
                    },
                    {
                        "columnNumber": 24,
                        "functionName": "apply",
                        "lineNumber": 404,
                        "scriptId": "13",
                        "url": "chrome-extension://bbogkpojpmdnlonjjogfkaclifmgnbfe/19f45868-54ad-462e-9aa2-0b2c025f2179"
                    },
                    {
                        "columnNumber": 18,
                        "functionName": "",
                        "lineNumber": 44,
                        "scriptId": "14",
                        "url": "https://www.foodora.cz/"
                    }
                ]
            },
            "type": "script"
        }
    },
    {
        "requested_for": "https://www.foodora.cz/",
        "time": 340325.777256,
        "requestId": "2272.3",
        "loaderId": "480E8A7C84323DF640B90FC4977063E3",
        "requested_resource": "https://fonts.googleapis.com/css2?family=Roboto:ital,wght@0,100;0,300;0,400;0,500;0,700;0,900;1,100;1,300;1,400;1,500;1,700;1,900&display=swap",
        "initiator": {
            "columnNumber": 0,
            "lineNumber": 0,
            "type": "parser",
            "url": "about:client"
        }
    },
    {
        "requested_for": "https://www.foodora.cz/",
        "time": 340325.778119,
        "requestId": "2272.4",
        "loaderId": "480E8A7C84323DF640B90FC4977063E3",
        "requested_resource": "https://www.google.com/recaptcha/enterprise.js?hl=en-US",
        "initiator": {
            "stack": {
                "callFrames": [
                    {
                        "columnNumber": 26,
                        "functionName": "apply",
                        "lineNumber": 284,
                        "scriptId": "13",
                        "url": "chrome-extension://bbogkpojpmdnlonjjogfkaclifmgnbfe/19f45868-54ad-462e-9aa2-0b2c025f2179"
                    },
                    {
                        "columnNumber": 24,
                        "functionName": "apply",
                        "lineNumber": 404,
                        "scriptId": "13",
                        "url": "chrome-extension://bbogkpojpmdnlonjjogfkaclifmgnbfe/19f45868-54ad-462e-9aa2-0b2c025f2179"
                    },
                    {
                        "columnNumber": 289785,
                        "functionName": "",
                        "lineNumber": 1,
                        "scriptId": "17",
                        "url": "https://www.foodora.cz/lJuB4eTB/captcha/captcha.js?a=c&u=ac2d855d-0436-11f0-9d76-5b3d075f335f&v=&m=0"
                    },
                    {
                        "columnNumber": 25575,
                        "functionName": "qn",
                        "lineNumber": 1,
                        "scriptId": "17",
                        "url": "https://www.foodora.cz/lJuB4eTB/captcha/captcha.js?a=c&u=ac2d855d-0436-11f0-9d76-5b3d075f335f&v=&m=0"
                    },
                    {
                        "columnNumber": 289148,
                        "functionName": "Yc",
                        "lineNumber": 1,
                        "scriptId": "17",
                        "url": "https://www.foodora.cz/lJuB4eTB/captcha/captcha.js?a=c&u=ac2d855d-0436-11f0-9d76-5b3d075f335f&v=&m=0"
                    }
                ]
            },
            "type": "script"
        }
    },
    {
        "requested_for": "https://www.foodora.cz/",
        "time": 340325.778545,
        "requestId": "2272.5",
        "loaderId": "480E8A7C84323DF640B90FC4977063E3",
        "requested_resource": "https://client.px-cloud.net/PXlJuB4eTB/main.min.js",
        "initiator": {
            "stack": {
                "callFrames": [
                    {
                        "columnNumber": 26,
                        "functionName": "apply",
                        "lineNumber": 284,
                        "scriptId": "13",
                        "url": "chrome-extension://bbogkpojpmdnlonjjogfkaclifmgnbfe/19f45868-54ad-462e-9aa2-0b2c025f2179"
                    },
                    {
                        "columnNumber": 24,
                        "functionName": "apply",
                        "lineNumber": 404,
                        "scriptId": "13",
                        "url": "chrome-extension://bbogkpojpmdnlonjjogfkaclifmgnbfe/19f45868-54ad-462e-9aa2-0b2c025f2179"
                    },
                    {
                        "columnNumber": 230956,
                        "functionName": "n",
                        "lineNumber": 1,
                        "scriptId": "17",
                        "url": "https://www.foodora.cz/lJuB4eTB/captcha/captcha.js?a=c&u=ac2d855d-0436-11f0-9d76-5b3d075f335f&v=&m=0"
                    },
                    {
                        "columnNumber": 231153,
                        "functionName": "Qr",
                        "lineNumber": 1,
                        "scriptId": "17",
                        "url": "https://www.foodora.cz/lJuB4eTB/captcha/captcha.js?a=c&u=ac2d855d-0436-11f0-9d76-5b3d075f335f&v=&m=0"
                    },
                    {
                        "columnNumber": 289970,
                        "functionName": "Yc",
                        "lineNumber": 1,
                        "scriptId": "17",
                        "url": "https://www.foodora.cz/lJuB4eTB/captcha/captcha.js?a=c&u=ac2d855d-0436-11f0-9d76-5b3d075f335f&v=&m=0"
                    }
                ]
            },
            "type": "script"
        }
    },
    {
        "requested_for": "https://www.foodora.cz/",
        "time": 340325.84376,
        "requestId": "2272.6",
        "loaderId": "480E8A7C84323DF640B90FC4977063E3",
        "requested_resource": "https://www.gstatic.com/recaptcha/releases/J79K9xgfxwT6Syzx-UyWdD89/recaptcha__en.js",
        "initiator": {
            "stack": {
                "callFrames": [
                    {
                        "columnNumber": 26,
                        "functionName": "apply",
                        "lineNumber": 284,
                        "scriptId": "13",
                        "url": "chrome-extension://bbogkpojpmdnlonjjogfkaclifmgnbfe/19f45868-54ad-462e-9aa2-0b2c025f2179"
                    },
                    {
                        "columnNumber": 24,
                        "functionName": "apply",
                        "lineNumber": 404,
                        "scriptId": "13",
                        "url": "chrome-extension://bbogkpojpmdnlonjjogfkaclifmgnbfe/19f45868-54ad-462e-9aa2-0b2c025f2179"
                    },
                    {
                        "columnNumber": 1540,
                        "functionName": "",
                        "lineNumber": 0,
                        "scriptId": "18",
                        "url": "https://www.google.com/recaptcha/enterprise.js?hl=en-US"
                    },
                    {
                        "columnNumber": 1562,
                        "functionName": "",
                        "lineNumber": 0,
                        "scriptId": "18",
                        "url": "https://www.google.com/recaptcha/enterprise.js?hl=en-US"
                    }
                ]
            },
            "type": "script"
        }
    },
    {
        "requested_for": "https://www.foodora.cz/",
        "time": 340325.896469,
        "requestId": "2272.7",
        "loaderId": "480E8A7C84323DF640B90FC4977063E3",
        "requested_resource": "https://stk.px-cloud.net/ns?c=ac2d855d-0436-11f0-9d76-5b3d075f335f",
        "initiator": {
            "stack": {
                "callFrames": [
                    {
                        "columnNumber": 151507,
                        "functionName": "xp",
                        "lineNumber": 1,
                        "scriptId": "19",
                        "url": "https://client.px-cloud.net/PXlJuB4eTB/main.min.js"
                    },
                    {
                        "columnNumber": 172199,
                        "functionName": "",
                        "lineNumber": 1,
                        "scriptId": "19",
                        "url": "https://client.px-cloud.net/PXlJuB4eTB/main.min.js"
                    },
                    {
                        "columnNumber": 172276,
                        "functionName": "",
                        "lineNumber": 1,
                        "scriptId": "19",
                        "url": "https://client.px-cloud.net/PXlJuB4eTB/main.min.js"
                    },
                    {
                        "columnNumber": 174698,
                        "functionName": "",
                        "lineNumber": 1,
                        "scriptId": "19",
                        "url": "https://client.px-cloud.net/PXlJuB4eTB/main.min.js"
                    },
                    {
                        "columnNumber": 174701,
                        "functionName": "",
                        "lineNumber": 1,
                        "scriptId": "19",
                        "url": "https://client.px-cloud.net/PXlJuB4eTB/main.min.js"
                    }
                ]
            },
            "type": "script"
        }
    },
    {
        "requested_for": "https://www.foodora.cz/",
        "time": 340325.903759,
        "requestId": "2272.8",
        "loaderId": "480E8A7C84323DF640B90FC4977063E3",
        "requested_resource": "https://collector-pxljub4etb.cl6.px-cloud.net/b/c",
        "initiator": {
            "stack": {
                "callFrames": [
                    {
                        "columnNumber": 152643,
                        "functionName": "Vp",
                        "lineNumber": 1,
                        "scriptId": "19",
                        "url": "https://client.px-cloud.net/PXlJuB4eTB/main.min.js"
                    },
                    {
                        "columnNumber": 154508,
                        "functionName": "om",
                        "lineNumber": 1,
                        "scriptId": "19",
                        "url": "https://client.px-cloud.net/PXlJuB4eTB/main.min.js"
                    },
                    {
                        "columnNumber": 155501,
                        "functionName": "",
                        "lineNumber": 1,
                        "scriptId": "19",
                        "url": "https://client.px-cloud.net/PXlJuB4eTB/main.min.js"
                    },
                    {
                        "columnNumber": 174648,
                        "functionName": "",
                        "lineNumber": 1,
                        "scriptId": "19",
                        "url": "https://client.px-cloud.net/PXlJuB4eTB/main.min.js"
                    },
                    {
                        "columnNumber": 174651,
                        "functionName": "",
                        "lineNumber": 1,
                        "scriptId": "19",
                        "url": "https://client.px-cloud.net/PXlJuB4eTB/main.min.js"
                    },
                    {
                        "columnNumber": 174698,
                        "functionName": "",
                        "lineNumber": 1,
                        "scriptId": "19",
                        "url": "https://client.px-cloud.net/PXlJuB4eTB/main.min.js"
                    },
                    {
                        "columnNumber": 174701,
                        "functionName": "",
                        "lineNumber": 1,
                        "scriptId": "19",
                        "url": "https://client.px-cloud.net/PXlJuB4eTB/main.min.js"
                    }
                ]
            },
            "type": "script"
        }
    },
    {
        "requested_for": "https://www.foodora.cz/",
        "time": 340326.144096,
        "requestId": "2272.71",
        "loaderId": "480E8A7C84323DF640B90FC4977063E3",
        "requested_resource": "https://fonts.gstatic.com/s/roboto/v47/KFO7CnqEu92Fr1ME7kSn66aGLdTylUAMa3yUBA.woff2",
        "initiator": {
            "type": "parser",
            "url": "https://fonts.googleapis.com/css2?family=Roboto:ital,wght@0,100;0,300;0,400;0,500;0,700;0,900;1,100;1,300;1,400;1,500;1,700;1,900&display=swap"
        }
    },
    {
        "requested_for": "https://www.google.com/recaptcha/enterprise/anchor?ar=1&k=6LcWnjobAAAAAJss6xpmZZ98zBSi7rMwtn3PFQn2&co=aHR0cHM6Ly93d3cuZm9vZG9yYS5jejo0NDM.&hl=en&v=J79K9xgfxwT6Syzx-UyWdD89&theme=dark&size=normal&cb=g9ho416t0y82",
        "time": 340326.231456,
        "requestId": "3BA306C205A85AA69E41F25EDDB55C92",
        "loaderId": "3BA306C205A85AA69E41F25EDDB55C92",
        "requested_resource": "https://www.google.com/recaptcha/enterprise/anchor?ar=1&k=6LcWnjobAAAAAJss6xpmZZ98zBSi7rMwtn3PFQn2&co=aHR0cHM6Ly93d3cuZm9vZG9yYS5jejo0NDM.&hl=en&v=J79K9xgfxwT6Syzx-UyWdD89&theme=dark&size=normal&cb=g9ho416t0y82",
        "initiator": {
            "stack": {
                "callFrames": [
                    {
                        "columnNumber": 26,
                        "functionName": "apply",
                        "lineNumber": 284,
                        "scriptId": "13",
                        "url": "chrome-extension://bbogkpojpmdnlonjjogfkaclifmgnbfe/19f45868-54ad-462e-9aa2-0b2c025f2179"
                    },
                    {
                        "columnNumber": 24,
                        "functionName": "apply",
                        "lineNumber": 404,
                        "scriptId": "13",
                        "url": "chrome-extension://bbogkpojpmdnlonjjogfkaclifmgnbfe/19f45868-54ad-462e-9aa2-0b2c025f2179"
                    },
                    {
                        "columnNumber": 477,
                        "functionName": "",
                        "lineNumber": 508,
                        "scriptId": "20",
                        "url": "https://www.gstatic.com/recaptcha/releases/J79K9xgfxwT6Syzx-UyWdD89/recaptcha__en.js"
                    },
                    {
                        "columnNumber": 90,
                        "functionName": "Q3.render",
                        "lineNumber": 1094,
                        "scriptId": "20",
                        "url": "https://www.gstatic.com/recaptcha/releases/J79K9xgfxwT6Syzx-UyWdD89/recaptcha__en.js"
                    },
                    {
                        "columnNumber": 479,
                        "functionName": "",
                        "lineNumber": 152,
                        "scriptId": "20",
                        "url": "https://www.gstatic.com/recaptcha/releases/J79K9xgfxwT6Syzx-UyWdD89/recaptcha__en.js"
                    },
                    {
                        "columnNumber": 415,
                        "functionName": "",
                        "lineNumber": 297,
                        "scriptId": "20",
                        "url": "https://www.gstatic.com/recaptcha/releases/J79K9xgfxwT6Syzx-UyWdD89/recaptcha__en.js"
                    },
                    {
                        "columnNumber": 158,
                        "functionName": "",
                        "lineNumber": 358,
                        "scriptId": "20",
                        "url": "https://www.gstatic.com/recaptcha/releases/J79K9xgfxwT6Syzx-UyWdD89/recaptcha__en.js"
                    },
                    {
                        "columnNumber": 212,
                        "functionName": "eU",
                        "lineNumber": 723,
                        "scriptId": "20",
                        "url": "https://www.gstatic.com/recaptcha/releases/J79K9xgfxwT6Syzx-UyWdD89/recaptcha__en.js"
                    },
                    {
                        "columnNumber": 6,
                        "functionName": "",
                        "lineNumber": 396,
                        "scriptId": "20",
                        "url": "https://www.gstatic.com/recaptcha/releases/J79K9xgfxwT6Syzx-UyWdD89/recaptcha__en.js"
                    },
                    {
                        "columnNumber": 323,
                        "functionName": "",
                        "lineNumber": 33,
                        "scriptId": "20",
                        "url": "https://www.gstatic.com/recaptcha/releases/J79K9xgfxwT6Syzx-UyWdD89/recaptcha__en.js"
                    },
                    {
                        "columnNumber": 291,
                        "functionName": "",
                        "lineNumber": 33,
                        "scriptId": "20",
                        "url": "https://www.gstatic.com/recaptcha/releases/J79K9xgfxwT6Syzx-UyWdD89/recaptcha__en.js"
                    },
                    {
                        "columnNumber": 379,
                        "functionName": "",
                        "lineNumber": 190,
                        "scriptId": "20",
                        "url": "https://www.gstatic.com/recaptcha/releases/J79K9xgfxwT6Syzx-UyWdD89/recaptcha__en.js"
                    },
                    {
                        "columnNumber": 24,
                        "functionName": "BL.window.___grecaptcha_cfg.<computed>.BL.window.___grecaptcha_cfg.<computed>",
                        "lineNumber": 235,
                        "scriptId": "20",
                        "url": "https://www.gstatic.com/recaptcha/releases/J79K9xgfxwT6Syzx-UyWdD89/recaptcha__en.js"
                    },
                    {
                        "columnNumber": 159,
                        "functionName": "",
                        "lineNumber": 236,
                        "scriptId": "20",
                        "url": "https://www.gstatic.com/recaptcha/releases/J79K9xgfxwT6Syzx-UyWdD89/recaptcha__en.js"
                    },
                    {
                        "columnNumber": 237,
                        "functionName": "",
                        "lineNumber": 410,
                        "scriptId": "20",
                        "url": "https://www.gstatic.com/recaptcha/releases/J79K9xgfxwT6Syzx-UyWdD89/recaptcha__en.js"
                    },
                    {
                        "columnNumber": 99,
                        "functionName": "",
                        "lineNumber": 236,
                        "scriptId": "20",
                        "url": "https://www.gstatic.com/recaptcha/releases/J79K9xgfxwT6Syzx-UyWdD89/recaptcha__en.js"
                    },
                    {
                        "columnNumber": 60,
                        "functionName": "",
                        "lineNumber": 1127,
                        "scriptId": "20",
                        "url": "https://www.gstatic.com/recaptcha/releases/J79K9xgfxwT6Syzx-UyWdD89/recaptcha__en.js"
                    },
                    {
                        "columnNumber": 333,
                        "functionName": "",
                        "lineNumber": 1134,
                        "scriptId": "20",
                        "url": "https://www.gstatic.com/recaptcha/releases/J79K9xgfxwT6Syzx-UyWdD89/recaptcha__en.js"
                    }
                ]
            },
            "type": "script"
        }
    },
    {
        "requested_for": "https://www.foodora.cz/",
        "time": 340326.301171,
        "requestId": "2272.117",
        "loaderId": "480E8A7C84323DF640B90FC4977063E3",
        "requested_resource": "https://csp.withgoogle.com/csp/frame-ancestors/38fac9d5b82543fc4729580d18ff2d3d",
        "initiator": {
            "columnNumber": 1,
            "lineNumber": 49,
            "type": "parser",
            "url": "https://www.foodora.cz/"
        }
    },
    {
        "requested_for": "https://www.foodora.cz/",
        "time": 340326.747722,
        "requestId": "2272.118",
        "loaderId": "480E8A7C84323DF640B90FC4977063E3",
        "requested_resource": "https://www.foodora.cz/favicon.ico",
        "initiator": {
            "type": "other"
        }
    },
    {
        "requested_for": "https://www.google.com/recaptcha/enterprise/bframe?hl=en&v=J79K9xgfxwT6Syzx-UyWdD89&k=6LcWnjobAAAAAJss6xpmZZ98zBSi7rMwtn3PFQn2",
        "time": 340326.822444,
        "requestId": "E84F2F68141BC20F51181E86256417C7",
        "loaderId": "E84F2F68141BC20F51181E86256417C7",
        "requested_resource": "https://www.google.com/recaptcha/enterprise/bframe?hl=en&v=J79K9xgfxwT6Syzx-UyWdD89&k=6LcWnjobAAAAAJss6xpmZZ98zBSi7rMwtn3PFQn2",
        "initiator": {
            "stack": {
                "callFrames": [
                    {
                        "columnNumber": 26,
                        "functionName": "apply",
                        "lineNumber": 284,
                        "scriptId": "13",
                        "url": "chrome-extension://bbogkpojpmdnlonjjogfkaclifmgnbfe/19f45868-54ad-462e-9aa2-0b2c025f2179"
                    },
                    {
                        "columnNumber": 24,
                        "functionName": "apply",
                        "lineNumber": 404,
                        "scriptId": "13",
                        "url": "chrome-extension://bbogkpojpmdnlonjjogfkaclifmgnbfe/19f45868-54ad-462e-9aa2-0b2c025f2179"
                    },
                    {
                        "columnNumber": 388,
                        "functionName": "",
                        "lineNumber": 185,
                        "scriptId": "20",
                        "url": "https://www.gstatic.com/recaptcha/releases/J79K9xgfxwT6Syzx-UyWdD89/recaptcha__en.js"
                    },
                    {
                        "columnNumber": 448,
                        "functionName": "",
                        "lineNumber": 260,
                        "scriptId": "20",
                        "url": "https://www.gstatic.com/recaptcha/releases/J79K9xgfxwT6Syzx-UyWdD89/recaptcha__en.js"
                    },
                    {
                        "columnNumber": 158,
                        "functionName": "I.U",
                        "lineNumber": 1126,
                        "scriptId": "20",
                        "url": "https://www.gstatic.com/recaptcha/releases/J79K9xgfxwT6Syzx-UyWdD89/recaptcha__en.js"
                    },
                    {
                        "columnNumber": 461,
                        "functionName": "r.M",
                        "lineNumber": 583,
                        "scriptId": "20",
                        "url": "https://www.gstatic.com/recaptcha/releases/J79K9xgfxwT6Syzx-UyWdD89/recaptcha__en.js"
                    },
                    {
                        "columnNumber": 433,
                        "functionName": "",
                        "lineNumber": 583,
                        "scriptId": "20",
                        "url": "https://www.gstatic.com/recaptcha/releases/J79K9xgfxwT6Syzx-UyWdD89/recaptcha__en.js"
                    },
                    {
                        "columnNumber": 389,
                        "functionName": "",
                        "lineNumber": 580,
                        "scriptId": "20",
                        "url": "https://www.gstatic.com/recaptcha/releases/J79K9xgfxwT6Syzx-UyWdD89/recaptcha__en.js"
                    },
                    {
                        "columnNumber": 156,
                        "functionName": "next",
                        "lineNumber": 342,
                        "scriptId": "20",
                        "url": "https://www.gstatic.com/recaptcha/releases/J79K9xgfxwT6Syzx-UyWdD89/recaptcha__en.js"
                    },
                    {
                        "columnNumber": 461,
                        "functionName": "A",
                        "lineNumber": 86,
                        "scriptId": "20",
                        "url": "https://www.gstatic.com/recaptcha/releases/J79K9xgfxwT6Syzx-UyWdD89/recaptcha__en.js"
                    }
                ]
            },
            "type": "script"
        }
    }
]