{
    "google.com": {
        "accounts": {
            "A": [
                "64.233.184.84"
            ],
            "CNAME": []
        },
        "region1.analytics": {
            "A": [
                "216.239.32.36",
                "216.239.34.36"
            ],
            "CNAME": []
        },
        "android.clients": {
            "A": [
                "142.251.36.110",
                "142.251.36.142",
                "142.251.37.110",
                "142.251.36.78"
            ],
            "CNAME": [
                "android.l.google.com"
            ]
        },
        "android.l": {
            "A": [
                "142.251.36.110",
                "142.251.36.142",
                "142.251.37.110",
                "142.251.36.78"
            ],
            "CNAME": []
        },
        "mtalk": {
            "A": [
                "142.250.27.188"
            ],
            "CNAME": []
        }
    },
    "gettyimages.com": {
        "gettyimages.com": {
            "A": [
                "65.9.95.16",
                "65.9.95.35",
                "65.9.95.46",
                "65.9.95.99"
            ],
            "CNAME": []
        },
        "www": {
            "A": [
                "65.9.95.46",
                "65.9.95.99",
                "65.9.95.16",
                "65.9.95.35"
            ],
            "CNAME": []
        },
        "media": {
            "A": [
                "65.9.95.6",
                "65.9.95.80",
                "65.9.95.11",
                "65.9.95.30"
            ],
            "CNAME": []
        },
        "spectrum": {
            "A": [
                "35.161.188.127",
                "52.41.142.44",
                "35.165.12.28"
            ],
            "CNAME": [
                "jaguar-production-spectrum-444941387.us-west-2.elb.amazonaws.com"
            ]
        },
        "static": {
            "A": [
                "65.9.95.38",
                "65.9.95.3",
                "65.9.95.6",
                "65.9.95.67"
            ],
            "CNAME": [
                "d2cfjncbaa70hr.cloudfront.net"
            ]
        },
        "firstpartycookie": {
            "A": [
                "147.154.52.189"
            ],
            "CNAME": [
                "s1591793372.t.eloqua.com",
                "p04e.t.eloqua.com"
            ]
        }
    },
    "googleapis.com": {
        "fonts": {
            "A": [
                "142.251.36.138"
            ],
            "CNAME": []
        },
        "content-autofill": {
            "A": [
                "142.251.36.138",
                "142.251.36.74",
                "142.251.37.106",
                "142.251.36.106"
            ],
            "CNAME": []
        }
    },
    "gstatic.com": {
        "fonts": {
            "A": [
                "142.251.37.99"
            ],
            "CNAME": []
        }
    },
    "amazonaws.com": {
        "jaguar-production-spectrum-444941387.us-west-2.elb": {
            "A": [
                "35.161.188.127",
                "52.41.142.44",
                "35.165.12.28"
            ],
            "CNAME": []
        }
    },
    "cloudfront.net": {
        "d2cfjncbaa70hr": {
            "A": [
                "65.9.95.38",
                "65.9.95.3",
                "65.9.95.6",
                "65.9.95.67"
            ],
            "CNAME": []
        }
    },
    "cookielaw.org": {
        "cdn": {
            "A": [
                "104.18.86.42",
                "104.18.87.42"
            ],
            "CNAME": []
        }
    },
    "googletagmanager.com": {
        "www": {
            "A": [
                "142.251.36.104"
            ],
            "CNAME": []
        }
    },
    "onetrust.com": {
        "geolocation": {
            "A": [
                "104.18.32.137",
                "172.64.155.119"
            ],
            "CNAME": []
        }
    },
    "impactradius-event.com": {
        "d": {
            "A": [
                "35.186.249.72"
            ],
            "CNAME": []
        }
    },
    "doubleclick.net": {
        "stats.g": {
            "A": [
                "142.250.27.155",
                "142.250.27.156",
                "142.250.27.154",
                "142.250.27.157"
            ],
            "CNAME": []
        }
    },
    "google.cz": {
        "www": {
            "A": [
                "142.251.36.67"
            ],
            "CNAME": []
        }
    },
    "en25.com": {
        "img": {
            "A": [
                "23.205.180.215"
            ],
            "CNAME": [
                "wildcard.en25.com.edgekey.net",
                "e5763.x.akamaiedge.net"
            ]
        }
    },
    "edgekey.net": {
        "wildcard.en25.com": {
            "A": [],
            "CNAME": [
                "e5763.x.akamaiedge.net"
            ]
        }
    },
    "akamaiedge.net": {
        "e5763.x": {
            "A": [
                "23.205.180.215"
            ],
            "CNAME": []
        }
    },
    "eloqua.com": {
        "s1591793372.t": {
            "A": [],
            "CNAME": [
                "p04e.t.eloqua.com"
            ]
        },
        "p04e.t": {
            "A": [
                "147.154.52.189"
            ],
            "CNAME": []
        }
    }
}