{
    "google.com": {
        "accounts": {
            "A": [
                "64.233.184.84"
            ],
            "CNAME": []
        }
    },
    "garaz.cz": {
        "garaz.cz": {
            "A": [
                "77.75.79.164",
                "77.75.77.164"
            ],
            "CNAME": []
        },
        "www": {
            "A": [
                "77.75.79.164",
                "77.75.77.164"
            ],
            "CNAME": []
        },
        "api-web": {
            "A": [
                "77.75.79.164",
                "77.75.77.164"
            ],
            "CNAME": []
        },
        "cmp": {
            "A": [
                "77.75.76.214"
            ],
            "CNAME": [
                "cmp.seznam.cz"
            ]
        },
        "login": {
            "A": [
                "77.75.78.104"
            ],
            "CNAME": [
                "login.szn.cz"
            ]
        },
        "d80a640376d2": {
            "A": [
                "77.75.78.9",
                "77.75.76.9"
            ],
            "CNAME": [
                "cookeeper.seznam.cz"
            ]
        }
    },
    "szn.cz": {
        "login": {
            "A": [
                "77.75.78.104"
            ],
            "CNAME": []
        }
    },
    "seznam.cz": {
        "bcr.iva": {
            "A": [
                "77.75.79.3"
            ],
            "CNAME": []
        },
        "share": {
            "A": [
                "77.75.78.229",
                "77.75.76.229"
            ],
            "CNAME": []
        },
        "cmp": {
            "A": [
                "77.75.76.214"
            ],
            "CNAME": []
        },
        "a.iva": {
            "A": [
                "77.75.79.115"
            ],
            "CNAME": []
        },
        "h": {
            "A": [
                "77.75.76.30",
                "77.75.78.30"
            ],
            "CNAME": []
        },
        "ssp": {
            "A": [
                "77.75.78.101",
                "77.75.76.101"
            ],
            "CNAME": []
        },
        "c": {
            "A": [
                "77.75.77.172",
                "77.75.79.172"
            ],
            "CNAME": []
        },
        "trending": {
            "A": [
                "77.75.76.118",
                "77.75.78.118"
            ],
            "CNAME": []
        },
        "suggest": {
            "A": [
                "77.75.79.63",
                "77.75.77.63"
            ],
            "CNAME": []
        },
        "cookeeper": {
            "A": [
                "77.75.78.9",
                "77.75.76.9"
            ],
            "CNAME": []
        },
        "a": {
            "A": [
                "77.75.77.94",
                "77.75.79.94"
            ],
            "CNAME": []
        }
    },
    "sdn.cz": {
        "d62-a": {
            "A": [
                "77.75.77.195",
                "77.75.79.195"
            ],
            "CNAME": [
                "lb.sdn.cz"
            ]
        },
        "lb": {
            "A": [
                "77.75.77.195",
                "77.75.79.195"
            ],
            "CNAME": []
        },
        "d94-a": {
            "A": [
                "77.75.77.195",
                "77.75.79.195"
            ],
            "CNAME": [
                "lb.sdn.cz"
            ]
        },
        "d795-a": {
            "A": [
                "77.75.77.195",
                "77.75.79.195"
            ],
            "CNAME": [
                "lb.sdn.cz"
            ]
        },
        "d24-a": {
            "A": [
                "77.75.77.195",
                "77.75.79.195"
            ],
            "CNAME": [
                "lb.sdn.cz"
            ]
        }
    },
    "googleapis.com": {
        "content-autofill": {
            "A": [
                "142.251.36.138",
                "142.251.36.74",
                "142.251.37.106",
                "142.251.36.106"
            ],
            "CNAME": []
        }
    },
    "gemius.pl": {
        "gacz.hit": {
            "A": [
                "141.95.47.54",
                "141.95.47.55",
                "141.95.47.53",
                "141.95.47.56"
            ],
            "CNAME": []
        }
    },
    "googletagmanager.com": {
        "www": {
            "A": [
                "142.251.36.104"
            ],
            "CNAME": []
        }
    },
    "im.cz": {
        "ssp": {
            "A": [
                "77.75.78.101",
                "77.75.76.101"
            ],
            "CNAME": []
        }
    },
    "doubleclick.net": {
        "ad": {
            "A": [
                "142.251.37.102"
            ],
            "CNAME": []
        }
    },
    "adform.net": {
        "track": {
            "A": [
                "37.157.5.141",
                "37.157.5.132",
                "37.157.5.84",
                "37.157.4.29",
                "37.157.5.87",
                "37.157.4.28"
            ],
            "CNAME": [
                "track-eu.adformnet.akadns.net"
            ]
        },
        "s1": {
            "A": [
                "37.157.6.245"
            ],
            "CNAME": [
                "s1-eu-cname.adformnet.akadns.net",
                "nstrp.adform.net"
            ]
        },
        "nstrp": {
            "A": [
                "37.157.6.245"
            ],
            "CNAME": []
        }
    },
    "akadns.net": {
        "track-eu.adformnet": {
            "A": [
                "37.157.5.141",
                "37.157.5.132",
                "37.157.5.84",
                "37.157.4.29",
                "37.157.5.87",
                "37.157.4.28"
            ],
            "CNAME": []
        },
        "s1-eu-cname.adformnet": {
            "A": [],
            "CNAME": [
                "nstrp.adform.net"
            ]
        }
    }
}