{
    "googletagmanager.com": {
        "www": {
            "A": [
                "142.251.36.104"
            ],
            "CNAME": []
        }
    },
    "cloudflare.net": {
        "static.flashscore.com.cdn": {
            "A": [
                "104.22.47.218",
                "172.67.30.88",
                "104.22.46.218"
            ],
            "CNAME": []
        },
        "cdn.jsdelivr.net.cdn": {
            "A": [
                "199.232.17.229"
            ],
            "CNAME": []
        }
    },
    "google.com": {
        "accounts": {
            "A": [
                "142.250.102.84"
            ],
            "CNAME": []
        },
        "android.clients": {
            "A": [
                "142.251.36.110",
                "142.251.36.78",
                "142.251.37.110",
                "142.251.36.142"
            ],
            "CNAME": [
                "android.l.google.com"
            ]
        },
        "android.l": {
            "A": [
                "142.251.36.110",
                "142.251.36.78",
                "142.251.37.110",
                "142.251.36.142"
            ],
            "CNAME": []
        },
        "mtalk": {
            "A": [
                "142.251.18.188"
            ],
            "CNAME": []
        },
        "apis": {
            "A": [
                "142.251.37.110"
            ],
            "CNAME": [
                "plus.l.google.com"
            ]
        },
        "plus.l": {
            "A": [
                "142.251.37.110"
            ],
            "CNAME": []
        },
        "www": {
            "A": [
                "142.251.36.132"
            ],
            "CNAME": []
        }
    },
    "hyperinzerce.cz": {
        "hyperinzerce.cz": {
            "A": [
                "20.50.2.26"
            ],
            "CNAME": []
        },
        "images": {
            "A": [
                "13.107.246.45"
            ],
            "CNAME": [
                "hyperinzerce-images.azureedge.net",
                "hyperinzerce-images.afd.azureedge.net",
                "azureedge-t-prod.trafficmanager.net",
                "shed.dual-low.s-part-0017.t-0009.t-msedge.net",
                "s-part-0017.t-0009.t-msedge.net"
            ]
        }
    },
    "gstatic.com": {
        "fonts": {
            "A": [
                "142.251.37.99"
            ],
            "CNAME": []
        }
    },
    "googleapis.com": {
        "fonts": {
            "A": [
                "142.251.36.138"
            ],
            "CNAME": []
        },
        "content-autofill": {
            "A": [
                "142.251.36.106",
                "142.251.37.106",
                "142.251.36.138",
                "142.251.36.74"
            ],
            "CNAME": []
        }
    },
    "cloudflare.com": {
        "cdnjs": {
            "A": [
                "104.17.24.14",
                "104.17.25.14"
            ],
            "CNAME": []
        }
    },
    "azureedge.net": {
        "hyperinzerce-images": {
            "A": [],
            "CNAME": [
                "hyperinzerce-images.afd.azureedge.net"
            ]
        },
        "hyperinzerce-images.afd": {
            "A": [],
            "CNAME": [
                "azureedge-t-prod.trafficmanager.net"
            ]
        }
    },
    "trafficmanager.net": {
        "azureedge-t-prod": {
            "A": [],
            "CNAME": [
                "shed.dual-low.s-part-0017.t-0009.t-msedge.net"
            ]
        },
        "xandr-g-geo": {
            "A": [],
            "CNAME": [
                "ib.anycast.adnxs.com"
            ]
        }
    },
    "t-msedge.net": {
        "shed.dual-low.s-part-0017.t-0009": {
            "A": [],
            "CNAME": [
                "s-part-0017.t-0009.t-msedge.net"
            ]
        },
        "s-part-0017.t-0009": {
            "A": [
                "13.107.246.45"
            ],
            "CNAME": []
        }
    },
    "cloudfront.net": {
        "d70shl7vidtft": {
            "A": [
                "65.9.94.88",
                "65.9.94.95",
                "65.9.94.39",
                "65.9.94.205"
            ],
            "CNAME": []
        },
        "d2dpiwfhf3tz0r": {
            "A": [
                "65.9.94.207",
                "65.9.94.11",
                "65.9.94.230",
                "65.9.94.138"
            ],
            "CNAME": []
        }
    },
    "cpex.cz": {
        "cdn": {
            "A": [
                "185.152.65.26",
                "84.17.61.35",
                "84.17.61.32"
            ],
            "CNAME": [
                "1341732386.rsc.cdn77.org"
            ]
        },
        "privacy": {
            "A": [
                "65.9.95.41",
                "65.9.95.60",
                "65.9.95.39",
                "65.9.95.70"
            ],
            "CNAME": []
        },
        "analytics": {
            "A": [
                "217.16.188.181"
            ],
            "CNAME": [
                "edge01.analytics.cpex.cz"
            ]
        },
        "edge01.analytics": {
            "A": [
                "217.16.188.181"
            ],
            "CNAME": []
        }
    },
    "cdn77.org": {
        "1341732386.rsc": {
            "A": [
                "185.152.65.26",
                "84.17.61.35",
                "84.17.61.32"
            ],
            "CNAME": []
        }
    },
    "gemius.pl": {
        "spir.hit": {
            "A": [
                "141.95.47.55",
                "141.95.47.53",
                "141.95.47.54",
                "141.95.47.56"
            ],
            "CNAME": []
        },
        "ls.hit": {
            "A": [
                "146.59.30.104",
                "145.239.237.56",
                "146.59.30.96",
                "146.59.30.100"
            ],
            "CNAME": []
        }
    },
    "facebook.net": {
        "connect": {
            "A": [
                "157.240.30.27"
            ],
            "CNAME": [
                "scontent.xx.fbcdn.net"
            ]
        }
    },
    "fbcdn.net": {
        "scontent.xx": {
            "A": [
                "157.240.30.27"
            ],
            "CNAME": []
        }
    },
    "privacy-center.org": {
        "sdk": {
            "A": [
                "65.9.95.124",
                "65.9.95.111",
                "65.9.95.56",
                "65.9.95.23"
            ],
            "CNAME": []
        }
    },
    "facebook.com": {
        "www": {
            "A": [
                "157.240.30.35"
            ],
            "CNAME": [
                "star-mini.c10r.facebook.com"
            ]
        },
        "star-mini.c10r": {
            "A": [
                "157.240.30.35"
            ],
            "CNAME": []
        }
    },
    "google-analytics.com": {
        "region1": {
            "A": [
                "216.239.32.36",
                "216.239.34.36"
            ],
            "CNAME": []
        }
    },
    "adactive.cz": {
        "a": {
            "A": [
                "195.191.205.169"
            ],
            "CNAME": [
                "kopp.vlp.cz"
            ]
        }
    },
    "vlp.cz": {
        "kopp": {
            "A": [
                "195.191.205.169"
            ],
            "CNAME": []
        }
    },
    "teads.tv": {
        "a": {
            "A": [
                "2.18.69.100"
            ],
            "CNAME": [
                "a.teads.tv.edgekey.net",
                "e9957.b.akamaiedge.net"
            ]
        },
        "t": {
            "A": [
                "184.30.25.51"
            ],
            "CNAME": [
                "t.teads.tv.edgekey.net",
                "e9957.d.akamaiedge.net"
            ]
        },
        "t2": {
            "A": [
                "184.30.25.51"
            ],
            "CNAME": [
                "t2.teads.tv.edgekey.net",
                "e9957.d.akamaiedge.net"
            ]
        }
    },
    "edgekey.net": {
        "a.teads.tv": {
            "A": [],
            "CNAME": [
                "e9957.b.akamaiedge.net"
            ]
        },
        "t.teads.tv": {
            "A": [],
            "CNAME": [
                "e9957.d.akamaiedge.net"
            ]
        },
        "t2.teads.tv": {
            "A": [],
            "CNAME": [
                "e9957.d.akamaiedge.net"
            ]
        },
        "sas-360-match": {
            "A": [],
            "CNAME": [
                "e84239.b.akamaiedge.net"
            ]
        },
        "pubmatic": {
            "A": [],
            "CNAME": [
                "e6603.g.akamaiedge.net"
            ]
        }
    },
    "akamaiedge.net": {
        "e9957.b": {
            "A": [
                "2.18.69.100"
            ],
            "CNAME": []
        },
        "e9957.d": {
            "A": [
                "184.30.25.51"
            ],
            "CNAME": []
        },
        "e84239.b": {
            "A": [
                "2.16.16.182",
                "2.16.16.167"
            ],
            "CNAME": []
        },
        "e6603.g": {
            "A": [
                "23.218.208.200"
            ],
            "CNAME": []
        }
    },
    "jsdelivr.net": {
        "cdn": {
            "A": [
                "199.232.17.229"
            ],
            "CNAME": [
                "cdn.jsdelivr.net.cdn.cloudflare.net"
            ]
        }
    },
    "criteo.com": {
        "gum": {
            "A": [
                "178.250.7.13"
            ],
            "CNAME": [
                "gum.fr3.vip.prod.criteo.com"
            ]
        },
        "gum.fr3.vip.prod": {
            "A": [
                "178.250.7.13"
            ],
            "CNAME": []
        },
        "grid-bidder": {
            "A": [
                "178.250.7.136"
            ],
            "CNAME": [
                "in-ftd-170.fr3.vip.prod.criteo.com"
            ]
        },
        "in-ftd-170.fr3.vip.prod": {
            "A": [
                "178.250.7.136"
            ],
            "CNAME": []
        },
        "ssp-sync": {
            "A": [
                "178.250.7.29"
            ],
            "CNAME": [
                "in-ftd-104.fr3.vip.prod.criteo.com"
            ]
        },
        "in-ftd-104.fr3.vip.prod": {
            "A": [
                "178.250.7.29"
            ],
            "CNAME": []
        },
        "dis": {
            "A": [
                "178.250.7.11"
            ],
            "CNAME": [
                "widget.fr3.vip.prod.criteo.com"
            ]
        },
        "widget.fr3.vip.prod": {
            "A": [
                "178.250.7.11"
            ],
            "CNAME": []
        }
    },
    "id5-sync.com": {
        "id5-sync.com": {
            "A": [
                "141.95.33.120",
                "141.95.98.65",
                "162.19.138.119",
                "162.19.138.116",
                "162.19.138.120",
                "162.19.138.118",
                "162.19.138.117",
                "141.95.98.64",
                "162.19.138.83",
                "162.19.138.82"
            ],
            "CNAME": []
        }
    },
    "eu-1-id5-sync.com": {
        "lb": {
            "A": [
                "162.19.138.82",
                "162.19.138.116",
                "162.19.138.119",
                "141.95.98.65",
                "162.19.138.117",
                "162.19.138.120",
                "141.95.33.120",
                "162.19.138.118",
                "141.95.98.64",
                "162.19.138.83"
            ],
            "CNAME": []
        }
    },
    "adform.net": {
        "adx": {
            "A": [
                "37.157.6.231",
                "37.157.6.233",
                "37.157.6.232",
                "37.157.6.243",
                "37.157.6.254",
                "37.157.6.237"
            ],
            "CNAME": [
                "track-eu.adformnet.akadns.net"
            ]
        }
    },
    "akadns.net": {
        "track-eu.adformnet": {
            "A": [
                "37.157.6.231",
                "37.157.6.233",
                "37.157.6.232",
                "37.157.6.243",
                "37.157.6.254",
                "37.157.6.237"
            ],
            "CNAME": []
        },
        "tagged-by.rubiconproject.net": {
            "A": [
                "69.173.156.139"
            ],
            "CNAME": []
        }
    },
    "casalemedia.com": {
        "htlb": {
            "A": [
                "104.18.27.193",
                "104.18.26.193"
            ],
            "CNAME": []
        },
        "dsum": {
            "A": [
                "104.18.27.193",
                "104.18.26.193"
            ],
            "CNAME": []
        }
    },
    "rubiconproject.com": {
        "fastlane": {
            "A": [
                "69.173.156.139"
            ],
            "CNAME": [
                "tagged-by.rubiconproject.net.akadns.net"
            ]
        }
    },
    "pubmatic.com": {
        "hbopenbid": {
            "A": [
                "185.64.189.112"
            ],
            "CNAME": [
                "hbprebid-v3.pubmnet.com",
                "hbopenbid-ams.pubmnet.com"
            ]
        },
        "ads": {
            "A": [
                "23.218.208.200"
            ],
            "CNAME": [
                "pubmatic.edgekey.net",
                "e6603.g.akamaiedge.net"
            ]
        },
        "t": {
            "A": [
                "185.64.189.226"
            ],
            "CNAME": [
                "tv2.pubmnet.com",
                "t-amsc.pubmnet.com"
            ]
        },
        "image8": {
            "A": [
                "198.47.127.18"
            ],
            "CNAME": [
                "image8-v2.pubmnet.com",
                "imgsync-amsfpairbc.pubmnet.com"
            ]
        }
    },
    "pubmnet.com": {
        "hbprebid-v3": {
            "A": [],
            "CNAME": [
                "hbopenbid-ams.pubmnet.com"
            ]
        },
        "hbopenbid-ams": {
            "A": [
                "185.64.189.112"
            ],
            "CNAME": []
        },
        "tv2": {
            "A": [],
            "CNAME": [
                "t-amsc.pubmnet.com"
            ]
        },
        "t-amsc": {
            "A": [
                "185.64.189.226"
            ],
            "CNAME": []
        },
        "image8-v2": {
            "A": [],
            "CNAME": [
                "imgsync-amsfpairbc.pubmnet.com"
            ]
        },
        "imgsync-amsfpairbc": {
            "A": [
                "198.47.127.18"
            ],
            "CNAME": []
        }
    },
    "adnxs.com": {
        "ib": {
            "A": [
                "37.252.173.215",
                "37.252.171.85",
                "37.252.172.123",
                "37.252.171.53",
                "37.252.171.149",
                "37.252.171.52",
                "37.252.171.21"
            ],
            "CNAME": [
                "xandr-g-geo.trafficmanager.net",
                "ib.anycast.adnxs.com"
            ]
        },
        "ib.anycast": {
            "A": [
                "37.252.173.215",
                "37.252.171.85",
                "37.252.172.123",
                "37.252.171.53",
                "37.252.171.149",
                "37.252.171.52",
                "37.252.171.21"
            ],
            "CNAME": []
        }
    },
    "denik.cz": {
        "a": {
            "A": [
                "52.208.63.97",
                "52.49.244.181",
                "63.35.121.236"
            ],
            "CNAME": [
                "vlm-ads.aimatch.com",
                "vlm-ads.aimatch.net",
                "tier1-euw1.ireland.delivery.aimatch.net"
            ]
        }
    },
    "aimatch.com": {
        "vlm-ads": {
            "A": [],
            "CNAME": [
                "vlm-ads.aimatch.net"
            ]
        },
        "content": {
            "A": [
                "2.16.16.182",
                "2.16.16.167"
            ],
            "CNAME": [
                "sas-360-match.edgekey.net",
                "e84239.b.akamaiedge.net"
            ]
        }
    },
    "aimatch.net": {
        "vlm-ads": {
            "A": [],
            "CNAME": [
                "tier1-euw1.ireland.delivery.aimatch.net"
            ]
        },
        "tier1-euw1.ireland.delivery": {
            "A": [
                "52.208.63.97",
                "52.49.244.181",
                "63.35.121.236"
            ],
            "CNAME": []
        }
    },
    "seznam.cz": {
        "ssp": {
            "A": [
                "77.75.76.101",
                "77.75.78.101"
            ],
            "CNAME": []
        },
        "h": {
            "A": [
                "77.75.76.30",
                "77.75.78.30"
            ],
            "CNAME": []
        },
        "cmp": {
            "A": [
                "77.75.76.214"
            ],
            "CNAME": []
        },
        "c-ko": {
            "A": [
                "77.75.79.172",
                "77.75.77.172"
            ],
            "CNAME": []
        },
        "c-oa": {
            "A": [
                "77.75.77.172",
                "77.75.79.172"
            ],
            "CNAME": []
        },
        "c": {
            "A": [
                "77.75.77.172",
                "77.75.79.172"
            ],
            "CNAME": []
        }
    },
    "performax.cz": {
        "cdn": {
            "A": [
                "109.123.210.81",
                "109.123.221.171",
                "109.123.210.83"
            ],
            "CNAME": []
        },
        "dale": {
            "A": [
                "109.123.221.50",
                "109.123.221.51",
                "109.123.221.54"
            ],
            "CNAME": []
        },
        "chip": {
            "A": [
                "109.123.221.54",
                "109.123.221.50",
                "109.123.221.51"
            ],
            "CNAME": []
        },
        "cdn1": {
            "A": [
                "109.123.210.81"
            ],
            "CNAME": []
        }
    },
    "crwdcntrl.net": {
        "id": {
            "A": [
                "54.229.132.162",
                "108.128.28.188",
                "34.240.51.255",
                "52.51.193.156",
                "34.252.77.6",
                "54.217.231.213",
                "52.208.2.4",
                "52.211.201.45"
            ],
            "CNAME": []
        }
    },
    "sdn.cz": {
        "d49-a": {
            "A": [
                "77.75.79.195",
                "77.75.77.195"
            ],
            "CNAME": [
                "lb.sdn.cz"
            ]
        },
        "lb": {
            "A": [
                "77.75.79.195",
                "77.75.77.195"
            ],
            "CNAME": []
        }
    },
    "linkedin.com": {
        "px.ads": {
            "A": [
                "13.107.42.14"
            ],
            "CNAME": [
                "afd-lnkd.www.linkedin.com",
                "www-linkedin-com.l-0005.l-msedge.net",
                "l-0005.l-msedge.net"
            ]
        },
        "afd-lnkd.www": {
            "A": [],
            "CNAME": [
                "www-linkedin-com.l-0005.l-msedge.net"
            ]
        }
    },
    "l-msedge.net": {
        "www-linkedin-com.l-0005": {
            "A": [],
            "CNAME": [
                "l-0005.l-msedge.net"
            ]
        },
        "l-0005": {
            "A": [
                "13.107.42.14"
            ],
            "CNAME": []
        }
    }
}