{
    "googletagmanager.com": {
        "www": {
            "A": [
                "142.251.36.104"
            ],
            "CNAME": []
        }
    },
    "cloudflare.net": {
        "static.flashscore.com.cdn": {
            "A": [
                "104.22.47.218",
                "172.67.30.88",
                "104.22.46.218"
            ],
            "CNAME": []
        },
        "cdn.jsdelivr.net.cdn": {
            "A": [
                "104.18.186.31",
                "104.18.187.31"
            ],
            "CNAME": []
        }
    },
    "google.com": {
        "accounts": {
            "A": [
                "142.250.102.84"
            ],
            "CNAME": []
        },
        "android.clients": {
            "A": [
                "142.251.36.142",
                "142.251.37.110",
                "142.251.36.78",
                "142.251.36.110"
            ],
            "CNAME": [
                "android.l.google.com"
            ]
        },
        "android.l": {
            "A": [
                "142.251.36.142",
                "142.251.37.110",
                "142.251.36.78",
                "142.251.36.110"
            ],
            "CNAME": []
        },
        "mtalk": {
            "A": [
                "142.251.18.188"
            ],
            "CNAME": []
        },
        "apis": {
            "A": [
                "142.251.37.110"
            ],
            "CNAME": [
                "plus.l.google.com"
            ]
        },
        "plus.l": {
            "A": [
                "142.251.37.110"
            ],
            "CNAME": []
        },
        "www": {
            "A": [
                "142.251.36.132"
            ],
            "CNAME": []
        },
        "fundingchoicesmessages": {
            "A": [
                "142.251.36.110"
            ],
            "CNAME": [
                "www3.l.google.com"
            ]
        },
        "www3.l": {
            "A": [
                "142.251.36.110"
            ],
            "CNAME": []
        }
    },
    "trafficmanager.net": {
        "azureedge-t-prod": {
            "A": [],
            "CNAME": [
                "shed.dual-low.s-part-0017.t-0009.t-msedge.net"
            ]
        },
        "xandr-g-geo": {
            "A": [],
            "CNAME": [
                "ib.anycast.adnxs.com"
            ]
        }
    },
    "cpex.cz": {
        "cdn": {
            "A": [
                "84.17.61.32",
                "84.17.61.35",
                "185.152.65.27"
            ],
            "CNAME": [
                "1341732386.rsc.cdn77.org"
            ]
        },
        "privacy": {
            "A": [
                "65.9.95.41",
                "65.9.95.60",
                "65.9.95.39",
                "65.9.95.70"
            ],
            "CNAME": []
        },
        "analytics": {
            "A": [
                "217.16.188.181"
            ],
            "CNAME": [
                "edge01.analytics.cpex.cz"
            ]
        },
        "edge01.analytics": {
            "A": [
                "217.16.188.181"
            ],
            "CNAME": []
        }
    },
    "cdn77.org": {
        "1341732386.rsc": {
            "A": [
                "84.17.61.32",
                "84.17.61.35",
                "185.152.65.27"
            ],
            "CNAME": []
        },
        "1884403144.rsc": {
            "A": [
                "185.152.65.27",
                "84.17.61.33",
                "84.17.61.35"
            ],
            "CNAME": []
        },
        "1076101160.rsc": {
            "A": [
                "84.17.61.36",
                "185.152.65.26",
                "84.17.61.32"
            ],
            "CNAME": []
        }
    },
    "gemius.pl": {
        "spir.hit": {
            "A": [
                "141.95.47.55",
                "141.95.47.53",
                "141.95.47.54",
                "141.95.47.56"
            ],
            "CNAME": []
        },
        "ls.hit": {
            "A": [
                "146.59.30.100",
                "146.59.30.96",
                "145.239.237.56",
                "146.59.30.104"
            ],
            "CNAME": []
        }
    },
    "facebook.net": {
        "connect": {
            "A": [
                "157.240.30.27"
            ],
            "CNAME": [
                "scontent.xx.fbcdn.net"
            ]
        }
    },
    "fbcdn.net": {
        "scontent.xx": {
            "A": [
                "157.240.30.27"
            ],
            "CNAME": []
        },
        "static.xx": {
            "A": [
                "157.240.30.27"
            ],
            "CNAME": [
                "scontent.xx.fbcdn.net"
            ]
        }
    },
    "privacy-center.org": {
        "sdk": {
            "A": [
                "65.9.95.124",
                "65.9.95.111",
                "65.9.95.56",
                "65.9.95.23"
            ],
            "CNAME": []
        },
        "api": {
            "A": [
                "65.9.95.93",
                "65.9.95.13",
                "65.9.95.91",
                "65.9.95.113"
            ],
            "CNAME": []
        }
    },
    "facebook.com": {
        "www": {
            "A": [
                "157.240.30.35"
            ],
            "CNAME": [
                "star-mini.c10r.facebook.com"
            ]
        },
        "star-mini.c10r": {
            "A": [
                "157.240.30.35"
            ],
            "CNAME": []
        }
    },
    "teads.tv": {
        "a": {
            "A": [
                "2.18.69.100"
            ],
            "CNAME": [
                "a.teads.tv.edgekey.net",
                "e9957.b.akamaiedge.net"
            ]
        },
        "t": {
            "A": [
                "184.30.25.51"
            ],
            "CNAME": [
                "t.teads.tv.edgekey.net",
                "e9957.d.akamaiedge.net"
            ]
        },
        "t2": {
            "A": [
                "184.30.25.51"
            ],
            "CNAME": [
                "t2.teads.tv.edgekey.net",
                "e9957.d.akamaiedge.net"
            ]
        }
    },
    "edgekey.net": {
        "a.teads.tv": {
            "A": [],
            "CNAME": [
                "e9957.b.akamaiedge.net"
            ]
        },
        "t.teads.tv": {
            "A": [],
            "CNAME": [
                "e9957.d.akamaiedge.net"
            ]
        },
        "t2.teads.tv": {
            "A": [],
            "CNAME": [
                "e9957.d.akamaiedge.net"
            ]
        },
        "sas-360-match": {
            "A": [],
            "CNAME": [
                "e84239.b.akamaiedge.net"
            ]
        },
        "pubmatic": {
            "A": [],
            "CNAME": [
                "e6603.g.akamaiedge.net"
            ]
        },
        "digicertwc.rubiconproject.com": {
            "A": [],
            "CNAME": [
                "e8960.e2.akamaiedge.net"
            ]
        },
        "eus.rubiconproject.com": {
            "A": [],
            "CNAME": [
                "e8960.b.akamaiedge.net"
            ]
        }
    },
    "akamaiedge.net": {
        "e9957.b": {
            "A": [
                "2.18.69.100"
            ],
            "CNAME": []
        },
        "e9957.d": {
            "A": [
                "184.30.25.51"
            ],
            "CNAME": []
        },
        "e84239.b": {
            "A": [
                "2.16.16.182",
                "2.16.16.167"
            ],
            "CNAME": []
        },
        "e6603.g": {
            "A": [
                "23.218.208.200"
            ],
            "CNAME": []
        },
        "e8960.e2": {
            "A": [
                "23.192.95.113"
            ],
            "CNAME": []
        },
        "e8960.b": {
            "A": [
                "2.18.69.59"
            ],
            "CNAME": []
        }
    },
    "jsdelivr.net": {
        "cdn": {
            "A": [
                "104.18.186.31",
                "104.18.187.31"
            ],
            "CNAME": [
                "cdn.jsdelivr.net.cdn.cloudflare.net"
            ]
        }
    },
    "criteo.com": {
        "gum": {
            "A": [
                "178.250.7.13"
            ],
            "CNAME": [
                "gum.fr3.vip.prod.criteo.com"
            ]
        },
        "gum.fr3.vip.prod": {
            "A": [
                "178.250.7.13"
            ],
            "CNAME": []
        },
        "grid-bidder": {
            "A": [
                "178.250.7.136"
            ],
            "CNAME": [
                "in-ftd-170.fr3.vip.prod.criteo.com"
            ]
        },
        "in-ftd-170.fr3.vip.prod": {
            "A": [
                "178.250.7.136"
            ],
            "CNAME": []
        },
        "ssp-sync": {
            "A": [
                "178.250.7.29"
            ],
            "CNAME": [
                "in-ftd-104.fr3.vip.prod.criteo.com"
            ]
        },
        "in-ftd-104.fr3.vip.prod": {
            "A": [
                "178.250.7.29"
            ],
            "CNAME": []
        },
        "dis": {
            "A": [
                "178.250.7.11"
            ],
            "CNAME": [
                "widget.fr3.vip.prod.criteo.com"
            ]
        },
        "widget.fr3.vip.prod": {
            "A": [
                "178.250.7.11"
            ],
            "CNAME": []
        }
    },
    "id5-sync.com": {
        "id5-sync.com": {
            "A": [
                "162.19.138.119",
                "162.19.138.118",
                "162.19.138.83",
                "162.19.138.82",
                "162.19.138.116",
                "141.95.98.65",
                "162.19.138.120",
                "162.19.138.117",
                "141.95.98.64",
                "141.95.33.120"
            ],
            "CNAME": []
        },
        "cdn": {
            "A": [
                "104.22.52.86",
                "104.22.53.86",
                "172.67.38.106"
            ],
            "CNAME": []
        }
    },
    "eu-1-id5-sync.com": {
        "lb": {
            "A": [
                "162.19.138.82",
                "141.95.98.64",
                "162.19.138.116",
                "162.19.138.118",
                "162.19.138.117",
                "162.19.138.120",
                "162.19.138.119",
                "162.19.138.83",
                "141.95.33.120",
                "141.95.98.65"
            ],
            "CNAME": []
        }
    },
    "adform.net": {
        "adx": {
            "A": [
                "37.157.6.232",
                "37.157.6.231",
                "37.157.6.233",
                "37.157.6.254",
                "37.157.6.243",
                "37.157.6.237"
            ],
            "CNAME": [
                "track-eu.adformnet.akadns.net"
            ]
        },
        "track": {
            "A": [
                "37.157.6.254",
                "37.157.6.243",
                "37.157.6.233",
                "37.157.6.231",
                "37.157.6.237",
                "37.157.6.232"
            ],
            "CNAME": [
                "track-eu.adformnet.akadns.net"
            ]
        }
    },
    "akadns.net": {
        "track-eu.adformnet": {
            "A": [
                "37.157.6.254",
                "37.157.6.243",
                "37.157.6.233",
                "37.157.6.231",
                "37.157.6.237",
                "37.157.6.232"
            ],
            "CNAME": []
        },
        "tagged-by.rubiconproject.net": {
            "A": [
                "69.173.156.139"
            ],
            "CNAME": []
        },
        "prebid-a.rubiconproject.net": {
            "A": [
                "52.58.48.95",
                "3.127.159.68",
                "52.58.12.35"
            ],
            "CNAME": []
        },
        "pixel.rubiconproject.net": {
            "A": [
                "69.173.144.165",
                "69.173.144.138",
                "69.173.144.139"
            ],
            "CNAME": []
        }
    },
    "casalemedia.com": {
        "htlb": {
            "A": [
                "104.18.26.193",
                "104.18.27.193"
            ],
            "CNAME": []
        },
        "dsum": {
            "A": [
                "104.18.27.193",
                "104.18.26.193"
            ],
            "CNAME": []
        }
    },
    "rubiconproject.com": {
        "fastlane": {
            "A": [
                "69.173.156.139"
            ],
            "CNAME": [
                "tagged-by.rubiconproject.net.akadns.net"
            ]
        },
        "micro": {
            "A": [
                "23.192.95.113"
            ],
            "CNAME": [
                "digicertwc.rubiconproject.com.edgekey.net",
                "e8960.e2.akamaiedge.net"
            ]
        },
        "prebid-a": {
            "A": [
                "52.58.48.95",
                "3.127.159.68",
                "52.58.12.35"
            ],
            "CNAME": [
                "prebid-a.rubiconproject.net.akadns.net"
            ]
        },
        "eus": {
            "A": [
                "2.18.69.59"
            ],
            "CNAME": [
                "eus.rubiconproject.com.edgekey.net",
                "e8960.b.akamaiedge.net"
            ]
        },
        "token": {
            "A": [
                "69.173.144.165",
                "69.173.144.138",
                "69.173.144.139"
            ],
            "CNAME": [
                "pixel.rubiconproject.net.akadns.net"
            ]
        }
    },
    "pubmatic.com": {
        "hbopenbid": {
            "A": [
                "185.64.189.112"
            ],
            "CNAME": [
                "hbprebid-v3.pubmnet.com",
                "hbopenbid-ams.pubmnet.com"
            ]
        },
        "ads": {
            "A": [
                "23.218.208.200"
            ],
            "CNAME": [
                "pubmatic.edgekey.net",
                "e6603.g.akamaiedge.net"
            ]
        },
        "t": {
            "A": [
                "185.64.189.226"
            ],
            "CNAME": [
                "tv2.pubmnet.com",
                "t-amsc.pubmnet.com"
            ]
        },
        "image8": {
            "A": [
                "198.47.127.18"
            ],
            "CNAME": [
                "image8-v2.pubmnet.com",
                "imgsync-amsfpairbc.pubmnet.com"
            ]
        }
    },
    "pubmnet.com": {
        "hbprebid-v3": {
            "A": [],
            "CNAME": [
                "hbopenbid-ams.pubmnet.com"
            ]
        },
        "hbopenbid-ams": {
            "A": [
                "185.64.189.112"
            ],
            "CNAME": []
        },
        "tv2": {
            "A": [],
            "CNAME": [
                "t-amsc.pubmnet.com"
            ]
        },
        "t-amsc": {
            "A": [
                "185.64.189.226"
            ],
            "CNAME": []
        },
        "image8-v2": {
            "A": [],
            "CNAME": [
                "imgsync-amsfpairbc.pubmnet.com"
            ]
        },
        "imgsync-amsfpairbc": {
            "A": [
                "198.47.127.18"
            ],
            "CNAME": []
        }
    },
    "adnxs.com": {
        "ib": {
            "A": [
                "37.252.171.52",
                "37.252.171.149",
                "37.252.171.53",
                "37.252.172.123",
                "37.252.173.215",
                "37.252.171.85",
                "37.252.171.21"
            ],
            "CNAME": [
                "xandr-g-geo.trafficmanager.net",
                "ib.anycast.adnxs.com"
            ]
        },
        "ib.anycast": {
            "A": [
                "37.252.171.52",
                "37.252.171.149",
                "37.252.171.53",
                "37.252.172.123",
                "37.252.173.215",
                "37.252.171.85",
                "37.252.171.21"
            ],
            "CNAME": []
        },
        "acdn": {
            "A": [
                "2.16.10.176",
                "2.16.10.177"
            ],
            "CNAME": [
                "cdn.adnxs.com.akamaized.net",
                "a1579.d.akamai.net"
            ]
        }
    },
    "performax.cz": {
        "cdn": {
            "A": [
                "109.123.221.171",
                "109.123.210.81",
                "109.123.210.83"
            ],
            "CNAME": []
        },
        "dale": {
            "A": [
                "109.123.221.51",
                "109.123.221.54",
                "109.123.221.50"
            ],
            "CNAME": []
        },
        "chip": {
            "A": [
                "109.123.221.51",
                "109.123.221.54",
                "109.123.221.50"
            ],
            "CNAME": []
        },
        "cdn1": {
            "A": [
                "109.123.210.81"
            ],
            "CNAME": []
        }
    },
    "ahaonline.cz": {
        "ahaonline.cz": {
            "A": [
                "91.235.52.113"
            ],
            "CNAME": []
        },
        "www": {
            "A": [
                "91.235.52.113"
            ],
            "CNAME": [
                "ahaonline.cz"
            ]
        },
        "analytics": {
            "A": [
                "85.207.4.141"
            ],
            "CNAME": [
                "sgtm-cra.cnci.tech"
            ]
        }
    },
    "cncenter.cz": {
        "w": {
            "A": [
                "185.152.64.17"
            ],
            "CNAME": [
                "w-uncached.b-cdn.net"
            ]
        },
        "img": {
            "A": [
                "91.235.52.120"
            ],
            "CNAME": []
        },
        "img2": {
            "A": [
                "91.235.52.120"
            ],
            "CNAME": []
        }
    },
    "b-cdn.net": {
        "w-uncached": {
            "A": [
                "185.152.64.17"
            ],
            "CNAME": []
        },
        "cnc-ad-script-uncached": {
            "A": [
                "185.152.64.17"
            ],
            "CNAME": []
        },
        "cnc-ad-script-cached": {
            "A": [
                "79.127.204.113"
            ],
            "CNAME": []
        }
    },
    "vpplayer.tech": {
        "host": {
            "A": [
                "104.26.15.177",
                "172.67.72.87",
                "104.26.14.177"
            ],
            "CNAME": []
        }
    },
    "blesk.cz": {
        "img": {
            "A": [
                "172.67.71.132",
                "104.26.1.127",
                "104.26.0.127"
            ],
            "CNAME": []
        },
        "didomi": {
            "A": [
                "65.9.95.81",
                "65.9.95.114",
                "65.9.95.78",
                "65.9.95.45"
            ],
            "CNAME": []
        }
    },
    "doubleclick.net": {
        "securepubads.g": {
            "A": [
                "142.251.36.130"
            ],
            "CNAME": []
        },
        "googleads.g": {
            "A": [
                "142.251.36.66"
            ],
            "CNAME": []
        }
    },
    "onthe.io": {
        "cdn": {
            "A": [
                "95.216.194.18",
                "116.202.11.241",
                "116.203.212.0",
                "116.202.11.242",
                "95.217.0.30",
                "116.203.211.59",
                "116.202.11.240",
                "116.203.211.129"
            ],
            "CNAME": [
                "eu.v7.cdn.onthe.io"
            ]
        },
        "eu.v7.cdn": {
            "A": [
                "95.216.194.18",
                "116.202.11.241",
                "116.203.212.0",
                "116.202.11.242",
                "95.217.0.30",
                "116.203.211.59",
                "116.202.11.240",
                "116.203.211.129"
            ],
            "CNAME": []
        }
    },
    "ltba.io": {
        "cdn": {
            "A": [
                "109.123.210.81",
                "109.123.221.171",
                "109.123.210.83"
            ],
            "CNAME": []
        }
    },
    "openxcdn.net": {
        "oa": {
            "A": [
                "34.102.146.192"
            ],
            "CNAME": []
        }
    },
    "criteo.net": {
        "static": {
            "A": [
                "178.250.7.137"
            ],
            "CNAME": [
                "in-ftd-172.fr3.vip.prod.criteo.net"
            ]
        },
        "in-ftd-172.fr3.vip.prod": {
            "A": [
                "178.250.7.137"
            ],
            "CNAME": []
        }
    },
    "creativecdn.com": {
        "invstatic101": {
            "A": [
                "34.96.70.87"
            ],
            "CNAME": []
        }
    },
    "openx.net": {
        "oajs": {
            "A": [
                "34.120.107.143",
                "34.120.135.53"
            ],
            "CNAME": []
        },
        "google-bidout-d": {
            "A": [
                "35.244.159.8",
                "34.98.64.218"
            ],
            "CNAME": []
        }
    },
    "rtbhouse.com": {
        "esp": {
            "A": [
                "35.190.39.111"
            ],
            "CNAME": []
        }
    },
    "googlesyndication.com": {
        "pagead2": {
            "A": [
                "142.251.36.98"
            ],
            "CNAME": []
        },
        "b5ca4b187a7f8fffa51b340e8f12eb33.safeframe": {
            "A": [
                "142.251.36.129"
            ],
            "CNAME": []
        },
        "tpc": {
            "A": [
                "142.251.37.97"
            ],
            "CNAME": []
        }
    },
    "connectad.io": {
        "i": {
            "A": [
                "104.22.54.206",
                "104.22.55.206",
                "172.67.8.174"
            ],
            "CNAME": []
        },
        "sync": {
            "A": [
                "104.22.55.206",
                "104.22.54.206",
                "172.67.8.174"
            ],
            "CNAME": []
        }
    },
    "pahtdz.tech": {
        "pahtdz.tech": {
            "A": [
                "104.21.87.209",
                "172.67.146.113"
            ],
            "CNAME": []
        }
    },
    "palibzh.tech": {
        "palibzh.tech": {
            "A": [
                "172.67.138.21",
                "104.21.94.165"
            ],
            "CNAME": []
        }
    },
    "cnci.tech": {
        "sgtm-cra": {
            "A": [
                "85.207.4.141"
            ],
            "CNAME": []
        }
    },
    "adtrafficquality.google": {
        "ep1": {
            "A": [
                "142.251.36.130"
            ],
            "CNAME": []
        },
        "ep2": {
            "A": [
                "142.251.37.97"
            ],
            "CNAME": []
        }
    },
    "alza.cz": {
        "external-banner-service": {
            "A": [
                "104.18.32.170",
                "172.64.155.86"
            ],
            "CNAME": []
        }
    },
    "indexww.com": {
        "js-sec": {
            "A": [
                "104.18.25.18",
                "104.18.24.18"
            ],
            "CNAME": []
        }
    },
    "akamaized.net": {
        "cdn.adnxs.com": {
            "A": [],
            "CNAME": [
                "a1579.d.akamai.net"
            ]
        }
    },
    "akamai.net": {
        "a1579.d": {
            "A": [
                "2.16.10.176",
                "2.16.10.177"
            ],
            "CNAME": []
        }
    }
}