{
    "google.com": {
        "accounts": {
            "A": [
                "64.233.184.84"
            ],
            "CNAME": []
        },
        "www": {
            "A": [
                "142.251.36.132"
            ],
            "CNAME": []
        },
        "android.clients": {
            "A": [
                "142.251.36.78",
                "142.251.36.142",
                "142.251.36.110",
                "142.251.37.110"
            ],
            "CNAME": [
                "android.l.google.com"
            ]
        },
        "android.l": {
            "A": [
                "142.251.36.78",
                "142.251.36.142",
                "142.251.36.110",
                "142.251.37.110"
            ],
            "CNAME": []
        },
        "mtalk": {
            "A": [
                "142.250.27.188"
            ],
            "CNAME": []
        }
    },
    "reddit.com": {
        "reddit.com": {
            "A": [
                "151.101.129.140",
                "151.101.1.140",
                "151.101.193.140",
                "151.101.65.140"
            ],
            "CNAME": []
        },
        "www": {
            "A": [
                "199.232.189.140"
            ],
            "CNAME": [
                "reddit.map.fastly.net"
            ]
        },
        "w3-reporting-nel": {
            "A": [
                "199.232.189.140"
            ],
            "CNAME": [
                "reddit.map.fastly.net"
            ]
        },
        "w3-reporting": {
            "A": [
                "199.232.189.140"
            ],
            "CNAME": [
                "reddit.map.fastly.net"
            ]
        },
        "alb": {
            "A": [
                "199.232.189.140"
            ],
            "CNAME": [
                "reddit.map.fastly.net"
            ]
        }
    },
    "fastly.net": {
        "reddit.map": {
            "A": [
                "199.232.189.140"
            ],
            "CNAME": []
        },
        "dualstack.reddit.map": {
            "A": [
                "199.232.189.140"
            ],
            "CNAME": []
        }
    },
    "redditstatic.com": {
        "www": {
            "A": [
                "199.232.189.140"
            ],
            "CNAME": [
                "dualstack.reddit.map.fastly.net"
            ]
        }
    },
    "redd.it": {
        "external-preview": {
            "A": [
                "199.232.189.140"
            ],
            "CNAME": [
                "dualstack.reddit.map.fastly.net"
            ]
        },
        "preview": {
            "A": [
                "199.232.189.140"
            ],
            "CNAME": [
                "dualstack.reddit.map.fastly.net"
            ]
        },
        "i": {
            "A": [
                "199.232.189.140"
            ],
            "CNAME": [
                "dualstack.reddit.map.fastly.net"
            ]
        },
        "v": {
            "A": [
                "199.232.189.140"
            ],
            "CNAME": [
                "dualstack.reddit.map.fastly.net"
            ]
        }
    },
    "rlcdn.com": {
        "id": {
            "A": [
                "35.244.174.68"
            ],
            "CNAME": []
        }
    },
    "redditmedia.com": {
        "styles": {
            "A": [
                "199.232.189.140"
            ],
            "CNAME": [
                "dualstack.reddit.map.fastly.net"
            ]
        },
        "emoji": {
            "A": [
                "199.232.189.140"
            ],
            "CNAME": [
                "dualstack.reddit.map.fastly.net"
            ]
        },
        "b.thumbs": {
            "A": [
                "199.232.189.140"
            ],
            "CNAME": [
                "dualstack.reddit.map.fastly.net"
            ]
        }
    },
    "ad-delivery.net": {
        "ad-delivery.net": {
            "A": [
                "172.67.69.19",
                "104.26.2.70",
                "104.26.3.70"
            ],
            "CNAME": []
        }
    },
    "gstatic.com": {
        "www": {
            "A": [
                "142.251.36.99"
            ],
            "CNAME": []
        },
        "fonts": {
            "A": [
                "142.251.37.99"
            ],
            "CNAME": []
        }
    },
    "googleapis.com": {
        "content-autofill": {
            "A": [
                "142.251.36.106",
                "142.251.37.106",
                "142.251.36.138",
                "142.251.36.74"
            ],
            "CNAME": []
        }
    }
}