{
    "reddit.com": {
        "reddit.com": {
            "A": [
                "151.101.1.140",
                "151.101.129.140",
                "151.101.65.140",
                "151.101.193.140"
            ],
            "CNAME": []
        },
        "www": {
            "A": [
                "151.101.237.140"
            ],
            "CNAME": [
                "reddit.map.fastly.net"
            ]
        },
        "w3-reporting-nel": {
            "A": [
                "151.101.237.140"
            ],
            "CNAME": [
                "reddit.map.fastly.net"
            ]
        }
    },
    "fastly.net": {
        "reddit.map": {
            "A": [
                "151.101.237.140"
            ],
            "CNAME": []
        }
    }
}