{
    "google.com": {
        "accounts": {
            "A": [
                "64.233.184.84"
            ],
            "CNAME": []
        },
        "apis": {
            "A": [
                "142.251.37.110"
            ],
            "CNAME": [
                "plus.l.google.com"
            ]
        },
        "plus.l": {
            "A": [
                "142.251.37.110"
            ],
            "CNAME": []
        },
        "www": {
            "A": [
                "142.251.36.132"
            ],
            "CNAME": []
        },
        "android.clients": {
            "A": [
                "142.251.36.78",
                "142.251.37.110",
                "142.251.36.142",
                "142.251.36.110"
            ],
            "CNAME": [
                "android.l.google.com"
            ]
        },
        "android.l": {
            "A": [
                "142.251.36.78",
                "142.251.37.110",
                "142.251.36.142",
                "142.251.36.110"
            ],
            "CNAME": []
        },
        "mtalk": {
            "A": [
                "142.250.27.188"
            ],
            "CNAME": []
        }
    },
    "kaloricketabulky.cz": {
        "kaloricketabulky.cz": {
            "A": [
                "95.168.210.110"
            ],
            "CNAME": []
        },
        "www": {
            "A": [
                "95.168.210.110"
            ],
            "CNAME": []
        }
    },
    "googleapis.com": {
        "fonts": {
            "A": [
                "142.251.36.138"
            ],
            "CNAME": []
        },
        "ajax": {
            "A": [
                "142.251.36.138"
            ],
            "CNAME": []
        },
        "content-autofill": {
            "A": [
                "142.251.36.138",
                "142.251.36.74",
                "142.251.37.106",
                "142.251.36.106"
            ],
            "CNAME": []
        }
    },
    "facebook.net": {
        "connect": {
            "A": [
                "157.240.30.27"
            ],
            "CNAME": [
                "scontent.xx.fbcdn.net"
            ]
        }
    },
    "doubleclick.net": {
        "googleads.g": {
            "A": [
                "142.251.36.66"
            ],
            "CNAME": []
        }
    },
    "fbcdn.net": {
        "scontent.xx": {
            "A": [
                "157.240.30.27"
            ],
            "CNAME": []
        }
    },
    "gstatic.com": {
        "fonts": {
            "A": [
                "142.251.37.99"
            ],
            "CNAME": []
        },
        "www": {
            "A": [
                "142.251.36.99"
            ],
            "CNAME": []
        }
    },
    "google-analytics.com": {
        "www": {
            "A": [
                "142.251.37.110"
            ],
            "CNAME": [
                "www-alv.google-analytics.com"
            ]
        },
        "www-alv": {
            "A": [
                "142.251.37.110"
            ],
            "CNAME": []
        },
        "region1": {
            "A": [
                "216.239.34.36",
                "216.239.32.36"
            ],
            "CNAME": []
        }
    },
    "googletagmanager.com": {
        "www": {
            "A": [
                "142.251.36.104"
            ],
            "CNAME": []
        }
    },
    "cpex.cz": {
        "cdn": {
            "A": [
                "84.17.61.33",
                "84.17.61.36",
                "185.152.65.26"
            ],
            "CNAME": [
                "1341732386.rsc.cdn77.org"
            ]
        },
        "privacy": {
            "A": [
                "65.9.95.39",
                "65.9.95.70",
                "65.9.95.60",
                "65.9.95.41"
            ],
            "CNAME": []
        },
        "analytics": {
            "A": [
                "217.16.188.181"
            ],
            "CNAME": [
                "edge01.analytics.cpex.cz"
            ]
        },
        "edge01.analytics": {
            "A": [
                "217.16.188.181"
            ],
            "CNAME": []
        }
    },
    "cdn77.org": {
        "1341732386.rsc": {
            "A": [
                "84.17.61.33",
                "84.17.61.36",
                "185.152.65.26"
            ],
            "CNAME": []
        }
    },
    "adactive.cz": {
        "a": {
            "A": [
                "195.191.205.169"
            ],
            "CNAME": [
                "kopp.vlp.cz"
            ]
        }
    },
    "vlp.cz": {
        "kopp": {
            "A": [
                "195.191.205.169"
            ],
            "CNAME": []
        }
    },
    "seznam.cz": {
        "c": {
            "A": [
                "77.75.77.172",
                "77.75.79.172"
            ],
            "CNAME": []
        }
    },
    "gemius.pl": {
        "spir.hit": {
            "A": [
                "141.95.47.55",
                "141.95.47.53",
                "141.95.47.54",
                "141.95.47.56"
            ],
            "CNAME": []
        },
        "ls.hit": {
            "A": [
                "146.59.30.100",
                "145.239.237.56",
                "146.59.30.108",
                "146.59.30.104",
                "146.59.30.96"
            ],
            "CNAME": []
        }
    },
    "privacy-center.org": {
        "sdk": {
            "A": [
                "65.9.95.124",
                "65.9.95.23",
                "65.9.95.111",
                "65.9.95.56"
            ],
            "CNAME": []
        }
    },
    "googlesyndication.com": {
        "pagead2": {
            "A": [
                "142.251.36.130"
            ],
            "CNAME": []
        }
    },
    "facebook.com": {
        "www": {
            "A": [
                "157.240.30.35"
            ],
            "CNAME": [
                "star-mini.c10r.facebook.com"
            ]
        },
        "star-mini.c10r": {
            "A": [
                "157.240.30.35"
            ],
            "CNAME": []
        }
    },
    "jsdelivr.net": {
        "cdn": {
            "A": [
                "199.232.17.229"
            ],
            "CNAME": [
                "jsdelivr.map.fastly.net"
            ]
        }
    },
    "fastly.net": {
        "jsdelivr.map": {
            "A": [
                "199.232.17.229"
            ],
            "CNAME": []
        }
    },
    "criteo.com": {
        "gum": {
            "A": [
                "178.250.7.13"
            ],
            "CNAME": [
                "gum.fr3.vip.prod.criteo.com"
            ]
        },
        "gum.fr3.vip.prod": {
            "A": [
                "178.250.7.13"
            ],
            "CNAME": []
        },
        "grid-bidder": {
            "A": [
                "178.250.7.136"
            ],
            "CNAME": [
                "in-ftd-170.fr3.vip.prod.criteo.com"
            ]
        },
        "in-ftd-170.fr3.vip.prod": {
            "A": [
                "178.250.7.136"
            ],
            "CNAME": []
        }
    },
    "casalemedia.com": {
        "htlb": {
            "A": [
                "104.18.26.193",
                "104.18.27.193"
            ],
            "CNAME": []
        },
        "dsum": {
            "A": [
                "104.18.26.193",
                "104.18.27.193"
            ],
            "CNAME": []
        }
    },
    "rubiconproject.com": {
        "fastlane": {
            "A": [
                "69.173.156.139"
            ],
            "CNAME": [
                "tagged-by.rubiconproject.net.akadns.net"
            ]
        }
    },
    "adform.net": {
        "adx": {
            "A": [
                "37.157.4.28",
                "37.157.5.132",
                "37.157.5.141",
                "37.157.4.29",
                "37.157.5.84",
                "37.157.5.87"
            ],
            "CNAME": [
                "track-eu.adformnet.akadns.net"
            ]
        }
    },
    "akadns.net": {
        "tagged-by.rubiconproject.net": {
            "A": [
                "69.173.156.139"
            ],
            "CNAME": []
        },
        "track-eu.adformnet": {
            "A": [
                "37.157.4.28",
                "37.157.5.132",
                "37.157.5.141",
                "37.157.4.29",
                "37.157.5.84",
                "37.157.5.87"
            ],
            "CNAME": []
        }
    },
    "adnxs-simple.com": {
        "ib": {
            "A": [
                "185.89.210.82",
                "185.89.210.141",
                "185.89.211.116",
                "185.89.210.212",
                "185.89.210.244",
                "185.89.211.84",
                "185.89.210.122",
                "185.89.210.180",
                "185.89.210.90",
                "185.89.210.20",
                "185.89.210.153",
                "185.89.210.46"
            ],
            "CNAME": [
                "xandr-adnxs-simple-ib.trafficmanager.net",
                "ams3-ib.adnxs.com"
            ]
        }
    },
    "pubmatic.com": {
        "hbopenbid": {
            "A": [
                "185.64.189.112"
            ],
            "CNAME": [
                "hbprebid-v3.pubmnet.com",
                "hbopenbid-ams.pubmnet.com"
            ]
        },
        "image8": {
            "A": [
                "185.64.191.214"
            ],
            "CNAME": [
                "image8-v2.pubmnet.com",
                "imagsync-lhrpairbc.pubmatic.com"
            ]
        },
        "imagsync-lhrpairbc": {
            "A": [
                "185.64.191.214"
            ],
            "CNAME": []
        }
    },
    "trafficmanager.net": {
        "xandr-adnxs-simple-ib": {
            "A": [],
            "CNAME": [
                "ams3-ib.adnxs.com"
            ]
        }
    },
    "adnxs.com": {
        "ams3-ib": {
            "A": [
                "185.89.210.82",
                "185.89.210.141",
                "185.89.211.116",
                "185.89.210.212",
                "185.89.210.244",
                "185.89.211.84",
                "185.89.210.122",
                "185.89.210.180",
                "185.89.210.90",
                "185.89.210.20",
                "185.89.210.153",
                "185.89.210.46"
            ],
            "CNAME": []
        }
    },
    "pubmnet.com": {
        "hbprebid-v3": {
            "A": [],
            "CNAME": [
                "hbopenbid-ams.pubmnet.com"
            ]
        },
        "hbopenbid-ams": {
            "A": [
                "185.64.189.112"
            ],
            "CNAME": []
        },
        "image8-v2": {
            "A": [],
            "CNAME": [
                "imagsync-lhrpairbc.pubmatic.com"
            ]
        }
    },
    "linkedin.com": {
        "px.ads": {
            "A": [
                "13.107.42.14"
            ],
            "CNAME": [
                "afd-lnkd.www.linkedin.com",
                "www-linkedin-com.l-0005.l-msedge.net",
                "l-0005.l-msedge.net"
            ]
        },
        "afd-lnkd.www": {
            "A": [],
            "CNAME": [
                "www-linkedin-com.l-0005.l-msedge.net"
            ]
        }
    },
    "l-msedge.net": {
        "www-linkedin-com.l-0005": {
            "A": [],
            "CNAME": [
                "l-0005.l-msedge.net"
            ]
        },
        "l-0005": {
            "A": [
                "13.107.42.14"
            ],
            "CNAME": []
        }
    }
}