{
    "adobe.com": {
        "adobe.com": {
            "A": [
                "2.16.10.172",
                "2.16.10.171"
            ],
            "CNAME": []
        },
        "www": {
            "A": [
                "2.23.97.16",
                "2.23.97.24"
            ],
            "CNAME": [
                "stls.adobe.com-cn.edgesuite.net",
                "stls.adobe.com-cn.edgesuite.net.globalredir.akadns.net",
                "a1815.dscr.akamai.net"
            ]
        }
    },
    "edgesuite.net": {
        "stls.adobe.com-cn": {
            "A": [],
            "CNAME": [
                "stls.adobe.com-cn.edgesuite.net.globalredir.akadns.net"
            ]
        }
    },
    "akadns.net": {
        "stls.adobe.com-cn.edgesuite.net.globalredir": {
            "A": [],
            "CNAME": [
                "a1815.dscr.akamai.net"
            ]
        }
    },
    "akamai.net": {
        "a1815.dscr": {
            "A": [
                "2.23.97.16",
                "2.23.97.24"
            ],
            "CNAME": []
        }
    }
}