{
    "google.com": {
        "accounts": {
            "A": [
                "64.233.184.84"
            ],
            "CNAME": []
        },
        "android.clients": {
            "A": [
                "142.251.36.78",
                "142.251.37.110",
                "142.251.36.142",
                "142.251.36.110"
            ],
            "CNAME": [
                "android.l.google.com"
            ]
        },
        "android.l": {
            "A": [
                "142.251.36.78",
                "142.251.37.110",
                "142.251.36.142",
                "142.251.36.110"
            ],
            "CNAME": []
        },
        "mtalk": {
            "A": [
                "142.250.27.188"
            ],
            "CNAME": []
        }
    },
    "adobe.com": {
        "adobe.com": {
            "A": [
                "2.16.2.113",
                "23.44.215.33"
            ],
            "CNAME": []
        },
        "www": {
            "A": [
                "23.44.215.40",
                "2.16.2.105",
                "2.16.2.122",
                "2.16.2.137",
                "2.16.2.161",
                "23.44.215.48",
                "2.16.2.146"
            ],
            "CNAME": [
                "stls.adobe.com-cn.edgesuite.net",
                "stls.adobe.com-cn.edgesuite.net.globalredir.akadns.net",
                "a1815.dscr.akamai.net"
            ]
        },
        "adobeid-na1.services": {
            "A": [
                "104.18.32.195",
                "172.64.155.61"
            ],
            "CNAME": [
                "services-weighted.prod.ims.adobejanus.com",
                "adobeid-na1.services.adobe.com.cdn.cloudflare.net"
            ]
        },
        "images-tv": {
            "A": [
                "23.44.215.56",
                "2.16.2.160"
            ],
            "CNAME": [
                "ssl-delivery.adobe.com-stls-dd-cn-v2.edgesuite88.net",
                "ssl-delivery.adobe.com-stls-dd-cn-v2.edgesuite.net.globalredir.akadns88.net",
                "a1288.dscd.akamai.net"
            ]
        },
        "geo2": {
            "A": [
                "23.75.64.171"
            ],
            "CNAME": [
                "ssl-delivery.adobe.com.edgekey.net",
                "e4578.dscg.akamaiedge.net"
            ]
        },
        "sstats": {
            "A": [
                "63.140.62.27",
                "63.140.62.17",
                "63.140.62.222"
            ],
            "CNAME": [
                "adobe.com.ssl.d1.sc.omtrdc.net"
            ]
        }
    },
    "edgesuite.net": {
        "stls.adobe.com-cn": {
            "A": [],
            "CNAME": [
                "stls.adobe.com-cn.edgesuite.net.globalredir.akadns.net"
            ]
        },
        "use-stls.adobe.com": {
            "A": [],
            "CNAME": [
                "a1988.dscg1.akamai.net"
            ]
        },
        "p.typekit.net-stls-v3": {
            "A": [],
            "CNAME": [
                "a1874.dscg1.akamai.net"
            ]
        }
    },
    "akadns.net": {
        "stls.adobe.com-cn.edgesuite.net.globalredir": {
            "A": [],
            "CNAME": [
                "a1815.dscr.akamai.net"
            ]
        }
    },
    "akamai.net": {
        "a1815.dscr": {
            "A": [
                "23.44.215.40",
                "2.16.2.105",
                "2.16.2.122",
                "2.16.2.137",
                "2.16.2.161",
                "23.44.215.48",
                "2.16.2.146"
            ],
            "CNAME": []
        },
        "a1288.dscd": {
            "A": [
                "23.44.215.56",
                "2.16.2.160"
            ],
            "CNAME": []
        },
        "a1988.dscg1": {
            "A": [
                "2.16.2.186",
                "2.16.2.193"
            ],
            "CNAME": []
        },
        "a1874.dscg1": {
            "A": [
                "2.16.2.203",
                "2.16.2.186"
            ],
            "CNAME": []
        }
    },
    "adobejanus.com": {
        "services-weighted.prod.ims": {
            "A": [],
            "CNAME": [
                "adobeid-na1.services.adobe.com.cdn.cloudflare.net"
            ]
        }
    },
    "cloudflare.net": {
        "adobeid-na1.services.adobe.com.cdn": {
            "A": [
                "104.18.32.195",
                "172.64.155.61"
            ],
            "CNAME": []
        }
    },
    "edgesuite88.net": {
        "ssl-delivery.adobe.com-stls-dd-cn-v2": {
            "A": [],
            "CNAME": [
                "ssl-delivery.adobe.com-stls-dd-cn-v2.edgesuite.net.globalredir.akadns88.net"
            ]
        }
    },
    "akadns88.net": {
        "ssl-delivery.adobe.com-stls-dd-cn-v2.edgesuite.net.globalredir": {
            "A": [],
            "CNAME": [
                "a1288.dscd.akamai.net"
            ]
        }
    },
    "edgekey.net": {
        "ssl-delivery.adobe.com": {
            "A": [],
            "CNAME": [
                "e4578.dscg.akamaiedge.net"
            ]
        }
    },
    "akamaiedge.net": {
        "e4578.dscg": {
            "A": [
                "23.75.64.171"
            ],
            "CNAME": []
        }
    },
    "adobeccstatic.com": {
        "prod": {
            "A": [
                "65.9.95.70",
                "65.9.95.9",
                "65.9.95.94",
                "65.9.95.28"
            ],
            "CNAME": []
        }
    },
    "typekit.net": {
        "use": {
            "A": [
                "2.16.2.186",
                "2.16.2.193"
            ],
            "CNAME": [
                "use-stls.adobe.com.edgesuite.net",
                "a1988.dscg1.akamai.net"
            ]
        },
        "p": {
            "A": [
                "2.16.2.203",
                "2.16.2.186"
            ],
            "CNAME": [
                "p.typekit.net-stls-v3.edgesuite.net",
                "a1874.dscg1.akamai.net"
            ]
        }
    },
    "cookielaw.org": {
        "cdn": {
            "A": [
                "104.18.86.42",
                "104.18.87.42"
            ],
            "CNAME": []
        }
    },
    "onetrust.com": {
        "geolocation": {
            "A": [
                "104.18.32.137",
                "172.64.155.119"
            ],
            "CNAME": []
        }
    },
    "omtrdc.net": {
        "adobe.com.ssl.d1.sc": {
            "A": [
                "63.140.62.27",
                "63.140.62.17",
                "63.140.62.222"
            ],
            "CNAME": []
        }
    },
    "googleapis.com": {
        "content-autofill": {
            "A": [
                "142.251.36.138",
                "142.251.36.74",
                "142.251.37.106",
                "142.251.36.106"
            ],
            "CNAME": []
        }
    }
}