[
    {
        "requested_for": "https://gigalekarna.cz/",
        "time": 340551.903701,
        "requestId": "6FD74F0AA1E81C3CF0D25F571D5FB52D",
        "loaderId": "6FD74F0AA1E81C3CF0D25F571D5FB52D",
        "requested_resource": "https://gigalekarna.cz/",
        "initiator": {
            "type": "other"
        }
    },
    {
        "requested_for": "https://www.gigalekarna.cz/",
        "time": 340552.24158,
        "requestId": "6FD74F0AA1E81C3CF0D25F571D5FB52D",
        "loaderId": "6FD74F0AA1E81C3CF0D25F571D5FB52D",
        "requested_resource": "https://www.gigalekarna.cz/",
        "initiator": {
            "type": "other"
        }
    },
    {
        "requested_for": "https://www.gigalekarna.cz/",
        "time": 340552.796759,
        "requestId": "22768.2",
        "loaderId": "6FD74F0AA1E81C3CF0D25F571D5FB52D",
        "requested_resource": "https://www.gigalekarna.cz/css/sp_screen.css?v=63",
        "initiator": {
            "columnNumber": 479,
            "lineNumber": 0,
            "type": "parser",
            "url": "https://www.gigalekarna.cz/"
        }
    },
    {
        "requested_for": "https://www.gigalekarna.cz/",
        "time": 340552.796946,
        "requestId": "22768.3",
        "loaderId": "6FD74F0AA1E81C3CF0D25F571D5FB52D",
        "requested_resource": "https://www.gigalekarna.cz/scripts/funkce.js?v=63",
        "initiator": {
            "columnNumber": 2376,
            "lineNumber": 0,
            "type": "parser",
            "url": "https://www.gigalekarna.cz/"
        }
    },
    {
        "requested_for": "https://www.gigalekarna.cz/",
        "time": 340552.796985,
        "requestId": "22768.4",
        "loaderId": "6FD74F0AA1E81C3CF0D25F571D5FB52D",
        "requested_resource": "https://www.gigalekarna.cz/scripts/gen/menu.js?v=63",
        "initiator": {
            "columnNumber": 2457,
            "lineNumber": 0,
            "type": "parser",
            "url": "https://www.gigalekarna.cz/"
        }
    },
    {
        "requested_for": "https://www.gigalekarna.cz/",
        "time": 340552.797021,
        "requestId": "22768.5",
        "loaderId": "6FD74F0AA1E81C3CF0D25F571D5FB52D",
        "requested_resource": "https://www.gigalekarna.cz/images/logo.png",
        "initiator": {
            "columnNumber": 3324,
            "lineNumber": 0,
            "type": "parser",
            "url": "https://www.gigalekarna.cz/"
        }
    },
    {
        "requested_for": "https://www.gigalekarna.cz/",
        "time": 340552.797092,
        "requestId": "22768.6",
        "loaderId": "6FD74F0AA1E81C3CF0D25F571D5FB52D",
        "requested_resource": "https://www.gigalekarna.cz/images/vl_en.jpg",
        "initiator": {
            "columnNumber": 4575,
            "lineNumber": 0,
            "type": "parser",
            "url": "https://www.gigalekarna.cz/"
        }
    },
    {
        "requested_for": "https://www.gigalekarna.cz/",
        "time": 340552.797152,
        "requestId": "22768.7",
        "loaderId": "6FD74F0AA1E81C3CF0D25F571D5FB52D",
        "requested_resource": "https://www.gigalekarna.cz/images/slider/1492.jpg",
        "initiator": {
            "columnNumber": 8051,
            "lineNumber": 0,
            "type": "parser",
            "url": "https://www.gigalekarna.cz/"
        }
    },
    {
        "requested_for": "https://www.gigalekarna.cz/",
        "time": 340552.797184,
        "requestId": "22768.8",
        "loaderId": "6FD74F0AA1E81C3CF0D25F571D5FB52D",
        "requested_resource": "https://www.gigalekarna.cz/images/slider/1504.jpg",
        "initiator": {
            "columnNumber": 8290,
            "lineNumber": 0,
            "type": "parser",
            "url": "https://www.gigalekarna.cz/"
        }
    },
    {
        "requested_for": "https://www.gigalekarna.cz/",
        "time": 340552.797212,
        "requestId": "22768.9",
        "loaderId": "6FD74F0AA1E81C3CF0D25F571D5FB52D",
        "requested_resource": "https://www.gigalekarna.cz/images/slider/1497.jpg",
        "initiator": {
            "columnNumber": 8537,
            "lineNumber": 0,
            "type": "parser",
            "url": "https://www.gigalekarna.cz/"
        }
    },
    {
        "requested_for": "https://www.gigalekarna.cz/",
        "time": 340552.797232,
        "requestId": "22768.10",
        "loaderId": "6FD74F0AA1E81C3CF0D25F571D5FB52D",
        "requested_resource": "https://www.gigalekarna.cz/images/slider/1485.jpg",
        "initiator": {
            "columnNumber": 8805,
            "lineNumber": 0,
            "type": "parser",
            "url": "https://www.gigalekarna.cz/"
        }
    },
    {
        "requested_for": "https://www.gigalekarna.cz/",
        "time": 340552.797254,
        "requestId": "22768.11",
        "loaderId": "6FD74F0AA1E81C3CF0D25F571D5FB52D",
        "requested_resource": "https://www.gigalekarna.cz/images/slider/1488.jpg",
        "initiator": {
            "columnNumber": 9126,
            "lineNumber": 0,
            "type": "parser",
            "url": "https://www.gigalekarna.cz/"
        }
    },
    {
        "requested_for": "https://www.gigalekarna.cz/",
        "time": 340552.797276,
        "requestId": "22768.12",
        "loaderId": "6FD74F0AA1E81C3CF0D25F571D5FB52D",
        "requested_resource": "https://www.gigalekarna.cz/images/slider/1489.jpg",
        "initiator": {
            "columnNumber": 9391,
            "lineNumber": 0,
            "type": "parser",
            "url": "https://www.gigalekarna.cz/"
        }
    },
    {
        "requested_for": "https://www.gigalekarna.cz/",
        "time": 340552.797297,
        "requestId": "22768.13",
        "loaderId": "6FD74F0AA1E81C3CF0D25F571D5FB52D",
        "requested_resource": "https://www.gigalekarna.cz/images/slider/1183.jpg",
        "initiator": {
            "columnNumber": 9661,
            "lineNumber": 0,
            "type": "parser",
            "url": "https://www.gigalekarna.cz/"
        }
    },
    {
        "requested_for": "https://www.gigalekarna.cz/",
        "time": 340552.797317,
        "requestId": "22768.14",
        "loaderId": "6FD74F0AA1E81C3CF0D25F571D5FB52D",
        "requested_resource": "https://www.gigalekarna.cz/images/i_ds.png",
        "initiator": {
            "columnNumber": 13369,
            "lineNumber": 0,
            "type": "parser",
            "url": "https://www.gigalekarna.cz/"
        }
    },
    {
        "requested_for": "https://www.gigalekarna.cz/",
        "time": 340552.80709,
        "requestId": "22768.17",
        "loaderId": "6FD74F0AA1E81C3CF0D25F571D5FB52D",
        "requested_resource": "https://www.gigalekarna.cz/css/sp_mobil.css?v=63",
        "initiator": {
            "columnNumber": 690,
            "lineNumber": 0,
            "type": "parser",
            "url": "https://www.gigalekarna.cz/"
        }
    },
    {
        "requested_for": "https://www.gigalekarna.cz/",
        "time": 340552.807126,
        "requestId": "22768.18",
        "loaderId": "6FD74F0AA1E81C3CF0D25F571D5FB52D",
        "requested_resource": "https://www.gigalekarna.cz/css/sp_print.css?v=63",
        "initiator": {
            "columnNumber": 801,
            "lineNumber": 0,
            "type": "parser",
            "url": "https://www.gigalekarna.cz/"
        }
    },
    {
        "requested_for": "https://www.gigalekarna.cz/",
        "time": 340552.815146,
        "requestId": "22768.19",
        "loaderId": "6FD74F0AA1E81C3CF0D25F571D5FB52D",
        "requested_resource": "https://www.googletagmanager.com/gtm.js?id=GTM-5K74LMC",
        "initiator": {
            "stack": {
                "callFrames": [
                    {
                        "columnNumber": 26,
                        "functionName": "apply",
                        "lineNumber": 284,
                        "scriptId": "13",
                        "url": "chrome-extension://bbogkpojpmdnlonjjogfkaclifmgnbfe/b0fdafcc-5fe9-4adc-b83a-eca48f7a7550"
                    },
                    {
                        "columnNumber": 24,
                        "functionName": "apply",
                        "lineNumber": 404,
                        "scriptId": "13",
                        "url": "chrome-extension://bbogkpojpmdnlonjjogfkaclifmgnbfe/b0fdafcc-5fe9-4adc-b83a-eca48f7a7550"
                    },
                    {
                        "columnNumber": 2230,
                        "functionName": "",
                        "lineNumber": 0,
                        "scriptId": "18",
                        "url": "https://www.gigalekarna.cz/"
                    },
                    {
                        "columnNumber": 2250,
                        "functionName": "",
                        "lineNumber": 0,
                        "scriptId": "18",
                        "url": "https://www.gigalekarna.cz/"
                    }
                ]
            },
            "type": "script"
        }
    },
    {
        "requested_for": "https://www.gigalekarna.cz/",
        "time": 340552.828165,
        "requestId": "22768.50",
        "loaderId": "6FD74F0AA1E81C3CF0D25F571D5FB52D",
        "requested_resource": "https://www.gigalekarna.cz/images/sp_trolley.png",
        "initiator": {
            "type": "parser",
            "url": "https://www.gigalekarna.cz/css/sp_screen.css?v=63"
        }
    },
    {
        "requested_for": "https://www.gigalekarna.cz/",
        "time": 340552.828512,
        "requestId": "22768.51",
        "loaderId": "6FD74F0AA1E81C3CF0D25F571D5FB52D",
        "requested_resource": "https://www.gigalekarna.cz/images/sp_header_left.png",
        "initiator": {
            "type": "parser",
            "url": "https://www.gigalekarna.cz/css/sp_screen.css?v=63"
        }
    },
    {
        "requested_for": "https://www.gigalekarna.cz/",
        "time": 340552.828775,
        "requestId": "22768.52",
        "loaderId": "6FD74F0AA1E81C3CF0D25F571D5FB52D",
        "requested_resource": "https://www.gigalekarna.cz/images/sp_categories.jpg",
        "initiator": {
            "type": "parser",
            "url": "https://www.gigalekarna.cz/css/sp_screen.css?v=63"
        }
    },
    {
        "requested_for": "https://www.gigalekarna.cz/",
        "time": 340552.828814,
        "requestId": "22768.53",
        "loaderId": "6FD74F0AA1E81C3CF0D25F571D5FB52D",
        "requested_resource": "https://www.gigalekarna.cz/images/sp_cat_link.png",
        "initiator": {
            "type": "parser",
            "url": "https://www.gigalekarna.cz/css/sp_screen.css?v=63"
        }
    },
    {
        "requested_for": "https://www.gigalekarna.cz/",
        "time": 340552.828846,
        "requestId": "22768.54",
        "loaderId": "6FD74F0AA1E81C3CF0D25F571D5FB52D",
        "requested_resource": "https://www.gigalekarna.cz/images/sp_icons_content2.png",
        "initiator": {
            "type": "parser",
            "url": "https://www.gigalekarna.cz/css/sp_screen.css?v=63"
        }
    },
    {
        "requested_for": "https://www.gigalekarna.cz/",
        "time": 340552.829258,
        "requestId": "22768.55",
        "loaderId": "6FD74F0AA1E81C3CF0D25F571D5FB52D",
        "requested_resource": "https://www.gigalekarna.cz/images/icons_big/dermocross_cz_100px.png",
        "initiator": {
            "type": "parser",
            "url": "https://www.gigalekarna.cz/css/sp_screen.css?v=63"
        }
    },
    {
        "requested_for": "https://www.gigalekarna.cz/",
        "time": 340552.848188,
        "requestId": "22768.31",
        "loaderId": "6FD74F0AA1E81C3CF0D25F571D5FB52D",
        "requested_resource": "https://www.gigalekarna.cz/images/category/kat-1.png",
        "initiator": {
            "columnNumber": 27594,
            "lineNumber": 0,
            "type": "parser",
            "url": "https://www.gigalekarna.cz/"
        }
    },
    {
        "requested_for": "https://www.gigalekarna.cz/",
        "time": 340552.848233,
        "requestId": "22768.32",
        "loaderId": "6FD74F0AA1E81C3CF0D25F571D5FB52D",
        "requested_resource": "https://www.gigalekarna.cz/produkt/ibalgin-400-24-tablet/ibalgin40024tablet-72638n.jpg",
        "initiator": {
            "columnNumber": 27594,
            "lineNumber": 0,
            "type": "parser",
            "url": "https://www.gigalekarna.cz/"
        }
    },
    {
        "requested_for": "https://www.gigalekarna.cz/",
        "time": 340552.848253,
        "requestId": "22768.33",
        "loaderId": "6FD74F0AA1E81C3CF0D25F571D5FB52D",
        "requested_resource": "https://www.gigalekarna.cz/produkt/citrovital-kapky-25ml/citrovitalkapky25ml-1187n.jpg",
        "initiator": {
            "columnNumber": 27594,
            "lineNumber": 0,
            "type": "parser",
            "url": "https://www.gigalekarna.cz/"
        }
    },
    {
        "requested_for": "https://www.gigalekarna.cz/",
        "time": 340552.848269,
        "requestId": "22768.34",
        "loaderId": "6FD74F0AA1E81C3CF0D25F571D5FB52D",
        "requested_resource": "https://www.gigalekarna.cz/produkt/lymphomyosot-heel-kapky-30ml/lymphomyosotheelkapk-110213n.jpg",
        "initiator": {
            "columnNumber": 27594,
            "lineNumber": 0,
            "type": "parser",
            "url": "https://www.gigalekarna.cz/"
        }
    },
    {
        "requested_for": "https://www.gigalekarna.cz/",
        "time": 340552.848284,
        "requestId": "22768.35",
        "loaderId": "6FD74F0AA1E81C3CF0D25F571D5FB52D",
        "requested_resource": "https://www.gigalekarna.cz/produkt/bepanthen-plus-krem-30g/bepanthenpluskrem30g-107823n.jpg",
        "initiator": {
            "columnNumber": 27594,
            "lineNumber": 0,
            "type": "parser",
            "url": "https://www.gigalekarna.cz/"
        }
    },
    {
        "requested_for": "https://www.gigalekarna.cz/",
        "time": 340552.848305,
        "requestId": "22768.36",
        "loaderId": "6FD74F0AA1E81C3CF0D25F571D5FB52D",
        "requested_resource": "https://www.gigalekarna.cz/produkt/lekarnicka-plast-kufrik-s-naplni-5-osob-zm-5/lekarnickaplastkufri-30091n.jpg",
        "initiator": {
            "columnNumber": 27594,
            "lineNumber": 0,
            "type": "parser",
            "url": "https://www.gigalekarna.cz/"
        }
    },
    {
        "requested_for": "https://www.gigalekarna.cz/",
        "time": 340552.848334,
        "requestId": "22768.37",
        "loaderId": "6FD74F0AA1E81C3CF0D25F571D5FB52D",
        "requested_resource": "https://www.gigalekarna.cz/produkt/adtab-900mg-zvykaci-tablety-pro-psy-22-45kg-1ks/adtab900mgzvykacitab-93563n.jpg",
        "initiator": {
            "columnNumber": 27594,
            "lineNumber": 0,
            "type": "parser",
            "url": "https://www.gigalekarna.cz/"
        }
    },
    {
        "requested_for": "https://www.gigalekarna.cz/",
        "time": 340552.84836,
        "requestId": "22768.38",
        "loaderId": "6FD74F0AA1E81C3CF0D25F571D5FB52D",
        "requested_resource": "https://www.gigalekarna.cz/images/akce/pct.png",
        "initiator": {
            "columnNumber": 27594,
            "lineNumber": 0,
            "type": "parser",
            "url": "https://www.gigalekarna.cz/"
        }
    },
    {
        "requested_for": "https://www.gigalekarna.cz/",
        "time": 340552.848382,
        "requestId": "22768.39",
        "loaderId": "6FD74F0AA1E81C3CF0D25F571D5FB52D",
        "requested_resource": "https://www.gigalekarna.cz/images/akce/vyprodej.png",
        "initiator": {
            "columnNumber": 27594,
            "lineNumber": 0,
            "type": "parser",
            "url": "https://www.gigalekarna.cz/"
        }
    },
    {
        "requested_for": "https://www.gigalekarna.cz/",
        "time": 340552.848408,
        "requestId": "22768.42",
        "loaderId": "6FD74F0AA1E81C3CF0D25F571D5FB52D",
        "requested_resource": "https://www.gigalekarna.cz/produkt/bioaktivni-q10-gold-100mg-60-kapsli/bioaktivniq10gold100-49206t.jpg",
        "initiator": {
            "columnNumber": 27594,
            "lineNumber": 0,
            "type": "parser",
            "url": "https://www.gigalekarna.cz/"
        }
    },
    {
        "requested_for": "https://www.gigalekarna.cz/",
        "time": 340552.848435,
        "requestId": "22768.43",
        "loaderId": "6FD74F0AA1E81C3CF0D25F571D5FB52D",
        "requested_resource": "https://www.gigalekarna.cz/produkt/kozi-kolostrum-200mg-igg-54-60-kapsli/kozikolostrum200mgig-79753t.jpg",
        "initiator": {
            "columnNumber": 27594,
            "lineNumber": 0,
            "type": "parser",
            "url": "https://www.gigalekarna.cz/"
        }
    },
    {
        "requested_for": "https://www.gigalekarna.cz/",
        "time": 340552.84855,
        "requestId": "22768.44",
        "loaderId": "6FD74F0AA1E81C3CF0D25F571D5FB52D",
        "requested_resource": "https://www.gigalekarna.cz/produkt/novexpert-pro-retinol-cleansing-balm-bio-150ml/novexpertproretinolc-106778t.jpg",
        "initiator": {
            "columnNumber": 27594,
            "lineNumber": 0,
            "type": "parser",
            "url": "https://www.gigalekarna.cz/"
        }
    },
    {
        "requested_for": "https://www.gigalekarna.cz/",
        "time": 340552.848574,
        "requestId": "22768.45",
        "loaderId": "6FD74F0AA1E81C3CF0D25F571D5FB52D",
        "requested_resource": "https://www.gigalekarna.cz/produkt/jonzac-gel-sprchovy-hydratujici-pro-vsechny-typy-pleti-rehydrate-500ml-bio/jonzacgelsprchovyhyd-54692t.jpg",
        "initiator": {
            "columnNumber": 27594,
            "lineNumber": 0,
            "type": "parser",
            "url": "https://www.gigalekarna.cz/"
        }
    },
    {
        "requested_for": "https://www.gigalekarna.cz/",
        "time": 340552.848598,
        "requestId": "22768.46",
        "loaderId": "6FD74F0AA1E81C3CF0D25F571D5FB52D",
        "requested_resource": "https://www.gigalekarna.cz/produkt/a-derma-exomega-control-zvlac-penivy-gel-200ml/adermaexomegacontrol-63858t.jpg",
        "initiator": {
            "columnNumber": 27594,
            "lineNumber": 0,
            "type": "parser",
            "url": "https://www.gigalekarna.cz/"
        }
    },
    {
        "requested_for": "https://www.gigalekarna.cz/",
        "time": 340552.848615,
        "requestId": "22768.47",
        "loaderId": "6FD74F0AA1E81C3CF0D25F571D5FB52D",
        "requested_resource": "https://www.gigalekarna.cz/produkt/bioderma-atoderm-sprchovy-gel-500ml/biodermaatodermsprch-109052t.jpg",
        "initiator": {
            "columnNumber": 27594,
            "lineNumber": 0,
            "type": "parser",
            "url": "https://www.gigalekarna.cz/"
        }
    },
    {
        "requested_for": "https://www.gigalekarna.cz/",
        "time": 340552.88072,
        "requestId": "22768.82",
        "loaderId": "6FD74F0AA1E81C3CF0D25F571D5FB52D",
        "requested_resource": "https://www.gigalekarna.cz/images/nw.gif",
        "initiator": {
            "columnNumber": 10661,
            "lineNumber": 3,
            "type": "parser",
            "url": "https://www.gigalekarna.cz/"
        }
    },
    {
        "requested_for": "https://www.gigalekarna.cz/",
        "time": 340552.880764,
        "requestId": "22768.83",
        "loaderId": "6FD74F0AA1E81C3CF0D25F571D5FB52D",
        "requested_resource": "https://www.gigalekarna.cz/images/logo-fb.png",
        "initiator": {
            "columnNumber": 10661,
            "lineNumber": 3,
            "type": "parser",
            "url": "https://www.gigalekarna.cz/"
        }
    },
    {
        "requested_for": "https://www.gigalekarna.cz/",
        "time": 340552.880794,
        "requestId": "22768.84",
        "loaderId": "6FD74F0AA1E81C3CF0D25F571D5FB52D",
        "requested_resource": "https://www.gigalekarna.cz/images/logo-ig.png",
        "initiator": {
            "columnNumber": 10661,
            "lineNumber": 3,
            "type": "parser",
            "url": "https://www.gigalekarna.cz/"
        }
    },
    {
        "requested_for": "https://www.gigalekarna.cz/",
        "time": 340552.880984,
        "requestId": "22768.89",
        "loaderId": "6FD74F0AA1E81C3CF0D25F571D5FB52D",
        "requested_resource": "https://translate.google.com/translate_a/element.js?cb=googleTranslateElementInit",
        "initiator": {
            "columnNumber": 10774,
            "lineNumber": 3,
            "type": "parser",
            "url": "https://www.gigalekarna.cz/"
        }
    },
    {
        "requested_for": "https://www.gigalekarna.cz/",
        "time": 340552.967872,
        "requestId": "22768.90",
        "loaderId": "6FD74F0AA1E81C3CF0D25F571D5FB52D",
        "requested_resource": "https://www.gstatic.com/_/translate_http/_/ss/k=translate_http.tr.NJgGN_yGIWM.L.W.O/am=AAY/d=0/rs=AN8SPfrTSMIvWAFISYN4u74dPJrX0HgUsw/m=el_main_css",
        "initiator": {
            "stack": {
                "callFrames": [
                    {
                        "columnNumber": 26,
                        "functionName": "apply",
                        "lineNumber": 284,
                        "scriptId": "13",
                        "url": "chrome-extension://bbogkpojpmdnlonjjogfkaclifmgnbfe/b0fdafcc-5fe9-4adc-b83a-eca48f7a7550"
                    },
                    {
                        "columnNumber": 24,
                        "functionName": "apply",
                        "lineNumber": 404,
                        "scriptId": "13",
                        "url": "chrome-extension://bbogkpojpmdnlonjjogfkaclifmgnbfe/b0fdafcc-5fe9-4adc-b83a-eca48f7a7550"
                    },
                    {
                        "columnNumber": 318,
                        "functionName": "fl",
                        "lineNumber": 177,
                        "scriptId": "24",
                        "url": "/_/translate_http/_/js/k=translate_http.tr.cs.kwtljxMw4fQ.O/am=AAY/d=1/rs=AN8SPfp1Aa6OlJ3Y-MQmqsxsoH8JrqOZGg/m=el_conf"
                    },
                    {
                        "columnNumber": 124,
                        "functionName": "_._loadCss",
                        "lineNumber": 178,
                        "scriptId": "24",
                        "url": "/_/translate_http/_/js/k=translate_http.tr.cs.kwtljxMw4fQ.O/am=AAY/d=1/rs=AN8SPfp1Aa6OlJ3Y-MQmqsxsoH8JrqOZGg/m=el_conf"
                    },
                    {
                        "columnNumber": 754,
                        "functionName": "",
                        "lineNumber": 196,
                        "scriptId": "24",
                        "url": "/_/translate_http/_/js/k=translate_http.tr.cs.kwtljxMw4fQ.O/am=AAY/d=1/rs=AN8SPfp1Aa6OlJ3Y-MQmqsxsoH8JrqOZGg/m=el_conf"
                    },
                    {
                        "columnNumber": 10,
                        "functionName": "",
                        "lineNumber": 197,
                        "scriptId": "24",
                        "url": "/_/translate_http/_/js/k=translate_http.tr.cs.kwtljxMw4fQ.O/am=AAY/d=1/rs=AN8SPfp1Aa6OlJ3Y-MQmqsxsoH8JrqOZGg/m=el_conf"
                    },
                    {
                        "columnNumber": 8,
                        "functionName": "",
                        "lineNumber": 198,
                        "scriptId": "24",
                        "url": "/_/translate_http/_/js/k=translate_http.tr.cs.kwtljxMw4fQ.O/am=AAY/d=1/rs=AN8SPfp1Aa6OlJ3Y-MQmqsxsoH8JrqOZGg/m=el_conf"
                    }
                ]
            },
            "type": "script"
        }
    },
    {
        "requested_for": "https://www.gigalekarna.cz/",
        "time": 340552.968276,
        "requestId": "22768.91",
        "loaderId": "6FD74F0AA1E81C3CF0D25F571D5FB52D",
        "requested_resource": "https://translate.googleapis.com/_/translate_http/_/js/k=translate_http.tr.cs.kwtljxMw4fQ.O/am=ACA/d=1/exm=el_conf/ed=1/rs=AN8SPfp0bXNFxFMbmn5X0kK2WUW08Lkanw/m=el_main",
        "initiator": {
            "stack": {
                "callFrames": [
                    {
                        "columnNumber": 26,
                        "functionName": "apply",
                        "lineNumber": 284,
                        "scriptId": "13",
                        "url": "chrome-extension://bbogkpojpmdnlonjjogfkaclifmgnbfe/b0fdafcc-5fe9-4adc-b83a-eca48f7a7550"
                    },
                    {
                        "columnNumber": 24,
                        "functionName": "apply",
                        "lineNumber": 404,
                        "scriptId": "13",
                        "url": "chrome-extension://bbogkpojpmdnlonjjogfkaclifmgnbfe/b0fdafcc-5fe9-4adc-b83a-eca48f7a7550"
                    },
                    {
                        "columnNumber": 318,
                        "functionName": "fl",
                        "lineNumber": 177,
                        "scriptId": "24",
                        "url": "/_/translate_http/_/js/k=translate_http.tr.cs.kwtljxMw4fQ.O/am=AAY/d=1/rs=AN8SPfp1Aa6OlJ3Y-MQmqsxsoH8JrqOZGg/m=el_conf"
                    },
                    {
                        "columnNumber": 445,
                        "functionName": "_._loadJs",
                        "lineNumber": 177,
                        "scriptId": "24",
                        "url": "/_/translate_http/_/js/k=translate_http.tr.cs.kwtljxMw4fQ.O/am=AAY/d=1/rs=AN8SPfp1Aa6OlJ3Y-MQmqsxsoH8JrqOZGg/m=el_conf"
                    },
                    {
                        "columnNumber": 771,
                        "functionName": "",
                        "lineNumber": 196,
                        "scriptId": "24",
                        "url": "/_/translate_http/_/js/k=translate_http.tr.cs.kwtljxMw4fQ.O/am=AAY/d=1/rs=AN8SPfp1Aa6OlJ3Y-MQmqsxsoH8JrqOZGg/m=el_conf"
                    },
                    {
                        "columnNumber": 10,
                        "functionName": "",
                        "lineNumber": 197,
                        "scriptId": "24",
                        "url": "/_/translate_http/_/js/k=translate_http.tr.cs.kwtljxMw4fQ.O/am=AAY/d=1/rs=AN8SPfp1Aa6OlJ3Y-MQmqsxsoH8JrqOZGg/m=el_conf"
                    },
                    {
                        "columnNumber": 8,
                        "functionName": "",
                        "lineNumber": 198,
                        "scriptId": "24",
                        "url": "/_/translate_http/_/js/k=translate_http.tr.cs.kwtljxMw4fQ.O/am=AAY/d=1/rs=AN8SPfp1Aa6OlJ3Y-MQmqsxsoH8JrqOZGg/m=el_conf"
                    }
                ]
            },
            "type": "script"
        }
    },
    {
        "requested_for": "https://www.gigalekarna.cz/",
        "time": 340552.96892,
        "requestId": "22768.92",
        "loaderId": "6FD74F0AA1E81C3CF0D25F571D5FB52D",
        "requested_resource": "https://www.gigalekarna.cz/images/sp_box_ico.png",
        "initiator": {
            "type": "parser",
            "url": "https://www.gigalekarna.cz/css/sp_screen.css?v=63"
        }
    },
    {
        "requested_for": "https://www.gigalekarna.cz/",
        "time": 340552.969112,
        "requestId": "22768.93",
        "loaderId": "6FD74F0AA1E81C3CF0D25F571D5FB52D",
        "requested_resource": "https://www.gigalekarna.cz/images/sp_cart3.png",
        "initiator": {
            "type": "parser",
            "url": "https://www.gigalekarna.cz/css/sp_screen.css?v=63"
        }
    },
    {
        "requested_for": "https://www.gigalekarna.cz/",
        "time": 340552.969362,
        "requestId": "22768.94",
        "loaderId": "6FD74F0AA1E81C3CF0D25F571D5FB52D",
        "requested_resource": "https://www.gigalekarna.cz/images/sp_box_bottom.png",
        "initiator": {
            "type": "parser",
            "url": "https://www.gigalekarna.cz/css/sp_screen.css?v=63"
        }
    },
    {
        "requested_for": "https://www.gigalekarna.cz/",
        "time": 340552.96955,
        "requestId": "22768.95",
        "loaderId": "6FD74F0AA1E81C3CF0D25F571D5FB52D",
        "requested_resource": "https://www.gigalekarna.cz/images/sp_menu_cele.png",
        "initiator": {
            "type": "parser",
            "url": "https://www.gigalekarna.cz/css/sp_screen.css?v=63"
        }
    },
    {
        "requested_for": "https://www.gigalekarna.cz/",
        "time": 340552.969671,
        "requestId": "22768.96",
        "loaderId": "6FD74F0AA1E81C3CF0D25F571D5FB52D",
        "requested_resource": "https://www.gigalekarna.cz/images/sp_menu_separator.png",
        "initiator": {
            "type": "parser",
            "url": "https://www.gigalekarna.cz/css/sp_screen.css?v=63"
        }
    },
    {
        "requested_for": "https://www.gigalekarna.cz/",
        "time": 340553.006211,
        "requestId": "22768.78",
        "loaderId": "6FD74F0AA1E81C3CF0D25F571D5FB52D",
        "requested_resource": "https://www.gigalekarna.cz/images/blog/46.jpg",
        "initiator": {
            "columnNumber": 15380,
            "lineNumber": 3,
            "type": "parser",
            "url": "https://www.gigalekarna.cz/"
        }
    },
    {
        "requested_for": "https://www.gigalekarna.cz/",
        "time": 340553.006259,
        "requestId": "22768.79",
        "loaderId": "6FD74F0AA1E81C3CF0D25F571D5FB52D",
        "requested_resource": "https://www.gigalekarna.cz/images/blog/111.jpg",
        "initiator": {
            "columnNumber": 15380,
            "lineNumber": 3,
            "type": "parser",
            "url": "https://www.gigalekarna.cz/"
        }
    },
    {
        "requested_for": "https://www.gigalekarna.cz/",
        "time": 340553.006277,
        "requestId": "22768.80",
        "loaderId": "6FD74F0AA1E81C3CF0D25F571D5FB52D",
        "requested_resource": "https://www.gigalekarna.cz/images/blog/110.jpg",
        "initiator": {
            "columnNumber": 15380,
            "lineNumber": 3,
            "type": "parser",
            "url": "https://www.gigalekarna.cz/"
        }
    },
    {
        "requested_for": "https://www.gigalekarna.cz/",
        "time": 340553.006292,
        "requestId": "22768.88",
        "loaderId": "6FD74F0AA1E81C3CF0D25F571D5FB52D",
        "requested_resource": "https://www.gigalekarna.cz/images/bnr/overenyeshop.png",
        "initiator": {
            "columnNumber": 15380,
            "lineNumber": 3,
            "type": "parser",
            "url": "https://www.gigalekarna.cz/"
        }
    },
    {
        "requested_for": "https://www.gigalekarna.cz/",
        "time": 340553.319643,
        "requestId": "22768.101",
        "loaderId": "6FD74F0AA1E81C3CF0D25F571D5FB52D",
        "requested_resource": "https://pagead2.googlesyndication.com/ccm/collect?en=page_view&dl=https%3A%2F%2Fwww.gigalekarna.cz%2F&scrsrc=www.googletagmanager.com&frm=0&rnd=738750766.1742329559&navt=n&npa=1&gtm=45He53h1h2v76829342za200&gcs=G100&gcd=13p3p3p2p5l1&dma_cps=-&dma=1&tag_exp=102482433~102587591~102717422~102788824~102803279~102813109~102814060~102825837~102879719&tft=1742329558680&tfd=1416&apve=1",
        "initiator": {
            "stack": {
                "callFrames": [
                    {
                        "columnNumber": 322,
                        "functionName": "Gc",
                        "lineNumber": 147,
                        "scriptId": "25",
                        "url": "https://www.googletagmanager.com/gtm.js?id=GTM-5K74LMC"
                    },
                    {
                        "columnNumber": 326,
                        "functionName": "rl",
                        "lineNumber": 318,
                        "scriptId": "25",
                        "url": "https://www.googletagmanager.com/gtm.js?id=GTM-5K74LMC"
                    },
                    {
                        "columnNumber": 481,
                        "functionName": "",
                        "lineNumber": 547,
                        "scriptId": "25",
                        "url": "https://www.googletagmanager.com/gtm.js?id=GTM-5K74LMC"
                    },
                    {
                        "columnNumber": 252,
                        "functionName": "ey",
                        "lineNumber": 545,
                        "scriptId": "25",
                        "url": "https://www.googletagmanager.com/gtm.js?id=GTM-5K74LMC"
                    },
                    {
                        "columnNumber": 478,
                        "functionName": "iy",
                        "lineNumber": 546,
                        "scriptId": "25",
                        "url": "https://www.googletagmanager.com/gtm.js?id=GTM-5K74LMC"
                    },
                    {
                        "columnNumber": 77,
                        "functionName": "uz",
                        "lineNumber": 575,
                        "scriptId": "25",
                        "url": "https://www.googletagmanager.com/gtm.js?id=GTM-5K74LMC"
                    },
                    {
                        "columnNumber": 71,
                        "functionName": "f",
                        "lineNumber": 679,
                        "scriptId": "25",
                        "url": "https://www.googletagmanager.com/gtm.js?id=GTM-5K74LMC"
                    },
                    {
                        "columnNumber": 491,
                        "functionName": "",
                        "lineNumber": 680,
                        "scriptId": "25",
                        "url": "https://www.googletagmanager.com/gtm.js?id=GTM-5K74LMC"
                    },
                    {
                        "columnNumber": 149,
                        "functionName": "ym",
                        "lineNumber": 340,
                        "scriptId": "25",
                        "url": "https://www.googletagmanager.com/gtm.js?id=GTM-5K74LMC"
                    },
                    {
                        "columnNumber": 431,
                        "functionName": "$n",
                        "lineNumber": 350,
                        "scriptId": "25",
                        "url": "https://www.googletagmanager.com/gtm.js?id=GTM-5K74LMC"
                    },
                    {
                        "columnNumber": 477,
                        "functionName": "aH",
                        "lineNumber": 680,
                        "scriptId": "25",
                        "url": "https://www.googletagmanager.com/gtm.js?id=GTM-5K74LMC"
                    },
                    {
                        "columnNumber": 421,
                        "functionName": "",
                        "lineNumber": 734,
                        "scriptId": "25",
                        "url": "https://www.googletagmanager.com/gtm.js?id=GTM-5K74LMC"
                    },
                    {
                        "columnNumber": 77,
                        "functionName": "Hf",
                        "lineNumber": 212,
                        "scriptId": "25",
                        "url": "https://www.googletagmanager.com/gtm.js?id=GTM-5K74LMC"
                    },
                    {
                        "columnNumber": 213,
                        "functionName": "e",
                        "lineNumber": 598,
                        "scriptId": "25",
                        "url": "https://www.googletagmanager.com/gtm.js?id=GTM-5K74LMC"
                    },
                    {
                        "columnNumber": 124,
                        "functionName": "",
                        "lineNumber": 130,
                        "scriptId": "25",
                        "url": "https://www.googletagmanager.com/gtm.js?id=GTM-5K74LMC"
                    },
                    {
                        "columnNumber": 400,
                        "functionName": "",
                        "lineNumber": 599,
                        "scriptId": "25",
                        "url": "https://www.googletagmanager.com/gtm.js?id=GTM-5K74LMC"
                    },
                    {
                        "columnNumber": 140,
                        "functionName": "",
                        "lineNumber": 599,
                        "scriptId": "25",
                        "url": "https://www.googletagmanager.com/gtm.js?id=GTM-5K74LMC"
                    },
                    {
                        "columnNumber": 860,
                        "functionName": "JA",
                        "lineNumber": 599,
                        "scriptId": "25",
                        "url": "https://www.googletagmanager.com/gtm.js?id=GTM-5K74LMC"
                    },
                    {
                        "columnNumber": 118,
                        "functionName": "NA",
                        "lineNumber": 604,
                        "scriptId": "25",
                        "url": "https://www.googletagmanager.com/gtm.js?id=GTM-5K74LMC"
                    },
                    {
                        "columnNumber": 272,
                        "functionName": "HB",
                        "lineNumber": 620,
                        "scriptId": "25",
                        "url": "https://www.googletagmanager.com/gtm.js?id=GTM-5K74LMC"
                    },
                    {
                        "columnNumber": 8,
                        "functionName": "KB",
                        "lineNumber": 623,
                        "scriptId": "25",
                        "url": "https://www.googletagmanager.com/gtm.js?id=GTM-5K74LMC"
                    },
                    {
                        "columnNumber": 43,
                        "functionName": "MB",
                        "lineNumber": 624,
                        "scriptId": "25",
                        "url": "https://www.googletagmanager.com/gtm.js?id=GTM-5K74LMC"
                    }
                ]
            },
            "type": "script"
        }
    },
    {
        "requested_for": "https://www.gigalekarna.cz/",
        "time": 340553.321126,
        "requestId": "22768.102",
        "loaderId": "6FD74F0AA1E81C3CF0D25F571D5FB52D",
        "requested_resource": "https://www.googletagmanager.com/gtag/js?id=G-Y89SV7EQ81&l=dataLayer&cx=c&gtm=45He53h1h2v76829342za200&tag_exp=102482433~102587591~102717422~102788824~102803279~102813109~102814060~102825837~102879719",
        "initiator": {
            "stack": {
                "callFrames": [
                    {
                        "columnNumber": 26,
                        "functionName": "apply",
                        "lineNumber": 284,
                        "scriptId": "13",
                        "url": "chrome-extension://bbogkpojpmdnlonjjogfkaclifmgnbfe/b0fdafcc-5fe9-4adc-b83a-eca48f7a7550"
                    },
                    {
                        "columnNumber": 24,
                        "functionName": "apply",
                        "lineNumber": 404,
                        "scriptId": "13",
                        "url": "chrome-extension://bbogkpojpmdnlonjjogfkaclifmgnbfe/b0fdafcc-5fe9-4adc-b83a-eca48f7a7550"
                    },
                    {
                        "columnNumber": 482,
                        "functionName": "tc",
                        "lineNumber": 143,
                        "scriptId": "25",
                        "url": "https://www.googletagmanager.com/gtm.js?id=GTM-5K74LMC"
                    },
                    {
                        "columnNumber": 181,
                        "functionName": "ul",
                        "lineNumber": 319,
                        "scriptId": "25",
                        "url": "https://www.googletagmanager.com/gtm.js?id=GTM-5K74LMC"
                    },
                    {
                        "columnNumber": 638,
                        "functionName": "Kz",
                        "lineNumber": 589,
                        "scriptId": "25",
                        "url": "https://www.googletagmanager.com/gtm.js?id=GTM-5K74LMC"
                    },
                    {
                        "columnNumber": 353,
                        "functionName": "RD",
                        "lineNumber": 651,
                        "scriptId": "25",
                        "url": "https://www.googletagmanager.com/gtm.js?id=GTM-5K74LMC"
                    },
                    {
                        "columnNumber": 186,
                        "functionName": "",
                        "lineNumber": 223,
                        "scriptId": "25",
                        "url": "https://www.googletagmanager.com/gtm.js?id=GTM-5K74LMC"
                    },
                    {
                        "columnNumber": 447,
                        "functionName": "h.invoke",
                        "lineNumber": 160,
                        "scriptId": "25",
                        "url": "https://www.googletagmanager.com/gtm.js?id=GTM-5K74LMC"
                    },
                    {
                        "columnNumber": 997,
                        "functionName": "Na",
                        "lineNumber": 126,
                        "scriptId": "25",
                        "url": "https://www.googletagmanager.com/gtm.js?id=GTM-5K74LMC"
                    },
                    {
                        "columnNumber": 720,
                        "functionName": "Ma",
                        "lineNumber": 126,
                        "scriptId": "25",
                        "url": "https://www.googletagmanager.com/gtm.js?id=GTM-5K74LMC"
                    },
                    {
                        "columnNumber": 465,
                        "functionName": "",
                        "lineNumber": 184,
                        "scriptId": "25",
                        "url": "https://www.googletagmanager.com/gtm.js?id=GTM-5K74LMC"
                    },
                    {
                        "columnNumber": 447,
                        "functionName": "h.invoke",
                        "lineNumber": 160,
                        "scriptId": "25",
                        "url": "https://www.googletagmanager.com/gtm.js?id=GTM-5K74LMC"
                    },
                    {
                        "columnNumber": 997,
                        "functionName": "Na",
                        "lineNumber": 126,
                        "scriptId": "25",
                        "url": "https://www.googletagmanager.com/gtm.js?id=GTM-5K74LMC"
                    },
                    {
                        "columnNumber": 1512,
                        "functionName": "h.Rl",
                        "lineNumber": 126,
                        "scriptId": "25",
                        "url": "https://www.googletagmanager.com/gtm.js?id=GTM-5K74LMC"
                    },
                    {
                        "columnNumber": 896,
                        "functionName": "Le",
                        "lineNumber": 195,
                        "scriptId": "25",
                        "url": "https://www.googletagmanager.com/gtm.js?id=GTM-5K74LMC"
                    },
                    {
                        "columnNumber": 6,
                        "functionName": "",
                        "lineNumber": 638,
                        "scriptId": "25",
                        "url": "https://www.googletagmanager.com/gtm.js?id=GTM-5K74LMC"
                    },
                    {
                        "columnNumber": 91,
                        "functionName": "Hf",
                        "lineNumber": 212,
                        "scriptId": "25",
                        "url": "https://www.googletagmanager.com/gtm.js?id=GTM-5K74LMC"
                    },
                    {
                        "columnNumber": 213,
                        "functionName": "e",
                        "lineNumber": 598,
                        "scriptId": "25",
                        "url": "https://www.googletagmanager.com/gtm.js?id=GTM-5K74LMC"
                    },
                    {
                        "columnNumber": 124,
                        "functionName": "",
                        "lineNumber": 130,
                        "scriptId": "25",
                        "url": "https://www.googletagmanager.com/gtm.js?id=GTM-5K74LMC"
                    },
                    {
                        "columnNumber": 400,
                        "functionName": "",
                        "lineNumber": 599,
                        "scriptId": "25",
                        "url": "https://www.googletagmanager.com/gtm.js?id=GTM-5K74LMC"
                    },
                    {
                        "columnNumber": 140,
                        "functionName": "",
                        "lineNumber": 599,
                        "scriptId": "25",
                        "url": "https://www.googletagmanager.com/gtm.js?id=GTM-5K74LMC"
                    },
                    {
                        "columnNumber": 860,
                        "functionName": "JA",
                        "lineNumber": 599,
                        "scriptId": "25",
                        "url": "https://www.googletagmanager.com/gtm.js?id=GTM-5K74LMC"
                    },
                    {
                        "columnNumber": 118,
                        "functionName": "NA",
                        "lineNumber": 604,
                        "scriptId": "25",
                        "url": "https://www.googletagmanager.com/gtm.js?id=GTM-5K74LMC"
                    },
                    {
                        "columnNumber": 272,
                        "functionName": "HB",
                        "lineNumber": 620,
                        "scriptId": "25",
                        "url": "https://www.googletagmanager.com/gtm.js?id=GTM-5K74LMC"
                    },
                    {
                        "columnNumber": 8,
                        "functionName": "KB",
                        "lineNumber": 623,
                        "scriptId": "25",
                        "url": "https://www.googletagmanager.com/gtm.js?id=GTM-5K74LMC"
                    },
                    {
                        "columnNumber": 43,
                        "functionName": "MB",
                        "lineNumber": 624,
                        "scriptId": "25",
                        "url": "https://www.googletagmanager.com/gtm.js?id=GTM-5K74LMC"
                    }
                ]
            },
            "type": "script"
        }
    },
    {
        "requested_for": "https://www.googletagmanager.com/static/service_worker/53b0/sw_iframe.html?origin=https%3A%2F%2Fwww.gigalekarna.cz",
        "time": 340553.331703,
        "requestId": "746655D28F597C166DB7BE01B43E486E",
        "loaderId": "746655D28F597C166DB7BE01B43E486E",
        "requested_resource": "https://www.googletagmanager.com/static/service_worker/53b0/sw_iframe.html?origin=https%3A%2F%2Fwww.gigalekarna.cz",
        "initiator": {
            "stack": {
                "callFrames": [
                    {
                        "columnNumber": 26,
                        "functionName": "apply",
                        "lineNumber": 284,
                        "scriptId": "13",
                        "url": "chrome-extension://bbogkpojpmdnlonjjogfkaclifmgnbfe/b0fdafcc-5fe9-4adc-b83a-eca48f7a7550"
                    },
                    {
                        "columnNumber": 24,
                        "functionName": "apply",
                        "lineNumber": 404,
                        "scriptId": "13",
                        "url": "chrome-extension://bbogkpojpmdnlonjjogfkaclifmgnbfe/b0fdafcc-5fe9-4adc-b83a-eca48f7a7550"
                    },
                    {
                        "columnNumber": 322,
                        "functionName": "q",
                        "lineNumber": 514,
                        "scriptId": "25",
                        "url": "https://www.googletagmanager.com/gtm.js?id=GTM-5K74LMC"
                    },
                    {
                        "columnNumber": 42,
                        "functionName": "h.kn",
                        "lineNumber": 515,
                        "scriptId": "25",
                        "url": "https://www.googletagmanager.com/gtm.js?id=GTM-5K74LMC"
                    },
                    {
                        "columnNumber": 163,
                        "functionName": "",
                        "lineNumber": 513,
                        "scriptId": "25",
                        "url": "https://www.googletagmanager.com/gtm.js?id=GTM-5K74LMC"
                    }
                ]
            },
            "type": "script"
        }
    },
    {
        "requested_for": "https://www.gigalekarna.cz/",
        "time": 340553.369162,
        "requestId": "22768.103",
        "loaderId": "F462CA14F77CF57B9B148DCFDB2A784B",
        "requested_resource": "https://www.gstatic.com/_/translate_http/_/ss/k=translate_http.tr.NJgGN_yGIWM.L.W.O/am=AAY/d=0/rs=AN8SPfrTSMIvWAFISYN4u74dPJrX0HgUsw/m=el_main_css",
        "initiator": {
            "stack": {
                "callFrames": [
                    {
                        "columnNumber": 26,
                        "functionName": "apply",
                        "lineNumber": 284,
                        "scriptId": "13",
                        "url": "chrome-extension://bbogkpojpmdnlonjjogfkaclifmgnbfe/b0fdafcc-5fe9-4adc-b83a-eca48f7a7550"
                    },
                    {
                        "columnNumber": 24,
                        "functionName": "apply",
                        "lineNumber": 404,
                        "scriptId": "13",
                        "url": "chrome-extension://bbogkpojpmdnlonjjogfkaclifmgnbfe/b0fdafcc-5fe9-4adc-b83a-eca48f7a7550"
                    },
                    {
                        "columnNumber": 191,
                        "functionName": "",
                        "lineNumber": 391,
                        "scriptId": "29",
                        "url": "https://translate.googleapis.com/_/translate_http/_/js/k=translate_http.tr.cs.kwtljxMw4fQ.O/am=ACA/d=1/exm=el_conf/ed=1/rs=AN8SPfp0bXNFxFMbmn5X0kK2WUW08Lkanw/m=el_main"
                    },
                    {
                        "columnNumber": 450,
                        "functionName": "vs",
                        "lineNumber": 193,
                        "scriptId": "29",
                        "url": "https://translate.googleapis.com/_/translate_http/_/js/k=translate_http.tr.cs.kwtljxMw4fQ.O/am=ACA/d=1/exm=el_conf/ed=1/rs=AN8SPfp0bXNFxFMbmn5X0kK2WUW08Lkanw/m=el_main"
                    },
                    {
                        "columnNumber": 121,
                        "functionName": "_.k.Lg",
                        "lineNumber": 390,
                        "scriptId": "29",
                        "url": "https://translate.googleapis.com/_/translate_http/_/js/k=translate_http.tr.cs.kwtljxMw4fQ.O/am=ACA/d=1/exm=el_conf/ed=1/rs=AN8SPfp0bXNFxFMbmn5X0kK2WUW08Lkanw/m=el_main"
                    },
                    {
                        "columnNumber": 557,
                        "functionName": "py.va",
                        "lineNumber": 386,
                        "scriptId": "29",
                        "url": "https://translate.googleapis.com/_/translate_http/_/js/k=translate_http.tr.cs.kwtljxMw4fQ.O/am=ACA/d=1/exm=el_conf/ed=1/rs=AN8SPfp0bXNFxFMbmn5X0kK2WUW08Lkanw/m=el_main"
                    },
                    {
                        "columnNumber": 225,
                        "functionName": "Ct",
                        "lineNumber": 224,
                        "scriptId": "29",
                        "url": "https://translate.googleapis.com/_/translate_http/_/js/k=translate_http.tr.cs.kwtljxMw4fQ.O/am=ACA/d=1/exm=el_conf/ed=1/rs=AN8SPfp0bXNFxFMbmn5X0kK2WUW08Lkanw/m=el_main"
                    },
                    {
                        "columnNumber": 27,
                        "functionName": "P.fa",
                        "lineNumber": 224,
                        "scriptId": "29",
                        "url": "https://translate.googleapis.com/_/translate_http/_/js/k=translate_http.tr.cs.kwtljxMw4fQ.O/am=ACA/d=1/exm=el_conf/ed=1/rs=AN8SPfp0bXNFxFMbmn5X0kK2WUW08Lkanw/m=el_main"
                    },
                    {
                        "columnNumber": 7,
                        "functionName": "_.k.va",
                        "lineNumber": 408,
                        "scriptId": "29",
                        "url": "https://translate.googleapis.com/_/translate_http/_/js/k=translate_http.tr.cs.kwtljxMw4fQ.O/am=ACA/d=1/exm=el_conf/ed=1/rs=AN8SPfp0bXNFxFMbmn5X0kK2WUW08Lkanw/m=el_main"
                    },
                    {
                        "columnNumber": 225,
                        "functionName": "Ct",
                        "lineNumber": 224,
                        "scriptId": "29",
                        "url": "https://translate.googleapis.com/_/translate_http/_/js/k=translate_http.tr.cs.kwtljxMw4fQ.O/am=ACA/d=1/exm=el_conf/ed=1/rs=AN8SPfp0bXNFxFMbmn5X0kK2WUW08Lkanw/m=el_main"
                    },
                    {
                        "columnNumber": 27,
                        "functionName": "P.fa",
                        "lineNumber": 224,
                        "scriptId": "29",
                        "url": "https://translate.googleapis.com/_/translate_http/_/js/k=translate_http.tr.cs.kwtljxMw4fQ.O/am=ACA/d=1/exm=el_conf/ed=1/rs=AN8SPfp0bXNFxFMbmn5X0kK2WUW08Lkanw/m=el_main"
                    },
                    {
                        "columnNumber": 16,
                        "functionName": "Gy",
                        "lineNumber": 433,
                        "scriptId": "29",
                        "url": "https://translate.googleapis.com/_/translate_http/_/js/k=translate_http.tr.cs.kwtljxMw4fQ.O/am=ACA/d=1/exm=el_conf/ed=1/rs=AN8SPfp0bXNFxFMbmn5X0kK2WUW08Lkanw/m=el_main"
                    },
                    {
                        "columnNumber": 243,
                        "functionName": "Sy",
                        "lineNumber": 447,
                        "scriptId": "29",
                        "url": "https://translate.googleapis.com/_/translate_http/_/js/k=translate_http.tr.cs.kwtljxMw4fQ.O/am=ACA/d=1/exm=el_conf/ed=1/rs=AN8SPfp0bXNFxFMbmn5X0kK2WUW08Lkanw/m=el_main"
                    },
                    {
                        "columnNumber": 10462,
                        "functionName": "googleTranslateElementInit",
                        "lineNumber": 3,
                        "scriptId": "22",
                        "url": "https://www.gigalekarna.cz/"
                    },
                    {
                        "columnNumber": 467,
                        "functionName": "e",
                        "lineNumber": 448,
                        "scriptId": "29",
                        "url": "https://translate.googleapis.com/_/translate_http/_/js/k=translate_http.tr.cs.kwtljxMw4fQ.O/am=ACA/d=1/exm=el_conf/ed=1/rs=AN8SPfp0bXNFxFMbmn5X0kK2WUW08Lkanw/m=el_main"
                    },
                    {
                        "columnNumber": 496,
                        "functionName": "",
                        "lineNumber": 448,
                        "scriptId": "29",
                        "url": "https://translate.googleapis.com/_/translate_http/_/js/k=translate_http.tr.cs.kwtljxMw4fQ.O/am=ACA/d=1/exm=el_conf/ed=1/rs=AN8SPfp0bXNFxFMbmn5X0kK2WUW08Lkanw/m=el_main"
                    },
                    {
                        "columnNumber": 501,
                        "functionName": "",
                        "lineNumber": 448,
                        "scriptId": "29",
                        "url": "https://translate.googleapis.com/_/translate_http/_/js/k=translate_http.tr.cs.kwtljxMw4fQ.O/am=ACA/d=1/exm=el_conf/ed=1/rs=AN8SPfp0bXNFxFMbmn5X0kK2WUW08Lkanw/m=el_main"
                    },
                    {
                        "columnNumber": 3,
                        "functionName": "",
                        "lineNumber": 452,
                        "scriptId": "29",
                        "url": "https://translate.googleapis.com/_/translate_http/_/js/k=translate_http.tr.cs.kwtljxMw4fQ.O/am=ACA/d=1/exm=el_conf/ed=1/rs=AN8SPfp0bXNFxFMbmn5X0kK2WUW08Lkanw/m=el_main"
                    }
                ]
            },
            "type": "script"
        }
    },
    {
        "requested_for": "https://www.gigalekarna.cz/",
        "time": 340553.36948,
        "requestId": "22768.104",
        "loaderId": "6FD74F0AA1E81C3CF0D25F571D5FB52D",
        "requested_resource": "https://fonts.gstatic.com/s/i/productlogos/translate/v14/24px.svg",
        "initiator": {
            "columnNumber": 15380,
            "lineNumber": 3,
            "type": "parser",
            "url": "https://www.gigalekarna.cz/"
        }
    },
    {
        "requested_for": "https://www.gigalekarna.cz/",
        "time": 340553.369517,
        "requestId": "22768.105",
        "loaderId": "6FD74F0AA1E81C3CF0D25F571D5FB52D",
        "requested_resource": "https://www.google.com/images/cleardot.gif",
        "initiator": {
            "columnNumber": 15380,
            "lineNumber": 3,
            "type": "parser",
            "url": "https://www.gigalekarna.cz/"
        }
    },
    {
        "requested_for": "https://www.gigalekarna.cz/",
        "time": 340553.370463,
        "requestId": "22768.108",
        "loaderId": "6FD74F0AA1E81C3CF0D25F571D5FB52D",
        "requested_resource": "https://www.gstatic.com/images/branding/product/2x/translate_24dp.png",
        "initiator": {
            "type": "parser",
            "url": "https://www.gstatic.com/_/translate_http/_/ss/k=translate_http.tr.NJgGN_yGIWM.L.W.O/am=AAY/d=0/rs=AN8SPfrTSMIvWAFISYN4u74dPJrX0HgUsw/m=el_main_css"
        }
    },
    {
        "requested_for": "https://www.gigalekarna.cz/",
        "time": 340553.49134,
        "requestId": "22768.112",
        "loaderId": "6FD74F0AA1E81C3CF0D25F571D5FB52D",
        "requested_resource": "https://region1.google-analytics.com/g/collect?v=2&tid=G-Y89SV7EQ81&gtm=45je53h1h2v884127722z876829342za200zb76829342&_p=1742329558176&gcs=G100&gcd=13p3pPp2p5l1&npa=1&dma_cps=-&dma=1&tag_exp=102482433~102587591~102717422~102788824~102813109~102814060~102825837~102879719&cid=884011803.1742329559&ul=en-us&sr=2560x1440&ir=1&uaa=x86&uab=64&uafvl=Not%253AA-Brand%3B24.0.0.0%7CChromium%3B134.0.6998.88&uamb=0&uam=&uap=Windows&uapv=19.0.0&uaw=0&are=1&frm=0&pscdl=denied&_eu=EA&_s=1&sid=1742329558&sct=1&seg=0&dl=https%3A%2F%2Fwww.gigalekarna.cz%2F&dt=GigaL%C3%A9k%C3%A1rna.cz&_tu=CA&en=page_view&_fv=1&_nsi=1&_ss=1&tfd=1588",
        "initiator": {
            "stack": {
                "callFrames": [
                    {
                        "columnNumber": 285,
                        "functionName": "Ic",
                        "lineNumber": 246,
                        "scriptId": "32",
                        "url": "https://www.googletagmanager.com/gtag/js?id=G-Y89SV7EQ81&l=dataLayer&cx=c&gtm=45He53h1h2v76829342za200&tag_exp=102482433~102587591~102717422~102788824~102803279~102813109~102814060~102825837~102879719"
                    },
                    {
                        "columnNumber": 93,
                        "functionName": "tl",
                        "lineNumber": 422,
                        "scriptId": "32",
                        "url": "https://www.googletagmanager.com/gtag/js?id=G-Y89SV7EQ81&l=dataLayer&cx=c&gtm=45He53h1h2v76829342za200&tag_exp=102482433~102587591~102717422~102788824~102803279~102813109~102814060~102825837~102879719"
                    },
                    {
                        "columnNumber": 226,
                        "functionName": "BK",
                        "lineNumber": 844,
                        "scriptId": "32",
                        "url": "https://www.googletagmanager.com/gtag/js?id=G-Y89SV7EQ81&l=dataLayer&cx=c&gtm=45He53h1h2v76829342za200&tag_exp=102482433~102587591~102717422~102788824~102803279~102813109~102814060~102825837~102879719"
                    },
                    {
                        "columnNumber": 411,
                        "functionName": "h.xb",
                        "lineNumber": 848,
                        "scriptId": "32",
                        "url": "https://www.googletagmanager.com/gtag/js?id=G-Y89SV7EQ81&l=dataLayer&cx=c&gtm=45He53h1h2v76829342za200&tag_exp=102482433~102587591~102717422~102788824~102803279~102813109~102814060~102825837~102879719"
                    },
                    {
                        "columnNumber": 41,
                        "functionName": "h.add",
                        "lineNumber": 851,
                        "scriptId": "32",
                        "url": "https://www.googletagmanager.com/gtag/js?id=G-Y89SV7EQ81&l=dataLayer&cx=c&gtm=45He53h1h2v76829342za200&tag_exp=102482433~102587591~102717422~102788824~102803279~102813109~102814060~102825837~102879719"
                    },
                    {
                        "columnNumber": 154,
                        "functionName": "h.qk",
                        "lineNumber": 869,
                        "scriptId": "32",
                        "url": "https://www.googletagmanager.com/gtag/js?id=G-Y89SV7EQ81&l=dataLayer&cx=c&gtm=45He53h1h2v76829342za200&tag_exp=102482433~102587591~102717422~102788824~102803279~102813109~102814060~102825837~102879719"
                    },
                    {
                        "columnNumber": 76,
                        "functionName": "h.Gn",
                        "lineNumber": 869,
                        "scriptId": "32",
                        "url": "https://www.googletagmanager.com/gtag/js?id=G-Y89SV7EQ81&l=dataLayer&cx=c&gtm=45He53h1h2v76829342za200&tag_exp=102482433~102587591~102717422~102788824~102803279~102813109~102814060~102825837~102879719"
                    },
                    {
                        "columnNumber": 523,
                        "functionName": "",
                        "lineNumber": 865,
                        "scriptId": "32",
                        "url": "https://www.googletagmanager.com/gtag/js?id=G-Y89SV7EQ81&l=dataLayer&cx=c&gtm=45He53h1h2v76829342za200&tag_exp=102482433~102587591~102717422~102788824~102803279~102813109~102814060~102825837~102879719"
                    },
                    {
                        "columnNumber": 149,
                        "functionName": "ym",
                        "lineNumber": 443,
                        "scriptId": "32",
                        "url": "https://www.googletagmanager.com/gtag/js?id=G-Y89SV7EQ81&l=dataLayer&cx=c&gtm=45He53h1h2v76829342za200&tag_exp=102482433~102587591~102717422~102788824~102803279~102813109~102814060~102825837~102879719"
                    },
                    {
                        "columnNumber": 431,
                        "functionName": "$n",
                        "lineNumber": 453,
                        "scriptId": "32",
                        "url": "https://www.googletagmanager.com/gtag/js?id=G-Y89SV7EQ81&l=dataLayer&cx=c&gtm=45He53h1h2v76829342za200&tag_exp=102482433~102587591~102717422~102788824~102803279~102813109~102814060~102825837~102879719"
                    },
                    {
                        "columnNumber": 507,
                        "functionName": "",
                        "lineNumber": 865,
                        "scriptId": "32",
                        "url": "https://www.googletagmanager.com/gtag/js?id=G-Y89SV7EQ81&l=dataLayer&cx=c&gtm=45He53h1h2v76829342za200&tag_exp=102482433~102587591~102717422~102788824~102803279~102813109~102814060~102825837~102879719"
                    },
                    {
                        "columnNumber": 20,
                        "functionName": "c",
                        "lineNumber": 631,
                        "scriptId": "32",
                        "url": "https://www.googletagmanager.com/gtag/js?id=G-Y89SV7EQ81&l=dataLayer&cx=c&gtm=45He53h1h2v76829342za200&tag_exp=102482433~102587591~102717422~102788824~102803279~102813109~102814060~102825837~102879719"
                    },
                    {
                        "columnNumber": 51,
                        "functionName": "lx",
                        "lineNumber": 631,
                        "scriptId": "32",
                        "url": "https://www.googletagmanager.com/gtag/js?id=G-Y89SV7EQ81&l=dataLayer&cx=c&gtm=45He53h1h2v76829342za200&tag_exp=102482433~102587591~102717422~102788824~102803279~102813109~102814060~102825837~102879719"
                    },
                    {
                        "columnNumber": 493,
                        "functionName": "h.En",
                        "lineNumber": 865,
                        "scriptId": "32",
                        "url": "https://www.googletagmanager.com/gtag/js?id=G-Y89SV7EQ81&l=dataLayer&cx=c&gtm=45He53h1h2v76829342za200&tag_exp=102482433~102587591~102717422~102788824~102803279~102813109~102814060~102825837~102879719"
                    },
                    {
                        "columnNumber": 962,
                        "functionName": "c",
                        "lineNumber": 881,
                        "scriptId": "32",
                        "url": "https://www.googletagmanager.com/gtag/js?id=G-Y89SV7EQ81&l=dataLayer&cx=c&gtm=45He53h1h2v76829342za200&tag_exp=102482433~102587591~102717422~102788824~102803279~102813109~102814060~102825837~102879719"
                    },
                    {
                        "columnNumber": 368,
                        "functionName": "w",
                        "lineNumber": 470,
                        "scriptId": "32",
                        "url": "https://www.googletagmanager.com/gtag/js?id=G-Y89SV7EQ81&l=dataLayer&cx=c&gtm=45He53h1h2v76829342za200&tag_exp=102482433~102587591~102717422~102788824~102803279~102813109~102814060~102825837~102879719"
                    },
                    {
                        "columnNumber": 1235,
                        "functionName": "Hm",
                        "lineNumber": 444,
                        "scriptId": "32",
                        "url": "https://www.googletagmanager.com/gtag/js?id=G-Y89SV7EQ81&l=dataLayer&cx=c&gtm=45He53h1h2v76829342za200&tag_exp=102482433~102587591~102717422~102788824~102803279~102813109~102814060~102825837~102879719"
                    },
                    {
                        "columnNumber": 458,
                        "functionName": "Kp",
                        "lineNumber": 470,
                        "scriptId": "32",
                        "url": "https://www.googletagmanager.com/gtag/js?id=G-Y89SV7EQ81&l=dataLayer&cx=c&gtm=45He53h1h2v76829342za200&tag_exp=102482433~102587591~102717422~102788824~102803279~102813109~102814060~102825837~102879719"
                    },
                    {
                        "columnNumber": 186,
                        "functionName": "Jp.flush",
                        "lineNumber": 473,
                        "scriptId": "32",
                        "url": "https://www.googletagmanager.com/gtag/js?id=G-Y89SV7EQ81&l=dataLayer&cx=c&gtm=45He53h1h2v76829342za200&tag_exp=102482433~102587591~102717422~102788824~102803279~102813109~102814060~102825837~102879719"
                    },
                    {
                        "columnNumber": 337,
                        "functionName": "Jp.push",
                        "lineNumber": 471,
                        "scriptId": "32",
                        "url": "https://www.googletagmanager.com/gtag/js?id=G-Y89SV7EQ81&l=dataLayer&cx=c&gtm=45He53h1h2v76829342za200&tag_exp=102482433~102587591~102717422~102788824~102803279~102813109~102814060~102825837~102879719"
                    },
                    {
                        "columnNumber": 55,
                        "functionName": "config",
                        "lineNumber": 721,
                        "scriptId": "32",
                        "url": "https://www.googletagmanager.com/gtag/js?id=G-Y89SV7EQ81&l=dataLayer&cx=c&gtm=45He53h1h2v76829342za200&tag_exp=102482433~102587591~102717422~102788824~102803279~102813109~102814060~102825837~102879719"
                    },
                    {
                        "columnNumber": 470,
                        "functionName": "KB",
                        "lineNumber": 729,
                        "scriptId": "32",
                        "url": "https://www.googletagmanager.com/gtag/js?id=G-Y89SV7EQ81&l=dataLayer&cx=c&gtm=45He53h1h2v76829342za200&tag_exp=102482433~102587591~102717422~102788824~102803279~102813109~102814060~102825837~102879719"
                    },
                    {
                        "columnNumber": 43,
                        "functionName": "MB",
                        "lineNumber": 731,
                        "scriptId": "32",
                        "url": "https://www.googletagmanager.com/gtag/js?id=G-Y89SV7EQ81&l=dataLayer&cx=c&gtm=45He53h1h2v76829342za200&tag_exp=102482433~102587591~102717422~102788824~102803279~102813109~102814060~102825837~102879719"
                    },
                    {
                        "columnNumber": 241,
                        "functionName": "",
                        "lineNumber": 974,
                        "scriptId": "32",
                        "url": "https://www.googletagmanager.com/gtag/js?id=G-Y89SV7EQ81&l=dataLayer&cx=c&gtm=45He53h1h2v76829342za200&tag_exp=102482433~102587591~102717422~102788824~102803279~102813109~102814060~102825837~102879719"
                    },
                    {
                        "columnNumber": 129,
                        "functionName": "c",
                        "lineNumber": 969,
                        "scriptId": "32",
                        "url": "https://www.googletagmanager.com/gtag/js?id=G-Y89SV7EQ81&l=dataLayer&cx=c&gtm=45He53h1h2v76829342za200&tag_exp=102482433~102587591~102717422~102788824~102803279~102813109~102814060~102825837~102879719"
                    },
                    {
                        "columnNumber": 381,
                        "functionName": "",
                        "lineNumber": 971,
                        "scriptId": "32",
                        "url": "https://www.googletagmanager.com/gtag/js?id=G-Y89SV7EQ81&l=dataLayer&cx=c&gtm=45He53h1h2v76829342za200&tag_exp=102482433~102587591~102717422~102788824~102803279~102813109~102814060~102825837~102879719"
                    },
                    {
                        "columnNumber": 386,
                        "functionName": "",
                        "lineNumber": 971,
                        "scriptId": "32",
                        "url": "https://www.googletagmanager.com/gtag/js?id=G-Y89SV7EQ81&l=dataLayer&cx=c&gtm=45He53h1h2v76829342za200&tag_exp=102482433~102587591~102717422~102788824~102803279~102813109~102814060~102825837~102879719"
                    },
                    {
                        "columnNumber": 2,
                        "functionName": "",
                        "lineNumber": 977,
                        "scriptId": "32",
                        "url": "https://www.googletagmanager.com/gtag/js?id=G-Y89SV7EQ81&l=dataLayer&cx=c&gtm=45He53h1h2v76829342za200&tag_exp=102482433~102587591~102717422~102788824~102803279~102813109~102814060~102825837~102879719"
                    }
                ]
            },
            "type": "script"
        }
    },
    {
        "requested_for": "https://www.gigalekarna.cz/",
        "time": 340553.698778,
        "requestId": "22768.113",
        "loaderId": "6FD74F0AA1E81C3CF0D25F571D5FB52D",
        "requested_resource": "https://www.gigalekarna.cz/images/brands/logo_464.png",
        "initiator": {
            "type": "other"
        }
    },
    {
        "requested_for": "https://www.gigalekarna.cz/",
        "time": 340553.698826,
        "requestId": "22768.114",
        "loaderId": "6FD74F0AA1E81C3CF0D25F571D5FB52D",
        "requested_resource": "https://www.gigalekarna.cz/images/brands/logo_458.png",
        "initiator": {
            "type": "other"
        }
    },
    {
        "requested_for": "https://www.gigalekarna.cz/",
        "time": 340553.698844,
        "requestId": "22768.115",
        "loaderId": "6FD74F0AA1E81C3CF0D25F571D5FB52D",
        "requested_resource": "https://www.gigalekarna.cz/images/brands/logo_29.png",
        "initiator": {
            "type": "other"
        }
    },
    {
        "requested_for": "https://www.gigalekarna.cz/",
        "time": 340553.698862,
        "requestId": "22768.116",
        "loaderId": "6FD74F0AA1E81C3CF0D25F571D5FB52D",
        "requested_resource": "https://www.gigalekarna.cz/images/brands/logo_33.png",
        "initiator": {
            "type": "other"
        }
    },
    {
        "requested_for": "https://www.gigalekarna.cz/",
        "time": 340553.698878,
        "requestId": "22768.117",
        "loaderId": "6FD74F0AA1E81C3CF0D25F571D5FB52D",
        "requested_resource": "https://www.gigalekarna.cz/images/brands/logo_355.png",
        "initiator": {
            "type": "other"
        }
    },
    {
        "requested_for": "https://www.gigalekarna.cz/",
        "time": 340553.698895,
        "requestId": "22768.118",
        "loaderId": "6FD74F0AA1E81C3CF0D25F571D5FB52D",
        "requested_resource": "https://www.gigalekarna.cz/images/brands/logo_102.png",
        "initiator": {
            "type": "other"
        }
    },
    {
        "requested_for": "https://www.gigalekarna.cz/",
        "time": 340553.698908,
        "requestId": "22768.119",
        "loaderId": "6FD74F0AA1E81C3CF0D25F571D5FB52D",
        "requested_resource": "https://www.gigalekarna.cz/images/brands/logo_440.png",
        "initiator": {
            "type": "other"
        }
    },
    {
        "requested_for": "https://www.gigalekarna.cz/",
        "time": 340553.698947,
        "requestId": "22768.120",
        "loaderId": "6FD74F0AA1E81C3CF0D25F571D5FB52D",
        "requested_resource": "https://www.gigalekarna.cz/images/brands/logo_187.png",
        "initiator": {
            "type": "other"
        }
    },
    {
        "requested_for": "https://www.gigalekarna.cz/",
        "time": 340553.698984,
        "requestId": "22768.121",
        "loaderId": "6FD74F0AA1E81C3CF0D25F571D5FB52D",
        "requested_resource": "https://www.gigalekarna.cz/images/brands/logo_199.png",
        "initiator": {
            "type": "other"
        }
    },
    {
        "requested_for": "https://www.gigalekarna.cz/",
        "time": 340553.699209,
        "requestId": "22768.131",
        "loaderId": "6FD74F0AA1E81C3CF0D25F571D5FB52D",
        "requested_resource": "https://www.gigalekarna.cz/favicon.ico",
        "initiator": {
            "type": "other"
        }
    },
    {
        "requested_for": "https://www.gigalekarna.cz/",
        "time": 340553.751536,
        "requestId": "22768.132",
        "loaderId": "6FD74F0AA1E81C3CF0D25F571D5FB52D",
        "requested_resource": "https://translate.googleapis.com/translate_static/img/te_ctrl3.gif",
        "initiator": {
            "type": "other"
        }
    }
]