{
    "googleapis.com": {
        "fonts": {
            "A": [
                "142.251.36.138"
            ],
            "CNAME": []
        },
        "content-autofill": {
            "A": [
                "142.251.36.106",
                "142.251.36.74",
                "142.251.37.106",
                "142.251.36.138"
            ],
            "CNAME": []
        },
        "translate": {
            "A": [
                "142.251.36.74"
            ],
            "CNAME": []
        },
        "translate-pa": {
            "A": [
                "142.251.36.74",
                "142.251.37.106",
                "142.251.36.138",
                "142.251.36.106"
            ],
            "CNAME": []
        }
    },
    "google.com": {
        "accounts": {
            "A": [
                "142.250.102.84"
            ],
            "CNAME": []
        },
        "android.clients": {
            "A": [
                "142.251.37.110",
                "142.251.36.110",
                "142.251.36.142",
                "142.251.36.78"
            ],
            "CNAME": [
                "android.l.google.com"
            ]
        },
        "android.l": {
            "A": [
                "142.251.37.110",
                "142.251.36.110",
                "142.251.36.142",
                "142.251.36.78"
            ],
            "CNAME": []
        },
        "mtalk": {
            "A": [
                "142.251.18.188"
            ],
            "CNAME": []
        },
        "translate": {
            "A": [
                "142.251.36.110"
            ],
            "CNAME": [
                "www3.l.google.com"
            ]
        },
        "www3.l": {
            "A": [
                "142.251.36.110"
            ],
            "CNAME": []
        },
        "www": {
            "A": [
                "142.251.36.132"
            ],
            "CNAME": []
        }
    },
    "gigalekarna.cz": {
        "gigalekarna.cz": {
            "A": [
                "62.109.154.141"
            ],
            "CNAME": []
        },
        "www": {
            "A": [
                "62.109.154.141"
            ],
            "CNAME": []
        }
    },
    "googletagmanager.com": {
        "www": {
            "A": [
                "142.251.36.104"
            ],
            "CNAME": []
        }
    },
    "gstatic.com": {
        "www": {
            "A": [
                "142.251.36.99"
            ],
            "CNAME": []
        },
        "fonts": {
            "A": [
                "142.251.37.99"
            ],
            "CNAME": []
        }
    },
    "googlesyndication.com": {
        "pagead2": {
            "A": [
                "142.251.36.98"
            ],
            "CNAME": []
        }
    },
    "google-analytics.com": {
        "region1": {
            "A": [
                "216.239.34.36",
                "216.239.32.36"
            ],
            "CNAME": []
        }
    }
}