[
    {
        "requested_by": "https://planeo.cz/",
        "time": 237506.396159,
        "requested_resource": "https://planeo.cz/",
        "initiator": {
            "type": "other"
        }
    },
    {
        "requested_by": "https://www.planeo.cz/",
        "time": 237506.83745,
        "requested_resource": "https://www.planeo.cz/",
        "initiator": {
            "type": "other"
        }
    },
    {
        "requested_by": "https://www.planeo.cz/",
        "time": 237507.05699,
        "requested_resource": "https://www.planeo.cz/-a2167---bYpyzC34/roboto-v30-latin-latin-ext-900-woff2?_linka=a26267",
        "initiator": {
            "columnNumber": 149,
            "lineNumber": 37,
            "type": "parser",
            "url": "https://www.planeo.cz/"
        }
    },
    {
        "requested_by": "https://www.planeo.cz/",
        "time": 237507.057131,
        "requested_resource": "https://www.planeo.cz/-a2177---aDMKfaxc/roboto-v30-latin-latin-ext-regular-woff2?_linka=a26277",
        "initiator": {
            "columnNumber": 153,
            "lineNumber": 38,
            "type": "parser",
            "url": "https://www.planeo.cz/"
        }
    },
    {
        "requested_by": "https://www.planeo.cz/",
        "time": 237507.057161,
        "requested_resource": "https://www.planeo.cz/-a2173---7NiG8_U_/roboto-v30-latin-latin-ext-700-woff2?_linka=a26273",
        "initiator": {
            "columnNumber": 149,
            "lineNumber": 39,
            "type": "parser",
            "url": "https://www.planeo.cz/"
        }
    },
    {
        "requested_by": "https://www.planeo.cz/",
        "time": 237507.057195,
        "requested_resource": "https://mc-static.fast.eu/LABEL-11246/880x750px_Homepage_desktop_s_CTA_srotovne.jpg?3602166551&size=homepage-mobile-standard-webp",
        "initiator": {
            "columnNumber": 449,
            "lineNumber": 41,
            "type": "parser",
            "url": "https://www.planeo.cz/"
        }
    },
    {
        "requested_by": "https://www.planeo.cz/",
        "time": 237507.057225,
        "requested_resource": "https://mc-static.fast.eu/LABEL-11246/1350x700px_Homepage_desktop_s_CTA.jpg?1493800536&size=homepage-tablet-standard-webp",
        "initiator": {
            "columnNumber": 425,
            "lineNumber": 42,
            "type": "parser",
            "url": "https://www.planeo.cz/"
        }
    },
    {
        "requested_by": "https://www.planeo.cz/",
        "time": 237507.057255,
        "requested_resource": "https://mc-static.fast.eu/LABEL-11246/1860x760px_Homepage_desktop_s_CTA.jpg?2622622188&size=homepage-desktop-standard-webp",
        "initiator": {
            "columnNumber": 428,
            "lineNumber": 43,
            "type": "parser",
            "url": "https://www.planeo.cz/"
        }
    },
    {
        "requested_by": "https://www.planeo.cz/",
        "time": 237507.057292,
        "requested_resource": "https://consent.cookiebot.com/uc.js",
        "initiator": {
            "columnNumber": 77,
            "lineNumber": 50,
            "type": "parser",
            "url": "https://www.planeo.cz/"
        }
    },
    {
        "requested_by": "https://www.planeo.cz/",
        "time": 237507.057327,
        "requested_resource": "https://www.planeo.cz/cssc/a7/main.scss?v=2f68dfcb545e0426394855eec880c619",
        "initiator": {
            "columnNumber": 100,
            "lineNumber": 52,
            "type": "parser",
            "url": "https://www.planeo.cz/"
        }
    },
    {
        "requested_by": "https://www.planeo.cz/",
        "time": 237507.057373,
        "requested_resource": "https://scripts.luigisbox.com/LBX-211255.js",
        "initiator": {
            "columnNumber": 64,
            "lineNumber": 126,
            "type": "parser",
            "url": "https://www.planeo.cz/"
        }
    },
    {
        "requested_by": "https://www.planeo.cz/",
        "time": 237507.067582,
        "requested_resource": "https://mc-static.fast.eu/LABEL-7319/296x1300px_ucho_leve_tmave.png?1174333502",
        "initiator": {
            "columnNumber": 132,
            "lineNumber": 1284,
            "type": "parser",
            "url": "https://www.planeo.cz/"
        }
    },
    {
        "requested_by": "https://www.planeo.cz/",
        "time": 237507.067629,
        "requested_resource": "https://mc-static.fast.eu/LABEL-10799/296x1300px_prave_ucho_s_CTA.png?1626905502",
        "initiator": {
            "columnNumber": 134,
            "lineNumber": 1288,
            "type": "parser",
            "url": "https://www.planeo.cz/"
        }
    },
    {
        "requested_by": "https://www.planeo.cz/",
        "time": 237507.073754,
        "requested_resource": "https://www.planeo.cz/-f36---xXCUoxcf/main.js?_linkp=f212508",
        "initiator": {
            "columnNumber": 68,
            "lineNumber": 2581,
            "type": "parser",
            "url": "https://www.planeo.cz/"
        }
    },
    {
        "requested_by": "https://www.planeo.cz/",
        "time": 237507.115815,
        "requested_resource": "https://www.googletagmanager.com/gtm.js?id=GTM-MJ37T37",
        "initiator": {
            "stack": {
                "callFrames": [
                    {
                        "columnNumber": 69,
                        "functionName": "",
                        "lineNumber": 92,
                        "scriptId": "21",
                        "url": "https://www.planeo.cz/"
                    }
                ]
            },
            "type": "script"
        }
    },
    {
        "requested_by": "https://www.planeo.cz/",
        "time": 237507.117028,
        "requested_resource": "https://analytics-api.planeo.cz/js/exponea.min.js",
        "initiator": {
            "stack": {
                "callFrames": [
                    {
                        "columnNumber": 371,
                        "functionName": "m",
                        "lineNumber": 102,
                        "scriptId": "22",
                        "url": "https://www.planeo.cz/"
                    }
                ]
            },
            "type": "script"
        }
    },
    {
        "requested_by": "https://www.planeo.cz/",
        "time": 237507.117389,
        "requested_resource": "https://analytics-api.planeo.cz/webxp/script/87be15f0-5da9-11ec-ab25-ee02bf674314/new/modifications.min.js?http-referer=https%3A%2F%2Fwww.planeo.cz%2F&timeout=4000ms",
        "initiator": {
            "stack": {
                "callFrames": [
                    {
                        "columnNumber": 371,
                        "functionName": "m",
                        "lineNumber": 102,
                        "scriptId": "22",
                        "url": "https://www.planeo.cz/"
                    }
                ]
            },
            "type": "script"
        }
    },
    {
        "requested_by": "https://www.planeo.cz/",
        "time": 237507.122137,
        "requested_resource": "https://cdn.foxentry.cz/lib",
        "initiator": {
            "stack": {
                "callFrames": [
                    {
                        "columnNumber": 17,
                        "functionName": "",
                        "lineNumber": 2592,
                        "scriptId": "25",
                        "url": "https://www.planeo.cz/"
                    }
                ]
            },
            "type": "script"
        }
    },
    {
        "requested_by": "https://www.planeo.cz/",
        "time": 237507.122379,
        "requested_resource": "https://cz.im9.cz/direct/i/gjs.php?n=wdgt&sak=1C03727CF32145C7C3365B4134DA9564",
        "initiator": {
            "stack": {
                "callFrames": [
                    {
                        "columnNumber": 69,
                        "functionName": "",
                        "lineNumber": 2606,
                        "scriptId": "27",
                        "url": "https://www.planeo.cz/"
                    }
                ]
            },
            "type": "script"
        }
    },
    {
        "requested_by": "https://www.planeo.cz/",
        "time": 237507.128068,
        "requested_resource": "data:image/svg+xml,%3Csvg width='27' height='27' fill='none' xmlns='http://www.w3.org/2000/svg'%3E%3Crect x='.5' y='.7' width='26' height='26' rx='13' fill='%23fff' fill-opacity='.2'/%3E%3Cpath d='m7.5 10.7 6 6 6-6' stroke='%23fff' stroke-width='2' stroke-linecap='round' stroke-linejoin='round'/%3E%3C/svg%3E",
        "initiator": {
            "type": "parser",
            "url": "https://www.planeo.cz/cssc/a7/main.scss?v=2f68dfcb545e0426394855eec880c619"
        }
    },
    {
        "requested_by": "https://www.planeo.cz/",
        "time": 237507.138585,
        "requested_resource": "https://www.planeo.cz/-a2175----PHETOXu/roboto-v30-latin-latin-ext-italic-woff2?_linka=a26275",
        "initiator": {
            "type": "parser",
            "url": "https://www.planeo.cz/cssc/a7/main.scss?v=2f68dfcb545e0426394855eec880c619"
        }
    },
    {
        "requested_by": "https://www.planeo.cz/",
        "time": 237507.14446,
        "requested_resource": "https://www.planeo.cz/-a211---IqQlfFoZ/planeo-logo-redesign",
        "initiator": {
            "columnNumber": 1,
            "lineNumber": 2769,
            "type": "parser",
            "url": "https://www.planeo.cz/"
        }
    },
    {
        "requested_by": "https://www.planeo.cz/",
        "time": 237507.144505,
        "requested_resource": "https://mc-static.fast.eu/CATEGORY-24622d8b2b424d8094bd689a358202fc/192x192px_Planeo_Sticker_desktop_tablet_mobil.png?44348216&size=forty-webp",
        "initiator": {
            "columnNumber": 1,
            "lineNumber": 2769,
            "type": "parser",
            "url": "https://www.planeo.cz/"
        }
    },
    {
        "requested_by": "https://www.planeo.cz/",
        "time": 237507.144525,
        "requested_resource": "https://mc-static.fast.eu/CATEGORY-d253a34d2cad4edebf814790435df6a3/Miniatura_AKCE.png?589681225&size=forty-webp",
        "initiator": {
            "columnNumber": 1,
            "lineNumber": 2769,
            "type": "parser",
            "url": "https://www.planeo.cz/"
        }
    },
    {
        "requested_by": "https://www.planeo.cz/",
        "time": 237507.144544,
        "requested_resource": "https://mc-static.fast.eu/CATEGORY-79e92111f7c61eeda4a24e9945cc6da2/Miniatura_Velke_domaci_spotrebice.png?3468084707&size=forty-webp",
        "initiator": {
            "columnNumber": 1,
            "lineNumber": 2769,
            "type": "parser",
            "url": "https://www.planeo.cz/"
        }
    },
    {
        "requested_by": "https://www.planeo.cz/",
        "time": 237507.144562,
        "requested_resource": "https://mc-static.fast.eu/CATEGORY-79e92111f7c61eeda4a24e9945c58da2/Miniatura_TV_a_VIDEO.png?3345944241&size=forty-webp",
        "initiator": {
            "columnNumber": 1,
            "lineNumber": 2769,
            "type": "parser",
            "url": "https://www.planeo.cz/"
        }
    },
    {
        "requested_by": "https://www.planeo.cz/",
        "time": 237507.144575,
        "requested_resource": "https://mc-static.fast.eu/CATEGORY-79e92111f7c61eeda4a24e9945bfcda2/1.png?2760927329&size=forty-webp",
        "initiator": {
            "columnNumber": 1,
            "lineNumber": 2769,
            "type": "parser",
            "url": "https://www.planeo.cz/"
        }
    },
    {
        "requested_by": "https://www.planeo.cz/",
        "time": 237507.144591,
        "requested_resource": "https://mc-static.fast.eu/CATEGORY-79e92111f7c61eeda4a24e9945eb8da2/Miniatura_Pocitace_a_notebooky.png?3891967715&size=forty-webp",
        "initiator": {
            "columnNumber": 1,
            "lineNumber": 2769,
            "type": "parser",
            "url": "https://www.planeo.cz/"
        }
    },
    {
        "requested_by": "https://www.planeo.cz/",
        "time": 237507.144613,
        "requested_resource": "https://mc-static.fast.eu/CATEGORY-79e92111f7c61eeda4a24e9945d14da2/Miniatura_Male_domaci_spotrebice.png?3037919511&size=forty-webp",
        "initiator": {
            "columnNumber": 1,
            "lineNumber": 2769,
            "type": "parser",
            "url": "https://www.planeo.cz/"
        }
    },
    {
        "requested_by": "https://www.planeo.cz/",
        "time": 237507.14463,
        "requested_resource": "https://mc-static.fast.eu/CATEGORY-79e92111f7c61eeda4a24e9945f20da2/Miniatura_DILNA_a_ZAHRADA.png?2425703209&size=forty-webp",
        "initiator": {
            "columnNumber": 1,
            "lineNumber": 2769,
            "type": "parser",
            "url": "https://www.planeo.cz/"
        }
    },
    {
        "requested_by": "https://www.planeo.cz/",
        "time": 237507.144647,
        "requested_resource": "https://mc-static.fast.eu/LABEL-8902/1860x760px_Homepage_desktop_tablet_mobil.jpg?1494386297&size=homepage-desktop-standard-webp",
        "initiator": {
            "columnNumber": 1,
            "lineNumber": 2769,
            "type": "parser",
            "url": "https://www.planeo.cz/"
        }
    },
    {
        "requested_by": "https://www.planeo.cz/",
        "time": 237507.144664,
        "requested_resource": "https://mc-static.fast.eu/LABEL-11238/1860x760px_Homepage_desktop_s_CTA.jpg?1550357756&size=homepage-desktop-standard-webp",
        "initiator": {
            "columnNumber": 1,
            "lineNumber": 2769,
            "type": "parser",
            "url": "https://www.planeo.cz/"
        }
    },
    {
        "requested_by": "https://www.planeo.cz/",
        "time": 237507.144678,
        "requested_resource": "https://mc-static.fast.eu/LABEL-10955/1860x760px_Homepage_desktop_s_CTA_srotovne_LG_TV.png?761073170&size=homepage-desktop-standard-webp",
        "initiator": {
            "columnNumber": 1,
            "lineNumber": 2769,
            "type": "parser",
            "url": "https://www.planeo.cz/"
        }
    },
    {
        "requested_by": "https://www.planeo.cz/",
        "time": 237507.144706,
        "requested_resource": "https://mc-static.fast.eu/LABEL-10939/1860x760px_Homepage_desktop_s_CTA_Samsung_Cashback_Trade_in.png?943324365&size=homepage-desktop-standard-webp",
        "initiator": {
            "columnNumber": 1,
            "lineNumber": 2769,
            "type": "parser",
            "url": "https://www.planeo.cz/"
        }
    },
    {
        "requested_by": "https://www.planeo.cz/",
        "time": 237507.144722,
        "requested_resource": "https://mc-static.fast.eu/CATEGORY-6d58884e99034195901a05dff8a84bb0/192x192px_Planeo_Sticker_desktop_tablet_mobil.png?2373558343&size=onesixty-webp",
        "initiator": {
            "columnNumber": 1,
            "lineNumber": 2769,
            "type": "parser",
            "url": "https://www.planeo.cz/"
        }
    },
    {
        "requested_by": "https://www.planeo.cz/",
        "time": 237507.144745,
        "requested_resource": "https://mc-static.fast.eu/CATEGORY-79e92111f7c61eeda4a24e9945c00da2/dfgh.png?2264207748&size=onesixty-webp",
        "initiator": {
            "columnNumber": 1,
            "lineNumber": 2769,
            "type": "parser",
            "url": "https://www.planeo.cz/"
        }
    },
    {
        "requested_by": "https://www.planeo.cz/",
        "time": 237507.144766,
        "requested_resource": "https://mc-static.fast.eu/CATEGORY-79e92111f7c61eeda4a24e9945c8eda2/Televize_320x320px.png?2770901155&size=onesixty-webp",
        "initiator": {
            "columnNumber": 1,
            "lineNumber": 2769,
            "type": "parser",
            "url": "https://www.planeo.cz/"
        }
    },
    {
        "requested_by": "https://www.planeo.cz/",
        "time": 237507.144783,
        "requested_resource": "https://mc-static.fast.eu/CATEGORY-2125e2e7d8ea4bcf9daf519bc60e01c5/sdfgh.png?3673164963&size=onesixty-webp",
        "initiator": {
            "columnNumber": 1,
            "lineNumber": 2769,
            "type": "parser",
            "url": "https://www.planeo.cz/"
        }
    },
    {
        "requested_by": "https://www.planeo.cz/",
        "time": 237507.144798,
        "requested_resource": "https://mc-static.fast.eu/CATEGORY-79e92111f7c61eeda4a24e9945c7ada2/Sluchatka_320x320px.png?2669976814&size=onesixty-webp",
        "initiator": {
            "columnNumber": 1,
            "lineNumber": 2769,
            "type": "parser",
            "url": "https://www.planeo.cz/"
        }
    },
    {
        "requested_by": "https://www.planeo.cz/",
        "time": 237507.144815,
        "requested_resource": "https://mc-static.fast.eu/CATEGORY-79e92111f7c61eeda4a24e9945ce0da2/Pracky_320x320px.png?739140893&size=onesixty-webp",
        "initiator": {
            "columnNumber": 1,
            "lineNumber": 2769,
            "type": "parser",
            "url": "https://www.planeo.cz/"
        }
    },
    {
        "requested_by": "https://www.planeo.cz/",
        "time": 237507.14484,
        "requested_resource": "https://mc-static.fast.eu/CATEGORY-79e92111f7c61eeda4a24e9945cc8da2/Lednice_320x320px.png?142639946&size=onesixty-webp",
        "initiator": {
            "columnNumber": 1,
            "lineNumber": 2769,
            "type": "parser",
            "url": "https://www.planeo.cz/"
        }
    },
    {
        "requested_by": "https://www.planeo.cz/",
        "time": 237507.144857,
        "requested_resource": "https://mc-static.fast.eu/CATEGORY-6efb77a9f97541818e5c9a79c8a0e802/Miniatura_Tablety.png?398059031&size=onesixty-webp",
        "initiator": {
            "columnNumber": 1,
            "lineNumber": 2769,
            "type": "parser",
            "url": "https://www.planeo.cz/"
        }
    },
    {
        "requested_by": "https://www.planeo.cz/",
        "time": 237507.144875,
        "requested_resource": "https://www.planeo.cz/imgm/ZjE2Njk2fGYxNDkyOTF8ZjQ2fGY1ODkzXq5LFw/Group-119.webp",
        "initiator": {
            "columnNumber": 1,
            "lineNumber": 2769,
            "type": "parser",
            "url": "https://www.planeo.cz/"
        }
    },
    {
        "requested_by": "https://www.planeo.cz/",
        "time": 237507.144895,
        "requested_resource": "https://www.planeo.cz/imgm/ZjMzMTI5fGYxNDQ2NTN8ZjQ2fGY1ODkzFCjjWQ/800x404px-Clanek-bez-CTA.webp",
        "initiator": {
            "columnNumber": 1,
            "lineNumber": 2769,
            "type": "parser",
            "url": "https://www.planeo.cz/"
        }
    },
    {
        "requested_by": "https://www.planeo.cz/",
        "time": 237507.144914,
        "requested_resource": "https://www.planeo.cz/imgm/ZjczNDU1fGYxNDQwNzJ8ZjQ2fGY1ODkzPhDQ_A/800x404px-Clanek-bez-CTA.webp",
        "initiator": {
            "columnNumber": 1,
            "lineNumber": 2769,
            "type": "parser",
            "url": "https://www.planeo.cz/"
        }
    },
    {
        "requested_by": "https://www.planeo.cz/",
        "time": 237507.144933,
        "requested_resource": "https://www.planeo.cz/imgm/ZjcyODY4fGYxNDU1MjB8ZjQ2fGY1ODkz1Ia-Fg/800x404px-Clanek-bez-CTA.webp",
        "initiator": {
            "columnNumber": 1,
            "lineNumber": 2769,
            "type": "parser",
            "url": "https://www.planeo.cz/"
        }
    },
    {
        "requested_by": "https://www.planeo.cz/",
        "time": 237507.144961,
        "requested_resource": "https://www.planeo.cz/imgm/ZjU2Njk3fGYxNDI1NDl8ZjQ2fGY1ODkzEXEKMw/800x404px-Clanek-bez-CTA.webp",
        "initiator": {
            "columnNumber": 1,
            "lineNumber": 2769,
            "type": "parser",
            "url": "https://www.planeo.cz/"
        }
    },
    {
        "requested_by": "https://www.planeo.cz/",
        "time": 237507.144986,
        "requested_resource": "https://www.planeo.cz/imgm/ZjUzODI3fGYxMTg4NzN8ZjQ2fGY1ODkzCWyQdg/800x404px-Clanek-bez-CTA.webp",
        "initiator": {
            "columnNumber": 1,
            "lineNumber": 2769,
            "type": "parser",
            "url": "https://www.planeo.cz/"
        }
    },
    {
        "requested_by": "https://www.planeo.cz/",
        "time": 237507.14501,
        "requested_resource": "https://www.planeo.cz/imgm/ZjUzNzQ1fGYxMTY3NTJ8ZjQ2fGY1ODkzapJRHA/800x404px-Clanek-s-CTA.webp",
        "initiator": {
            "columnNumber": 1,
            "lineNumber": 2769,
            "type": "parser",
            "url": "https://www.planeo.cz/"
        }
    },
    {
        "requested_by": "https://www.planeo.cz/",
        "time": 237507.145058,
        "requested_resource": "https://www.planeo.cz/imgm/ZjUyODc5fGYxMTY3MjN8ZjQ2fGY1ODkzH6WnTA/800x404px-Clanek-bez-CTA.webp",
        "initiator": {
            "columnNumber": 1,
            "lineNumber": 2769,
            "type": "parser",
            "url": "https://www.planeo.cz/"
        }
    },
    {
        "requested_by": "https://www.planeo.cz/",
        "time": 237507.145096,
        "requested_resource": "https://www.planeo.cz/imgm/ZjUyNTkzfGYxNDI1NDh8ZjQ2fGY1ODkzwm2FxQ/800x404px-Clanek-bez-CTA.webp",
        "initiator": {
            "columnNumber": 1,
            "lineNumber": 2769,
            "type": "parser",
            "url": "https://www.planeo.cz/"
        }
    },
    {
        "requested_by": "https://www.planeo.cz/",
        "time": 237507.145125,
        "requested_resource": "https://www.planeo.cz/imgm/ZjUwODk2fGYxMTMxMTJ8ZjQ2fGY1ODkzgYiPow/CASIO-banner-kalkulacky-CLASSWIZ-FX-PLANEO-800x400.webp",
        "initiator": {
            "columnNumber": 1,
            "lineNumber": 2769,
            "type": "parser",
            "url": "https://www.planeo.cz/"
        }
    },
    {
        "requested_by": "https://www.planeo.cz/",
        "time": 237507.145681,
        "requested_resource": "https://www.planeo.cz/-f30---3ikrcFFo/jquery-3.6.0.min.js?_linka=f224",
        "initiator": {
            "columnNumber": 7,
            "lineNumber": 0,
            "type": "script",
            "url": "https://www.planeo.cz/-f36---xXCUoxcf/main.js?_linkp=f212508"
        }
    },
    {
        "requested_by": "https://www.planeo.cz/",
        "time": 237507.145731,
        "requested_resource": "https://www.planeo.cz/-f31---8CE0oYLt/tdi-bundle.min.js?_linka=f234",
        "initiator": {
            "columnNumber": 65,
            "lineNumber": 0,
            "type": "script",
            "url": "https://www.planeo.cz/-f36---xXCUoxcf/main.js?_linkp=f212508"
        }
    },
    {
        "requested_by": "https://www.planeo.cz/",
        "time": 237507.145817,
        "requested_resource": "https://www.planeo.cz/-f14---EfoZUjL7/gtmwatch.js?_linka=e10217",
        "initiator": {
            "columnNumber": 135,
            "lineNumber": 0,
            "type": "script",
            "url": "https://www.planeo.cz/-f36---xXCUoxcf/main.js?_linkp=f212508"
        }
    },
    {
        "requested_by": "https://www.planeo.cz/",
        "time": 237507.145855,
        "requested_resource": "https://www.planeo.cz/-f194---xLdGLhx1/scroll.js?_linka=d4129",
        "initiator": {
            "columnNumber": 199,
            "lineNumber": 0,
            "type": "script",
            "url": "https://www.planeo.cz/-f36---xXCUoxcf/main.js?_linkp=f212508"
        }
    },
    {
        "requested_by": "https://www.planeo.cz/",
        "time": 237507.145872,
        "requested_resource": "https://www.planeo.cz/-f17---zbfoiyuX/tdicallbacks.js?_linka=f123169",
        "initiator": {
            "columnNumber": 267,
            "lineNumber": 0,
            "type": "script",
            "url": "https://www.planeo.cz/-f36---xXCUoxcf/main.js?_linkp=f212508"
        }
    },
    {
        "requested_by": "https://www.planeo.cz/",
        "time": 237507.145888,
        "requested_resource": "https://www.planeo.cz/-f38---ypAkfEJ1/modal.js?_linka=e8891",
        "initiator": {
            "columnNumber": 335,
            "lineNumber": 0,
            "type": "script",
            "url": "https://www.planeo.cz/-f36---xXCUoxcf/main.js?_linkp=f212508"
        }
    },
    {
        "requested_by": "https://www.planeo.cz/",
        "time": 237507.145906,
        "requested_resource": "https://www.planeo.cz/-f7---3E1mhy14/inputformatting.js?_linka=f4363",
        "initiator": {
            "columnNumber": 404,
            "lineNumber": 0,
            "type": "script",
            "url": "https://www.planeo.cz/-f36---xXCUoxcf/main.js?_linkp=f212508"
        }
    },
    {
        "requested_by": "https://www.planeo.cz/",
        "time": 237507.145933,
        "requested_resource": "https://www.planeo.cz/-f20317---GACz3rsy/iframelazyloader.js?_linka=f55301",
        "initiator": {
            "columnNumber": 483,
            "lineNumber": 0,
            "type": "script",
            "url": "https://www.planeo.cz/-f36---xXCUoxcf/main.js?_linkp=f212508"
        }
    },
    {
        "requested_by": "https://www.planeo.cz/",
        "time": 237507.14595,
        "requested_resource": "https://www.planeo.cz/-f174---lMAU5czS/classtoggler.js?_linka=e2757",
        "initiator": {
            "columnNumber": 564,
            "lineNumber": 0,
            "type": "script",
            "url": "https://www.planeo.cz/-f36---xXCUoxcf/main.js?_linkp=f212508"
        }
    },
    {
        "requested_by": "https://www.planeo.cz/",
        "time": 237507.146127,
        "requested_resource": "https://www.planeo.cz/-f21---Zh4PII2s/carousel.js?_linka=e6470",
        "initiator": {
            "columnNumber": 22,
            "lineNumber": 2610,
            "type": "script",
            "url": "https://www.planeo.cz/"
        }
    },
    {
        "requested_by": "https://www.planeo.cz/",
        "time": 237507.146166,
        "requested_resource": "https://www.planeo.cz/-f13---EZB9Hr5m/availabilitymodalfilter.js?_linka=f142328",
        "initiator": {
            "columnNumber": 37,
            "lineNumber": 2611,
            "type": "script",
            "url": "https://www.planeo.cz/"
        }
    },
    {
        "requested_by": "https://www.planeo.cz/",
        "time": 237507.146191,
        "requested_resource": "https://www.planeo.cz/-f9---twYQq0RJ/observer.js?_linka=e9604",
        "initiator": {
            "columnNumber": 22,
            "lineNumber": 2612,
            "type": "script",
            "url": "https://www.planeo.cz/"
        }
    },
    {
        "requested_by": "https://consentcdn.cookiebot.com/sdk/bc-v4.min.html",
        "time": 237507.161316,
        "requested_resource": "https://consentcdn.cookiebot.com/sdk/bc-v4.min.html",
        "initiator": {
            "stack": {
                "callFrames": [
                    {
                        "columnNumber": 65354,
                        "functionName": "loadCDNiFrame",
                        "lineNumber": 1,
                        "scriptId": "29",
                        "url": "https://consent.cookiebot.com/uc.js"
                    }
                ]
            },
            "type": "script"
        }
    },
    {
        "requested_by": "https://www.planeo.cz/",
        "time": 237507.161118,
        "requested_resource": "https://consent.cookiebot.com/225d4c89-1810-42df-9881-54ef28fdd5a1/cc.js?renew=false&referer=www.planeo.cz&dnt=false&init=false",
        "initiator": {
            "stack": {
                "callFrames": [
                    {
                        "columnNumber": 96288,
                        "functionName": "getScript",
                        "lineNumber": 1,
                        "scriptId": "29",
                        "url": "https://consent.cookiebot.com/uc.js"
                    }
                ]
            },
            "type": "script"
        }
    },
    {
        "requested_by": "https://www.planeo.cz/",
        "time": 237507.238398,
        "requested_resource": "https://cdn.foxentry.cz/css/styles.min.css?v=2.13",
        "initiator": {
            "stack": {
                "callFrames": [
                    {
                        "columnNumber": 25798,
                        "functionName": "FoxentryBase",
                        "lineNumber": 0,
                        "scriptId": "33",
                        "url": "https://cdn.foxentry.cz/lib"
                    }
                ]
            },
            "type": "script"
        }
    },
    {
        "requested_by": "https://www.planeo.cz/",
        "time": 237507.244233,
        "requested_resource": "https://www.planeo.cz/-f43---ub58tpTF/utils.js?_linka=e4784",
        "initiator": {
            "columnNumber": 41,
            "lineNumber": 0,
            "type": "script",
            "url": "https://www.planeo.cz/-f38---ypAkfEJ1/modal.js?_linka=e8891"
        }
    },
    {
        "requested_by": "https://www.planeo.cz/",
        "time": 237507.244304,
        "requested_resource": "https://www.planeo.cz/-f27---4qWA6zYW/jquery-modal?_linka=f44",
        "initiator": {
            "columnNumber": 89,
            "lineNumber": 0,
            "type": "script",
            "url": "https://www.planeo.cz/-f38---ypAkfEJ1/modal.js?_linka=e8891"
        }
    },
    {
        "requested_by": "https://www.planeo.cz/",
        "time": 237507.244411,
        "requested_resource": "https://www.planeo.cz/-f29---YTU6TJ3N/keen-slider.js?_linka=f52381",
        "initiator": {
            "columnNumber": 7,
            "lineNumber": 0,
            "type": "script",
            "url": "https://www.planeo.cz/-f21---Zh4PII2s/carousel.js?_linka=e6470"
        }
    },
    {
        "requested_by": "https://www.planeo.cz/",
        "time": 237507.252726,
        "requested_resource": "https://fonts.googleapis.com/css?family=Roboto:400,500,700&subset=latin-ext",
        "initiator": {
            "columnNumber": 0,
            "lineNumber": 0,
            "type": "parser",
            "url": "https://cdn.foxentry.cz/css/styles.min.css?v=2.13"
        }
    },
    {
        "requested_by": "https://www.planeo.cz/",
        "time": 237507.28703,
        "requested_resource": "https://www.planeo.cz/-f1219----o2O3uKe/cataloguemenu.js?_linka=f92180",
        "initiator": {
            "stack": {
                "callFrames": [
                    {
                        "columnNumber": 0,
                        "functionName": "main",
                        "lineNumber": 3,
                        "scriptId": "17",
                        "url": "https://www.planeo.cz/-f36---xXCUoxcf/main.js?_linkp=f212508"
                    }
                ]
            },
            "type": "script"
        }
    },
    {
        "requested_by": "https://www.planeo.cz/",
        "time": 237507.309053,
        "requested_resource": "https://www.planeo.cz/$d73-getLastSeeProducts.xml?_infuse=1&_ts=1740225334707&async=true&_csrf=-muc9QJ8S44q1MBnPpU2EPGQxGmqj90yK0sARpJ4WdYMEmxj&model=last-seen&async=true",
        "initiator": {
            "stack": {
                "callFrames": [
                    {
                        "columnNumber": 82713,
                        "functionName": "send",
                        "lineNumber": 1,
                        "scriptId": "34",
                        "url": "https://www.planeo.cz/-f30---3ikrcFFo/jquery-3.6.0.min.js?_linka=f224"
                    }
                ]
            },
            "type": "script"
        }
    },
    {
        "requested_by": "https://www.planeo.cz/",
        "time": 237507.309672,
        "requested_resource": "https://www.planeo.cz/$d318-list.xml?_infuse=1&_ts=1740225334710&carouselIdentifier=homepageCarousel&async=true",
        "initiator": {
            "stack": {
                "callFrames": [
                    {
                        "columnNumber": 82713,
                        "functionName": "send",
                        "lineNumber": 1,
                        "scriptId": "34",
                        "url": "https://www.planeo.cz/-f30---3ikrcFFo/jquery-3.6.0.min.js?_linka=f224"
                    }
                ]
            },
            "type": "script"
        }
    },
    {
        "requested_by": "https://www.planeo.cz/",
        "time": 237507.310284,
        "requested_resource": "https://www.planeo.cz/$a1861-list.xml?_infuse=1&_ts=1740225334711&async=true",
        "initiator": {
            "stack": {
                "callFrames": [
                    {
                        "columnNumber": 82713,
                        "functionName": "send",
                        "lineNumber": 1,
                        "scriptId": "34",
                        "url": "https://www.planeo.cz/-f30---3ikrcFFo/jquery-3.6.0.min.js?_linka=f224"
                    }
                ]
            },
            "type": "script"
        }
    },
    {
        "requested_by": "https://www.planeo.cz/",
        "time": 237507.348214,
        "requested_resource": "https://www.planeo.cz/-f33---ytXfX3fO/menuaim?_linka=f3087",
        "initiator": {
            "columnNumber": 65,
            "lineNumber": 0,
            "type": "script",
            "url": "https://www.planeo.cz/-f1219----o2O3uKe/cataloguemenu.js?_linka=f92180"
        }
    },
    {
        "requested_by": "https://www.planeo.cz/",
        "time": 237507.349189,
        "requested_resource": "https://api.foxentry.cz/load/Mbukv8Po5j?host=www.planeo.cz",
        "initiator": {
            "stack": {
                "callFrames": [
                    {
                        "columnNumber": 1037,
                        "functionName": "",
                        "lineNumber": 0,
                        "scriptId": "33",
                        "url": "https://cdn.foxentry.cz/lib"
                    }
                ]
            },
            "type": "script"
        }
    },
    {
        "requested_by": "https://www.planeo.cz/",
        "time": 237507.368765,
        "requested_resource": "https://www.planeo.cz/.xml?_infuse=1&_ts=1740225334769&render_mode=catalogue-menu&subcategoriesOnly=true",
        "initiator": {
            "stack": {
                "callFrames": [
                    {
                        "columnNumber": 82713,
                        "functionName": "send",
                        "lineNumber": 1,
                        "scriptId": "34",
                        "url": "https://www.planeo.cz/-f30---3ikrcFFo/jquery-3.6.0.min.js?_linka=f224"
                    }
                ]
            },
            "type": "script"
        }
    },
    {
        "requested_by": "https://www.planeo.cz/",
        "time": 237507.368873,
        "requested_resource": "https://www.planeo.cz/-f4---9eF0ReJI/autocomplete.js?_linka=d11835",
        "initiator": {
            "stack": {
                "callFrames": [
                    {
                        "columnNumber": 411,
                        "functionName": "main",
                        "lineNumber": 3,
                        "scriptId": "17",
                        "url": "https://www.planeo.cz/-f36---xXCUoxcf/main.js?_linkp=f212508"
                    }
                ]
            },
            "type": "script"
        }
    },
    {
        "requested_by": "https://www.planeo.cz/",
        "time": 237507.381852,
        "requested_resource": "https://www.planeo.cz/imgm/Zjc2NDUyfGYxNDk4NDZ8ZjQ2fGY1ODkzUPUV5g/800x404px-Clanek-bez-CTA.webp",
        "initiator": {
            "columnNumber": 1,
            "lineNumber": 2769,
            "type": "parser",
            "url": "https://www.planeo.cz/"
        }
    },
    {
        "requested_by": "https://www.planeo.cz/",
        "time": 237507.381894,
        "requested_resource": "https://www.planeo.cz/imgm/Zjc1MjU2fGYxNDk4Mjh8ZjQ2fGY1ODkzX6JhSA/800x404px-Clanek-bez-CTA-apple.webp",
        "initiator": {
            "columnNumber": 1,
            "lineNumber": 2769,
            "type": "parser",
            "url": "https://www.planeo.cz/"
        }
    },
    {
        "requested_by": "https://www.planeo.cz/",
        "time": 237507.381913,
        "requested_resource": "https://www.planeo.cz/imgm/Zjc0OTU5fGYxNDY5NTZ8ZjQ2fGY1ODkztmzjLQ/800x404px-Clanek-bez-CTA-nvidia.webp",
        "initiator": {
            "columnNumber": 1,
            "lineNumber": 2769,
            "type": "parser",
            "url": "https://www.planeo.cz/"
        }
    },
    {
        "requested_by": "https://www.planeo.cz/",
        "time": 237507.381928,
        "requested_resource": "https://www.planeo.cz/imgm/Zjc0Njg5fGYxNDc0NTV8ZjQ2fGY1ODkzO9kz7Q/800x404px-Clanek-bez-CTA-hravy-valentyn.webp",
        "initiator": {
            "columnNumber": 1,
            "lineNumber": 2769,
            "type": "parser",
            "url": "https://www.planeo.cz/"
        }
    },
    {
        "requested_by": "https://www.planeo.cz/",
        "time": 237507.381943,
        "requested_resource": "https://www.planeo.cz/imgm/ZjczMzg5fGYxNDM5MTd8ZjQ2fGY1ODkzkabJug/800x404px-Clanek-bez-CTA-Blog-v1.webp",
        "initiator": {
            "columnNumber": 1,
            "lineNumber": 2769,
            "type": "parser",
            "url": "https://www.planeo.cz/"
        }
    },
    {
        "requested_by": "https://www.planeo.cz/",
        "time": 237507.381958,
        "requested_resource": "https://www.planeo.cz/imgm/ZjczMTcyfGYxNDMwNDN8ZjQ2fGY1ODkzEWEYeA/800x404px-Clanek-bez-CTA-Blog-Xiaomi.webp",
        "initiator": {
            "columnNumber": 1,
            "lineNumber": 2769,
            "type": "parser",
            "url": "https://www.planeo.cz/"
        }
    },
    {
        "requested_by": "https://www.planeo.cz/",
        "time": 237507.382395,
        "requested_resource": "https://www.planeo.cz/$d73-getPopularNowProducts.xml?_infuse=1&_ts=1740225334783&async=true&_csrf=-muc9QJ8S44q1MBnPpU2EPGQxGmqj90yK0sARpJ4WdYMEmxj&model=top-sellers&async=true",
        "initiator": {
            "stack": {
                "callFrames": [
                    {
                        "columnNumber": 82713,
                        "functionName": "send",
                        "lineNumber": 1,
                        "scriptId": "34",
                        "url": "https://www.planeo.cz/-f30---3ikrcFFo/jquery-3.6.0.min.js?_linka=f224"
                    }
                ]
            },
            "type": "script"
        }
    },
    {
        "requested_by": "https://www.planeo.cz/",
        "time": 237507.39345,
        "requested_resource": "https://www.planeo.cz/-f18---OWzU4Lx9/clearerrors.js?_linka=f123840",
        "initiator": {
            "stack": {
                "callFrames": [
                    {
                        "columnNumber": 141,
                        "functionName": "main",
                        "lineNumber": 4,
                        "scriptId": "17",
                        "url": "https://www.planeo.cz/-f36---xXCUoxcf/main.js?_linkp=f212508"
                    }
                ]
            },
            "type": "script"
        }
    },
    {
        "requested_by": "https://www.planeo.cz/",
        "time": 237507.441358,
        "requested_resource": "https://www.planeo.cz/-f193---pvIBmD9Z/passwordtoggler.js?_linka=f15850",
        "initiator": {
            "stack": {
                "callFrames": [
                    {
                        "columnNumber": 396,
                        "functionName": "main",
                        "lineNumber": 5,
                        "scriptId": "17",
                        "url": "https://www.planeo.cz/-f36---xXCUoxcf/main.js?_linkp=f212508"
                    }
                ]
            },
            "type": "script"
        }
    },
    {
        "requested_by": "https://www.planeo.cz/",
        "time": 237507.448149,
        "requested_resource": "https://mc-static.fast.eu/pics/41/41016100/41016100-onesixty.webp?3800845205",
        "initiator": {
            "columnNumber": 1,
            "lineNumber": 2769,
            "type": "parser",
            "url": "https://www.planeo.cz/"
        }
    },
    {
        "requested_by": "https://www.planeo.cz/",
        "time": 237507.448191,
        "requested_resource": "https://mc-static.fast.eu/pics/41/41016099/41016099-onesixty.webp?1503704445",
        "initiator": {
            "columnNumber": 1,
            "lineNumber": 2769,
            "type": "parser",
            "url": "https://www.planeo.cz/"
        }
    },
    {
        "requested_by": "https://www.planeo.cz/",
        "time": 237507.468093,
        "requested_resource": "https://www.planeo.cz/-a687---Ah_AlxqJ/a",
        "initiator": {
            "columnNumber": 1,
            "lineNumber": 2769,
            "type": "parser",
            "url": "https://www.planeo.cz/"
        }
    },
    {
        "requested_by": "https://www.planeo.cz/",
        "time": 237507.468149,
        "requested_resource": "https://www.planeo.cz/-a693---krgWckEC/g",
        "initiator": {
            "columnNumber": 1,
            "lineNumber": 2769,
            "type": "parser",
            "url": "https://www.planeo.cz/"
        }
    },
    {
        "requested_by": "https://www.planeo.cz/",
        "time": 237507.468364,
        "requested_resource": "https://www.planeo.cz/-a691---QTMHaaFv/e",
        "initiator": {
            "columnNumber": 1,
            "lineNumber": 2769,
            "type": "parser",
            "url": "https://www.planeo.cz/"
        }
    },
    {
        "requested_by": "https://www.planeo.cz/",
        "time": 237507.469053,
        "requested_resource": "https://www.planeo.cz/-f68---6U90tlmW/accordion.js?_linka=f76255",
        "initiator": {
            "stack": {
                "callFrames": [
                    {
                        "columnNumber": 0,
                        "functionName": "main",
                        "lineNumber": 6,
                        "scriptId": "17",
                        "url": "https://www.planeo.cz/-f36---xXCUoxcf/main.js?_linkp=f212508"
                    }
                ]
            },
            "type": "script"
        }
    },
    {
        "requested_by": "https://www.planeo.cz/",
        "time": 237507.4886,
        "requested_resource": "https://www.planeo.cz/-a535---49bkRnrl/mapa-prodejen-cr?_linka=d13523",
        "initiator": {
            "columnNumber": 1,
            "lineNumber": 2769,
            "type": "parser",
            "url": "https://www.planeo.cz/"
        }
    },
    {
        "requested_by": "https://www.planeo.cz/",
        "time": 237507.488645,
        "requested_resource": "https://mc-static.fast.eu/pics/30/30026230/30026230-onesixty.webp?1748853057",
        "initiator": {
            "columnNumber": 1,
            "lineNumber": 2769,
            "type": "parser",
            "url": "https://www.planeo.cz/"
        }
    },
    {
        "requested_by": "https://www.planeo.cz/",
        "time": 237507.488663,
        "requested_resource": "https://mc-static.fast.eu/LABEL-10417/Group_145__1_.png?2318330834&size=oneninetytwo-webp",
        "initiator": {
            "columnNumber": 1,
            "lineNumber": 2769,
            "type": "parser",
            "url": "https://www.planeo.cz/"
        }
    },
    {
        "requested_by": "https://www.planeo.cz/",
        "time": 237507.488679,
        "requested_resource": "https://mc-static.fast.eu/pics/40/40045665/40045665-onesixty.webp?4091055450",
        "initiator": {
            "columnNumber": 1,
            "lineNumber": 2769,
            "type": "parser",
            "url": "https://www.planeo.cz/"
        }
    },
    {
        "requested_by": "https://www.planeo.cz/",
        "time": 237507.488698,
        "requested_resource": "https://mc-static.fast.eu/pics/35/35060158/35060158-onesixty.webp?1793122646",
        "initiator": {
            "columnNumber": 1,
            "lineNumber": 2769,
            "type": "parser",
            "url": "https://www.planeo.cz/"
        }
    },
    {
        "requested_by": "https://www.planeo.cz/",
        "time": 237507.488712,
        "requested_resource": "https://mc-static.fast.eu/LABEL-10805/192x192px_Planeo_Sticker_desktop_tablet_mobil.png?3553466974&size=oneninetytwo-webp",
        "initiator": {
            "columnNumber": 1,
            "lineNumber": 2769,
            "type": "parser",
            "url": "https://www.planeo.cz/"
        }
    },
    {
        "requested_by": "https://www.planeo.cz/",
        "time": 237507.48873,
        "requested_resource": "https://mc-static.fast.eu/pics/40/40046539/40046539-onesixty.webp?3573562866",
        "initiator": {
            "columnNumber": 1,
            "lineNumber": 2769,
            "type": "parser",
            "url": "https://www.planeo.cz/"
        }
    },
    {
        "requested_by": "https://www.planeo.cz/",
        "time": 237507.488749,
        "requested_resource": "https://mc-static.fast.eu/pics/41/41021621/41021621-onesixty.webp?3572939675",
        "initiator": {
            "columnNumber": 1,
            "lineNumber": 2769,
            "type": "parser",
            "url": "https://www.planeo.cz/"
        }
    },
    {
        "requested_by": "https://www.planeo.cz/",
        "time": 237507.488769,
        "requested_resource": "https://mc-static.fast.eu/pics/45/45026648/45026648-onesixty.webp?3100997374",
        "initiator": {
            "columnNumber": 1,
            "lineNumber": 2769,
            "type": "parser",
            "url": "https://www.planeo.cz/"
        }
    },
    {
        "requested_by": "https://www.planeo.cz/",
        "time": 237507.549567,
        "requested_resource": "https://www.planeo.cz/-f34---FTDQ8dbq/popper?_linka=f98477",
        "initiator": {
            "stack": {
                "callFrames": [
                    {
                        "columnNumber": 216,
                        "functionName": "main",
                        "lineNumber": 8,
                        "scriptId": "17",
                        "url": "https://www.planeo.cz/-f36---xXCUoxcf/main.js?_linkp=f212508"
                    }
                ]
            },
            "type": "script"
        }
    },
    {
        "requested_by": "https://www.planeo.cz/",
        "time": 237507.551829,
        "requested_resource": "https://analytics-api.planeo.cz/webxp/projects/87be15f0-5da9-11ec-ab25-ee02bf674314/bundle",
        "initiator": {
            "stack": {
                "callFrames": [
                    {
                        "columnNumber": 12419,
                        "functionName": "",
                        "lineNumber": 0,
                        "scriptId": "65",
                        "url": "https://analytics-api.planeo.cz/webxp/script/87be15f0-5da9-11ec-ab25-ee02bf674314/new/modifications.min.js?http-referer=https%3A%2F%2Fwww.planeo.cz%2F&timeout=4000ms"
                    }
                ]
            },
            "type": "script"
        }
    },
    {
        "requested_by": "https://www.planeo.cz/",
        "time": 237507.562679,
        "requested_resource": "https://analytics-api.planeo.cz/webxp/projects/87be15f0-5da9-11ec-ab25-ee02bf674314/bundle?ii=1",
        "initiator": {
            "stack": {
                "callFrames": [
                    {
                        "columnNumber": 40563,
                        "functionName": "fetch",
                        "lineNumber": 16,
                        "scriptId": "66",
                        "url": "https://analytics-api.planeo.cz/js/exponea.min.js"
                    }
                ]
            },
            "type": "script"
        }
    },
    {
        "requested_by": "https://www.planeo.cz/",
        "time": 237507.58805,
        "requested_resource": "https://www.planeo.cz/-f35---c4eMlVrL/tippy?_linka=f98476",
        "initiator": {
            "stack": {
                "callFrames": [
                    {
                        "columnNumber": 270,
                        "functionName": "main",
                        "lineNumber": 8,
                        "scriptId": "17",
                        "url": "https://www.planeo.cz/-f36---xXCUoxcf/main.js?_linkp=f212508"
                    }
                ]
            },
            "type": "script"
        }
    },
    {
        "requested_by": "https://www.planeo.cz/",
        "time": 237507.618993,
        "requested_resource": "https://www.googletagmanager.com/gtag/js?id=G-7VW9VKG1MH&l=dataLayer&cx=c&gtm=45He52k0v9121236588za200",
        "initiator": {
            "stack": {
                "callFrames": [
                    {
                        "columnNumber": 482,
                        "functionName": "pc",
                        "lineNumber": 233,
                        "scriptId": "57",
                        "url": "https://www.googletagmanager.com/gtm.js?id=GTM-MJ37T37"
                    }
                ]
            },
            "type": "script"
        }
    },
    {
        "requested_by": "https://www.planeo.cz/",
        "time": 237507.622406,
        "requested_resource": "https://c.seznam.cz/js/rc.js",
        "initiator": {
            "stack": {
                "callFrames": [
                    {
                        "columnNumber": 482,
                        "functionName": "pc",
                        "lineNumber": 233,
                        "scriptId": "57",
                        "url": "https://www.googletagmanager.com/gtm.js?id=GTM-MJ37T37"
                    }
                ]
            },
            "type": "script"
        }
    },
    {
        "requested_by": "https://www.planeo.cz/",
        "time": 237507.634109,
        "requested_resource": "https://fonts.gstatic.com/s/roboto/v47/KFO7CnqEu92Fr1ME7kSn66aGLdTylUAMa3yUBA.woff2",
        "initiator": {
            "type": "parser",
            "url": "https://fonts.googleapis.com/css?family=Roboto:400,500,700&subset=latin-ext"
        }
    },
    {
        "requested_by": "https://www.planeo.cz/",
        "time": 237507.634158,
        "requested_resource": "https://fonts.gstatic.com/s/roboto/v47/KFO7CnqEu92Fr1ME7kSn66aGLdTylUAMa3KUBGEe.woff2",
        "initiator": {
            "type": "parser",
            "url": "https://fonts.googleapis.com/css?family=Roboto:400,500,700&subset=latin-ext"
        }
    },
    {
        "requested_by": "https://www.planeo.cz/",
        "time": 237507.645768,
        "requested_resource": "https://cdn.luigisbox.com/planeo-sk.js",
        "initiator": {
            "stack": {
                "callFrames": [
                    {
                        "columnNumber": 20939,
                        "functionName": "",
                        "lineNumber": 0,
                        "scriptId": "63",
                        "url": "https://scripts.luigisbox.com/LBX-211255.js"
                    }
                ]
            },
            "type": "script"
        }
    },
    {
        "requested_by": "https://www.planeo.cz/",
        "time": 237507.647166,
        "requested_resource": "https://im9.cz/cb/83725-11.png",
        "initiator": {
            "columnNumber": 1,
            "lineNumber": 2769,
            "type": "parser",
            "url": "https://www.planeo.cz/"
        }
    },
    {
        "requested_by": "https://api.foxentry.cz/user",
        "time": 237507.778734,
        "requested_resource": "https://api.foxentry.cz/user",
        "initiator": {
            "stack": {
                "callFrames": [
                    {
                        "columnNumber": 101701,
                        "functionName": "init",
                        "lineNumber": 0,
                        "scriptId": "33",
                        "url": "https://cdn.foxentry.cz/lib"
                    }
                ]
            },
            "type": "script"
        }
    },
    {
        "requested_by": "https://www.planeo.cz/",
        "time": 237507.815314,
        "requested_resource": "https://c.seznam.cz/retargeting?id=98922&url=https%3A%2F%2Fwww.planeo.cz%2F&consent=0",
        "initiator": {
            "columnNumber": 1,
            "lineNumber": 2769,
            "type": "parser",
            "url": "https://www.planeo.cz/"
        }
    },
    {
        "requested_by": "https://www.planeo.cz/",
        "time": 237507.836683,
        "requested_resource": "https://api.luigisbox.com/",
        "initiator": {
            "stack": {
                "callFrames": [
                    {
                        "columnNumber": 58478,
                        "functionName": "run",
                        "lineNumber": 12,
                        "scriptId": "127",
                        "url": "https://cdn.luigisbox.com/planeo-sk.js"
                    }
                ]
            },
            "type": "script"
        }
    },
    {
        "requested_by": "https://api.luigisbox.com/",
        "time": 237507.837465,
        "requested_resource": "https://api.luigisbox.com/",
        "initiator": {
            "requestId": "22244.1628",
            "type": "preflight",
            "url": "https://api.luigisbox.com/"
        }
    },
    {
        "requested_by": "https://www.planeo.cz/",
        "time": 237508.218757,
        "requested_resource": "https://imgsct.cookiebot.com/1.gif?dgi=225d4c89-1810-42df-9881-54ef28fdd5a1",
        "initiator": {
            "type": "other"
        }
    },
    {
        "requested_by": "https://www.planeo.cz/",
        "time": 237508.228231,
        "requested_resource": "https://www.planeo.cz/-f16858---7k-pNRYh/favicon-32-png",
        "initiator": {
            "type": "other"
        }
    },
    {
        "requested_by": "https://www.planeo.cz/",
        "time": 237508.24929,
        "requested_resource": "https://www.planeo.cz/-f16858---7k-pNRYh/favicon-32-png",
        "initiator": {
            "type": "other"
        }
    },
    {
        "requested_by": "https://www.planeo.cz/",
        "time": 237508.253234,
        "requested_resource": "https://www.planeo.cz/-f16779---yYCj8dZT/favicon-svg",
        "initiator": {
            "type": "other"
        }
    },
    {
        "requested_by": "https://www.planeo.cz/",
        "time": 237508.754411,
        "requested_resource": "https://pagead2.googlesyndication.com/ccm/collect?en=page_view&dl=https%3A%2F%2Fwww.planeo.cz%2F&scrsrc=www.googletagmanager.com&frm=0&rnd=390180290.1740225336&navt=n&npa=1&us_privacy=1---&gtm=45He52k0v9121236588za200&gcs=G100&gcd=13p3p3p2p5l1&dma_cps=-&dma=1&tag_exp=101732282~101732284~102067808~102453103~102482433~102539968~102558064~102587591~102605417~102640600~102658453&tft=1740225336155&tfd=2359&apve=1",
        "initiator": {
            "stack": {
                "callFrames": [
                    {
                        "columnNumber": 322,
                        "functionName": "Cc",
                        "lineNumber": 237,
                        "scriptId": "57",
                        "url": "https://www.googletagmanager.com/gtm.js?id=GTM-MJ37T37"
                    }
                ]
            },
            "type": "script"
        }
    },
    {
        "requested_by": "https://www.planeo.cz/",
        "time": 237508.761547,
        "requested_resource": "https://validate.planeo.cz/g/collect?v=2&tid=G-7VW9VKG1MH&gtm=45je52k0v884642448z89121236588za200zb9121236588&_p=1740225334517&gcs=G100&gcd=13p3pPp2p5l1&npa=1&dma_cps=-&dma=1&tag_exp=101732282~101732284~102067808~102482433~102539968~102558064~102587591~102605417~102640600~102658453&cid=1369299800.1740225336&ecid=339532248&ul=en-us&sr=2560x1440&_fplc=0&ir=1&ur=CZ-64&uaa=x86&uab=64&uafvl=Chromium%3B133.0.6943.126%7CNot(A%253ABrand%3B99.0.0.0&uamb=0&uam=&uap=Windows&uapv=19.0.0&uaw=0&are=1&frm=0&pscdl=denied&ec_mode=c&_eu=EA&sst.rnd=390180290.1740225336&sst.etld=google.cz&sst.gcsub=region1&sst.us_privacy=1---&sst.tft=1740225334517&sst.lpc=225077083&sst.navt=n&sst.ude=1&_s=1&sid=1740225335&sct=1&seg=0&dl=https%3A%2F%2Fwww.planeo.cz%2F&dt=Planeo%20-%20s%C2%A0%C3%BAsm%C4%9Bvem%20pro%20v%C5%A1echny%20%7C%20Planeo&en=page_view&_fv=1&_nsi=1&_ss=1&ep.gtm_tagEventVersion=GA4%20-%20Pageview%7Cgtm.js%7C63&ep.page_type=homepage&ep.user_logged=false&ep.app_language=cs&ep.cart_id=&ep.ab_test_ids=koupit-s-kuponem&ep.ab_test_variants=secondary&ep.user_data._tag_mode=MANUAL&tfd=2365&richsstsse",
        "initiator": {
            "stack": {
                "callFrames": [
                    {
                        "columnNumber": 91,
                        "functionName": "mK",
                        "lineNumber": 821,
                        "scriptId": "125",
                        "url": "https://www.googletagmanager.com/gtag/js?id=G-7VW9VKG1MH&l=dataLayer&cx=c&gtm=45He52k0v9121236588za200"
                    }
                ]
            },
            "type": "script"
        }
    },
    {
        "requested_by": "https://www.planeo.cz/",
        "time": 237508.764867,
        "requested_resource": "https://validate.planeo.cz/g/collect?v=2&tid=G-7VW9VKG1MH&gtm=45je52k0v884642448z89121236588za200zb9121236588&_p=1740225334517&gcs=G100&gcd=13p3pPp2p5l1&npa=1&dma_cps=-&dma=1&tag_exp=101732282~101732284~102067808~102482433~102539968~102558064~102587591~102605417~102640600~102658453&gdid=dMWZhNz&cid=1369299800.1740225336&ecid=339532248&ul=en-us&sr=2560x1440&_fplc=0&ir=1&ur=CZ-64&uaa=x86&uab=64&uafvl=Chromium%3B133.0.6943.126%7CNot(A%253ABrand%3B99.0.0.0&uamb=0&uam=&uap=Windows&uapv=19.0.0&uaw=0&are=1&frm=0&pscdl=denied&_eu=EA&sst.rnd=390180290.1740225336&sst.etld=google.cz&sst.gcsub=region1&sst.us_privacy=1---&sst.tft=1740225334517&sst.lpc=225077083&sst.navt=n&sst.ude=1&_s=2&sid=1740225335&sct=1&seg=0&dl=https%3A%2F%2Fwww.planeo.cz%2F&dt=Planeo%20-%20s%C2%A0%C3%BAsm%C4%9Bvem%20pro%20v%C5%A1echny%20%7C%20Planeo&en=view_promotion&pr1=pn%C5%A0rotovn%C3%A9~csHomepage%20image%20banner%20-%201~lp1&pr2=pnSleva%2020%20%25%20na%20spl%C3%A1tky~csHomepage%20image%20banner%20-%202~lp2&pr3=pnP%C5%99edobjedn%C3%A1vky%20iPhone%2016e~csHomepage%20image%20banner%20-%203~lp3&pr4=pn%C5%A0rotovn%C3%A9%20-%20LG%20CE~csHomepage%20image%20banner%20-%204~lp4&pr5=pnS25%20campaign%20-%20Samsung~csHomepage%20image%20banner%20-%205~lp5&pr6=pnL%C3%A9to%20s%20Cofidisem~csHomepage%20image%20banner%20-%206~lp6&ep.gtm_tagEventVersion=GA4%20-%20Promotions%7Cview_promotion%7C63&ep.page_type=homepage&ep.user_logged=false&ep.app_language=cs&ep.cart_id=&ep.ab_test_ids=koupit-s-kuponem&ep.ab_test_variants=secondary&_et=2&tfd=2369&richsstsse",
        "initiator": {
            "stack": {
                "callFrames": [
                    {
                        "columnNumber": 91,
                        "functionName": "mK",
                        "lineNumber": 821,
                        "scriptId": "125",
                        "url": "https://www.googletagmanager.com/gtag/js?id=G-7VW9VKG1MH&l=dataLayer&cx=c&gtm=45He52k0v9121236588za200"
                    }
                ]
            },
            "type": "script"
        }
    },
    {
        "requested_by": "https://www.planeo.cz/",
        "time": 237508.765279,
        "requested_resource": "https://validate.planeo.cz/g/collect?v=2&tid=G-7VW9VKG1MH&gtm=45je52k0v884642448z89121236588za200zb9121236588&_p=1740225334517&gcs=G100&gcd=13p3pPp2p5l1&npa=1&dma_cps=-&dma=1&tag_exp=101732282~101732284~102067808~102482433~102539968~102558064~102587591~102605417~102640600~102658453&gdid=dMWZhNz&cid=1369299800.1740225336&ecid=339532248&ul=en-us&sr=2560x1440&_fplc=0&ir=1&ur=CZ-64&uaa=x86&uab=64&uafvl=Chromium%3B133.0.6943.126%7CNot(A%253ABrand%3B99.0.0.0&uamb=0&uam=&uap=Windows&uapv=19.0.0&uaw=0&are=1&frm=0&pscdl=denied&ec_mode=c&_eu=EA&sst.rnd=390180290.1740225336&sst.etld=google.cz&sst.gcsub=region1&sst.us_privacy=1---&sst.tft=1740225334517&sst.lpc=225077083&sst.navt=n&sst.ude=1&_s=3&cu=CZK&sid=1740225335&sct=1&seg=0&dl=https%3A%2F%2Fwww.planeo.cz%2F&dt=Planeo%20-%20s%C2%A0%C3%BAsm%C4%9Bvem%20pro%20v%C5%A1echny%20%7C%20Planeo&tfd=2369&richsstsse",
        "initiator": {
            "stack": {
                "callFrames": [
                    {
                        "columnNumber": 91,
                        "functionName": "mK",
                        "lineNumber": 821,
                        "scriptId": "125",
                        "url": "https://www.googletagmanager.com/gtag/js?id=G-7VW9VKG1MH&l=dataLayer&cx=c&gtm=45He52k0v9121236588za200"
                    }
                ]
            },
            "type": "script"
        }
    },
    {
        "requested_by": "https://www.googletagmanager.com/static/service_worker/5230/sw_iframe.html?origin=https%3A%2F%2Fwww.planeo.cz",
        "time": 237508.771011,
        "requested_resource": "https://www.googletagmanager.com/static/service_worker/5230/sw_iframe.html?origin=https%3A%2F%2Fwww.planeo.cz",
        "initiator": {
            "stack": {
                "callFrames": [
                    {
                        "columnNumber": 263,
                        "functionName": "q",
                        "lineNumber": 599,
                        "scriptId": "57",
                        "url": "https://www.googletagmanager.com/gtm.js?id=GTM-MJ37T37"
                    }
                ]
            },
            "type": "script"
        }
    }
]