{"fpd_access_logs":{"2111003688":{"Navigator.prototype.languages":{"get":{"args":{"":2},"total":2,"callers":{"Error: FPDCallerTracker\n    at Navigator.replacementPD (chrome-extension://bbogkpojpmdnlonjjogfkaclifmgnbfe/1a73144a-6792-4b89-ac71-986ad58dbf07:1082:11)\n    at Object.apply (chrome-extension://bbogkpojpmdnlonjjogfkaclifmgnbfe/1a73144a-6792-4b89-ac71-986ad58dbf07:405:25)\n    at e.detectUserLanguage (https://www.bazos.cz/cookie-consent.js:1:150360)\n    at new e (https://www.bazos.cz/cookie-consent.js:1:150245)\n    at new e (https://www.bazos.cz/cookie-consent.js:1:191697)\n    at Module.ue (https://www.bazos.cz/cookie-consent.js:1:192516)\n    at HTMLDocument.<anonymous> (https://www.bazos.cz/:215:15)":true,"Error: FPDCallerTracker\n    at Navigator.replacementPD (chrome-extension://bbogkpojpmdnlonjjogfkaclifmgnbfe/1a73144a-6792-4b89-ac71-986ad58dbf07:1082:11)\n    at Object.apply (chrome-extension://bbogkpojpmdnlonjjogfkaclifmgnbfe/1a73144a-6792-4b89-ac71-986ad58dbf07:405:25)\n    at e.detectUserLanguage (https://www.bazos.cz/cookie-consent.js:1:150380)\n    at new e (https://www.bazos.cz/cookie-consent.js:1:150245)\n    at new e (https://www.bazos.cz/cookie-consent.js:1:191697)\n    at Module.ue (https://www.bazos.cz/cookie-consent.js:1:192516)\n    at HTMLDocument.<anonymous> (https://www.bazos.cz/:215:15)":true}}},"Navigator.prototype.userAgent":{"get":{"args":{"":33},"total":33,"callers":{"Error: FPDCallerTracker\n    at Navigator.replacementPD (chrome-extension://bbogkpojpmdnlonjjogfkaclifmgnbfe/1a73144a-6792-4b89-ac71-986ad58dbf07:970:11)\n    at Object.apply (chrome-extension://bbogkpojpmdnlonjjogfkaclifmgnbfe/1a73144a-6792-4b89-ac71-986ad58dbf07:405:25)\n    at Dk (https://www.googletagmanager.com/gtag/js?id=G-NZW1QTHKBB:379:1411)\n    at Hk (https://www.googletagmanager.com/gtag/js?id=G-NZW1QTHKBB:379:1661)\n    at Jk (https://www.googletagmanager.com/gtag/js?id=G-NZW1QTHKBB:379:1763)\n    at https://www.googletagmanager.com/gtag/js?id=G-NZW1QTHKBB:380:527\n    at https://www.googletagmanager.com/gtag/js?id=G-NZW1QTHKBB:942:3":true,"Error: FPDCallerTracker\n    at Navigator.replacementPD (chrome-extension://bbogkpojpmdnlonjjogfkaclifmgnbfe/1a73144a-6792-4b89-ac71-986ad58dbf07:970:11)\n    at Object.apply (chrome-extension://bbogkpojpmdnlonjjogfkaclifmgnbfe/1a73144a-6792-4b89-ac71-986ad58dbf07:405:25)\n    at Dk (https://www.googletagmanager.com/gtag/js?id=G-NZW1QTHKBB:379:1411)\n    at Hk (https://www.googletagmanager.com/gtag/js?id=G-NZW1QTHKBB:379:1661)\n    at https://www.googletagmanager.com/gtag/js?id=G-NZW1QTHKBB:380:538\n    at https://www.googletagmanager.com/gtag/js?id=G-NZW1QTHKBB:942:3":true,"Error: FPDCallerTracker\n    at Navigator.replacementPD (chrome-extension://bbogkpojpmdnlonjjogfkaclifmgnbfe/1a73144a-6792-4b89-ac71-986ad58dbf07:970:11)\n    at Object.apply (chrome-extension://bbogkpojpmdnlonjjogfkaclifmgnbfe/1a73144a-6792-4b89-ac71-986ad58dbf07:405:25)\n    at Dk (https://www.googletagmanager.com/gtag/js?id=G-NZW1QTHKBB:379:1411)\n    at Hk (https://www.googletagmanager.com/gtag/js?id=G-NZW1QTHKBB:379:1661)\n    at https://www.googletagmanager.com/gtag/js?id=G-NZW1QTHKBB:380:553\n    at https://www.googletagmanager.com/gtag/js?id=G-NZW1QTHKBB:942:3":true,"Error: FPDCallerTracker\n    at Navigator.replacementPD (chrome-extension://bbogkpojpmdnlonjjogfkaclifmgnbfe/1a73144a-6792-4b89-ac71-986ad58dbf07:970:11)\n    at Object.apply (chrome-extension://bbogkpojpmdnlonjjogfkaclifmgnbfe/1a73144a-6792-4b89-ac71-986ad58dbf07:405:25)\n    at Dk (https://www.googletagmanager.com/gtag/js?id=G-NZW1QTHKBB:379:1411)\n    at Hk (https://www.googletagmanager.com/gtag/js?id=G-NZW1QTHKBB:379:1661)\n    at https://www.googletagmanager.com/gtag/js?id=G-NZW1QTHKBB:380:564\n    at https://www.googletagmanager.com/gtag/js?id=G-NZW1QTHKBB:942:3":true,"Error: FPDCallerTracker\n    at Navigator.replacementPD (chrome-extension://bbogkpojpmdnlonjjogfkaclifmgnbfe/1a73144a-6792-4b89-ac71-986ad58dbf07:970:11)\n    at Object.apply (chrome-extension://bbogkpojpmdnlonjjogfkaclifmgnbfe/1a73144a-6792-4b89-ac71-986ad58dbf07:405:25)\n    at Dk (https://www.googletagmanager.com/gtag/js?id=G-NZW1QTHKBB:379:1411)\n    at Hk (https://www.googletagmanager.com/gtag/js?id=G-NZW1QTHKBB:379:1661)\n    at https://www.googletagmanager.com/gtag/js?id=G-NZW1QTHKBB:380:576\n    at https://www.googletagmanager.com/gtag/js?id=G-NZW1QTHKBB:942:3":true,"Error: FPDCallerTracker\n    at Navigator.replacementPD (chrome-extension://bbogkpojpmdnlonjjogfkaclifmgnbfe/1a73144a-6792-4b89-ac71-986ad58dbf07:970:11)\n    at Object.apply (chrome-extension://bbogkpojpmdnlonjjogfkaclifmgnbfe/1a73144a-6792-4b89-ac71-986ad58dbf07:405:25)\n    at Dk (https://www.googletagmanager.com/gtag/js?id=G-NZW1QTHKBB:379:1411)\n    at https://www.googletagmanager.com/gtag/js?id=G-NZW1QTHKBB:380:589\n    at https://www.googletagmanager.com/gtag/js?id=G-NZW1QTHKBB:942:3":true,"Error: FPDCallerTracker\n    at Navigator.replacementPD (chrome-extension://bbogkpojpmdnlonjjogfkaclifmgnbfe/1a73144a-6792-4b89-ac71-986ad58dbf07:970:11)\n    at Object.apply (chrome-extension://bbogkpojpmdnlonjjogfkaclifmgnbfe/1a73144a-6792-4b89-ac71-986ad58dbf07:405:25)\n    at Dk (https://www.googletagmanager.com/gtag/js?id=G-NZW1QTHKBB:379:1411)\n    at Hk (https://www.googletagmanager.com/gtag/js?id=G-NZW1QTHKBB:379:1661)\n    at https://www.googletagmanager.com/gtag/js?id=G-NZW1QTHKBB:380:632\n    at https://www.googletagmanager.com/gtag/js?id=G-NZW1QTHKBB:942:3":true,"Error: FPDCallerTracker\n    at Navigator.replacementPD (chrome-extension://bbogkpojpmdnlonjjogfkaclifmgnbfe/1a73144a-6792-4b89-ac71-986ad58dbf07:970:11)\n    at Object.apply (chrome-extension://bbogkpojpmdnlonjjogfkaclifmgnbfe/1a73144a-6792-4b89-ac71-986ad58dbf07:405:25)\n    at Dk (https://www.googletagmanager.com/gtag/js?id=G-NZW1QTHKBB:379:1411)\n    at https://www.googletagmanager.com/gtag/js?id=G-NZW1QTHKBB:380:682\n    at https://www.googletagmanager.com/gtag/js?id=G-NZW1QTHKBB:942:3":true,"Error: FPDCallerTracker\n    at Navigator.replacementPD (chrome-extension://bbogkpojpmdnlonjjogfkaclifmgnbfe/1a73144a-6792-4b89-ac71-986ad58dbf07:970:11)\n    at Object.apply (chrome-extension://bbogkpojpmdnlonjjogfkaclifmgnbfe/1a73144a-6792-4b89-ac71-986ad58dbf07:405:25)\n    at Dk (https://www.googletagmanager.com/gtag/js?id=G-NZW1QTHKBB:379:1411)\n    at Hk (https://www.googletagmanager.com/gtag/js?id=G-NZW1QTHKBB:379:1661)\n    at https://www.googletagmanager.com/gtag/js?id=G-NZW1QTHKBB:380:725\n    at https://www.googletagmanager.com/gtag/js?id=G-NZW1QTHKBB:942:3":true,"Error: FPDCallerTracker\n    at Navigator.replacementPD (chrome-extension://bbogkpojpmdnlonjjogfkaclifmgnbfe/1a73144a-6792-4b89-ac71-986ad58dbf07:970:11)\n    at Object.apply (chrome-extension://bbogkpojpmdnlonjjogfkaclifmgnbfe/1a73144a-6792-4b89-ac71-986ad58dbf07:405:25)\n    at Dk (https://www.googletagmanager.com/gtag/js?id=G-NZW1QTHKBB:379:1411)\n    at Hk (https://www.googletagmanager.com/gtag/js?id=G-NZW1QTHKBB:379:1661)\n    at https://www.googletagmanager.com/gtag/js?id=G-NZW1QTHKBB:380:737\n    at https://www.googletagmanager.com/gtag/js?id=G-NZW1QTHKBB:942:3":true,"Error: FPDCallerTracker\n    at Navigator.replacementPD (chrome-extension://bbogkpojpmdnlonjjogfkaclifmgnbfe/1a73144a-6792-4b89-ac71-986ad58dbf07:970:11)\n    at Object.apply (chrome-extension://bbogkpojpmdnlonjjogfkaclifmgnbfe/1a73144a-6792-4b89-ac71-986ad58dbf07:405:25)\n    at Dk (https://www.googletagmanager.com/gtag/js?id=G-NZW1QTHKBB:379:1411)\n    at Hk (https://www.googletagmanager.com/gtag/js?id=G-NZW1QTHKBB:379:1661)\n    at https://www.googletagmanager.com/gtag/js?id=G-NZW1QTHKBB:380:756\n    at https://www.googletagmanager.com/gtag/js?id=G-NZW1QTHKBB:942:3":true,"Error: FPDCallerTracker\n    at Navigator.replacementPD (chrome-extension://bbogkpojpmdnlonjjogfkaclifmgnbfe/1a73144a-6792-4b89-ac71-986ad58dbf07:970:11)\n    at Object.apply (chrome-extension://bbogkpojpmdnlonjjogfkaclifmgnbfe/1a73144a-6792-4b89-ac71-986ad58dbf07:405:25)\n    at Dk (https://www.googletagmanager.com/gtag/js?id=G-NZW1QTHKBB:379:1411)\n    at Hk (https://www.googletagmanager.com/gtag/js?id=G-NZW1QTHKBB:379:1661)\n    at https://www.googletagmanager.com/gtag/js?id=G-NZW1QTHKBB:380:778\n    at https://www.googletagmanager.com/gtag/js?id=G-NZW1QTHKBB:942:3":true,"Error: FPDCallerTracker\n    at Navigator.replacementPD (chrome-extension://bbogkpojpmdnlonjjogfkaclifmgnbfe/1a73144a-6792-4b89-ac71-986ad58dbf07:970:11)\n    at Object.apply (chrome-extension://bbogkpojpmdnlonjjogfkaclifmgnbfe/1a73144a-6792-4b89-ac71-986ad58dbf07:405:25)\n    at Dk (https://www.googletagmanager.com/gtag/js?id=G-NZW1QTHKBB:379:1411)\n    at Hk (https://www.googletagmanager.com/gtag/js?id=G-NZW1QTHKBB:379:1661)\n    at https://www.googletagmanager.com/gtag/js?id=G-NZW1QTHKBB:380:820\n    at https://www.googletagmanager.com/gtag/js?id=G-NZW1QTHKBB:942:3":true,"Error: FPDCallerTracker\n    at Navigator.replacementPD (chrome-extension://bbogkpojpmdnlonjjogfkaclifmgnbfe/1a73144a-6792-4b89-ac71-986ad58dbf07:970:11)\n    at Object.apply (chrome-extension://bbogkpojpmdnlonjjogfkaclifmgnbfe/1a73144a-6792-4b89-ac71-986ad58dbf07:405:25)\n    at Dk (https://www.googletagmanager.com/gtag/js?id=G-NZW1QTHKBB:379:1411)\n    at Hk (https://www.googletagmanager.com/gtag/js?id=G-NZW1QTHKBB:379:1661)\n    at https://www.googletagmanager.com/gtag/js?id=G-NZW1QTHKBB:380:840\n    at https://www.googletagmanager.com/gtag/js?id=G-NZW1QTHKBB:942:3":true,"Error: FPDCallerTracker\n    at Navigator.replacementPD (chrome-extension://bbogkpojpmdnlonjjogfkaclifmgnbfe/1a73144a-6792-4b89-ac71-986ad58dbf07:970:11)\n    at Object.apply (chrome-extension://bbogkpojpmdnlonjjogfkaclifmgnbfe/1a73144a-6792-4b89-ac71-986ad58dbf07:405:25)\n    at Dk (https://www.googletagmanager.com/gtag/js?id=G-NZW1QTHKBB:379:1411)\n    at Hk (https://www.googletagmanager.com/gtag/js?id=G-NZW1QTHKBB:379:1661)\n    at https://www.googletagmanager.com/gtag/js?id=G-NZW1QTHKBB:380:857\n    at https://www.googletagmanager.com/gtag/js?id=G-NZW1QTHKBB:942:3":true,"Error: FPDCallerTracker\n    at Navigator.replacementPD (chrome-extension://bbogkpojpmdnlonjjogfkaclifmgnbfe/1a73144a-6792-4b89-ac71-986ad58dbf07:970:11)\n    at Object.apply (chrome-extension://bbogkpojpmdnlonjjogfkaclifmgnbfe/1a73144a-6792-4b89-ac71-986ad58dbf07:405:25)\n    at Dk (https://www.googletagmanager.com/gtag/js?id=G-NZW1QTHKBB:379:1411)\n    at Hk (https://www.googletagmanager.com/gtag/js?id=G-NZW1QTHKBB:379:1661)\n    at Tk (https://www.googletagmanager.com/gtag/js?id=G-NZW1QTHKBB:380:444)\n    at https://www.googletagmanager.com/gtag/js?id=G-NZW1QTHKBB:380:871\n    at https://www.googletagmanager.com/gtag/js?id=G-NZW1QTHKBB:942:3":true,"Error: FPDCallerTracker\n    at Navigator.replacementPD (chrome-extension://bbogkpojpmdnlonjjogfkaclifmgnbfe/1a73144a-6792-4b89-ac71-986ad58dbf07:970:11)\n    at Object.apply (chrome-extension://bbogkpojpmdnlonjjogfkaclifmgnbfe/1a73144a-6792-4b89-ac71-986ad58dbf07:405:25)\n    at Dk (https://www.googletagmanager.com/gtag/js?id=G-NZW1QTHKBB:379:1411)\n    at Hk (https://www.googletagmanager.com/gtag/js?id=G-NZW1QTHKBB:379:1661)\n    at https://www.googletagmanager.com/gtag/js?id=G-NZW1QTHKBB:380:876\n    at https://www.googletagmanager.com/gtag/js?id=G-NZW1QTHKBB:942:3":true,"Error: FPDCallerTracker\n    at Navigator.replacementPD (chrome-extension://bbogkpojpmdnlonjjogfkaclifmgnbfe/1a73144a-6792-4b89-ac71-986ad58dbf07:970:11)\n    at Object.apply (chrome-extension://bbogkpojpmdnlonjjogfkaclifmgnbfe/1a73144a-6792-4b89-ac71-986ad58dbf07:405:25)\n    at Dk (https://www.googletagmanager.com/gtag/js?id=G-NZW1QTHKBB:379:1411)\n    at Hk (https://www.googletagmanager.com/gtag/js?id=G-NZW1QTHKBB:379:1661)\n    at https://www.googletagmanager.com/gtag/js?id=G-NZW1QTHKBB:380:887\n    at https://www.googletagmanager.com/gtag/js?id=G-NZW1QTHKBB:942:3":true,"Error: FPDCallerTracker\n    at Navigator.replacementPD (chrome-extension://bbogkpojpmdnlonjjogfkaclifmgnbfe/1a73144a-6792-4b89-ac71-986ad58dbf07:970:11)\n    at Object.apply (chrome-extension://bbogkpojpmdnlonjjogfkaclifmgnbfe/1a73144a-6792-4b89-ac71-986ad58dbf07:405:25)\n    at Dk (https://www.googletagmanager.com/gtag/js?id=G-NZW1QTHKBB:379:1411)\n    at Hk (https://www.googletagmanager.com/gtag/js?id=G-NZW1QTHKBB:379:1661)\n    at Tk (https://www.googletagmanager.com/gtag/js?id=G-NZW1QTHKBB:380:444)\n    at Uk (https://www.googletagmanager.com/gtag/js?id=G-NZW1QTHKBB:380:497)\n    at https://www.googletagmanager.com/gtag/js?id=G-NZW1QTHKBB:380:898\n    at https://www.googletagmanager.com/gtag/js?id=G-NZW1QTHKBB:942:3":true,"Error: FPDCallerTracker\n    at Navigator.replacementPD (chrome-extension://bbogkpojpmdnlonjjogfkaclifmgnbfe/1a73144a-6792-4b89-ac71-986ad58dbf07:970:11)\n    at Object.apply (chrome-extension://bbogkpojpmdnlonjjogfkaclifmgnbfe/1a73144a-6792-4b89-ac71-986ad58dbf07:405:25)\n    at Dk (https://www.googletagmanager.com/gtag/js?id=G-NZW1QTHKBB:379:1411)\n    at Hk (https://www.googletagmanager.com/gtag/js?id=G-NZW1QTHKBB:379:1661)\n    at Uk (https://www.googletagmanager.com/gtag/js?id=G-NZW1QTHKBB:380:503)\n    at https://www.googletagmanager.com/gtag/js?id=G-NZW1QTHKBB:380:898\n    at https://www.googletagmanager.com/gtag/js?id=G-NZW1QTHKBB:942:3":true,"Error: FPDCallerTracker\n    at Navigator.replacementPD (chrome-extension://bbogkpojpmdnlonjjogfkaclifmgnbfe/1a73144a-6792-4b89-ac71-986ad58dbf07:970:11)\n    at Object.apply (chrome-extension://bbogkpojpmdnlonjjogfkaclifmgnbfe/1a73144a-6792-4b89-ac71-986ad58dbf07:405:25)\n    at Dk (https://www.googletagmanager.com/gtag/js?id=G-NZW1QTHKBB:379:1411)\n    at Hk (https://www.googletagmanager.com/gtag/js?id=G-NZW1QTHKBB:379:1661)\n    at Uk (https://www.googletagmanager.com/gtag/js?id=G-NZW1QTHKBB:380:515)\n    at https://www.googletagmanager.com/gtag/js?id=G-NZW1QTHKBB:380:898\n    at https://www.googletagmanager.com/gtag/js?id=G-NZW1QTHKBB:942:3":true,"Error: FPDCallerTracker\n    at Navigator.replacementPD (chrome-extension://bbogkpojpmdnlonjjogfkaclifmgnbfe/1a73144a-6792-4b89-ac71-986ad58dbf07:970:11)\n    at Object.apply (chrome-extension://bbogkpojpmdnlonjjogfkaclifmgnbfe/1a73144a-6792-4b89-ac71-986ad58dbf07:405:25)\n    at Dk (https://www.googletagmanager.com/gtag/js?id=G-NZW1QTHKBB:379:1411)\n    at https://www.googletagmanager.com/gtag/js?id=G-NZW1QTHKBB:380:903\n    at https://www.googletagmanager.com/gtag/js?id=G-NZW1QTHKBB:942:3":true,"Error: FPDCallerTracker\n    at Navigator.replacementPD (chrome-extension://bbogkpojpmdnlonjjogfkaclifmgnbfe/1a73144a-6792-4b89-ac71-986ad58dbf07:970:11)\n    at Object.apply (chrome-extension://bbogkpojpmdnlonjjogfkaclifmgnbfe/1a73144a-6792-4b89-ac71-986ad58dbf07:405:25)\n    at Dk (https://www.googletagmanager.com/gtag/js?id=G-NZW1QTHKBB:379:1411)\n    at Hk (https://www.googletagmanager.com/gtag/js?id=G-NZW1QTHKBB:379:1661)\n    at Kk (https://www.googletagmanager.com/gtag/js?id=G-NZW1QTHKBB:379:1796)\n    at https://www.googletagmanager.com/gtag/js?id=G-NZW1QTHKBB:383:775\n    at https://www.googletagmanager.com/gtag/js?id=G-NZW1QTHKBB:942:3":true,"Error: FPDCallerTracker\n    at Navigator.replacementPD (chrome-extension://bbogkpojpmdnlonjjogfkaclifmgnbfe/1a73144a-6792-4b89-ac71-986ad58dbf07:970:11)\n    at Object.apply (chrome-extension://bbogkpojpmdnlonjjogfkaclifmgnbfe/1a73144a-6792-4b89-ac71-986ad58dbf07:405:25)\n    at Dk (https://www.googletagmanager.com/gtag/js?id=G-NZW1QTHKBB:379:1411)\n    at Hk (https://www.googletagmanager.com/gtag/js?id=G-NZW1QTHKBB:379:1661)\n    at Kk (https://www.googletagmanager.com/gtag/js?id=G-NZW1QTHKBB:379:1811)\n    at https://www.googletagmanager.com/gtag/js?id=G-NZW1QTHKBB:383:775\n    at https://www.googletagmanager.com/gtag/js?id=G-NZW1QTHKBB:942:3":true,"Error: FPDCallerTracker\n    at Navigator.replacementPD (chrome-extension://bbogkpojpmdnlonjjogfkaclifmgnbfe/1a73144a-6792-4b89-ac71-986ad58dbf07:970:11)\n    at Object.apply (chrome-extension://bbogkpojpmdnlonjjogfkaclifmgnbfe/1a73144a-6792-4b89-ac71-986ad58dbf07:405:25)\n    at Dk (https://www.googletagmanager.com/gtag/js?id=G-NZW1QTHKBB:379:1411)\n    at Hk (https://www.googletagmanager.com/gtag/js?id=G-NZW1QTHKBB:379:1661)\n    at Tk (https://www.googletagmanager.com/gtag/js?id=G-NZW1QTHKBB:380:444)\n    at https://www.googletagmanager.com/gtag/js?id=G-NZW1QTHKBB:383:780\n    at https://www.googletagmanager.com/gtag/js?id=G-NZW1QTHKBB:942:3":true,"Error: FPDCallerTracker\n    at Navigator.replacementPD (chrome-extension://bbogkpojpmdnlonjjogfkaclifmgnbfe/1a73144a-6792-4b89-ac71-986ad58dbf07:970:11)\n    at Object.apply (chrome-extension://bbogkpojpmdnlonjjogfkaclifmgnbfe/1a73144a-6792-4b89-ac71-986ad58dbf07:405:25)\n    at Dk (https://www.googletagmanager.com/gtag/js?id=G-NZW1QTHKBB:379:1411)\n    at Hk (https://www.googletagmanager.com/gtag/js?id=G-NZW1QTHKBB:379:1661)\n    at https://www.googletagmanager.com/gtag/js?id=G-NZW1QTHKBB:383:786\n    at https://www.googletagmanager.com/gtag/js?id=G-NZW1QTHKBB:942:3":true,"Error: FPDCallerTracker\n    at Navigator.replacementPD (chrome-extension://bbogkpojpmdnlonjjogfkaclifmgnbfe/1a73144a-6792-4b89-ac71-986ad58dbf07:970:11)\n    at Object.apply (chrome-extension://bbogkpojpmdnlonjjogfkaclifmgnbfe/1a73144a-6792-4b89-ac71-986ad58dbf07:405:25)\n    at Dk (https://www.googletagmanager.com/gtag/js?id=G-NZW1QTHKBB:379:1411)\n    at Hk (https://www.googletagmanager.com/gtag/js?id=G-NZW1QTHKBB:379:1661)\n    at https://www.googletagmanager.com/gtag/js?id=G-NZW1QTHKBB:383:797\n    at https://www.googletagmanager.com/gtag/js?id=G-NZW1QTHKBB:942:3":true,"Error: FPDCallerTracker\n    at Navigator.replacementPD (chrome-extension://bbogkpojpmdnlonjjogfkaclifmgnbfe/1a73144a-6792-4b89-ac71-986ad58dbf07:970:11)\n    at Object.apply (chrome-extension://bbogkpojpmdnlonjjogfkaclifmgnbfe/1a73144a-6792-4b89-ac71-986ad58dbf07:405:25)\n    at Dk (https://www.googletagmanager.com/gtag/js?id=G-NZW1QTHKBB:379:1411)\n    at Hk (https://www.googletagmanager.com/gtag/js?id=G-NZW1QTHKBB:379:1661)\n    at https://www.googletagmanager.com/gtag/js?id=G-NZW1QTHKBB:383:809\n    at https://www.googletagmanager.com/gtag/js?id=G-NZW1QTHKBB:942:3":true,"Error: FPDCallerTracker\n    at Navigator.replacementPD (chrome-extension://bbogkpojpmdnlonjjogfkaclifmgnbfe/1a73144a-6792-4b89-ac71-986ad58dbf07:970:11)\n    at Object.apply (chrome-extension://bbogkpojpmdnlonjjogfkaclifmgnbfe/1a73144a-6792-4b89-ac71-986ad58dbf07:405:25)\n    at Dk (https://www.googletagmanager.com/gtag/js?id=G-NZW1QTHKBB:379:1411)\n    at Hk (https://www.googletagmanager.com/gtag/js?id=G-NZW1QTHKBB:379:1661)\n    at Lk (https://www.googletagmanager.com/gtag/js?id=G-NZW1QTHKBB:379:1865)\n    at https://www.googletagmanager.com/gtag/js?id=G-NZW1QTHKBB:383:853\n    at https://www.googletagmanager.com/gtag/js?id=G-NZW1QTHKBB:942:3":true,"Error: FPDCallerTracker\n    at Navigator.replacementPD (chrome-extension://bbogkpojpmdnlonjjogfkaclifmgnbfe/1a73144a-6792-4b89-ac71-986ad58dbf07:970:11)\n    at Object.apply (chrome-extension://bbogkpojpmdnlonjjogfkaclifmgnbfe/1a73144a-6792-4b89-ac71-986ad58dbf07:405:25)\n    at Dk (https://www.googletagmanager.com/gtag/js?id=G-NZW1QTHKBB:379:1411)\n    at Hk (https://www.googletagmanager.com/gtag/js?id=G-NZW1QTHKBB:379:1661)\n    at Lk (https://www.googletagmanager.com/gtag/js?id=G-NZW1QTHKBB:379:1902)\n    at https://www.googletagmanager.com/gtag/js?id=G-NZW1QTHKBB:383:853\n    at https://www.googletagmanager.com/gtag/js?id=G-NZW1QTHKBB:942:3":true,"Error: FPDCallerTracker\n    at Navigator.replacementPD (chrome-extension://bbogkpojpmdnlonjjogfkaclifmgnbfe/1a73144a-6792-4b89-ac71-986ad58dbf07:970:11)\n    at Object.apply (chrome-extension://bbogkpojpmdnlonjjogfkaclifmgnbfe/1a73144a-6792-4b89-ac71-986ad58dbf07:405:25)\n    at Dk (https://www.googletagmanager.com/gtag/js?id=G-NZW1QTHKBB:379:1411)\n    at Hk (https://www.googletagmanager.com/gtag/js?id=G-NZW1QTHKBB:379:1661)\n    at https://www.googletagmanager.com/gtag/js?id=G-NZW1QTHKBB:383:859\n    at https://www.googletagmanager.com/gtag/js?id=G-NZW1QTHKBB:942:3":true,"Error: FPDCallerTracker\n    at Navigator.replacementPD (chrome-extension://bbogkpojpmdnlonjjogfkaclifmgnbfe/1a73144a-6792-4b89-ac71-986ad58dbf07:970:11)\n    at Object.apply (chrome-extension://bbogkpojpmdnlonjjogfkaclifmgnbfe/1a73144a-6792-4b89-ac71-986ad58dbf07:405:25)\n    at Dk (https://www.googletagmanager.com/gtag/js?id=G-NZW1QTHKBB:379:1411)\n    at Hk (https://www.googletagmanager.com/gtag/js?id=G-NZW1QTHKBB:379:1661)\n    at Lk (https://www.googletagmanager.com/gtag/js?id=G-NZW1QTHKBB:379:1865)\n    at https://www.googletagmanager.com/gtag/js?id=G-NZW1QTHKBB:383:873\n    at https://www.googletagmanager.com/gtag/js?id=G-NZW1QTHKBB:942:3":true,"Error: FPDCallerTracker\n    at Navigator.replacementPD (chrome-extension://bbogkpojpmdnlonjjogfkaclifmgnbfe/1a73144a-6792-4b89-ac71-986ad58dbf07:970:11)\n    at Object.apply (chrome-extension://bbogkpojpmdnlonjjogfkaclifmgnbfe/1a73144a-6792-4b89-ac71-986ad58dbf07:405:25)\n    at Dk (https://www.googletagmanager.com/gtag/js?id=G-NZW1QTHKBB:379:1411)\n    at Hk (https://www.googletagmanager.com/gtag/js?id=G-NZW1QTHKBB:379:1661)\n    at Lk (https://www.googletagmanager.com/gtag/js?id=G-NZW1QTHKBB:379:1902)\n    at https://www.googletagmanager.com/gtag/js?id=G-NZW1QTHKBB:383:873\n    at https://www.googletagmanager.com/gtag/js?id=G-NZW1QTHKBB:942:3":true}}},"Date.now":{"call":{"args":{"":56},"total":56,"callers":{"Error: FPDCallerTracker\n    at Date.replacementF (chrome-extension://bbogkpojpmdnlonjjogfkaclifmgnbfe/1a73144a-6792-4b89-ac71-986ad58dbf07:4039:11)\n    at Date.replacementF (chrome-extension://bbogkpojpmdnlonjjogfkaclifmgnbfe/1a73144a-6792-4b89-ac71-986ad58dbf07:4059:41)\n    at Object.apply (chrome-extension://bbogkpojpmdnlonjjogfkaclifmgnbfe/1a73144a-6792-4b89-ac71-986ad58dbf07:405:25)\n    at rb (https://www.googletagmanager.com/gtag/js?id=G-NZW1QTHKBB:191:191)\n    at sb (https://www.googletagmanager.com/gtag/js?id=G-NZW1QTHKBB:191:219)\n    at nx (https://www.googletagmanager.com/gtag/js?id=G-NZW1QTHKBB:595:386)\n    at https://www.googletagmanager.com/gtag/js?id=G-NZW1QTHKBB:938:98\n    at c (https://www.googletagmanager.com/gtag/js?id=G-NZW1QTHKBB:934:130)\n    at https://www.googletagmanager.com/gtag/js?id=G-NZW1QTHKBB:936:382\n    at https://www.googletagmanager.com/gtag/js?id=G-NZW1QTHKBB:936:387":true,"Error: FPDCallerTracker\n    at Date.replacementF (chrome-extension://bbogkpojpmdnlonjjogfkaclifmgnbfe/1a73144a-6792-4b89-ac71-986ad58dbf07:4039:11)\n    at Date.replacementF (chrome-extension://bbogkpojpmdnlonjjogfkaclifmgnbfe/1a73144a-6792-4b89-ac71-986ad58dbf07:4059:41)\n    at Object.apply (chrome-extension://bbogkpojpmdnlonjjogfkaclifmgnbfe/1a73144a-6792-4b89-ac71-986ad58dbf07:405:25)\n    at rb (https://www.googletagmanager.com/gtag/js?id=G-NZW1QTHKBB:191:191)\n    at sb (https://www.googletagmanager.com/gtag/js?id=G-NZW1QTHKBB:191:219)\n    at https://www.googletagmanager.com/gtag/js?id=G-NZW1QTHKBB:939:215\n    at c (https://www.googletagmanager.com/gtag/js?id=G-NZW1QTHKBB:934:130)\n    at https://www.googletagmanager.com/gtag/js?id=G-NZW1QTHKBB:936:382\n    at https://www.googletagmanager.com/gtag/js?id=G-NZW1QTHKBB:936:387\n    at https://www.googletagmanager.com/gtag/js?id=G-NZW1QTHKBB:942:3":true,"Error: FPDCallerTracker\n    at Date.replacementF (chrome-extension://bbogkpojpmdnlonjjogfkaclifmgnbfe/1a73144a-6792-4b89-ac71-986ad58dbf07:4039:11)\n    at Date.replacementF (chrome-extension://bbogkpojpmdnlonjjogfkaclifmgnbfe/1a73144a-6792-4b89-ac71-986ad58dbf07:4059:41)\n    at Object.apply (chrome-extension://bbogkpojpmdnlonjjogfkaclifmgnbfe/1a73144a-6792-4b89-ac71-986ad58dbf07:405:25)\n    at rb (https://www.googletagmanager.com/gtag/js?id=G-NZW1QTHKBB:191:191)\n    at sb (https://www.googletagmanager.com/gtag/js?id=G-NZW1QTHKBB:191:219)\n    at Object.e [as execute] (https://www.googletagmanager.com/gtag/js?id=G-NZW1QTHKBB:669:205)\n    at JA (https://www.googletagmanager.com/gtag/js?id=G-NZW1QTHKBB:670:861)\n    at NA (https://www.googletagmanager.com/gtag/js?id=G-NZW1QTHKBB:675:119)\n    at HB (https://www.googletagmanager.com/gtag/js?id=G-NZW1QTHKBB:691:273)\n    at KB (https://www.googletagmanager.com/gtag/js?id=G-NZW1QTHKBB:694:9)":true,"Error: FPDCallerTracker\n    at Date.replacementF (chrome-extension://bbogkpojpmdnlonjjogfkaclifmgnbfe/1a73144a-6792-4b89-ac71-986ad58dbf07:4039:11)\n    at Date.replacementF (chrome-extension://bbogkpojpmdnlonjjogfkaclifmgnbfe/1a73144a-6792-4b89-ac71-986ad58dbf07:4059:41)\n    at Object.apply (chrome-extension://bbogkpojpmdnlonjjogfkaclifmgnbfe/1a73144a-6792-4b89-ac71-986ad58dbf07:405:25)\n    at rb (https://www.googletagmanager.com/gtag/js?id=G-NZW1QTHKBB:191:191)\n    at sb (https://www.googletagmanager.com/gtag/js?id=G-NZW1QTHKBB:191:219)\n    at new Ip (https://www.googletagmanager.com/gtag/js?id=G-NZW1QTHKBB:432:125)\n    at Jp.push (https://www.googletagmanager.com/gtag/js?id=G-NZW1QTHKBB:435:302)\n    at config (https://www.googletagmanager.com/gtag/js?id=G-NZW1QTHKBB:685:56)\n    at KB (https://www.googletagmanager.com/gtag/js?id=G-NZW1QTHKBB:693:471)\n    at MB (https://www.googletagmanager.com/gtag/js?id=G-NZW1QTHKBB:695:44)":true,"Error: FPDCallerTracker\n    at Date.replacementF (chrome-extension://bbogkpojpmdnlonjjogfkaclifmgnbfe/1a73144a-6792-4b89-ac71-986ad58dbf07:4039:11)\n    at Date.replacementF (chrome-extension://bbogkpojpmdnlonjjogfkaclifmgnbfe/1a73144a-6792-4b89-ac71-986ad58dbf07:4059:41)\n    at Object.apply (chrome-extension://bbogkpojpmdnlonjjogfkaclifmgnbfe/1a73144a-6792-4b89-ac71-986ad58dbf07:405:25)\n    at rb (https://www.googletagmanager.com/gtag/js?id=G-NZW1QTHKBB:191:191)\n    at sb (https://www.googletagmanager.com/gtag/js?id=G-NZW1QTHKBB:191:219)\n    at UJ (https://www.googletagmanager.com/gtag/js?id=G-NZW1QTHKBB:793:691)\n    at https://www.googletagmanager.com/gtag/js?id=G-NZW1QTHKBB:793:636\n    at io (https://www.googletagmanager.com/gtag/js?id=G-NZW1QTHKBB:418:503)\n    at VJ (https://www.googletagmanager.com/gtag/js?id=G-NZW1QTHKBB:793:609)\n    at h.Gn (https://www.googletagmanager.com/gtag/js?id=G-NZW1QTHKBB:831:243)":true,"Error: FPDCallerTracker\n    at Date.replacementF (chrome-extension://bbogkpojpmdnlonjjogfkaclifmgnbfe/1a73144a-6792-4b89-ac71-986ad58dbf07:4039:11)\n    at Date.replacementF (chrome-extension://bbogkpojpmdnlonjjogfkaclifmgnbfe/1a73144a-6792-4b89-ac71-986ad58dbf07:4059:41)\n    at Object.apply (chrome-extension://bbogkpojpmdnlonjjogfkaclifmgnbfe/1a73144a-6792-4b89-ac71-986ad58dbf07:405:25)\n    at rb (https://www.googletagmanager.com/gtag/js?id=G-NZW1QTHKBB:191:191)\n    at sb (https://www.googletagmanager.com/gtag/js?id=G-NZW1QTHKBB:191:219)\n    at https://www.googletagmanager.com/gtag/js?id=G-NZW1QTHKBB:793:742\n    at VJ (https://www.googletagmanager.com/gtag/js?id=G-NZW1QTHKBB:793:642)\n    at h.Gn (https://www.googletagmanager.com/gtag/js?id=G-NZW1QTHKBB:831:243)\n    at https://www.googletagmanager.com/gtag/js?id=G-NZW1QTHKBB:829:524\n    at ym (https://www.googletagmanager.com/gtag/js?id=G-NZW1QTHKBB:407:150)":true,"Error: FPDCallerTracker\n    at Date.replacementF (chrome-extension://bbogkpojpmdnlonjjogfkaclifmgnbfe/1a73144a-6792-4b89-ac71-986ad58dbf07:4039:11)\n    at Date.replacementF (chrome-extension://bbogkpojpmdnlonjjogfkaclifmgnbfe/1a73144a-6792-4b89-ac71-986ad58dbf07:4059:41)\n    at Object.apply (chrome-extension://bbogkpojpmdnlonjjogfkaclifmgnbfe/1a73144a-6792-4b89-ac71-986ad58dbf07:405:25)\n    at rb (https://www.googletagmanager.com/gtag/js?id=G-NZW1QTHKBB:191:191)\n    at sb (https://www.googletagmanager.com/gtag/js?id=G-NZW1QTHKBB:191:219)\n    at Object.start (https://www.googletagmanager.com/gtag/js?id=G-NZW1QTHKBB:781:58)\n    at h.Hi (https://www.googletagmanager.com/gtag/js?id=G-NZW1QTHKBB:782:362)\n    at h.Sl (https://www.googletagmanager.com/gtag/js?id=G-NZW1QTHKBB:782:247)\n    at h.Tl (https://www.googletagmanager.com/gtag/js?id=G-NZW1QTHKBB:834:402)\n    at h.Gn (https://www.googletagmanager.com/gtag/js?id=G-NZW1QTHKBB:831:389)":true,"Error: FPDCallerTracker\n    at Date.replacementF (chrome-extension://bbogkpojpmdnlonjjogfkaclifmgnbfe/1a73144a-6792-4b89-ac71-986ad58dbf07:4039:11)\n    at Date.replacementF (chrome-extension://bbogkpojpmdnlonjjogfkaclifmgnbfe/1a73144a-6792-4b89-ac71-986ad58dbf07:4059:41)\n    at Object.apply (chrome-extension://bbogkpojpmdnlonjjogfkaclifmgnbfe/1a73144a-6792-4b89-ac71-986ad58dbf07:405:25)\n    at rb (https://www.googletagmanager.com/gtag/js?id=G-NZW1QTHKBB:191:191)\n    at sb (https://www.googletagmanager.com/gtag/js?id=G-NZW1QTHKBB:191:219)\n    at Object.get (https://www.googletagmanager.com/gtag/js?id=G-NZW1QTHKBB:781:128)\n    at h.Dg (https://www.googletagmanager.com/gtag/js?id=G-NZW1QTHKBB:783:111)\n    at h.Wn (https://www.googletagmanager.com/gtag/js?id=G-NZW1QTHKBB:782:399)\n    at h.Gn (https://www.googletagmanager.com/gtag/js?id=G-NZW1QTHKBB:831:402)\n    at https://www.googletagmanager.com/gtag/js?id=G-NZW1QTHKBB:829:524":true,"Error: FPDCallerTracker\n    at Date.replacementF (chrome-extension://bbogkpojpmdnlonjjogfkaclifmgnbfe/1a73144a-6792-4b89-ac71-986ad58dbf07:4039:11)\n    at Date.replacementF (chrome-extension://bbogkpojpmdnlonjjogfkaclifmgnbfe/1a73144a-6792-4b89-ac71-986ad58dbf07:4059:41)\n    at Object.apply (chrome-extension://bbogkpojpmdnlonjjogfkaclifmgnbfe/1a73144a-6792-4b89-ac71-986ad58dbf07:405:25)\n    at rb (https://www.googletagmanager.com/gtag/js?id=G-NZW1QTHKBB:191:191)\n    at sb (https://www.googletagmanager.com/gtag/js?id=G-NZW1QTHKBB:191:219)\n    at Ts (https://www.googletagmanager.com/gtag/js?id=G-NZW1QTHKBB:503:64)\n    at Ss (https://www.googletagmanager.com/gtag/js?id=G-NZW1QTHKBB:501:175)\n    at Us (https://www.googletagmanager.com/gtag/js?id=G-NZW1QTHKBB:502:16)\n    at au (https://www.googletagmanager.com/gtag/js?id=G-NZW1QTHKBB:538:165)\n    at zL (https://www.googletagmanager.com/gtag/js?id=G-NZW1QTHKBB:836:486)":true,"Error: FPDCallerTracker\n    at Date.replacementF (chrome-extension://bbogkpojpmdnlonjjogfkaclifmgnbfe/1a73144a-6792-4b89-ac71-986ad58dbf07:4039:11)\n    at Date.replacementF (chrome-extension://bbogkpojpmdnlonjjogfkaclifmgnbfe/1a73144a-6792-4b89-ac71-986ad58dbf07:4059:41)\n    at Object.apply (chrome-extension://bbogkpojpmdnlonjjogfkaclifmgnbfe/1a73144a-6792-4b89-ac71-986ad58dbf07:405:25)\n    at rb (https://www.googletagmanager.com/gtag/js?id=G-NZW1QTHKBB:191:191)\n    at sb (https://www.googletagmanager.com/gtag/js?id=G-NZW1QTHKBB:191:219)\n    at Xq (https://www.googletagmanager.com/gtag/js?id=G-NZW1QTHKBB:467:605)\n    at cL (https://www.googletagmanager.com/gtag/js?id=G-NZW1QTHKBB:822:407)\n    at h.Gn (https://www.googletagmanager.com/gtag/js?id=G-NZW1QTHKBB:832:27)\n    at https://www.googletagmanager.com/gtag/js?id=G-NZW1QTHKBB:829:524\n    at ym (https://www.googletagmanager.com/gtag/js?id=G-NZW1QTHKBB:407:150)":true,"Error: FPDCallerTracker\n    at Date.replacementF (chrome-extension://bbogkpojpmdnlonjjogfkaclifmgnbfe/1a73144a-6792-4b89-ac71-986ad58dbf07:4039:11)\n    at Date.replacementF (chrome-extension://bbogkpojpmdnlonjjogfkaclifmgnbfe/1a73144a-6792-4b89-ac71-986ad58dbf07:4059:41)\n    at Object.apply (chrome-extension://bbogkpojpmdnlonjjogfkaclifmgnbfe/1a73144a-6792-4b89-ac71-986ad58dbf07:405:25)\n    at rb (https://www.googletagmanager.com/gtag/js?id=G-NZW1QTHKBB:191:191)\n    at sb (https://www.googletagmanager.com/gtag/js?id=G-NZW1QTHKBB:191:219)\n    at Object.get (https://www.googletagmanager.com/gtag/js?id=G-NZW1QTHKBB:781:128)\n    at h.Dg (https://www.googletagmanager.com/gtag/js?id=G-NZW1QTHKBB:783:111)\n    at h.Hi (https://www.googletagmanager.com/gtag/js?id=G-NZW1QTHKBB:782:323)\n    at h.Xm (https://www.googletagmanager.com/gtag/js?id=G-NZW1QTHKBB:782:458)\n    at cL (https://www.googletagmanager.com/gtag/js?id=G-NZW1QTHKBB:823:495)":true,"Error: FPDCallerTracker\n    at Date.replacementF (chrome-extension://bbogkpojpmdnlonjjogfkaclifmgnbfe/1a73144a-6792-4b89-ac71-986ad58dbf07:4039:11)\n    at Date.replacementF (chrome-extension://bbogkpojpmdnlonjjogfkaclifmgnbfe/1a73144a-6792-4b89-ac71-986ad58dbf07:4059:41)\n    at Object.apply (chrome-extension://bbogkpojpmdnlonjjogfkaclifmgnbfe/1a73144a-6792-4b89-ac71-986ad58dbf07:405:25)\n    at rb (https://www.googletagmanager.com/gtag/js?id=G-NZW1QTHKBB:191:191)\n    at sb (https://www.googletagmanager.com/gtag/js?id=G-NZW1QTHKBB:191:219)\n    at Object.start (https://www.googletagmanager.com/gtag/js?id=G-NZW1QTHKBB:781:58)\n    at h.Hi (https://www.googletagmanager.com/gtag/js?id=G-NZW1QTHKBB:782:362)\n    at h.Xm (https://www.googletagmanager.com/gtag/js?id=G-NZW1QTHKBB:782:458)\n    at cL (https://www.googletagmanager.com/gtag/js?id=G-NZW1QTHKBB:823:495)\n    at h.Gn (https://www.googletagmanager.com/gtag/js?id=G-NZW1QTHKBB:832:27)":true,"Error: FPDCallerTracker\n    at Date.replacementF (chrome-extension://bbogkpojpmdnlonjjogfkaclifmgnbfe/1a73144a-6792-4b89-ac71-986ad58dbf07:4039:11)\n    at Date.replacementF (chrome-extension://bbogkpojpmdnlonjjogfkaclifmgnbfe/1a73144a-6792-4b89-ac71-986ad58dbf07:4059:41)\n    at Object.apply (chrome-extension://bbogkpojpmdnlonjjogfkaclifmgnbfe/1a73144a-6792-4b89-ac71-986ad58dbf07:405:25)\n    at rb (https://www.googletagmanager.com/gtag/js?id=G-NZW1QTHKBB:191:191)\n    at sb (https://www.googletagmanager.com/gtag/js?id=G-NZW1QTHKBB:191:219)\n    at FJ (https://www.googletagmanager.com/gtag/js?id=G-NZW1QTHKBB:786:445)\n    at bL (https://www.googletagmanager.com/gtag/js?id=G-NZW1QTHKBB:822:52)\n    at h.Gn (https://www.googletagmanager.com/gtag/js?id=G-NZW1QTHKBB:832:430)\n    at https://www.googletagmanager.com/gtag/js?id=G-NZW1QTHKBB:829:524\n    at ym (https://www.googletagmanager.com/gtag/js?id=G-NZW1QTHKBB:407:150)":true,"Error: FPDCallerTracker\n    at Date.replacementF (chrome-extension://bbogkpojpmdnlonjjogfkaclifmgnbfe/1a73144a-6792-4b89-ac71-986ad58dbf07:4039:11)\n    at Date.replacementF (chrome-extension://bbogkpojpmdnlonjjogfkaclifmgnbfe/1a73144a-6792-4b89-ac71-986ad58dbf07:4059:41)\n    at Object.apply (chrome-extension://bbogkpojpmdnlonjjogfkaclifmgnbfe/1a73144a-6792-4b89-ac71-986ad58dbf07:405:25)\n    at rb (https://www.googletagmanager.com/gtag/js?id=G-NZW1QTHKBB:191:191)\n    at sb (https://www.googletagmanager.com/gtag/js?id=G-NZW1QTHKBB:191:219)\n    at $q (https://www.googletagmanager.com/gtag/js?id=G-NZW1QTHKBB:467:844)\n    at wJ (https://www.googletagmanager.com/gtag/js?id=G-NZW1QTHKBB:785:75)\n    at xJ (https://www.googletagmanager.com/gtag/js?id=G-NZW1QTHKBB:784:222)\n    at bL (https://www.googletagmanager.com/gtag/js?id=G-NZW1QTHKBB:822:127)\n    at h.Gn (https://www.googletagmanager.com/gtag/js?id=G-NZW1QTHKBB:832:430)":true,"Error: FPDCallerTracker\n    at Date.replacementF (chrome-extension://bbogkpojpmdnlonjjogfkaclifmgnbfe/1a73144a-6792-4b89-ac71-986ad58dbf07:4039:11)\n    at Date.replacementF (chrome-extension://bbogkpojpmdnlonjjogfkaclifmgnbfe/1a73144a-6792-4b89-ac71-986ad58dbf07:4059:41)\n    at Object.apply (chrome-extension://bbogkpojpmdnlonjjogfkaclifmgnbfe/1a73144a-6792-4b89-ac71-986ad58dbf07:405:25)\n    at rb (https://www.googletagmanager.com/gtag/js?id=G-NZW1QTHKBB:191:191)\n    at sb (https://www.googletagmanager.com/gtag/js?id=G-NZW1QTHKBB:191:219)\n    at Object.get (https://www.googletagmanager.com/gtag/js?id=G-NZW1QTHKBB:781:128)\n    at h.Dg (https://www.googletagmanager.com/gtag/js?id=G-NZW1QTHKBB:783:111)\n    at h.Hi (https://www.googletagmanager.com/gtag/js?id=G-NZW1QTHKBB:782:323)\n    at h.Gn (https://www.googletagmanager.com/gtag/js?id=G-NZW1QTHKBB:833:11)\n    at https://www.googletagmanager.com/gtag/js?id=G-NZW1QTHKBB:829:524":true,"Error: FPDCallerTracker\n    at Date.replacementF (chrome-extension://bbogkpojpmdnlonjjogfkaclifmgnbfe/1a73144a-6792-4b89-ac71-986ad58dbf07:4039:11)\n    at Date.replacementF (chrome-extension://bbogkpojpmdnlonjjogfkaclifmgnbfe/1a73144a-6792-4b89-ac71-986ad58dbf07:4059:41)\n    at Object.apply (chrome-extension://bbogkpojpmdnlonjjogfkaclifmgnbfe/1a73144a-6792-4b89-ac71-986ad58dbf07:405:25)\n    at rb (https://www.googletagmanager.com/gtag/js?id=G-NZW1QTHKBB:191:191)\n    at sb (https://www.googletagmanager.com/gtag/js?id=G-NZW1QTHKBB:191:219)\n    at Object.start (https://www.googletagmanager.com/gtag/js?id=G-NZW1QTHKBB:781:58)\n    at h.Hi (https://www.googletagmanager.com/gtag/js?id=G-NZW1QTHKBB:782:362)\n    at h.Gn (https://www.googletagmanager.com/gtag/js?id=G-NZW1QTHKBB:833:11)\n    at https://www.googletagmanager.com/gtag/js?id=G-NZW1QTHKBB:829:524\n    at ym (https://www.googletagmanager.com/gtag/js?id=G-NZW1QTHKBB:407:150)":true,"Error: FPDCallerTracker\n    at Date.replacementF (chrome-extension://bbogkpojpmdnlonjjogfkaclifmgnbfe/1a73144a-6792-4b89-ac71-986ad58dbf07:4039:11)\n    at Date.replacementF (chrome-extension://bbogkpojpmdnlonjjogfkaclifmgnbfe/1a73144a-6792-4b89-ac71-986ad58dbf07:4059:41)\n    at Object.apply (chrome-extension://bbogkpojpmdnlonjjogfkaclifmgnbfe/1a73144a-6792-4b89-ac71-986ad58dbf07:405:25)\n    at rb (https://www.googletagmanager.com/gtag/js?id=G-NZW1QTHKBB:191:191)\n    at sb (https://www.googletagmanager.com/gtag/js?id=G-NZW1QTHKBB:191:219)\n    at Object.get (https://www.googletagmanager.com/gtag/js?id=G-NZW1QTHKBB:781:128)\n    at Object.stop (https://www.googletagmanager.com/gtag/js?id=G-NZW1QTHKBB:781:87)\n    at https://www.googletagmanager.com/gtag/js?id=G-NZW1QTHKBB:781:410":true,"Error: FPDCallerTracker\n    at Date.replacementF (chrome-extension://bbogkpojpmdnlonjjogfkaclifmgnbfe/1a73144a-6792-4b89-ac71-986ad58dbf07:4039:11)\n    at Date.replacementF (chrome-extension://bbogkpojpmdnlonjjogfkaclifmgnbfe/1a73144a-6792-4b89-ac71-986ad58dbf07:4059:41)\n    at Object.apply (chrome-extension://bbogkpojpmdnlonjjogfkaclifmgnbfe/1a73144a-6792-4b89-ac71-986ad58dbf07:405:25)\n    at rb (https://www.googletagmanager.com/gtag/js?id=G-NZW1QTHKBB:191:191)\n    at sb (https://www.googletagmanager.com/gtag/js?id=G-NZW1QTHKBB:191:219)\n    at Object.start (https://www.googletagmanager.com/gtag/js?id=G-NZW1QTHKBB:781:58)\n    at https://www.googletagmanager.com/gtag/js?id=G-NZW1QTHKBB:781:434":true,"Error: FPDCallerTracker\n    at Date.replacementF (chrome-extension://bbogkpojpmdnlonjjogfkaclifmgnbfe/1a73144a-6792-4b89-ac71-986ad58dbf07:4039:11)\n    at Date.replacementF (chrome-extension://bbogkpojpmdnlonjjogfkaclifmgnbfe/1a73144a-6792-4b89-ac71-986ad58dbf07:4059:41)\n    at Object.apply (chrome-extension://bbogkpojpmdnlonjjogfkaclifmgnbfe/1a73144a-6792-4b89-ac71-986ad58dbf07:405:25)\n    at rb (https://www.googletagmanager.com/gtag/js?id=G-NZW1QTHKBB:191:191)\n    at sb (https://www.googletagmanager.com/gtag/js?id=G-NZW1QTHKBB:191:219)\n    at x.vtp_gtmOnSuccess (https://www.googletagmanager.com/gtag/js?id=G-NZW1QTHKBB:668:372)":true,"Error: FPDCallerTracker\n    at Date.replacementF (chrome-extension://bbogkpojpmdnlonjjogfkaclifmgnbfe/1a73144a-6792-4b89-ac71-986ad58dbf07:4039:11)\n    at Date.replacementF (chrome-extension://bbogkpojpmdnlonjjogfkaclifmgnbfe/1a73144a-6792-4b89-ac71-986ad58dbf07:4059:41)\n    at Object.apply (chrome-extension://bbogkpojpmdnlonjjogfkaclifmgnbfe/1a73144a-6792-4b89-ac71-986ad58dbf07:405:25)\n    at rb (https://www.googletagmanager.com/gtag/js?id=G-NZW1QTHKBB:191:191)\n    at sb (https://www.googletagmanager.com/gtag/js?id=G-NZW1QTHKBB:191:219)\n    at new Ip (https://www.googletagmanager.com/gtag/js?id=G-NZW1QTHKBB:432:125)\n    at Jp.push (https://www.googletagmanager.com/gtag/js?id=G-NZW1QTHKBB:435:302)\n    at Cp (https://www.googletagmanager.com/gtag/js?id=G-NZW1QTHKBB:431:540)\n    at event (https://www.googletagmanager.com/gtag/js?id=G-NZW1QTHKBB:687:104)\n    at KB (https://www.googletagmanager.com/gtag/js?id=G-NZW1QTHKBB:693:471)":true,"Error: FPDCallerTracker\n    at Date.replacementF (chrome-extension://bbogkpojpmdnlonjjogfkaclifmgnbfe/1a73144a-6792-4b89-ac71-986ad58dbf07:4039:11)\n    at Date.replacementF (chrome-extension://bbogkpojpmdnlonjjogfkaclifmgnbfe/1a73144a-6792-4b89-ac71-986ad58dbf07:4059:41)\n    at Object.apply (chrome-extension://bbogkpojpmdnlonjjogfkaclifmgnbfe/1a73144a-6792-4b89-ac71-986ad58dbf07:405:25)\n    at rb (https://www.googletagmanager.com/gtag/js?id=G-NZW1QTHKBB:191:191)\n    at sb (https://www.googletagmanager.com/gtag/js?id=G-NZW1QTHKBB:191:219)\n    at Object.get (https://www.googletagmanager.com/gtag/js?id=G-NZW1QTHKBB:781:128)\n    at h.Dg (https://www.googletagmanager.com/gtag/js?id=G-NZW1QTHKBB:783:111)\n    at h.Pm (https://www.googletagmanager.com/gtag/js?id=G-NZW1QTHKBB:783:67)\n    at cL (https://www.googletagmanager.com/gtag/js?id=G-NZW1QTHKBB:823:511)\n    at h.Gn (https://www.googletagmanager.com/gtag/js?id=G-NZW1QTHKBB:832:27)":true}}},"Navigator.prototype.language":{"get":{"args":{"":2},"total":2,"callers":{"Error: FPDCallerTracker\n    at Navigator.replacementPD (chrome-extension://bbogkpojpmdnlonjjogfkaclifmgnbfe/1a73144a-6792-4b89-ac71-986ad58dbf07:1026:11)\n    at Object.apply (chrome-extension://bbogkpojpmdnlonjjogfkaclifmgnbfe/1a73144a-6792-4b89-ac71-986ad58dbf07:405:25)\n    at EL (https://www.googletagmanager.com/gtag/js?id=G-NZW1QTHKBB:840:385)\n    at h.Gn (https://www.googletagmanager.com/gtag/js?id=G-NZW1QTHKBB:832:77)\n    at https://www.googletagmanager.com/gtag/js?id=G-NZW1QTHKBB:829:524\n    at ym (https://www.googletagmanager.com/gtag/js?id=G-NZW1QTHKBB:407:150)\n    at $n (https://www.googletagmanager.com/gtag/js?id=G-NZW1QTHKBB:417:432)\n    at https://www.googletagmanager.com/gtag/js?id=G-NZW1QTHKBB:829:508\n    at c (https://www.googletagmanager.com/gtag/js?id=G-NZW1QTHKBB:595:21)\n    at lx (https://www.googletagmanager.com/gtag/js?id=G-NZW1QTHKBB:595:52)":true}}},"Screen.prototype.width":{"get":{"args":{"":2},"total":2,"callers":{"Error: FPDCallerTracker\n    at Screen.replacementPD (chrome-extension://bbogkpojpmdnlonjjogfkaclifmgnbfe/1a73144a-6792-4b89-ac71-986ad58dbf07:2246:11)\n    at Object.apply (chrome-extension://bbogkpojpmdnlonjjogfkaclifmgnbfe/1a73144a-6792-4b89-ac71-986ad58dbf07:405:25)\n    at ov (https://www.googletagmanager.com/gtag/js?id=G-NZW1QTHKBB:559:223)\n    at EL (https://www.googletagmanager.com/gtag/js?id=G-NZW1QTHKBB:840:420)\n    at h.Gn (https://www.googletagmanager.com/gtag/js?id=G-NZW1QTHKBB:832:77)\n    at https://www.googletagmanager.com/gtag/js?id=G-NZW1QTHKBB:829:524\n    at ym (https://www.googletagmanager.com/gtag/js?id=G-NZW1QTHKBB:407:150)\n    at $n (https://www.googletagmanager.com/gtag/js?id=G-NZW1QTHKBB:417:432)\n    at https://www.googletagmanager.com/gtag/js?id=G-NZW1QTHKBB:829:508\n    at c (https://www.googletagmanager.com/gtag/js?id=G-NZW1QTHKBB:595:21)":true}}},"Screen.prototype.height":{"get":{"args":{"":2},"total":2,"callers":{"Error: FPDCallerTracker\n    at Screen.replacementPD (chrome-extension://bbogkpojpmdnlonjjogfkaclifmgnbfe/1a73144a-6792-4b89-ac71-986ad58dbf07:2190:11)\n    at Object.apply (chrome-extension://bbogkpojpmdnlonjjogfkaclifmgnbfe/1a73144a-6792-4b89-ac71-986ad58dbf07:405:25)\n    at ov (https://www.googletagmanager.com/gtag/js?id=G-NZW1QTHKBB:559:242)\n    at EL (https://www.googletagmanager.com/gtag/js?id=G-NZW1QTHKBB:840:420)\n    at h.Gn (https://www.googletagmanager.com/gtag/js?id=G-NZW1QTHKBB:832:77)\n    at https://www.googletagmanager.com/gtag/js?id=G-NZW1QTHKBB:829:524\n    at ym (https://www.googletagmanager.com/gtag/js?id=G-NZW1QTHKBB:407:150)\n    at $n (https://www.googletagmanager.com/gtag/js?id=G-NZW1QTHKBB:417:432)\n    at https://www.googletagmanager.com/gtag/js?id=G-NZW1QTHKBB:829:508\n    at c (https://www.googletagmanager.com/gtag/js?id=G-NZW1QTHKBB:595:21)":true}}},"Performance.prototype.now":{"call":{"args":{"":1},"total":1,"callers":{"Error: FPDCallerTracker\n    at Performance.replacementF (chrome-extension://bbogkpojpmdnlonjjogfkaclifmgnbfe/1a73144a-6792-4b89-ac71-986ad58dbf07:3989:11)\n    at Performance.replacementF (chrome-extension://bbogkpojpmdnlonjjogfkaclifmgnbfe/1a73144a-6792-4b89-ac71-986ad58dbf07:4009:41)\n    at Object.apply (chrome-extension://bbogkpojpmdnlonjjogfkaclifmgnbfe/1a73144a-6792-4b89-ac71-986ad58dbf07:405:25)\n    at Lc (https://www.googletagmanager.com/gtag/js?id=G-NZW1QTHKBB:211:224)\n    at BK (https://www.googletagmanager.com/gtag/js?id=G-NZW1QTHKBB:808:94)\n    at h.xb (https://www.googletagmanager.com/gtag/js?id=G-NZW1QTHKBB:812:412)\n    at h.add (https://www.googletagmanager.com/gtag/js?id=G-NZW1QTHKBB:815:42)\n    at h.qk (https://www.googletagmanager.com/gtag/js?id=G-NZW1QTHKBB:833:155)\n    at h.Gn (https://www.googletagmanager.com/gtag/js?id=G-NZW1QTHKBB:833:77)\n    at https://www.googletagmanager.com/gtag/js?id=G-NZW1QTHKBB:829:524":true}}}}}}