[
    {
        "time": 234962.236754,
        "requested_resource": "https://bazos.cz/",
        "initiator": {
            "type": "other"
        },
        "requested_for": "https://bazos.cz/"
    },
    {
        "time": 234962.568981,
        "requested_resource": "https://www.bazos.cz/",
        "initiator": {
            "type": "other"
        },
        "requested_for": "https://www.bazos.cz/"
    },
    {
        "time": 234962.762868,
        "requested_resource": "https://www.bazos.cz/bazos65hp.css",
        "initiator": {
            "columnNumber": 81,
            "lineNumber": 10,
            "type": "parser",
            "url": "https://www.bazos.cz/"
        },
        "requested_for": "https://www.bazos.cz/"
    },
    {
        "time": 234962.763017,
        "requested_resource": "https://www.bazos.cz/obrazky/bazos.svg",
        "initiator": {
            "columnNumber": 77,
            "lineNumber": 29,
            "type": "parser",
            "url": "https://www.bazos.cz/"
        },
        "requested_for": "https://www.bazos.cz/"
    },
    {
        "time": 234962.763061,
        "requested_resource": "https://www.bazos.cz/obrazky/zvirata.svg",
        "initiator": {
            "columnNumber": 392,
            "lineNumber": 169,
            "type": "parser",
            "url": "https://www.bazos.cz/"
        },
        "requested_for": "https://www.bazos.cz/"
    },
    {
        "time": 234962.763085,
        "requested_resource": "https://www.bazos.cz/obrazky/deti.svg",
        "initiator": {
            "columnNumber": 341,
            "lineNumber": 170,
            "type": "parser",
            "url": "https://www.bazos.cz/"
        },
        "requested_for": "https://www.bazos.cz/"
    },
    {
        "time": 234962.763103,
        "requested_resource": "https://www.bazos.cz/obrazky/reality.svg",
        "initiator": {
            "columnNumber": 361,
            "lineNumber": 171,
            "type": "parser",
            "url": "https://www.bazos.cz/"
        },
        "requested_for": "https://www.bazos.cz/"
    },
    {
        "time": 234962.763133,
        "requested_resource": "https://www.bazos.cz/obrazky/prace.svg",
        "initiator": {
            "columnNumber": 347,
            "lineNumber": 172,
            "type": "parser",
            "url": "https://www.bazos.cz/"
        },
        "requested_for": "https://www.bazos.cz/"
    },
    {
        "time": 234962.763151,
        "requested_resource": "https://www.bazos.cz/obrazky/auto.svg",
        "initiator": {
            "columnNumber": 379,
            "lineNumber": 175,
            "type": "parser",
            "url": "https://www.bazos.cz/"
        },
        "requested_for": "https://www.bazos.cz/"
    },
    {
        "time": 234962.763172,
        "requested_resource": "https://www.bazos.cz/obrazky/motorky.svg",
        "initiator": {
            "columnNumber": 368,
            "lineNumber": 176,
            "type": "parser",
            "url": "https://www.bazos.cz/"
        },
        "requested_for": "https://www.bazos.cz/"
    },
    {
        "time": 234962.763192,
        "requested_resource": "https://www.bazos.cz/obrazky/stroje.svg",
        "initiator": {
            "columnNumber": 373,
            "lineNumber": 177,
            "type": "parser",
            "url": "https://www.bazos.cz/"
        },
        "requested_for": "https://www.bazos.cz/"
    },
    {
        "time": 234962.763212,
        "requested_resource": "https://www.bazos.cz/obrazky/dum.svg",
        "initiator": {
            "columnNumber": 354,
            "lineNumber": 178,
            "type": "parser",
            "url": "https://www.bazos.cz/"
        },
        "requested_for": "https://www.bazos.cz/"
    },
    {
        "time": 234962.76323,
        "requested_resource": "https://www.bazos.cz/obrazky/pc.svg",
        "initiator": {
            "columnNumber": 328,
            "lineNumber": 181,
            "type": "parser",
            "url": "https://www.bazos.cz/"
        },
        "requested_for": "https://www.bazos.cz/"
    },
    {
        "time": 234962.763253,
        "requested_resource": "https://www.bazos.cz/obrazky/mobil.svg",
        "initiator": {
            "columnNumber": 393,
            "lineNumber": 182,
            "type": "parser",
            "url": "https://www.bazos.cz/"
        },
        "requested_for": "https://www.bazos.cz/"
    },
    {
        "time": 234962.763272,
        "requested_resource": "https://www.bazos.cz/obrazky/foto.svg",
        "initiator": {
            "columnNumber": 351,
            "lineNumber": 183,
            "type": "parser",
            "url": "https://www.bazos.cz/"
        },
        "requested_for": "https://www.bazos.cz/"
    },
    {
        "time": 234962.763292,
        "requested_resource": "https://www.bazos.cz/obrazky/elektro.svg",
        "initiator": {
            "columnNumber": 364,
            "lineNumber": 184,
            "type": "parser",
            "url": "https://www.bazos.cz/"
        },
        "requested_for": "https://www.bazos.cz/"
    },
    {
        "time": 234962.763311,
        "requested_resource": "https://www.bazos.cz/obrazky/sport.svg",
        "initiator": {
            "columnNumber": 341,
            "lineNumber": 187,
            "type": "parser",
            "url": "https://www.bazos.cz/"
        },
        "requested_for": "https://www.bazos.cz/"
    },
    {
        "time": 234962.763332,
        "requested_resource": "https://www.bazos.cz/obrazky/hudba.svg",
        "initiator": {
            "columnNumber": 348,
            "lineNumber": 188,
            "type": "parser",
            "url": "https://www.bazos.cz/"
        },
        "requested_for": "https://www.bazos.cz/"
    },
    {
        "time": 234962.763356,
        "requested_resource": "https://www.bazos.cz/obrazky/vstupenky.svg",
        "initiator": {
            "columnNumber": 378,
            "lineNumber": 189,
            "type": "parser",
            "url": "https://www.bazos.cz/"
        },
        "requested_for": "https://www.bazos.cz/"
    },
    {
        "time": 234962.763375,
        "requested_resource": "https://www.bazos.cz/obrazky/knihy.svg",
        "initiator": {
            "columnNumber": 346,
            "lineNumber": 190,
            "type": "parser",
            "url": "https://www.bazos.cz/"
        },
        "requested_for": "https://www.bazos.cz/"
    },
    {
        "time": 234962.76339,
        "requested_resource": "https://www.bazos.cz/obrazky/nabytek.svg",
        "initiator": {
            "columnNumber": 364,
            "lineNumber": 193,
            "type": "parser",
            "url": "https://www.bazos.cz/"
        },
        "requested_for": "https://www.bazos.cz/"
    },
    {
        "time": 234962.763408,
        "requested_resource": "https://www.bazos.cz/obrazky/obleceni.svg",
        "initiator": {
            "columnNumber": 414,
            "lineNumber": 194,
            "type": "parser",
            "url": "https://www.bazos.cz/"
        },
        "requested_for": "https://www.bazos.cz/"
    },
    {
        "time": 234962.76343,
        "requested_resource": "https://www.bazos.cz/obrazky/sluzby.svg",
        "initiator": {
            "columnNumber": 359,
            "lineNumber": 195,
            "type": "parser",
            "url": "https://www.bazos.cz/"
        },
        "requested_for": "https://www.bazos.cz/"
    },
    {
        "time": 234962.763451,
        "requested_resource": "https://www.bazos.cz/obrazky/ostatni.svg",
        "initiator": {
            "columnNumber": 379,
            "lineNumber": 196,
            "type": "parser",
            "url": "https://www.bazos.cz/"
        },
        "requested_for": "https://www.bazos.cz/"
    },
    {
        "time": 234962.763477,
        "requested_resource": "https://www.bazos.cz/cookie-consent.js",
        "initiator": {
            "columnNumber": 92,
            "lineNumber": 211,
            "type": "parser",
            "url": "https://www.bazos.cz/"
        },
        "requested_for": "https://www.bazos.cz/"
    },
    {
        "time": 234962.763509,
        "requested_resource": "https://www.googletagmanager.com/gtag/js?id=G-NZW1QTHKBB",
        "initiator": {
            "columnNumber": 77,
            "lineNumber": 220,
            "type": "parser",
            "url": "https://www.bazos.cz/"
        },
        "requested_for": "https://www.bazos.cz/"
    },
    {
        "time": 234963.26488,
        "requested_resource": "https://region1.google-analytics.com/g/collect?v=2&tid=G-NZW1QTHKBB&gtm=45je52k0v874447905za200&_p=1740222790234&gcs=G10-&gcd=13p3l3p2p5l1&npa=1&dma_cps=-&dma=1&tag_exp=101732279~101732281~102067808~102482433~102539968~102558064~102587591~102605417~102640600~102658453&cid=322750214.1740222791&ul=en-us&are=1&frm=0&pscdl=denied&_geo=1&_rdi=1&_s=1&sid=1740222790&sct=1&seg=0&dl=https%3A%2F%2Fwww.bazos.cz%2F&dt=Inzerce%2C%20inzer%C3%A1ty%2C%20bazar%20-%20Bazos.cz&en=page_view&_fv=1&_nsi=1&_ss=1&_ee=1&tfd=1029",
        "initiator": {
            "stack": {
                "callFrames": [
                    {
                        "columnNumber": 285,
                        "functionName": "Ec",
                        "lineNumber": 209,
                        "scriptId": "20",
                        "url": "https://www.googletagmanager.com/gtag/js?id=G-NZW1QTHKBB"
                    }
                ]
            },
            "type": "script"
        },
        "requested_for": "https://www.bazos.cz/"
    },
    {
        "time": 234963.271107,
        "requested_resource": "https://www.bazos.cz/favicon.svg",
        "initiator": {
            "type": "other"
        },
        "requested_for": "https://www.bazos.cz/"
    },
    {
        "time": 234968.270113,
        "requested_resource": "https://region1.google-analytics.com/g/collect?v=2&tid=G-NZW1QTHKBB&gtm=45je52k0v874447905za200&_p=1740222790234&gcs=G10-&gcd=13p3l3p2p5l1&npa=1&dma_cps=-&dma=1&tag_exp=101732279~101732281~102067808~102482433~102539968~102558064~102587591~102605417~102640600~102658453&cid=322750214.1740222791&ul=en-us&are=1&frm=0&pscdl=denied&_eu=AEA&_geo=1&_rdi=1&_s=2&sid=1740222790&sct=1&seg=0&dl=https%3A%2F%2Fwww.bazos.cz%2F&dt=Inzerce%2C%20inzer%C3%A1ty%2C%20bazar%20-%20Bazos.cz&en=scroll&epn.percent_scrolled=90&_et=3&tfd=6034",
        "initiator": {
            "stack": {
                "callFrames": [
                    {
                        "columnNumber": 285,
                        "functionName": "Ec",
                        "lineNumber": 209,
                        "scriptId": "20",
                        "url": "https://www.googletagmanager.com/gtag/js?id=G-NZW1QTHKBB"
                    }
                ]
            },
            "type": "script"
        },
        "requested_for": "https://www.bazos.cz/"
    }
]