{
    "google.com": {
        "accounts": {
            "A": [
                "142.250.102.84"
            ],
            "CNAME": []
        },
        "android.clients": {
            "A": [
                "142.251.37.110",
                "142.251.36.110",
                "142.251.36.142",
                "142.251.36.78"
            ],
            "CNAME": [
                "android.l.google.com"
            ]
        },
        "android.l": {
            "A": [
                "142.251.37.110",
                "142.251.36.110",
                "142.251.36.142",
                "142.251.36.78"
            ],
            "CNAME": []
        },
        "mtalk": {
            "A": [
                "142.251.18.188"
            ],
            "CNAME": []
        },
        "region1.analytics": {
            "A": [
                "216.239.34.36",
                "216.239.32.36"
            ],
            "CNAME": []
        },
        "youtube-ui.l": {
            "A": [
                "142.251.36.110",
                "142.251.36.78",
                "142.251.37.110",
                "142.251.36.142"
            ],
            "CNAME": []
        },
        "www": {
            "A": [
                "142.251.36.132"
            ],
            "CNAME": []
        },
        "play": {
            "A": [
                "142.251.36.142"
            ],
            "CNAME": []
        }
    },
    "google-analytics.com": {
        "www": {
            "A": [
                "142.251.37.110"
            ],
            "CNAME": []
        }
    },
    "googletagmanager.com": {
        "www": {
            "A": [
                "142.251.36.104"
            ],
            "CNAME": []
        }
    },
    "cloudfront.net": {
        "d3qod4w6bj9f8h": {
            "A": [
                "65.9.95.23",
                "65.9.95.110",
                "65.9.95.91",
                "65.9.95.7"
            ],
            "CNAME": []
        },
        "d3f7zc5bbfci5": {
            "A": [
                "65.9.93.122"
            ],
            "CNAME": []
        }
    },
    "google.cz": {
        "www": {
            "A": [
                "142.251.36.67"
            ],
            "CNAME": []
        }
    },
    "doubleclick.net": {
        "stats.g": {
            "A": [
                "142.251.18.155",
                "142.251.18.157",
                "142.251.18.154",
                "142.251.18.156"
            ],
            "CNAME": []
        },
        "googleads.g": {
            "A": [
                "142.251.36.66"
            ],
            "CNAME": []
        },
        "td": {
            "A": [
                "142.251.36.98"
            ],
            "CNAME": []
        },
        "static": {
            "A": [
                "142.251.36.134"
            ],
            "CNAME": []
        }
    },
    "cc.cz": {
        "cc.cz": {
            "A": [
                "88.86.113.35"
            ],
            "CNAME": []
        }
    },
    "googleapis.com": {
        "fonts": {
            "A": [
                "142.251.36.138"
            ],
            "CNAME": []
        },
        "content-autofill": {
            "A": [
                "142.251.36.74",
                "142.251.37.106",
                "142.251.36.138",
                "142.251.36.106"
            ],
            "CNAME": []
        },
        "jnn-pa": {
            "A": [
                "142.251.36.106",
                "142.251.36.138",
                "142.251.37.106",
                "142.251.36.74"
            ],
            "CNAME": []
        }
    },
    "gstatic.com": {
        "fonts": {
            "A": [
                "142.251.37.99"
            ],
            "CNAME": []
        }
    },
    "jsdelivr.net": {
        "cdn": {
            "A": [
                "104.18.186.31",
                "104.18.187.31"
            ],
            "CNAME": [
                "cdn.jsdelivr.net.cdn.cloudflare.net"
            ]
        }
    },
    "cloudflare.net": {
        "cdn.jsdelivr.net.cdn": {
            "A": [
                "104.18.186.31",
                "104.18.187.31"
            ],
            "CNAME": []
        },
        "sdk.mrf.io.cdn": {
            "A": [
                "104.19.220.32",
                "104.19.219.32"
            ],
            "CNAME": []
        }
    },
    "mrf.io": {
        "sdk": {
            "A": [
                "104.19.220.32",
                "104.19.219.32"
            ],
            "CNAME": [
                "sdk.mrf.io.cdn.cloudflare.net"
            ]
        },
        "compassingest": {
            "A": [],
            "CNAME": [
                "lbingest.cl13.k8s.mrf.io"
            ]
        },
        "lbingest.cl13.k8s": {
            "A": [
                "91.134.5.195"
            ],
            "CNAME": []
        }
    },
    "googlesyndication.com": {
        "pagead2": {
            "A": [
                "142.251.36.98"
            ],
            "CNAME": []
        }
    },
    "chartbeat.com": {
        "static": {
            "A": [
                "65.9.93.122"
            ],
            "CNAME": [
                "d3f7zc5bbfci5.cloudfront.net"
            ]
        },
        "mab": {
            "A": [
                "199.232.18.202"
            ],
            "CNAME": [
                "dualstack.f6.shared.global.fastly.net"
            ]
        }
    },
    "youtube.com": {
        "www": {
            "A": [
                "142.251.36.110",
                "142.251.36.78",
                "142.251.37.110",
                "142.251.36.142"
            ],
            "CNAME": [
                "youtube-ui.l.google.com"
            ]
        }
    },
    "gemius.pl": {
        "spir.hit": {
            "A": [
                "141.95.47.54",
                "141.95.47.55",
                "141.95.47.56",
                "141.95.47.53"
            ],
            "CNAME": []
        },
        "ls.hit": {
            "A": [
                "146.59.30.104",
                "146.59.30.96",
                "146.59.30.100",
                "145.239.237.56"
            ],
            "CNAME": []
        }
    },
    "newsroom.bi": {
        "events": {
            "A": [
                "91.134.5.195"
            ],
            "CNAME": [
                "compassingest.mrf.io",
                "lbingest.cl13.k8s.mrf.io"
            ]
        }
    },
    "twitter.com": {
        "platform": {
            "A": [
                "199.232.40.157"
            ],
            "CNAME": [
                "platform.twitter.map.fastly.net"
            ]
        },
        "syndication": {
            "A": [
                "172.66.0.227"
            ],
            "CNAME": []
        }
    },
    "fastly.net": {
        "platform.twitter.map": {
            "A": [
                "199.232.40.157"
            ],
            "CNAME": []
        },
        "dualstack.f6.shared.global": {
            "A": [
                "199.232.18.202"
            ],
            "CNAME": []
        }
    },
    "chartbeat.net": {
        "ping": {
            "A": [
                "3.214.168.223",
                "52.204.173.47",
                "3.222.195.36",
                "18.232.239.44",
                "35.153.4.128",
                "54.161.162.60",
                "3.225.163.62",
                "54.210.125.184"
            ],
            "CNAME": []
        }
    },
    "seznam.cz": {
        "c": {
            "A": [
                "77.75.79.172",
                "77.75.77.172"
            ],
            "CNAME": []
        },
        "h": {
            "A": [
                "77.75.76.30",
                "77.75.78.30"
            ],
            "CNAME": []
        }
    },
    "adtrafficquality.google": {
        "ep1": {
            "A": [
                "142.251.36.130"
            ],
            "CNAME": []
        },
        "ep2": {
            "A": [
                "142.251.37.97"
            ],
            "CNAME": []
        }
    }
}