[
    {
        "time": 237560.701202,
        "requested_resource": "https://researchgate.net/",
        "initiator": {
            "type": "other"
        },
        "requested_for": "https://researchgate.net/"
    },
    {
        "time": 237560.756393,
        "requested_resource": "https://www.researchgate.net/",
        "initiator": {
            "type": "other"
        },
        "requested_for": "https://www.researchgate.net/"
    },
    {
        "time": 237561.122869,
        "requested_resource": "https://c5.rgstatic.net/m/4389871838312458/javascript/errorLogging/logger.js",
        "initiator": {
            "columnNumber": 136,
            "lineNumber": 8,
            "type": "parser",
            "url": "https://www.researchgate.net/"
        },
        "requested_for": "https://www.researchgate.net/"
    },
    {
        "time": 237561.123079,
        "requested_resource": "https://c5.rgstatic.net/javascript/bundles/runtime.6e47ae.js",
        "initiator": {
            "columnNumber": 252,
            "lineNumber": 8,
            "type": "parser",
            "url": "https://www.researchgate.net/"
        },
        "requested_for": "https://www.researchgate.net/"
    },
    {
        "time": 237561.123122,
        "requested_resource": "https://c5.rgstatic.net/javascript/bundles/polyfill.176e3b.js",
        "initiator": {
            "columnNumber": 369,
            "lineNumber": 8,
            "type": "parser",
            "url": "https://www.researchgate.net/"
        },
        "requested_for": "https://www.researchgate.net/"
    },
    {
        "time": 237561.123152,
        "requested_resource": "https://c5.rgstatic.net/styles/bundles/common.28c035.css",
        "initiator": {
            "columnNumber": 464,
            "lineNumber": 8,
            "type": "parser",
            "url": "https://www.researchgate.net/"
        },
        "requested_for": "https://www.researchgate.net/"
    },
    {
        "time": 237561.12319,
        "requested_resource": "https://c5.rgstatic.net/styles/bundles/bootstrap.72c981.css",
        "initiator": {
            "columnNumber": 562,
            "lineNumber": 8,
            "type": "parser",
            "url": "https://www.researchgate.net/"
        },
        "requested_for": "https://www.researchgate.net/"
    },
    {
        "time": 237561.123219,
        "requested_resource": "https://c5.rgstatic.net/javascript/bundles/common_rg.649d39.js",
        "initiator": {
            "columnNumber": 680,
            "lineNumber": 8,
            "type": "parser",
            "url": "https://www.researchgate.net/"
        },
        "requested_for": "https://www.researchgate.net/"
    },
    {
        "time": 237561.12325,
        "requested_resource": "https://c5.rgstatic.net/javascript/bundles/common_vendor.a36520.js",
        "initiator": {
            "columnNumber": 802,
            "lineNumber": 8,
            "type": "parser",
            "url": "https://www.researchgate.net/"
        },
        "requested_for": "https://www.researchgate.net/"
    },
    {
        "time": 237561.12327,
        "requested_resource": "https://c5.rgstatic.net/javascript/bundles/common.28c035.js",
        "initiator": {
            "columnNumber": 917,
            "lineNumber": 8,
            "type": "parser",
            "url": "https://www.researchgate.net/"
        },
        "requested_for": "https://www.researchgate.net/"
    },
    {
        "time": 237561.123293,
        "requested_resource": "https://c5.rgstatic.net/javascript/bundles/bootstrap.72c981.js",
        "initiator": {
            "columnNumber": 1035,
            "lineNumber": 8,
            "type": "parser",
            "url": "https://www.researchgate.net/"
        },
        "requested_for": "https://www.researchgate.net/"
    },
    {
        "time": 237561.123313,
        "requested_resource": "https://c5.rgstatic.net/m/477575392831009/styles/rg-base.css",
        "initiator": {
            "columnNumber": 1134,
            "lineNumber": 8,
            "type": "parser",
            "url": "https://www.researchgate.net/"
        },
        "requested_for": "https://www.researchgate.net/"
    },
    {
        "time": 237561.12339,
        "requested_resource": "https://c5.rgstatic.net/m/43485951709538458/styles/rg-nova-legacy.css",
        "initiator": {
            "columnNumber": 1242,
            "lineNumber": 8,
            "type": "parser",
            "url": "https://www.researchgate.net/"
        },
        "requested_for": "https://www.researchgate.net/"
    },
    {
        "time": 237561.123437,
        "requested_resource": "https://c5.rgstatic.net/styles/bundles/entrypoints/application/IndexContent.ea9e05.css",
        "initiator": {
            "columnNumber": 1367,
            "lineNumber": 8,
            "type": "parser",
            "url": "https://www.researchgate.net/"
        },
        "requested_for": "https://www.researchgate.net/"
    },
    {
        "time": 237561.123464,
        "requested_resource": "https://c5.rgstatic.net/styles/bundles/entrypoints/application/Index.3075de.css",
        "initiator": {
            "columnNumber": 1485,
            "lineNumber": 8,
            "type": "parser",
            "url": "https://www.researchgate.net/"
        },
        "requested_for": "https://www.researchgate.net/"
    },
    {
        "time": 237561.123494,
        "requested_resource": "https://c5.rgstatic.net/m/4377210183614584/fonts/roboto-v15-latin-400.woff2",
        "initiator": {
            "columnNumber": 1640,
            "lineNumber": 8,
            "type": "parser",
            "url": "https://www.researchgate.net/"
        },
        "requested_for": "https://www.researchgate.net/"
    },
    {
        "time": 237561.123522,
        "requested_resource": "https://c5.rgstatic.net/m/4263650741714552/fonts/roboto-v15-latin-700.woff2",
        "initiator": {
            "columnNumber": 1795,
            "lineNumber": 8,
            "type": "parser",
            "url": "https://www.researchgate.net/"
        },
        "requested_for": "https://www.researchgate.net/"
    },
    {
        "time": 237561.123549,
        "requested_resource": "https://www.researchgate.net/webfonts/css?family=Montserrat:regular,bold&display=swap",
        "initiator": {
            "columnNumber": 120,
            "lineNumber": 36,
            "type": "parser",
            "url": "https://www.researchgate.net/"
        },
        "requested_for": "https://www.researchgate.net/"
    },
    {
        "time": 237561.123871,
        "requested_resource": "https://c5.rgstatic.net/styles/bundles/entrypoints/application/GlobalFooterLoggedOut.598957.css",
        "initiator": {
            "columnNumber": 163,
            "lineNumber": 86,
            "type": "parser",
            "url": "https://www.researchgate.net/"
        },
        "requested_for": "https://www.researchgate.net/"
    },
    {
        "time": 237561.123942,
        "requested_resource": "https://c5.rgstatic.net/m/419438641133902/images/icons/svgicons/new-index-logo.svg",
        "initiator": {
            "columnNumber": 672,
            "lineNumber": 96,
            "type": "parser",
            "url": "https://www.researchgate.net/"
        },
        "requested_for": "https://www.researchgate.net/"
    },
    {
        "time": 237561.123975,
        "requested_resource": "https://www.researchgate.net/images/footer-hiring@2x.jpg",
        "initiator": {
            "columnNumber": 9648,
            "lineNumber": 96,
            "type": "parser",
            "url": "https://www.researchgate.net/"
        },
        "requested_for": "https://www.researchgate.net/"
    },
    {
        "time": 237561.124021,
        "requested_resource": "https://www.researchgate.net/images/footer-advertising@2x.jpg",
        "initiator": {
            "columnNumber": 10499,
            "lineNumber": 96,
            "type": "parser",
            "url": "https://www.researchgate.net/"
        },
        "requested_for": "https://www.researchgate.net/"
    },
    {
        "time": 237561.124051,
        "requested_resource": "https://www.researchgate.net/activeTriggers.js",
        "initiator": {
            "columnNumber": 108,
            "lineNumber": 103,
            "type": "parser",
            "url": "https://www.researchgate.net/"
        },
        "requested_for": "https://www.researchgate.net/"
    },
    {
        "time": 237561.12417,
        "requested_resource": "https://www.researchgate.net/header/tag.js",
        "initiator": {
            "columnNumber": 123,
            "lineNumber": 152,
            "type": "parser",
            "url": "https://www.researchgate.net/"
        },
        "requested_for": "https://www.researchgate.net/"
    },
    {
        "time": 237561.191069,
        "requested_resource": "https://www.researchgate.net/m/480852943890482/images/icons/nova/icon-stack-s.svg",
        "initiator": {
            "columnNumber": 3332,
            "lineNumber": 96,
            "type": "parser",
            "url": "https://www.researchgate.net/"
        },
        "requested_for": "https://www.researchgate.net/"
    },
    {
        "time": 237561.492081,
        "requested_resource": "https://www.googletagmanager.com/gtag/js?id=G-4P31SJ70EJ",
        "initiator": {
            "stack": {
                "callFrames": [
                    {
                        "columnNumber": 29,
                        "functionName": "",
                        "lineNumber": 122,
                        "scriptId": "25",
                        "url": "https://www.researchgate.net/"
                    }
                ]
            },
            "type": "script"
        },
        "requested_for": "https://www.researchgate.net/"
    },
    {
        "time": 237561.492455,
        "requested_resource": "https://www.google-analytics.com/analytics.js",
        "initiator": {
            "stack": {
                "callFrames": [
                    {
                        "columnNumber": 267,
                        "functionName": "",
                        "lineNumber": 131,
                        "scriptId": "26",
                        "url": "https://www.researchgate.net/"
                    }
                ]
            },
            "type": "script"
        },
        "requested_for": "https://www.researchgate.net/"
    },
    {
        "time": 237561.492714,
        "requested_resource": "https://www.googletagmanager.com/gtm.js?id=GTM-MKVKH7",
        "initiator": {
            "stack": {
                "callFrames": [
                    {
                        "columnNumber": 313,
                        "functionName": "",
                        "lineNumber": 151,
                        "scriptId": "29",
                        "url": "https://www.researchgate.net/"
                    }
                ]
            },
            "type": "script"
        },
        "requested_for": "https://www.researchgate.net/"
    },
    {
        "time": 237561.492861,
        "requested_resource": "https://www.researchgate.net/delivery/manager.js?qc=1",
        "initiator": {
            "stack": {
                "callFrames": [
                    {
                        "columnNumber": 485,
                        "functionName": "",
                        "lineNumber": 153,
                        "scriptId": "30",
                        "url": "https://www.researchgate.net/"
                    }
                ]
            },
            "type": "script"
        },
        "requested_for": "https://www.researchgate.net/"
    },
    {
        "time": 237561.50322,
        "requested_resource": "https://sdk.privacy-center.org/a2e452ad-6809-4db5-9e77-6612652fa329/loader.js?target_type=notice&target=eRtfgCjq",
        "initiator": {
            "stack": {
                "callFrames": [
                    {
                        "columnNumber": 2868,
                        "functionName": "",
                        "lineNumber": 1,
                        "scriptId": "20",
                        "url": "https://www.researchgate.net/header/tag.js"
                    }
                ]
            },
            "type": "script"
        },
        "requested_for": "https://www.researchgate.net/"
    },
    {
        "time": 237561.513966,
        "requested_resource": "https://c5.rgstatic.net/m/4108830164867639/images/index-hero@2x.jpg",
        "initiator": {
            "type": "parser",
            "url": "https://c5.rgstatic.net/styles/bundles/entrypoints/application/Index.3075de.css"
        },
        "requested_for": "https://www.researchgate.net/"
    },
    {
        "time": 237561.514233,
        "requested_resource": "https://c5.rgstatic.net/m/4224193134820206/images/index-discover.svg",
        "initiator": {
            "type": "parser",
            "url": "https://c5.rgstatic.net/styles/bundles/entrypoints/application/Index.3075de.css"
        },
        "requested_for": "https://www.researchgate.net/"
    },
    {
        "time": 237561.514418,
        "requested_resource": "https://c5.rgstatic.net/m/419123737069917/images/index-stats.svg",
        "initiator": {
            "type": "parser",
            "url": "https://c5.rgstatic.net/styles/bundles/entrypoints/application/Index.3075de.css"
        },
        "requested_for": "https://www.researchgate.net/"
    },
    {
        "time": 237561.51487,
        "requested_resource": "https://www.researchgate.net/webfonts/s/montserrat/v29/JTUSjIg1_i6t8kCHKm459Wlhyw.woff2",
        "initiator": {
            "type": "parser",
            "url": "https://www.researchgate.net/webfonts/css?family=Montserrat:regular,bold&display=swap"
        },
        "requested_for": "https://www.researchgate.net/"
    },
    {
        "time": 237561.580389,
        "requested_resource": "https://www.researchgate.net/go.BrowserFeatures.html?cssVariables=1&cssGrid=1",
        "initiator": {
            "stack": {
                "callFrames": [
                    {
                        "columnNumber": 46312,
                        "functionName": "trackFeatures",
                        "lineNumber": 34,
                        "scriptId": "37",
                        "url": "https://c5.rgstatic.net/javascript/bundles/bootstrap.72c981.js"
                    }
                ]
            },
            "type": "script"
        },
        "requested_for": "https://www.researchgate.net/"
    },
    {
        "time": 237561.601348,
        "requested_resource": "https://c5.rgstatic.net/javascript/bundles/entrypoints/application/Index.3075de.js",
        "initiator": {
            "stack": {
                "callFrames": [
                    {
                        "columnNumber": 39656,
                        "functionName": "",
                        "lineNumber": 34,
                        "scriptId": "37",
                        "url": "https://c5.rgstatic.net/javascript/bundles/bootstrap.72c981.js"
                    }
                ]
            },
            "type": "script"
        },
        "requested_for": "https://www.researchgate.net/"
    },
    {
        "time": 237561.601726,
        "requested_resource": "https://www.researchgate.net/cdn-cgi/challenge-platform/scripts/jsd/main.js",
        "initiator": {
            "stack": {
                "callFrames": [
                    {
                        "columnNumber": 406,
                        "functionName": "c",
                        "lineNumber": 184,
                        "scriptId": "32",
                        "url": "https://www.researchgate.net/"
                    }
                ]
            },
            "type": "script"
        },
        "requested_for": "about:blank"
    },
    {
        "time": 237561.61485,
        "requested_resource": "https://www.google-analytics.com/j/collect?v=1&_v=j101&aip=1&a=890449846&t=pageview&_s=1&dl=https%3A%2F%2Fwww.researchgate.net%2F&ul=en-us&de=UTF-8&dt=ResearchGate%20%7C%20Find%20and%20share%20research&sd=24-bit&sr=2560x1440&vp=1234x1172&je=0&_u=YEBAAAABAAAAAC~&jid=804773121&gjid=1399182482&cid=2057121757.1740225389&tid=UA-58591210-1&_gid=347073565.1740225389&_r=1&_slc=1&cd1=n%2Fa&cd3=Logged%20out&cd4=not%20lite-page&cd6=n%2Fa&cd7=n%2Fa&cd8=n%2Fa&cd9=n%2Fa&cd19=cache&z=680763873",
        "initiator": {
            "stack": {
                "callFrames": [
                    {
                        "columnNumber": 31,
                        "functionName": "wd",
                        "lineNumber": 35,
                        "scriptId": "39",
                        "url": "https://www.google-analytics.com/analytics.js"
                    }
                ]
            },
            "type": "script"
        },
        "requested_for": "https://www.researchgate.net/"
    },
    {
        "time": 237561.6179,
        "requested_resource": "https://www.researchgate.net/cdn-cgi/challenge-platform/h/b/scripts/jsd/b0e4a89976ce/main.js?",
        "initiator": {
            "columnNumber": 1,
            "lineNumber": 186,
            "type": "parser",
            "url": "https://www.researchgate.net/"
        },
        "requested_for": "about:blank"
    },
    {
        "time": 237561.693515,
        "requested_resource": "https://www.researchgate.net/cdn-cgi/challenge-platform/h/b/jsd/r/0.5386070814015314:1740222510:iazshNbQ65d0Krms0FWZDPRzj2D8tMGi3dS2ede1VYs/915ecb0a294cf992",
        "initiator": {
            "stack": {
                "callFrames": [
                    {
                        "columnNumber": 7267,
                        "functionName": "A",
                        "lineNumber": 0,
                        "scriptId": "42",
                        "url": "https://www.researchgate.net/cdn-cgi/challenge-platform/scripts/jsd/main.js"
                    }
                ]
            },
            "type": "script"
        },
        "requested_for": "about:blank"
    },
    {
        "time": 237561.741245,
        "requested_resource": "https://c5.rgstatic.net/javascript/delivery-manager/delivery-impl.1.216.0.js",
        "initiator": {
            "stack": {
                "callFrames": [
                    {
                        "columnNumber": 3135,
                        "functionName": "r",
                        "lineNumber": 0,
                        "scriptId": "43",
                        "url": "https://www.researchgate.net/delivery/manager.js?qc=1"
                    }
                ]
            },
            "type": "script"
        },
        "requested_for": "https://www.researchgate.net/"
    },
    {
        "time": 237561.741555,
        "requested_resource": "https://ads.pubmatic.com/AdServer/js/pwt/161519/6736/pwt.js",
        "initiator": {
            "stack": {
                "callFrames": [
                    {
                        "columnNumber": 3135,
                        "functionName": "r",
                        "lineNumber": 0,
                        "scriptId": "43",
                        "url": "https://www.researchgate.net/delivery/manager.js?qc=1"
                    }
                ]
            },
            "type": "script"
        },
        "requested_for": "https://www.researchgate.net/"
    },
    {
        "time": 237561.741648,
        "requested_resource": "https://c.amazon-adsystem.com/aax2/apstag.js",
        "initiator": {
            "stack": {
                "callFrames": [
                    {
                        "columnNumber": 4331,
                        "functionName": "",
                        "lineNumber": 0,
                        "scriptId": "43",
                        "url": "https://www.researchgate.net/delivery/manager.js?qc=1"
                    }
                ]
            },
            "type": "script"
        },
        "requested_for": "https://www.researchgate.net/"
    },
    {
        "time": 237561.746602,
        "requested_resource": "https://sdk.privacy-center.org/sdk/169ca3ee90aab3f8a29c09a328c18e41acfef520/modern/sdk.169ca3ee90aab3f8a29c09a328c18e41acfef520.js",
        "initiator": {
            "stack": {
                "callFrames": [
                    {
                        "columnNumber": 39803,
                        "functionName": "e",
                        "lineNumber": 0,
                        "scriptId": "44",
                        "url": "https://sdk.privacy-center.org/a2e452ad-6809-4db5-9e77-6612652fa329/loader.js?target_type=notice&target=eRtfgCjq"
                    }
                ]
            },
            "type": "script"
        },
        "requested_for": "https://www.researchgate.net/"
    },
    {
        "time": 237561.791829,
        "requested_resource": "https://sdk.privacy-center.org/sdk/169ca3ee90aab3f8a29c09a328c18e41acfef520/modern/ui-web-en-web.169ca3ee90aab3f8a29c09a328c18e41acfef520.js",
        "initiator": {
            "stack": {
                "callFrames": [
                    {
                        "columnNumber": 262993,
                        "functionName": "o.l",
                        "lineNumber": 1,
                        "scriptId": "46",
                        "url": "https://sdk.privacy-center.org/sdk/169ca3ee90aab3f8a29c09a328c18e41acfef520/modern/sdk.169ca3ee90aab3f8a29c09a328c18e41acfef520.js"
                    }
                ]
            },
            "type": "script"
        },
        "requested_for": "https://www.researchgate.net/"
    },
    {
        "time": 237561.828181,
        "requested_resource": "https://cdn.jsdelivr.net/gh/prebid/currency-file@1/latest.json?date=20250222",
        "initiator": {
            "stack": {
                "callFrames": [
                    {
                        "columnNumber": 28090,
                        "functionName": "",
                        "lineNumber": 0,
                        "scriptId": "47",
                        "url": "https://ads.pubmatic.com/AdServer/js/pwt/161519/6736/pwt.js"
                    }
                ]
            },
            "type": "script"
        },
        "requested_for": "https://www.researchgate.net/"
    },
    {
        "time": 237561.828914,
        "requested_resource": "https://ads.pubmatic.com/AdServer/js/pwt/floors/161519/6736/floors.json",
        "initiator": {
            "stack": {
                "callFrames": [
                    {
                        "columnNumber": 28090,
                        "functionName": "",
                        "lineNumber": 0,
                        "scriptId": "47",
                        "url": "https://ads.pubmatic.com/AdServer/js/pwt/161519/6736/pwt.js"
                    }
                ]
            },
            "type": "script"
        },
        "requested_for": "https://www.researchgate.net/"
    },
    {
        "time": 237561.830442,
        "requested_resource": "https://ut.pubmatic.com/geo?pubid=161519",
        "initiator": {
            "stack": {
                "callFrames": [
                    {
                        "columnNumber": 28090,
                        "functionName": "",
                        "lineNumber": 0,
                        "scriptId": "47",
                        "url": "https://ads.pubmatic.com/AdServer/js/pwt/161519/6736/pwt.js"
                    }
                ]
            },
            "type": "script"
        },
        "requested_for": "https://www.researchgate.net/"
    },
    {
        "time": 237561.843898,
        "requested_resource": "https://c.amazon-adsystem.com/bao-csm/aps-comm/aps_csm.js",
        "initiator": {
            "stack": {
                "callFrames": [
                    {
                        "columnNumber": 41622,
                        "functionName": "i",
                        "lineNumber": 2,
                        "scriptId": "49",
                        "url": "https://c.amazon-adsystem.com/aax2/apstag.js"
                    }
                ]
            },
            "type": "script"
        },
        "requested_for": "https://www.researchgate.net/"
    },
    {
        "time": 237561.871422,
        "requested_resource": "https://www.googletagmanager.com/gtag/js?id=G-4P31SJ70EJ&l=dataLayer&cx=c&gtm=45He52k0v71389084za200",
        "initiator": {
            "stack": {
                "callFrames": [
                    {
                        "columnNumber": 482,
                        "functionName": "pc",
                        "lineNumber": 131,
                        "scriptId": "48",
                        "url": "https://www.googletagmanager.com/gtm.js?id=GTM-MKVKH7"
                    }
                ]
            },
            "type": "script"
        },
        "requested_for": "https://www.researchgate.net/"
    },
    {
        "time": 237561.886142,
        "requested_resource": "https://a.researchgate.net/static/array.js",
        "initiator": {
            "stack": {
                "callFrames": [
                    {
                        "columnNumber": 1361,
                        "functionName": "window.posthog.__SV.l.init",
                        "lineNumber": 2,
                        "scriptId": "20",
                        "url": "https://www.researchgate.net/header/tag.js"
                    }
                ]
            },
            "type": "script"
        },
        "requested_for": "https://www.researchgate.net/"
    },
    {
        "time": 237561.887383,
        "requested_resource": "https://c5.rgstatic.net/m/41281118342106140/fonts/inter/Inter-Bold.woff2",
        "initiator": {
            "type": "parser",
            "url": "https://c5.rgstatic.net/m/43485951709538458/styles/rg-nova-legacy.css"
        },
        "requested_for": "https://www.researchgate.net/"
    },
    {
        "time": 237561.887435,
        "requested_resource": "https://c5.rgstatic.net/m/4232283439198868/fonts/inter/Inter-Regular.woff2",
        "initiator": {
            "type": "parser",
            "url": "https://c5.rgstatic.net/m/43485951709538458/styles/rg-nova-legacy.css"
        },
        "requested_for": "https://www.researchgate.net/"
    },
    {
        "time": 237561.918833,
        "requested_resource": "https://region1.google-analytics.com/g/collect?v=2&tid=G-4P31SJ70EJ&gtm=45je52k0v895356903za200zb71389084&_p=1740225388893&gcs=G100&gcd=13q3pPu2u5l1&npa=1&dma_cps=-&dma=1&tcfd=1075b&tag_exp=101732282~101732284~102067808~102482433~102539968~102558064~102587591~102605417~102640600~102658453&cid=1153646109.1740225389&ul=en-us&sr=2560x1440&uaa=x86&uab=64&uafvl=Chromium%3B133.0.6943.126%7CNot(A%253ABrand%3B99.0.0.0&uamb=0&uam=&uap=Windows&uapv=19.0.0&uaw=0&are=1&frm=0&pscdl=denied&_s=1&sid=1740225389&sct=1&seg=0&dl=https%3A%2F%2Fwww.researchgate.net%2F&dt=ResearchGate%20%7C%20Find%20and%20share%20research&en=page_view&_fv=1&_nsi=1&_ss=2&_ee=1&ep.anonymize_ip=true&ep.dimension1=n%2Fa&ep.dimension3=Logged%20out&ep.dimension4=not%20lite-page&ep.dimension6=n%2Fa&ep.dimension7=n%2Fa&ep.dimension8=n%2Fa&ep.dimension9=n%2Fa&ep.dimension19=cache&tfd=1218",
        "initiator": {
            "stack": {
                "callFrames": [
                    {
                        "columnNumber": 285,
                        "functionName": "Ec",
                        "lineNumber": 161,
                        "scriptId": "50",
                        "url": "https://www.googletagmanager.com/gtag/js?id=G-4P31SJ70EJ"
                    }
                ]
            },
            "type": "script"
        },
        "requested_for": "https://www.researchgate.net/"
    },
    {
        "time": 237562.753932,
        "requested_resource": "https://www.researchgate.net/go/phsid",
        "initiator": {
            "stack": {
                "callFrames": [
                    {
                        "columnNumber": 3372,
                        "functionName": "",
                        "lineNumber": 2,
                        "scriptId": "20",
                        "url": "https://www.researchgate.net/header/tag.js"
                    }
                ]
            },
            "type": "script"
        },
        "requested_for": "https://www.researchgate.net/"
    },
    {
        "time": 237562.75452,
        "requested_resource": "https://a.researchgate.net/array/phc_ma1XTQyee96N1GML6qUTgLQRiDifnRcE9STiHTZ0CfZ/config.js",
        "initiator": {
            "stack": {
                "callFrames": [
                    {
                        "columnNumber": 3028,
                        "functionName": "r",
                        "lineNumber": 0,
                        "scriptId": "57",
                        "url": "https://a.researchgate.net/static/array.js"
                    }
                ]
            },
            "type": "script"
        },
        "requested_for": "https://www.researchgate.net/"
    },
    {
        "time": 237562.755437,
        "requested_resource": "https://a.researchgate.net/decide/?v=3&ip=1&_=1740225390156&ver=1.221.1&compression=base64",
        "initiator": {
            "stack": {
                "callFrames": [
                    {
                        "columnNumber": 84700,
                        "functionName": "method",
                        "lineNumber": 0,
                        "scriptId": "57",
                        "url": "https://a.researchgate.net/static/array.js"
                    }
                ]
            },
            "type": "script"
        },
        "requested_for": "https://www.researchgate.net/"
    },
    {
        "time": 237562.825833,
        "requested_resource": "https://www.google-analytics.com/collect?v=1&_v=j101&a=890449846&t=event&ni=1&_s=1&dl=https%3A%2F%2Fwww.researchgate.net%2F&ul=en-us&de=UTF-8&dt=ResearchGate%20%7C%20Find%20and%20share%20research&sd=24-bit&sr=2560x1440&vp=1234x1172&je=0&ec=%2F&ea=Scroll%20Depth&el=25%25&ev=1&_u=aGBAgAABAAAAACAAAk~&cid=1639083618.1740225390&tid=UA-58591210-1&_gid=1727747974.1740225390&gtm=45He52k0n71MKVKH7v71389084za200&gcs=G100&gcd=13q3p3u2u5l1&dma_cps=-&dma=1&tcfd=1075b&tag_exp=101732282~101732284~102067808~102453103~102482433~102539968~102558064~102587591~102605417~102640600~102658453&npa=1&z=2019392374",
        "initiator": {
            "type": "other"
        },
        "requested_for": "https://www.researchgate.net/"
    },
    {
        "time": 237562.82593,
        "requested_resource": "https://www.researchgate.net/manifest.json",
        "initiator": {
            "type": "other"
        },
        "requested_for": "https://www.researchgate.net/"
    },
    {
        "time": 237562.826142,
        "requested_resource": "https://c5.rgstatic.net/m/4380572179316878/images/favicon/favicon.ico",
        "initiator": {
            "type": "other"
        },
        "requested_for": "https://www.researchgate.net/"
    },
    {
        "time": 237563.005394,
        "requested_resource": "https://a.researchgate.net/static/dead-clicks-autocapture.js?v=1.221.1",
        "initiator": {
            "stack": {
                "callFrames": [
                    {
                        "columnNumber": 3028,
                        "functionName": "r",
                        "lineNumber": 0,
                        "scriptId": "57",
                        "url": "https://a.researchgate.net/static/array.js"
                    }
                ]
            },
            "type": "script"
        },
        "requested_for": "https://www.researchgate.net/"
    },
    {
        "time": 237563.005639,
        "requested_resource": "https://a.researchgate.net/static/web-vitals.js?v=1.221.1",
        "initiator": {
            "stack": {
                "callFrames": [
                    {
                        "columnNumber": 3028,
                        "functionName": "r",
                        "lineNumber": 0,
                        "scriptId": "57",
                        "url": "https://a.researchgate.net/static/array.js"
                    }
                ]
            },
            "type": "script"
        },
        "requested_for": "https://www.researchgate.net/"
    }
]