{"fpd_access_logs":{"638781101":{"Navigator.prototype.product":{"get":{"args":{"":12},"total":12,"callers":{"Error: FPDCallerTracker\n    at Navigator.replacementPD (chrome-extension://bbogkpojpmdnlonjjogfkaclifmgnbfe/a48ff1ed-276e-4732-a839-39c6132c13f8:1250:11)\n    at Object.apply (chrome-extension://bbogkpojpmdnlonjjogfkaclifmgnbfe/a48ff1ed-276e-4732-a839-39c6132c13f8:405:25)\n    at Object.isStandardBrowserEnv (https://static.parastorage.com/services/da-wix-dealer/98bb9c094695003dc2259bc9b42f8bd567a0b3b981006de047043d7e/app.bundle.min.js:1:63626)\n    at 8706 (https://static.parastorage.com/services/da-wix-dealer/98bb9c094695003dc2259bc9b42f8bd567a0b3b981006de047043d7e/app.bundle.min.js:1:58720)\n    at a (https://static.parastorage.com/services/da-wix-dealer/98bb9c094695003dc2259bc9b42f8bd567a0b3b981006de047043d7e/app.bundle.min.js:13:2735)\n    at 2274 (https://static.parastorage.com/services/da-wix-dealer/98bb9c094695003dc2259bc9b42f8bd567a0b3b981006de047043d7e/app.bundle.min.js:1:48139)\n    at a (https://static.parastorage.com/services/da-wix-dealer/98bb9c094695003dc2259bc9b42f8bd567a0b3b981006de047043d7e/app.bundle.min.js:13:2735)\n    at 3725 (https://static.parastorage.com/services/da-wix-dealer/98bb9c094695003dc2259bc9b42f8bd567a0b3b981006de047043d7e/app.bundle.min.js:1:56548)\n    at a (https://static.parastorage.com/services/da-wix-dealer/98bb9c094695003dc2259bc9b42f8bd567a0b3b981006de047043d7e/app.bundle.min.js:13:2735)\n    at 7595 (https://static.parastorage.com/services/da-wix-dealer/98bb9c094695003dc2259bc9b42f8bd567a0b3b981006de047043d7e/app.bundle.min.js:1:56014)":true,"Error: FPDCallerTracker\n    at Navigator.replacementPD (chrome-extension://bbogkpojpmdnlonjjogfkaclifmgnbfe/a48ff1ed-276e-4732-a839-39c6132c13f8:1250:11)\n    at Object.apply (chrome-extension://bbogkpojpmdnlonjjogfkaclifmgnbfe/a48ff1ed-276e-4732-a839-39c6132c13f8:405:25)\n    at Object.isStandardBrowserEnv (https://static.parastorage.com/services/da-wix-dealer/98bb9c094695003dc2259bc9b42f8bd567a0b3b981006de047043d7e/app.bundle.min.js:1:63662)\n    at 8706 (https://static.parastorage.com/services/da-wix-dealer/98bb9c094695003dc2259bc9b42f8bd567a0b3b981006de047043d7e/app.bundle.min.js:1:58720)\n    at a (https://static.parastorage.com/services/da-wix-dealer/98bb9c094695003dc2259bc9b42f8bd567a0b3b981006de047043d7e/app.bundle.min.js:13:2735)\n    at 2274 (https://static.parastorage.com/services/da-wix-dealer/98bb9c094695003dc2259bc9b42f8bd567a0b3b981006de047043d7e/app.bundle.min.js:1:48139)\n    at a (https://static.parastorage.com/services/da-wix-dealer/98bb9c094695003dc2259bc9b42f8bd567a0b3b981006de047043d7e/app.bundle.min.js:13:2735)\n    at 3725 (https://static.parastorage.com/services/da-wix-dealer/98bb9c094695003dc2259bc9b42f8bd567a0b3b981006de047043d7e/app.bundle.min.js:1:56548)\n    at a (https://static.parastorage.com/services/da-wix-dealer/98bb9c094695003dc2259bc9b42f8bd567a0b3b981006de047043d7e/app.bundle.min.js:13:2735)\n    at 7595 (https://static.parastorage.com/services/da-wix-dealer/98bb9c094695003dc2259bc9b42f8bd567a0b3b981006de047043d7e/app.bundle.min.js:1:56014)":true,"Error: FPDCallerTracker\n    at Navigator.replacementPD (chrome-extension://bbogkpojpmdnlonjjogfkaclifmgnbfe/a48ff1ed-276e-4732-a839-39c6132c13f8:1250:11)\n    at Object.apply (chrome-extension://bbogkpojpmdnlonjjogfkaclifmgnbfe/a48ff1ed-276e-4732-a839-39c6132c13f8:405:25)\n    at Object.isStandardBrowserEnv (https://static.parastorage.com/services/da-wix-dealer/98bb9c094695003dc2259bc9b42f8bd567a0b3b981006de047043d7e/app.bundle.min.js:1:63688)\n    at 8706 (https://static.parastorage.com/services/da-wix-dealer/98bb9c094695003dc2259bc9b42f8bd567a0b3b981006de047043d7e/app.bundle.min.js:1:58720)\n    at a (https://static.parastorage.com/services/da-wix-dealer/98bb9c094695003dc2259bc9b42f8bd567a0b3b981006de047043d7e/app.bundle.min.js:13:2735)\n    at 2274 (https://static.parastorage.com/services/da-wix-dealer/98bb9c094695003dc2259bc9b42f8bd567a0b3b981006de047043d7e/app.bundle.min.js:1:48139)\n    at a (https://static.parastorage.com/services/da-wix-dealer/98bb9c094695003dc2259bc9b42f8bd567a0b3b981006de047043d7e/app.bundle.min.js:13:2735)\n    at 3725 (https://static.parastorage.com/services/da-wix-dealer/98bb9c094695003dc2259bc9b42f8bd567a0b3b981006de047043d7e/app.bundle.min.js:1:56548)\n    at a (https://static.parastorage.com/services/da-wix-dealer/98bb9c094695003dc2259bc9b42f8bd567a0b3b981006de047043d7e/app.bundle.min.js:13:2735)\n    at 7595 (https://static.parastorage.com/services/da-wix-dealer/98bb9c094695003dc2259bc9b42f8bd567a0b3b981006de047043d7e/app.bundle.min.js:1:56014)":true,"Error: FPDCallerTracker\n    at Navigator.replacementPD (chrome-extension://bbogkpojpmdnlonjjogfkaclifmgnbfe/a48ff1ed-276e-4732-a839-39c6132c13f8:1250:11)\n    at Object.apply (chrome-extension://bbogkpojpmdnlonjjogfkaclifmgnbfe/a48ff1ed-276e-4732-a839-39c6132c13f8:405:25)\n    at Object.isStandardBrowserEnv (https://static.parastorage.com/services/da-wix-dealer/98bb9c094695003dc2259bc9b42f8bd567a0b3b981006de047043d7e/app.bundle.min.js:1:63626)\n    at 7736 (https://static.parastorage.com/services/da-wix-dealer/98bb9c094695003dc2259bc9b42f8bd567a0b3b981006de047043d7e/app.bundle.min.js:1:59511)\n    at a (https://static.parastorage.com/services/da-wix-dealer/98bb9c094695003dc2259bc9b42f8bd567a0b3b981006de047043d7e/app.bundle.min.js:13:2735)\n    at 2274 (https://static.parastorage.com/services/da-wix-dealer/98bb9c094695003dc2259bc9b42f8bd567a0b3b981006de047043d7e/app.bundle.min.js:1:48177)\n    at a (https://static.parastorage.com/services/da-wix-dealer/98bb9c094695003dc2259bc9b42f8bd567a0b3b981006de047043d7e/app.bundle.min.js:13:2735)\n    at 3725 (https://static.parastorage.com/services/da-wix-dealer/98bb9c094695003dc2259bc9b42f8bd567a0b3b981006de047043d7e/app.bundle.min.js:1:56548)\n    at a (https://static.parastorage.com/services/da-wix-dealer/98bb9c094695003dc2259bc9b42f8bd567a0b3b981006de047043d7e/app.bundle.min.js:13:2735)\n    at 7595 (https://static.parastorage.com/services/da-wix-dealer/98bb9c094695003dc2259bc9b42f8bd567a0b3b981006de047043d7e/app.bundle.min.js:1:56014)":true,"Error: FPDCallerTracker\n    at Navigator.replacementPD (chrome-extension://bbogkpojpmdnlonjjogfkaclifmgnbfe/a48ff1ed-276e-4732-a839-39c6132c13f8:1250:11)\n    at Object.apply (chrome-extension://bbogkpojpmdnlonjjogfkaclifmgnbfe/a48ff1ed-276e-4732-a839-39c6132c13f8:405:25)\n    at Object.isStandardBrowserEnv (https://static.parastorage.com/services/da-wix-dealer/98bb9c094695003dc2259bc9b42f8bd567a0b3b981006de047043d7e/app.bundle.min.js:1:63662)\n    at 7736 (https://static.parastorage.com/services/da-wix-dealer/98bb9c094695003dc2259bc9b42f8bd567a0b3b981006de047043d7e/app.bundle.min.js:1:59511)\n    at a (https://static.parastorage.com/services/da-wix-dealer/98bb9c094695003dc2259bc9b42f8bd567a0b3b981006de047043d7e/app.bundle.min.js:13:2735)\n    at 2274 (https://static.parastorage.com/services/da-wix-dealer/98bb9c094695003dc2259bc9b42f8bd567a0b3b981006de047043d7e/app.bundle.min.js:1:48177)\n    at a (https://static.parastorage.com/services/da-wix-dealer/98bb9c094695003dc2259bc9b42f8bd567a0b3b981006de047043d7e/app.bundle.min.js:13:2735)\n    at 3725 (https://static.parastorage.com/services/da-wix-dealer/98bb9c094695003dc2259bc9b42f8bd567a0b3b981006de047043d7e/app.bundle.min.js:1:56548)\n    at a (https://static.parastorage.com/services/da-wix-dealer/98bb9c094695003dc2259bc9b42f8bd567a0b3b981006de047043d7e/app.bundle.min.js:13:2735)\n    at 7595 (https://static.parastorage.com/services/da-wix-dealer/98bb9c094695003dc2259bc9b42f8bd567a0b3b981006de047043d7e/app.bundle.min.js:1:56014)":true,"Error: FPDCallerTracker\n    at Navigator.replacementPD (chrome-extension://bbogkpojpmdnlonjjogfkaclifmgnbfe/a48ff1ed-276e-4732-a839-39c6132c13f8:1250:11)\n    at Object.apply (chrome-extension://bbogkpojpmdnlonjjogfkaclifmgnbfe/a48ff1ed-276e-4732-a839-39c6132c13f8:405:25)\n    at Object.isStandardBrowserEnv (https://static.parastorage.com/services/da-wix-dealer/98bb9c094695003dc2259bc9b42f8bd567a0b3b981006de047043d7e/app.bundle.min.js:1:63688)\n    at 7736 (https://static.parastorage.com/services/da-wix-dealer/98bb9c094695003dc2259bc9b42f8bd567a0b3b981006de047043d7e/app.bundle.min.js:1:59511)\n    at a (https://static.parastorage.com/services/da-wix-dealer/98bb9c094695003dc2259bc9b42f8bd567a0b3b981006de047043d7e/app.bundle.min.js:13:2735)\n    at 2274 (https://static.parastorage.com/services/da-wix-dealer/98bb9c094695003dc2259bc9b42f8bd567a0b3b981006de047043d7e/app.bundle.min.js:1:48177)\n    at a (https://static.parastorage.com/services/da-wix-dealer/98bb9c094695003dc2259bc9b42f8bd567a0b3b981006de047043d7e/app.bundle.min.js:13:2735)\n    at 3725 (https://static.parastorage.com/services/da-wix-dealer/98bb9c094695003dc2259bc9b42f8bd567a0b3b981006de047043d7e/app.bundle.min.js:1:56548)\n    at a (https://static.parastorage.com/services/da-wix-dealer/98bb9c094695003dc2259bc9b42f8bd567a0b3b981006de047043d7e/app.bundle.min.js:13:2735)\n    at 7595 (https://static.parastorage.com/services/da-wix-dealer/98bb9c094695003dc2259bc9b42f8bd567a0b3b981006de047043d7e/app.bundle.min.js:1:56014)":true,"Error: FPDCallerTracker\n    at Navigator.replacementPD (chrome-extension://bbogkpojpmdnlonjjogfkaclifmgnbfe/a48ff1ed-276e-4732-a839-39c6132c13f8:1250:11)\n    at Object.apply (chrome-extension://bbogkpojpmdnlonjjogfkaclifmgnbfe/a48ff1ed-276e-4732-a839-39c6132c13f8:405:25)\n    at Object.isStandardBrowserEnv (https://static.parastorage.com/services/da-wix-dealer/98bb9c094695003dc2259bc9b42f8bd567a0b3b981006de047043d7e/app.bundle.min.js:1:63626)\n    at https://static.parastorage.com/services/da-wix-dealer/98bb9c094695003dc2259bc9b42f8bd567a0b3b981006de047043d7e/app.bundle.min.js:1:49370\n    at new Promise (<anonymous>)\n    at e.exports (https://static.parastorage.com/services/da-wix-dealer/98bb9c094695003dc2259bc9b42f8bd567a0b3b981006de047043d7e/app.bundle.min.js:1:48224)\n    at e.exports (https://static.parastorage.com/services/da-wix-dealer/98bb9c094695003dc2259bc9b42f8bd567a0b3b981006de047043d7e/app.bundle.min.js:1:53927)\n    at l.request (https://static.parastorage.com/services/da-wix-dealer/98bb9c094695003dc2259bc9b42f8bd567a0b3b981006de047043d7e/app.bundle.min.js:1:52325)\n    at r.forEach.l.<computed> [as get] (https://static.parastorage.com/services/da-wix-dealer/98bb9c094695003dc2259bc9b42f8bd567a0b3b981006de047043d7e/app.bundle.min.js:1:52632)\n    at Function.get (https://static.parastorage.com/services/da-wix-dealer/98bb9c094695003dc2259bc9b42f8bd567a0b3b981006de047043d7e/app.bundle.min.js:1:57902)":true,"Error: FPDCallerTracker\n    at Navigator.replacementPD (chrome-extension://bbogkpojpmdnlonjjogfkaclifmgnbfe/a48ff1ed-276e-4732-a839-39c6132c13f8:1250:11)\n    at Object.apply (chrome-extension://bbogkpojpmdnlonjjogfkaclifmgnbfe/a48ff1ed-276e-4732-a839-39c6132c13f8:405:25)\n    at Object.isStandardBrowserEnv (https://static.parastorage.com/services/da-wix-dealer/98bb9c094695003dc2259bc9b42f8bd567a0b3b981006de047043d7e/app.bundle.min.js:1:63662)\n    at https://static.parastorage.com/services/da-wix-dealer/98bb9c094695003dc2259bc9b42f8bd567a0b3b981006de047043d7e/app.bundle.min.js:1:49370\n    at new Promise (<anonymous>)\n    at e.exports (https://static.parastorage.com/services/da-wix-dealer/98bb9c094695003dc2259bc9b42f8bd567a0b3b981006de047043d7e/app.bundle.min.js:1:48224)\n    at e.exports (https://static.parastorage.com/services/da-wix-dealer/98bb9c094695003dc2259bc9b42f8bd567a0b3b981006de047043d7e/app.bundle.min.js:1:53927)\n    at l.request (https://static.parastorage.com/services/da-wix-dealer/98bb9c094695003dc2259bc9b42f8bd567a0b3b981006de047043d7e/app.bundle.min.js:1:52325)\n    at r.forEach.l.<computed> [as get] (https://static.parastorage.com/services/da-wix-dealer/98bb9c094695003dc2259bc9b42f8bd567a0b3b981006de047043d7e/app.bundle.min.js:1:52632)\n    at Function.get (https://static.parastorage.com/services/da-wix-dealer/98bb9c094695003dc2259bc9b42f8bd567a0b3b981006de047043d7e/app.bundle.min.js:1:57902)":true,"Error: FPDCallerTracker\n    at Navigator.replacementPD (chrome-extension://bbogkpojpmdnlonjjogfkaclifmgnbfe/a48ff1ed-276e-4732-a839-39c6132c13f8:1250:11)\n    at Object.apply (chrome-extension://bbogkpojpmdnlonjjogfkaclifmgnbfe/a48ff1ed-276e-4732-a839-39c6132c13f8:405:25)\n    at Object.isStandardBrowserEnv (https://static.parastorage.com/services/da-wix-dealer/98bb9c094695003dc2259bc9b42f8bd567a0b3b981006de047043d7e/app.bundle.min.js:1:63688)\n    at https://static.parastorage.com/services/da-wix-dealer/98bb9c094695003dc2259bc9b42f8bd567a0b3b981006de047043d7e/app.bundle.min.js:1:49370\n    at new Promise (<anonymous>)\n    at e.exports (https://static.parastorage.com/services/da-wix-dealer/98bb9c094695003dc2259bc9b42f8bd567a0b3b981006de047043d7e/app.bundle.min.js:1:48224)\n    at e.exports (https://static.parastorage.com/services/da-wix-dealer/98bb9c094695003dc2259bc9b42f8bd567a0b3b981006de047043d7e/app.bundle.min.js:1:53927)\n    at l.request (https://static.parastorage.com/services/da-wix-dealer/98bb9c094695003dc2259bc9b42f8bd567a0b3b981006de047043d7e/app.bundle.min.js:1:52325)\n    at r.forEach.l.<computed> [as get] (https://static.parastorage.com/services/da-wix-dealer/98bb9c094695003dc2259bc9b42f8bd567a0b3b981006de047043d7e/app.bundle.min.js:1:52632)\n    at Function.get (https://static.parastorage.com/services/da-wix-dealer/98bb9c094695003dc2259bc9b42f8bd567a0b3b981006de047043d7e/app.bundle.min.js:1:57902)":true,"Error: FPDCallerTracker\n    at Navigator.replacementPD (chrome-extension://bbogkpojpmdnlonjjogfkaclifmgnbfe/a48ff1ed-276e-4732-a839-39c6132c13f8:1250:11)\n    at Object.apply (chrome-extension://bbogkpojpmdnlonjjogfkaclifmgnbfe/a48ff1ed-276e-4732-a839-39c6132c13f8:405:25)\n    at Object.isStandardBrowserEnv (https://static.parastorage.com/services/da-wix-dealer/98bb9c094695003dc2259bc9b42f8bd567a0b3b981006de047043d7e/app.bundle.min.js:1:63626)\n    at https://static.parastorage.com/services/da-wix-dealer/98bb9c094695003dc2259bc9b42f8bd567a0b3b981006de047043d7e/app.bundle.min.js:1:49370\n    at new Promise (<anonymous>)\n    at e.exports (https://static.parastorage.com/services/da-wix-dealer/98bb9c094695003dc2259bc9b42f8bd567a0b3b981006de047043d7e/app.bundle.min.js:1:48224)\n    at e.exports (https://static.parastorage.com/services/da-wix-dealer/98bb9c094695003dc2259bc9b42f8bd567a0b3b981006de047043d7e/app.bundle.min.js:1:53927)\n    at l.request (https://static.parastorage.com/services/da-wix-dealer/98bb9c094695003dc2259bc9b42f8bd567a0b3b981006de047043d7e/app.bundle.min.js:1:52325)\n    at r.forEach.l.<computed> [as post] (https://static.parastorage.com/services/da-wix-dealer/98bb9c094695003dc2259bc9b42f8bd567a0b3b981006de047043d7e/app.bundle.min.js:1:52778)\n    at Function.post (https://static.parastorage.com/services/da-wix-dealer/98bb9c094695003dc2259bc9b42f8bd567a0b3b981006de047043d7e/app.bundle.min.js:1:57902)":true,"Error: FPDCallerTracker\n    at Navigator.replacementPD (chrome-extension://bbogkpojpmdnlonjjogfkaclifmgnbfe/a48ff1ed-276e-4732-a839-39c6132c13f8:1250:11)\n    at Object.apply (chrome-extension://bbogkpojpmdnlonjjogfkaclifmgnbfe/a48ff1ed-276e-4732-a839-39c6132c13f8:405:25)\n    at Object.isStandardBrowserEnv (https://static.parastorage.com/services/da-wix-dealer/98bb9c094695003dc2259bc9b42f8bd567a0b3b981006de047043d7e/app.bundle.min.js:1:63662)\n    at https://static.parastorage.com/services/da-wix-dealer/98bb9c094695003dc2259bc9b42f8bd567a0b3b981006de047043d7e/app.bundle.min.js:1:49370\n    at new Promise (<anonymous>)\n    at e.exports (https://static.parastorage.com/services/da-wix-dealer/98bb9c094695003dc2259bc9b42f8bd567a0b3b981006de047043d7e/app.bundle.min.js:1:48224)\n    at e.exports (https://static.parastorage.com/services/da-wix-dealer/98bb9c094695003dc2259bc9b42f8bd567a0b3b981006de047043d7e/app.bundle.min.js:1:53927)\n    at l.request (https://static.parastorage.com/services/da-wix-dealer/98bb9c094695003dc2259bc9b42f8bd567a0b3b981006de047043d7e/app.bundle.min.js:1:52325)\n    at r.forEach.l.<computed> [as post] (https://static.parastorage.com/services/da-wix-dealer/98bb9c094695003dc2259bc9b42f8bd567a0b3b981006de047043d7e/app.bundle.min.js:1:52778)\n    at Function.post (https://static.parastorage.com/services/da-wix-dealer/98bb9c094695003dc2259bc9b42f8bd567a0b3b981006de047043d7e/app.bundle.min.js:1:57902)":true,"Error: FPDCallerTracker\n    at Navigator.replacementPD (chrome-extension://bbogkpojpmdnlonjjogfkaclifmgnbfe/a48ff1ed-276e-4732-a839-39c6132c13f8:1250:11)\n    at Object.apply (chrome-extension://bbogkpojpmdnlonjjogfkaclifmgnbfe/a48ff1ed-276e-4732-a839-39c6132c13f8:405:25)\n    at Object.isStandardBrowserEnv (https://static.parastorage.com/services/da-wix-dealer/98bb9c094695003dc2259bc9b42f8bd567a0b3b981006de047043d7e/app.bundle.min.js:1:63688)\n    at https://static.parastorage.com/services/da-wix-dealer/98bb9c094695003dc2259bc9b42f8bd567a0b3b981006de047043d7e/app.bundle.min.js:1:49370\n    at new Promise (<anonymous>)\n    at e.exports (https://static.parastorage.com/services/da-wix-dealer/98bb9c094695003dc2259bc9b42f8bd567a0b3b981006de047043d7e/app.bundle.min.js:1:48224)\n    at e.exports (https://static.parastorage.com/services/da-wix-dealer/98bb9c094695003dc2259bc9b42f8bd567a0b3b981006de047043d7e/app.bundle.min.js:1:53927)\n    at l.request (https://static.parastorage.com/services/da-wix-dealer/98bb9c094695003dc2259bc9b42f8bd567a0b3b981006de047043d7e/app.bundle.min.js:1:52325)\n    at r.forEach.l.<computed> [as post] (https://static.parastorage.com/services/da-wix-dealer/98bb9c094695003dc2259bc9b42f8bd567a0b3b981006de047043d7e/app.bundle.min.js:1:52778)\n    at Function.post (https://static.parastorage.com/services/da-wix-dealer/98bb9c094695003dc2259bc9b42f8bd567a0b3b981006de047043d7e/app.bundle.min.js:1:57902)":true}}},"Navigator.prototype.userAgent":{"get":{"args":{"":1},"total":1,"callers":{"Error: FPDCallerTracker\n    at Navigator.replacementPD (chrome-extension://bbogkpojpmdnlonjjogfkaclifmgnbfe/a48ff1ed-276e-4732-a839-39c6132c13f8:970:11)\n    at Object.apply (chrome-extension://bbogkpojpmdnlonjjogfkaclifmgnbfe/a48ff1ed-276e-4732-a839-39c6132c13f8:405:25)\n    at https://static.parastorage.com/services/da-wix-dealer/98bb9c094695003dc2259bc9b42f8bd567a0b3b981006de047043d7e/app.bundle.min.js:1:59586\n    at 7736 (https://static.parastorage.com/services/da-wix-dealer/98bb9c094695003dc2259bc9b42f8bd567a0b3b981006de047043d7e/app.bundle.min.js:1:60097)\n    at a (https://static.parastorage.com/services/da-wix-dealer/98bb9c094695003dc2259bc9b42f8bd567a0b3b981006de047043d7e/app.bundle.min.js:13:2735)\n    at 2274 (https://static.parastorage.com/services/da-wix-dealer/98bb9c094695003dc2259bc9b42f8bd567a0b3b981006de047043d7e/app.bundle.min.js:1:48177)\n    at a (https://static.parastorage.com/services/da-wix-dealer/98bb9c094695003dc2259bc9b42f8bd567a0b3b981006de047043d7e/app.bundle.min.js:13:2735)\n    at 3725 (https://static.parastorage.com/services/da-wix-dealer/98bb9c094695003dc2259bc9b42f8bd567a0b3b981006de047043d7e/app.bundle.min.js:1:56548)\n    at a (https://static.parastorage.com/services/da-wix-dealer/98bb9c094695003dc2259bc9b42f8bd567a0b3b981006de047043d7e/app.bundle.min.js:13:2735)\n    at 7595 (https://static.parastorage.com/services/da-wix-dealer/98bb9c094695003dc2259bc9b42f8bd567a0b3b981006de047043d7e/app.bundle.min.js:1:56014)":true}}},"window.localStorage":{"get":{"args":{"":2},"total":2,"callers":{"Error: FPDCallerTracker\n    at replacementPD (chrome-extension://bbogkpojpmdnlonjjogfkaclifmgnbfe/a48ff1ed-276e-4732-a839-39c6132c13f8:3734:11)\n    at Object.apply (chrome-extension://bbogkpojpmdnlonjjogfkaclifmgnbfe/a48ff1ed-276e-4732-a839-39c6132c13f8:405:25)\n    at Object.loadList (https://static.parastorage.com/services/da-wix-dealer/98bb9c094695003dc2259bc9b42f8bd567a0b3b981006de047043d7e/app.bundle.min.js:1:5166)\n    at new t.ChannelWatch (https://static.parastorage.com/services/da-wix-dealer/98bb9c094695003dc2259bc9b42f8bd567a0b3b981006de047043d7e/app.bundle.min.js:1:9347)\n    at https://static.parastorage.com/services/da-wix-dealer/98bb9c094695003dc2259bc9b42f8bd567a0b3b981006de047043d7e/app.bundle.min.js:1:4299\n    at t.getClientInstance (https://static.parastorage.com/services/da-wix-dealer/98bb9c094695003dc2259bc9b42f8bd567a0b3b981006de047043d7e/app.bundle.min.js:1:4670)\n    at 2895 (https://static.parastorage.com/services/da-wix-dealer/98bb9c094695003dc2259bc9b42f8bd567a0b3b981006de047043d7e/app.bundle.min.js:1:5521)\n    at a (https://static.parastorage.com/services/da-wix-dealer/98bb9c094695003dc2259bc9b42f8bd567a0b3b981006de047043d7e/app.bundle.min.js:13:2735)\n    at https://static.parastorage.com/services/da-wix-dealer/98bb9c094695003dc2259bc9b42f8bd567a0b3b981006de047043d7e/app.bundle.min.js:13:70992\n    at https://static.parastorage.com/services/da-wix-dealer/98bb9c094695003dc2259bc9b42f8bd567a0b3b981006de047043d7e/app.bundle.min.js:20:30327":true,"Error: FPDCallerTracker\n    at replacementPD (chrome-extension://bbogkpojpmdnlonjjogfkaclifmgnbfe/a48ff1ed-276e-4732-a839-39c6132c13f8:3734:11)\n    at Object.apply (chrome-extension://bbogkpojpmdnlonjjogfkaclifmgnbfe/a48ff1ed-276e-4732-a839-39c6132c13f8:405:25)\n    at Object.loadList (https://static.parastorage.com/services/da-wix-dealer/98bb9c094695003dc2259bc9b42f8bd567a0b3b981006de047043d7e/app.bundle.min.js:1:5221)\n    at new t.ChannelWatch (https://static.parastorage.com/services/da-wix-dealer/98bb9c094695003dc2259bc9b42f8bd567a0b3b981006de047043d7e/app.bundle.min.js:1:9347)\n    at https://static.parastorage.com/services/da-wix-dealer/98bb9c094695003dc2259bc9b42f8bd567a0b3b981006de047043d7e/app.bundle.min.js:1:4299\n    at t.getClientInstance (https://static.parastorage.com/services/da-wix-dealer/98bb9c094695003dc2259bc9b42f8bd567a0b3b981006de047043d7e/app.bundle.min.js:1:4670)\n    at 2895 (https://static.parastorage.com/services/da-wix-dealer/98bb9c094695003dc2259bc9b42f8bd567a0b3b981006de047043d7e/app.bundle.min.js:1:5521)\n    at a (https://static.parastorage.com/services/da-wix-dealer/98bb9c094695003dc2259bc9b42f8bd567a0b3b981006de047043d7e/app.bundle.min.js:13:2735)\n    at https://static.parastorage.com/services/da-wix-dealer/98bb9c094695003dc2259bc9b42f8bd567a0b3b981006de047043d7e/app.bundle.min.js:13:70992\n    at https://static.parastorage.com/services/da-wix-dealer/98bb9c094695003dc2259bc9b42f8bd567a0b3b981006de047043d7e/app.bundle.min.js:20:30327":true}}},"Performance.prototype.now":{"call":{"args":{"":24},"total":24,"callers":{"Error: FPDCallerTracker\n    at Performance.replacementF (chrome-extension://bbogkpojpmdnlonjjogfkaclifmgnbfe/a48ff1ed-276e-4732-a839-39c6132c13f8:3989:11)\n    at Performance.replacementF (chrome-extension://bbogkpojpmdnlonjjogfkaclifmgnbfe/a48ff1ed-276e-4732-a839-39c6132c13f8:4009:41)\n    at Object.apply (chrome-extension://bbogkpojpmdnlonjjogfkaclifmgnbfe/a48ff1ed-276e-4732-a839-39c6132c13f8:405:25)\n    at v (https://static.parastorage.com/unpkg/react@18.2.0/umd/react.production.min.js:20:28)\n    at Z (https://static.parastorage.com/unpkg/react-dom@18.2.0/umd/react-dom.production.min.js:183:127)\n    at Sd (https://static.parastorage.com/unpkg/react-dom@18.2.0/umd/react-dom.production.min.js:210:310)\n    at Ud.render.Xf.render (https://static.parastorage.com/unpkg/react-dom@18.2.0/umd/react-dom.production.min.js:258:1)\n    at https://static.parastorage.com/services/da-wix-dealer/98bb9c094695003dc2259bc9b42f8bd567a0b3b981006de047043d7e/app.bundle.min.js:20:30068\n    at https://static.parastorage.com/services/da-wix-dealer/98bb9c094695003dc2259bc9b42f8bd567a0b3b981006de047043d7e/app.bundle.min.js:20:30327\n    at https://static.parastorage.com/services/da-wix-dealer/98bb9c094695003dc2259bc9b42f8bd567a0b3b981006de047043d7e/app.bundle.min.js:20:30330":true,"Error: FPDCallerTracker\n    at Performance.replacementF (chrome-extension://bbogkpojpmdnlonjjogfkaclifmgnbfe/a48ff1ed-276e-4732-a839-39c6132c13f8:3989:11)\n    at Performance.replacementF (chrome-extension://bbogkpojpmdnlonjjogfkaclifmgnbfe/a48ff1ed-276e-4732-a839-39c6132c13f8:4009:41)\n    at Object.apply (chrome-extension://bbogkpojpmdnlonjjogfkaclifmgnbfe/a48ff1ed-276e-4732-a839-39c6132c13f8:405:25)\n    at v (https://static.parastorage.com/unpkg/react@18.2.0/umd/react.production.min.js:20:28)\n    at unstable_scheduleCallback (https://static.parastorage.com/unpkg/react@18.2.0/umd/react.production.min.js:22:363)\n    at Ni (https://static.parastorage.com/unpkg/react-dom@18.2.0/umd/react-dom.production.min.js:203:118)\n    at ia (https://static.parastorage.com/unpkg/react-dom@18.2.0/umd/react-dom.production.min.js:184:418)\n    at ya (https://static.parastorage.com/unpkg/react-dom@18.2.0/umd/react-dom.production.min.js:183:466)\n    at Sd (https://static.parastorage.com/unpkg/react-dom@18.2.0/umd/react-dom.production.min.js:210:478)\n    at Ud.render.Xf.render (https://static.parastorage.com/unpkg/react-dom@18.2.0/umd/react-dom.production.min.js:258:1)":true,"Error: FPDCallerTracker\n    at Performance.replacementF (chrome-extension://bbogkpojpmdnlonjjogfkaclifmgnbfe/a48ff1ed-276e-4732-a839-39c6132c13f8:3989:11)\n    at Performance.replacementF (chrome-extension://bbogkpojpmdnlonjjogfkaclifmgnbfe/a48ff1ed-276e-4732-a839-39c6132c13f8:4009:41)\n    at Object.apply (chrome-extension://bbogkpojpmdnlonjjogfkaclifmgnbfe/a48ff1ed-276e-4732-a839-39c6132c13f8:405:25)\n    at v (https://static.parastorage.com/unpkg/react@18.2.0/umd/react.production.min.js:20:28)\n    at MessagePort.U (https://static.parastorage.com/unpkg/react@18.2.0/umd/react.production.min.js:21:36)":true,"Error: FPDCallerTracker\n    at Performance.replacementF (chrome-extension://bbogkpojpmdnlonjjogfkaclifmgnbfe/a48ff1ed-276e-4732-a839-39c6132c13f8:3989:11)\n    at Performance.replacementF (chrome-extension://bbogkpojpmdnlonjjogfkaclifmgnbfe/a48ff1ed-276e-4732-a839-39c6132c13f8:4009:41)\n    at Object.apply (chrome-extension://bbogkpojpmdnlonjjogfkaclifmgnbfe/a48ff1ed-276e-4732-a839-39c6132c13f8:405:25)\n    at v (https://static.parastorage.com/unpkg/react@18.2.0/umd/react.production.min.js:20:28)\n    at fa (https://static.parastorage.com/unpkg/react@18.2.0/umd/react.production.min.js:17:252)\n    at S (https://static.parastorage.com/unpkg/react@18.2.0/umd/react.production.min.js:16:435)\n    at MessagePort.U (https://static.parastorage.com/unpkg/react@18.2.0/umd/react.production.min.js:21:60)":true,"Error: FPDCallerTracker\n    at Performance.replacementF (chrome-extension://bbogkpojpmdnlonjjogfkaclifmgnbfe/a48ff1ed-276e-4732-a839-39c6132c13f8:3989:11)\n    at Performance.replacementF (chrome-extension://bbogkpojpmdnlonjjogfkaclifmgnbfe/a48ff1ed-276e-4732-a839-39c6132c13f8:4009:41)\n    at Object.apply (chrome-extension://bbogkpojpmdnlonjjogfkaclifmgnbfe/a48ff1ed-276e-4732-a839-39c6132c13f8:405:25)\n    at v (https://static.parastorage.com/unpkg/react@18.2.0/umd/react.production.min.js:20:28)\n    at unstable_scheduleCallback (https://static.parastorage.com/unpkg/react@18.2.0/umd/react.production.min.js:22:363)\n    at Ni (https://static.parastorage.com/unpkg/react-dom@18.2.0/umd/react-dom.production.min.js:203:118)\n    at Sk (https://static.parastorage.com/unpkg/react-dom@18.2.0/umd/react-dom.production.min.js:197:89)\n    at yb (https://static.parastorage.com/unpkg/react-dom@18.2.0/umd/react-dom.production.min.js:196:166)\n    at Oi (https://static.parastorage.com/unpkg/react-dom@18.2.0/umd/react-dom.production.min.js:187:246)\n    at S (https://static.parastorage.com/unpkg/react@18.2.0/umd/react.production.min.js:17:25)":true,"Error: FPDCallerTracker\n    at Performance.replacementF (chrome-extension://bbogkpojpmdnlonjjogfkaclifmgnbfe/a48ff1ed-276e-4732-a839-39c6132c13f8:3989:11)\n    at Performance.replacementF (chrome-extension://bbogkpojpmdnlonjjogfkaclifmgnbfe/a48ff1ed-276e-4732-a839-39c6132c13f8:4009:41)\n    at Object.apply (chrome-extension://bbogkpojpmdnlonjjogfkaclifmgnbfe/a48ff1ed-276e-4732-a839-39c6132c13f8:405:25)\n    at v (https://static.parastorage.com/unpkg/react@18.2.0/umd/react.production.min.js:20:28)\n    at Sk (https://static.parastorage.com/unpkg/react-dom@18.2.0/umd/react-dom.production.min.js:197:447)\n    at yb (https://static.parastorage.com/unpkg/react-dom@18.2.0/umd/react-dom.production.min.js:196:166)\n    at Oi (https://static.parastorage.com/unpkg/react-dom@18.2.0/umd/react-dom.production.min.js:187:246)\n    at S (https://static.parastorage.com/unpkg/react@18.2.0/umd/react.production.min.js:17:25)\n    at MessagePort.U (https://static.parastorage.com/unpkg/react@18.2.0/umd/react.production.min.js:21:60)":true,"Error: FPDCallerTracker\n    at Performance.replacementF (chrome-extension://bbogkpojpmdnlonjjogfkaclifmgnbfe/a48ff1ed-276e-4732-a839-39c6132c13f8:3989:11)\n    at Performance.replacementF (chrome-extension://bbogkpojpmdnlonjjogfkaclifmgnbfe/a48ff1ed-276e-4732-a839-39c6132c13f8:4009:41)\n    at Object.apply (chrome-extension://bbogkpojpmdnlonjjogfkaclifmgnbfe/a48ff1ed-276e-4732-a839-39c6132c13f8:405:25)\n    at v (https://static.parastorage.com/unpkg/react@18.2.0/umd/react.production.min.js:20:28)\n    at Oi (https://static.parastorage.com/unpkg/react-dom@18.2.0/umd/react-dom.production.min.js:187:300)\n    at S (https://static.parastorage.com/unpkg/react@18.2.0/umd/react.production.min.js:17:25)\n    at MessagePort.U (https://static.parastorage.com/unpkg/react@18.2.0/umd/react.production.min.js:21:60)":true,"Error: FPDCallerTracker\n    at Performance.replacementF (chrome-extension://bbogkpojpmdnlonjjogfkaclifmgnbfe/a48ff1ed-276e-4732-a839-39c6132c13f8:3989:11)\n    at Performance.replacementF (chrome-extension://bbogkpojpmdnlonjjogfkaclifmgnbfe/a48ff1ed-276e-4732-a839-39c6132c13f8:4009:41)\n    at Object.apply (chrome-extension://bbogkpojpmdnlonjjogfkaclifmgnbfe/a48ff1ed-276e-4732-a839-39c6132c13f8:405:25)\n    at v (https://static.parastorage.com/unpkg/react@18.2.0/umd/react.production.min.js:20:28)\n    at S (https://static.parastorage.com/unpkg/react@18.2.0/umd/react.production.min.js:17:50)\n    at MessagePort.U (https://static.parastorage.com/unpkg/react@18.2.0/umd/react.production.min.js:21:60)":true,"Error: FPDCallerTracker\n    at Performance.replacementF (chrome-extension://bbogkpojpmdnlonjjogfkaclifmgnbfe/a48ff1ed-276e-4732-a839-39c6132c13f8:3989:11)\n    at Performance.replacementF (chrome-extension://bbogkpojpmdnlonjjogfkaclifmgnbfe/a48ff1ed-276e-4732-a839-39c6132c13f8:4009:41)\n    at Object.apply (chrome-extension://bbogkpojpmdnlonjjogfkaclifmgnbfe/a48ff1ed-276e-4732-a839-39c6132c13f8:405:25)\n    at v (https://static.parastorage.com/unpkg/react@18.2.0/umd/react.production.min.js:20:28)\n    at Z (https://static.parastorage.com/unpkg/react-dom@18.2.0/umd/react-dom.production.min.js:183:127)\n    at rk (https://static.parastorage.com/unpkg/react-dom@18.2.0/umd/react-dom.production.min.js:119:134)\n    at https://static.parastorage.com/services/da-wix-dealer/98bb9c094695003dc2259bc9b42f8bd567a0b3b981006de047043d7e/app.bundle.min.js:20:25938\n    at https://static.parastorage.com/services/da-wix-dealer/98bb9c094695003dc2259bc9b42f8bd567a0b3b981006de047043d7e/app.bundle.min.js:20:27050":true,"Error: FPDCallerTracker\n    at Performance.replacementF (chrome-extension://bbogkpojpmdnlonjjogfkaclifmgnbfe/a48ff1ed-276e-4732-a839-39c6132c13f8:3989:11)\n    at Performance.replacementF (chrome-extension://bbogkpojpmdnlonjjogfkaclifmgnbfe/a48ff1ed-276e-4732-a839-39c6132c13f8:4009:41)\n    at Object.apply (chrome-extension://bbogkpojpmdnlonjjogfkaclifmgnbfe/a48ff1ed-276e-4732-a839-39c6132c13f8:405:25)\n    at v (https://static.parastorage.com/unpkg/react@18.2.0/umd/react.production.min.js:20:28)\n    at unstable_scheduleCallback (https://static.parastorage.com/unpkg/react@18.2.0/umd/react.production.min.js:22:363)\n    at Ni (https://static.parastorage.com/unpkg/react-dom@18.2.0/umd/react-dom.production.min.js:203:118)\n    at ia (https://static.parastorage.com/unpkg/react-dom@18.2.0/umd/react-dom.production.min.js:184:418)\n    at ya (https://static.parastorage.com/unpkg/react-dom@18.2.0/umd/react-dom.production.min.js:183:466)\n    at rk (https://static.parastorage.com/unpkg/react-dom@18.2.0/umd/react-dom.production.min.js:119:138)\n    at https://static.parastorage.com/services/da-wix-dealer/98bb9c094695003dc2259bc9b42f8bd567a0b3b981006de047043d7e/app.bundle.min.js:20:25938":true,"Error: FPDCallerTracker\n    at Performance.replacementF (chrome-extension://bbogkpojpmdnlonjjogfkaclifmgnbfe/a48ff1ed-276e-4732-a839-39c6132c13f8:3989:11)\n    at Performance.replacementF (chrome-extension://bbogkpojpmdnlonjjogfkaclifmgnbfe/a48ff1ed-276e-4732-a839-39c6132c13f8:4009:41)\n    at Object.apply (chrome-extension://bbogkpojpmdnlonjjogfkaclifmgnbfe/a48ff1ed-276e-4732-a839-39c6132c13f8:405:25)\n    at v (https://static.parastorage.com/unpkg/react@18.2.0/umd/react.production.min.js:20:28)\n    at Hc (https://static.parastorage.com/unpkg/react-dom@18.2.0/umd/react-dom.production.min.js:183:71)\n    at Tf (https://static.parastorage.com/unpkg/react-dom@18.2.0/umd/react-dom.production.min.js:189:473)\n    at wg (https://static.parastorage.com/unpkg/react-dom@18.2.0/umd/react-dom.production.min.js:32:481)\n    at Ce (https://static.parastorage.com/unpkg/react-dom@18.2.0/umd/react-dom.production.min.js:65:218)\n    at Be (https://static.parastorage.com/unpkg/react-dom@18.2.0/umd/react-dom.production.min.js:47:62)":true}}}}}}