[
    {
        "requested_for": "https://wordreference.com/",
        "time": 340751.30069,
        "requestId": "5EE7FB35BD3F669EB8FCBD33D02FD080",
        "loaderId": "5EE7FB35BD3F669EB8FCBD33D02FD080",
        "requested_resource": "https://wordreference.com/",
        "initiator": {
            "type": "other"
        }
    },
    {
        "requested_for": "https://www.wordreference.com/",
        "time": 340751.673742,
        "requestId": "5EE7FB35BD3F669EB8FCBD33D02FD080",
        "loaderId": "5EE7FB35BD3F669EB8FCBD33D02FD080",
        "requested_resource": "https://www.wordreference.com/",
        "initiator": {
            "type": "other"
        }
    },
    {
        "requested_for": "https://www.wordreference.com/",
        "time": 340752.024036,
        "requestId": "7628.2",
        "loaderId": "5EE7FB35BD3F669EB8FCBD33D02FD080",
        "requested_resource": "https://www.wordreference.com/css/homepagebundle.min.css",
        "initiator": {
            "columnNumber": 59,
            "lineNumber": 18,
            "type": "parser",
            "url": "https://www.wordreference.com/"
        }
    },
    {
        "requested_for": "https://www.wordreference.com/",
        "time": 340752.024221,
        "requestId": "7628.3",
        "loaderId": "5EE7FB35BD3F669EB8FCBD33D02FD080",
        "requested_resource": "https://www.googletagmanager.com/gtag/js?id=G-WV46ZWEMKW",
        "initiator": {
            "columnNumber": 78,
            "lineNumber": 651,
            "type": "parser",
            "url": "https://www.wordreference.com/"
        }
    },
    {
        "requested_for": "https://www.wordreference.com/",
        "time": 340752.024262,
        "requestId": "7628.4",
        "loaderId": "5EE7FB35BD3F669EB8FCBD33D02FD080",
        "requested_resource": "https://www.wordreference.com/home/HomepageIP2CC",
        "initiator": {
            "columnNumber": 40,
            "lineNumber": 1176,
            "type": "parser",
            "url": "https://www.wordreference.com/"
        }
    },
    {
        "requested_for": "https://www.wordreference.com/",
        "time": 340752.024284,
        "requestId": "7628.5",
        "loaderId": "5EE7FB35BD3F669EB8FCBD33D02FD080",
        "requested_resource": "https://www.wordreference.com/js/homepagebundle.min.js",
        "initiator": {
            "columnNumber": 40,
            "lineNumber": 1177,
            "type": "parser",
            "url": "https://www.wordreference.com/"
        }
    },
    {
        "requested_for": "https://www.wordreference.com/",
        "time": 340752.048862,
        "requestId": "7628.7",
        "loaderId": "5EE7FB35BD3F669EB8FCBD33D02FD080",
        "requested_resource": "data:image/webp;base64,UklGRkoAAABXRUJQVlA4WAoAAAAQAAAAAAAAAAAAQUxQSAwAAAARBxAR/Q9ERP8DAABWUDggGAAAABQBAJ0BKgEAAQAAAP4AAA3AAP7mtQAAAA==",
        "initiator": {
            "columnNumber": 13,
            "lineNumber": 46,
            "type": "parser",
            "url": "https://www.wordreference.com/"
        }
    },
    {
        "requested_for": "https://www.wordreference.com/",
        "time": 340752.053952,
        "requestId": "7628.11",
        "loaderId": "5EE7FB35BD3F669EB8FCBD33D02FD080",
        "requested_resource": "https://cdnawsw.wordreference.net/images/sprite_2022.webp?v=241226",
        "initiator": {
            "columnNumber": 49,
            "lineNumber": 1177,
            "type": "parser",
            "url": "https://www.wordreference.com/"
        }
    },
    {
        "requested_for": "https://www.wordreference.com/",
        "time": 340752.537808,
        "requestId": "7628.12",
        "loaderId": "5EE7FB35BD3F669EB8FCBD33D02FD080",
        "requested_resource": "https://region1.analytics.google.com/g/collect?v=2&tid=G-WV46ZWEMKW&gtm=45je53h0v894434626za200&_p=1742329757410&_gaz=1&gcs=G1--&gcd=13l3l3R2l5l1&npa=1&dma_cps=syphamo&dma=1&tag_exp=102482433~102525910~102587591~102717422~102788824~102813109~102814060~102825837~102879719&cid=486284302.1742329758&ul=en-us&sr=2560x1440&uaa=x86&uab=64&uafvl=Not%253AA-Brand%3B24.0.0.0%7CChromium%3B134.0.6998.88&uamb=0&uam=&uap=Windows&uapv=19.0.0&uaw=0&are=1&frm=0&pscdl=&_s=1&sid=1742329757&sct=1&seg=0&dl=https%3A%2F%2Fwww.wordreference.com%2F&dt=English%20to%20French%2C%20Italian%2C%20German%20%26%20Spanish%20Dictionary%20-%20WordReference.com&en=page_view&_fv=1&_nsi=1&_ss=1&_ee=1&tfd=1237",
        "initiator": {
            "stack": {
                "callFrames": [
                    {
                        "columnNumber": 285,
                        "functionName": "Ic",
                        "lineNumber": 215,
                        "scriptId": "23",
                        "url": "https://www.googletagmanager.com/gtag/js?id=G-WV46ZWEMKW"
                    },
                    {
                        "columnNumber": 93,
                        "functionName": "tl",
                        "lineNumber": 391,
                        "scriptId": "23",
                        "url": "https://www.googletagmanager.com/gtag/js?id=G-WV46ZWEMKW"
                    },
                    {
                        "columnNumber": 226,
                        "functionName": "BK",
                        "lineNumber": 823,
                        "scriptId": "23",
                        "url": "https://www.googletagmanager.com/gtag/js?id=G-WV46ZWEMKW"
                    },
                    {
                        "columnNumber": 411,
                        "functionName": "h.xb",
                        "lineNumber": 827,
                        "scriptId": "23",
                        "url": "https://www.googletagmanager.com/gtag/js?id=G-WV46ZWEMKW"
                    },
                    {
                        "columnNumber": 41,
                        "functionName": "h.add",
                        "lineNumber": 830,
                        "scriptId": "23",
                        "url": "https://www.googletagmanager.com/gtag/js?id=G-WV46ZWEMKW"
                    },
                    {
                        "columnNumber": 154,
                        "functionName": "h.qk",
                        "lineNumber": 848,
                        "scriptId": "23",
                        "url": "https://www.googletagmanager.com/gtag/js?id=G-WV46ZWEMKW"
                    },
                    {
                        "columnNumber": 76,
                        "functionName": "h.Gn",
                        "lineNumber": 848,
                        "scriptId": "23",
                        "url": "https://www.googletagmanager.com/gtag/js?id=G-WV46ZWEMKW"
                    },
                    {
                        "columnNumber": 523,
                        "functionName": "",
                        "lineNumber": 844,
                        "scriptId": "23",
                        "url": "https://www.googletagmanager.com/gtag/js?id=G-WV46ZWEMKW"
                    },
                    {
                        "columnNumber": 149,
                        "functionName": "ym",
                        "lineNumber": 412,
                        "scriptId": "23",
                        "url": "https://www.googletagmanager.com/gtag/js?id=G-WV46ZWEMKW"
                    },
                    {
                        "columnNumber": 431,
                        "functionName": "$n",
                        "lineNumber": 422,
                        "scriptId": "23",
                        "url": "https://www.googletagmanager.com/gtag/js?id=G-WV46ZWEMKW"
                    },
                    {
                        "columnNumber": 507,
                        "functionName": "",
                        "lineNumber": 844,
                        "scriptId": "23",
                        "url": "https://www.googletagmanager.com/gtag/js?id=G-WV46ZWEMKW"
                    },
                    {
                        "columnNumber": 20,
                        "functionName": "c",
                        "lineNumber": 598,
                        "scriptId": "23",
                        "url": "https://www.googletagmanager.com/gtag/js?id=G-WV46ZWEMKW"
                    },
                    {
                        "columnNumber": 51,
                        "functionName": "lx",
                        "lineNumber": 598,
                        "scriptId": "23",
                        "url": "https://www.googletagmanager.com/gtag/js?id=G-WV46ZWEMKW"
                    },
                    {
                        "columnNumber": 493,
                        "functionName": "h.En",
                        "lineNumber": 844,
                        "scriptId": "23",
                        "url": "https://www.googletagmanager.com/gtag/js?id=G-WV46ZWEMKW"
                    },
                    {
                        "columnNumber": 962,
                        "functionName": "c",
                        "lineNumber": 860,
                        "scriptId": "23",
                        "url": "https://www.googletagmanager.com/gtag/js?id=G-WV46ZWEMKW"
                    },
                    {
                        "columnNumber": 368,
                        "functionName": "w",
                        "lineNumber": 439,
                        "scriptId": "23",
                        "url": "https://www.googletagmanager.com/gtag/js?id=G-WV46ZWEMKW"
                    },
                    {
                        "columnNumber": 1235,
                        "functionName": "Hm",
                        "lineNumber": 413,
                        "scriptId": "23",
                        "url": "https://www.googletagmanager.com/gtag/js?id=G-WV46ZWEMKW"
                    },
                    {
                        "columnNumber": 458,
                        "functionName": "Kp",
                        "lineNumber": 439,
                        "scriptId": "23",
                        "url": "https://www.googletagmanager.com/gtag/js?id=G-WV46ZWEMKW"
                    },
                    {
                        "columnNumber": 186,
                        "functionName": "Jp.flush",
                        "lineNumber": 442,
                        "scriptId": "23",
                        "url": "https://www.googletagmanager.com/gtag/js?id=G-WV46ZWEMKW"
                    },
                    {
                        "columnNumber": 337,
                        "functionName": "Jp.push",
                        "lineNumber": 440,
                        "scriptId": "23",
                        "url": "https://www.googletagmanager.com/gtag/js?id=G-WV46ZWEMKW"
                    },
                    {
                        "columnNumber": 55,
                        "functionName": "config",
                        "lineNumber": 688,
                        "scriptId": "23",
                        "url": "https://www.googletagmanager.com/gtag/js?id=G-WV46ZWEMKW"
                    },
                    {
                        "columnNumber": 470,
                        "functionName": "KB",
                        "lineNumber": 696,
                        "scriptId": "23",
                        "url": "https://www.googletagmanager.com/gtag/js?id=G-WV46ZWEMKW"
                    },
                    {
                        "columnNumber": 43,
                        "functionName": "MB",
                        "lineNumber": 698,
                        "scriptId": "23",
                        "url": "https://www.googletagmanager.com/gtag/js?id=G-WV46ZWEMKW"
                    }
                ]
            },
            "type": "script"
        }
    },
    {
        "requested_for": "https://www.wordreference.com/",
        "time": 340752.538088,
        "requestId": "7628.13",
        "loaderId": "5EE7FB35BD3F669EB8FCBD33D02FD080",
        "requested_resource": "https://stats.g.doubleclick.net/g/collect?v=2&tid=G-WV46ZWEMKW&cid=486284302.1742329758&gtm=45je53h0v894434626za200&aip=1&dma=1&dma_cps=syphamo&gcs=G1--&gcd=13l3l3R2l5l1&npa=1&frm=0&tag_exp=102482433~102525910~102587591~102717422~102788824~102813109~102814060~102825837~102879719",
        "initiator": {
            "stack": {
                "callFrames": [
                    {
                        "columnNumber": 226,
                        "functionName": "Fc",
                        "lineNumber": 214,
                        "scriptId": "23",
                        "url": "https://www.googletagmanager.com/gtag/js?id=G-WV46ZWEMKW"
                    },
                    {
                        "columnNumber": 231,
                        "functionName": "ql",
                        "lineNumber": 390,
                        "scriptId": "23",
                        "url": "https://www.googletagmanager.com/gtag/js?id=G-WV46ZWEMKW"
                    },
                    {
                        "columnNumber": 51,
                        "functionName": "zK",
                        "lineNumber": 823,
                        "scriptId": "23",
                        "url": "https://www.googletagmanager.com/gtag/js?id=G-WV46ZWEMKW"
                    },
                    {
                        "columnNumber": 215,
                        "functionName": "CK",
                        "lineNumber": 824,
                        "scriptId": "23",
                        "url": "https://www.googletagmanager.com/gtag/js?id=G-WV46ZWEMKW"
                    },
                    {
                        "columnNumber": 223,
                        "functionName": "h.xb",
                        "lineNumber": 828,
                        "scriptId": "23",
                        "url": "https://www.googletagmanager.com/gtag/js?id=G-WV46ZWEMKW"
                    },
                    {
                        "columnNumber": 41,
                        "functionName": "h.add",
                        "lineNumber": 830,
                        "scriptId": "23",
                        "url": "https://www.googletagmanager.com/gtag/js?id=G-WV46ZWEMKW"
                    },
                    {
                        "columnNumber": 154,
                        "functionName": "h.qk",
                        "lineNumber": 848,
                        "scriptId": "23",
                        "url": "https://www.googletagmanager.com/gtag/js?id=G-WV46ZWEMKW"
                    },
                    {
                        "columnNumber": 76,
                        "functionName": "h.Gn",
                        "lineNumber": 848,
                        "scriptId": "23",
                        "url": "https://www.googletagmanager.com/gtag/js?id=G-WV46ZWEMKW"
                    },
                    {
                        "columnNumber": 523,
                        "functionName": "",
                        "lineNumber": 844,
                        "scriptId": "23",
                        "url": "https://www.googletagmanager.com/gtag/js?id=G-WV46ZWEMKW"
                    },
                    {
                        "columnNumber": 149,
                        "functionName": "ym",
                        "lineNumber": 412,
                        "scriptId": "23",
                        "url": "https://www.googletagmanager.com/gtag/js?id=G-WV46ZWEMKW"
                    },
                    {
                        "columnNumber": 431,
                        "functionName": "$n",
                        "lineNumber": 422,
                        "scriptId": "23",
                        "url": "https://www.googletagmanager.com/gtag/js?id=G-WV46ZWEMKW"
                    },
                    {
                        "columnNumber": 507,
                        "functionName": "",
                        "lineNumber": 844,
                        "scriptId": "23",
                        "url": "https://www.googletagmanager.com/gtag/js?id=G-WV46ZWEMKW"
                    },
                    {
                        "columnNumber": 20,
                        "functionName": "c",
                        "lineNumber": 598,
                        "scriptId": "23",
                        "url": "https://www.googletagmanager.com/gtag/js?id=G-WV46ZWEMKW"
                    },
                    {
                        "columnNumber": 51,
                        "functionName": "lx",
                        "lineNumber": 598,
                        "scriptId": "23",
                        "url": "https://www.googletagmanager.com/gtag/js?id=G-WV46ZWEMKW"
                    },
                    {
                        "columnNumber": 493,
                        "functionName": "h.En",
                        "lineNumber": 844,
                        "scriptId": "23",
                        "url": "https://www.googletagmanager.com/gtag/js?id=G-WV46ZWEMKW"
                    },
                    {
                        "columnNumber": 962,
                        "functionName": "c",
                        "lineNumber": 860,
                        "scriptId": "23",
                        "url": "https://www.googletagmanager.com/gtag/js?id=G-WV46ZWEMKW"
                    },
                    {
                        "columnNumber": 368,
                        "functionName": "w",
                        "lineNumber": 439,
                        "scriptId": "23",
                        "url": "https://www.googletagmanager.com/gtag/js?id=G-WV46ZWEMKW"
                    },
                    {
                        "columnNumber": 1235,
                        "functionName": "Hm",
                        "lineNumber": 413,
                        "scriptId": "23",
                        "url": "https://www.googletagmanager.com/gtag/js?id=G-WV46ZWEMKW"
                    },
                    {
                        "columnNumber": 458,
                        "functionName": "Kp",
                        "lineNumber": 439,
                        "scriptId": "23",
                        "url": "https://www.googletagmanager.com/gtag/js?id=G-WV46ZWEMKW"
                    },
                    {
                        "columnNumber": 186,
                        "functionName": "Jp.flush",
                        "lineNumber": 442,
                        "scriptId": "23",
                        "url": "https://www.googletagmanager.com/gtag/js?id=G-WV46ZWEMKW"
                    },
                    {
                        "columnNumber": 337,
                        "functionName": "Jp.push",
                        "lineNumber": 440,
                        "scriptId": "23",
                        "url": "https://www.googletagmanager.com/gtag/js?id=G-WV46ZWEMKW"
                    },
                    {
                        "columnNumber": 55,
                        "functionName": "config",
                        "lineNumber": 688,
                        "scriptId": "23",
                        "url": "https://www.googletagmanager.com/gtag/js?id=G-WV46ZWEMKW"
                    },
                    {
                        "columnNumber": 470,
                        "functionName": "KB",
                        "lineNumber": 696,
                        "scriptId": "23",
                        "url": "https://www.googletagmanager.com/gtag/js?id=G-WV46ZWEMKW"
                    },
                    {
                        "columnNumber": 43,
                        "functionName": "MB",
                        "lineNumber": 698,
                        "scriptId": "23",
                        "url": "https://www.googletagmanager.com/gtag/js?id=G-WV46ZWEMKW"
                    }
                ]
            },
            "type": "script"
        }
    },
    {
        "requested_for": "https://www.wordreference.com/",
        "time": 340752.538385,
        "requestId": "7628.14",
        "loaderId": "5EE7FB35BD3F669EB8FCBD33D02FD080",
        "requested_resource": "https://www.google.cz/ads/ga-audiences?v=1&t=sr&slf_rd=1&_r=4&tid=G-WV46ZWEMKW&cid=486284302.1742329758&gtm=45je53h0v894434626za200&aip=1&dma=1&dma_cps=syphamo&gcs=G1--&gcd=13l3l3R2l5l1&npa=1&frm=0&tag_exp=102482433~102525910~102587591~102717422~102788824~102813109~102814060~102825837~102879719&tag_exp=102482433~102525910~102587591~102717422~102788824~102813109~102814060~102825837~102879719&z=608046108",
        "initiator": {
            "columnNumber": 1,
            "lineNumber": 1189,
            "type": "parser",
            "url": "https://www.wordreference.com/"
        }
    },
    {
        "requested_for": "https://www.wordreference.com/",
        "time": 340752.743617,
        "requestId": "7628.15",
        "loaderId": "5EE7FB35BD3F669EB8FCBD33D02FD080",
        "requested_resource": "https://www.wordreference.com/favicons/manifest.json?dict=enen&indexpage=1",
        "initiator": {
            "type": "other"
        }
    },
    {
        "requested_for": "https://www.wordreference.com/",
        "time": 340752.744265,
        "requestId": "7628.16",
        "loaderId": "5EE7FB35BD3F669EB8FCBD33D02FD080",
        "requested_resource": "https://www.wordreference.com/icon.svg",
        "initiator": {
            "type": "other"
        }
    },
    {
        "requested_for": "https://www.wordreference.com/",
        "time": 340752.766086,
        "requestId": "7628.17",
        "loaderId": "5EE7FB35BD3F669EB8FCBD33D02FD080",
        "requested_resource": "https://www.wordreference.com/favicon.ico",
        "initiator": {
            "type": "other"
        }
    },
    {
        "requested_for": "https://www.wordreference.com/",
        "time": 340752.780781,
        "requestId": "7628.18",
        "loaderId": "5EE7FB35BD3F669EB8FCBD33D02FD080",
        "requested_resource": "https://cdnawsw.wordreference.net/images/icon-192.png",
        "initiator": {
            "type": "other"
        }
    },
    {
        "requested_for": "https://www.wordreference.com/",
        "time": 340757.547703,
        "requestId": "7628.19",
        "loaderId": "5EE7FB35BD3F669EB8FCBD33D02FD080",
        "requested_resource": "https://region1.analytics.google.com/g/collect?v=2&tid=G-WV46ZWEMKW&gtm=45je53h0v894434626za200&_p=1742329757410&gcs=G1--&gcd=13l3l3R2l5l1&npa=1&dma_cps=syphamo&dma=1&tag_exp=102482433~102525910~102587591~102717422~102788824~102813109~102814060~102825837~102879719&cid=486284302.1742329758&ul=en-us&sr=2560x1440&uaa=x86&uab=64&uafvl=Not%253AA-Brand%3B24.0.0.0%7CChromium%3B134.0.6998.88&uamb=0&uam=&uap=Windows&uapv=19.0.0&uaw=0&are=1&frm=0&pscdl=&_eu=AEA&_s=2&sid=1742329757&sct=1&seg=0&dl=https%3A%2F%2Fwww.wordreference.com%2F&dt=English%20to%20French%2C%20Italian%2C%20German%20%26%20Spanish%20Dictionary%20-%20WordReference.com&en=scroll&epn.percent_scrolled=90&_et=3&tfd=6247",
        "initiator": {
            "stack": {
                "callFrames": [
                    {
                        "columnNumber": 285,
                        "functionName": "Ic",
                        "lineNumber": 215,
                        "scriptId": "23",
                        "url": "https://www.googletagmanager.com/gtag/js?id=G-WV46ZWEMKW"
                    },
                    {
                        "columnNumber": 93,
                        "functionName": "tl",
                        "lineNumber": 391,
                        "scriptId": "23",
                        "url": "https://www.googletagmanager.com/gtag/js?id=G-WV46ZWEMKW"
                    },
                    {
                        "columnNumber": 226,
                        "functionName": "BK",
                        "lineNumber": 823,
                        "scriptId": "23",
                        "url": "https://www.googletagmanager.com/gtag/js?id=G-WV46ZWEMKW"
                    },
                    {
                        "columnNumber": 129,
                        "functionName": "h.flush",
                        "lineNumber": 830,
                        "scriptId": "23",
                        "url": "https://www.googletagmanager.com/gtag/js?id=G-WV46ZWEMKW"
                    },
                    {
                        "columnNumber": 344,
                        "functionName": "",
                        "lineNumber": 827,
                        "scriptId": "23",
                        "url": "https://www.googletagmanager.com/gtag/js?id=G-WV46ZWEMKW"
                    }
                ]
            },
            "type": "script"
        }
    }
]