[
    {
        "requested_by": "https://nejlepsiceny.cz/",
        "time": 237624.734479,
        "requested_resource": "https://nejlepsiceny.cz/",
        "initiator": {
            "type": "other"
        }
    },
    {
        "requested_by": "https://www.nejlepsiceny.cz/",
        "time": 237625.079653,
        "requested_resource": "https://www.nejlepsiceny.cz/",
        "initiator": {
            "type": "other"
        }
    },
    {
        "requested_by": "https://www.nejlepsiceny.cz/",
        "time": 237625.416207,
        "requested_resource": "https://www.nejlepsiceny.cz/static/css/style.css?veb9ec8c6",
        "initiator": {
            "columnNumber": 99,
            "lineNumber": 7,
            "type": "parser",
            "url": "https://www.nejlepsiceny.cz/"
        }
    },
    {
        "requested_by": "https://www.nejlepsiceny.cz/",
        "time": 237625.416429,
        "requested_resource": "https://www.nejlepsiceny.cz/static/js/cache/c762f0f3-1-jquery,functions.js",
        "initiator": {
            "columnNumber": 97,
            "lineNumber": 22,
            "type": "parser",
            "url": "https://www.nejlepsiceny.cz/"
        }
    },
    {
        "requested_by": "https://www.nejlepsiceny.cz/",
        "time": 237625.416521,
        "requested_resource": "https://www.nejlepsiceny.cz/img/nc.gif",
        "initiator": {
            "columnNumber": 213,
            "lineNumber": 32,
            "type": "parser",
            "url": "https://www.nejlepsiceny.cz/"
        }
    },
    {
        "requested_by": "https://www.nejlepsiceny.cz/",
        "time": 237625.41656,
        "requested_resource": "https://im9.cz/iR/importprodukt-orig/56c/56c81f9ca68baaf44250f036ab4e08e8--mmf100x100.jpg",
        "initiator": {
            "columnNumber": 206,
            "lineNumber": 272,
            "type": "parser",
            "url": "https://www.nejlepsiceny.cz/"
        }
    },
    {
        "requested_by": "https://www.nejlepsiceny.cz/",
        "time": 237625.416596,
        "requested_resource": "https://im9.cz/iR/importprodukt-orig/2dd/2dd6c774c43723d0a95849ba08227421--mmf100x100.jpg",
        "initiator": {
            "columnNumber": 194,
            "lineNumber": 290,
            "type": "parser",
            "url": "https://www.nejlepsiceny.cz/"
        }
    },
    {
        "requested_by": "https://www.nejlepsiceny.cz/",
        "time": 237625.416675,
        "requested_resource": "https://im9.cz/iR/importprodukt-orig/480/480939b6e5615b8fe0d44e8f50c6aee5--mmf100x100.jpg",
        "initiator": {
            "columnNumber": 193,
            "lineNumber": 306,
            "type": "parser",
            "url": "https://www.nejlepsiceny.cz/"
        }
    },
    {
        "requested_by": "https://www.nejlepsiceny.cz/",
        "time": 237625.41674,
        "requested_resource": "https://im9.cz/iR/importprodukt-orig/7af/7afe0daad76f2eb1013c1ed895d60fe1--mmf100x100.jpg",
        "initiator": {
            "columnNumber": 191,
            "lineNumber": 319,
            "type": "parser",
            "url": "https://www.nejlepsiceny.cz/"
        }
    },
    {
        "requested_by": "https://www.nejlepsiceny.cz/",
        "time": 237625.416774,
        "requested_resource": "https://im9.cz/iR/importprodukt-orig/16b/16b24ee7a14532303991e6ea3ad5d53b--mmf100x100.jpg",
        "initiator": {
            "columnNumber": 222,
            "lineNumber": 330,
            "type": "parser",
            "url": "https://www.nejlepsiceny.cz/"
        }
    },
    {
        "requested_by": "https://www.nejlepsiceny.cz/",
        "time": 237625.416807,
        "requested_resource": "https://im9.cz/iR/importprodukt-orig/639/63916c7e4888ce73f6cf697a0c4179bc--mmf100x100.jpg",
        "initiator": {
            "columnNumber": 195,
            "lineNumber": 341,
            "type": "parser",
            "url": "https://www.nejlepsiceny.cz/"
        }
    },
    {
        "requested_by": "https://www.nejlepsiceny.cz/",
        "time": 237625.416846,
        "requested_resource": "https://www.nejlepsiceny.cz/img/rating9.gif",
        "initiator": {
            "columnNumber": 136,
            "lineNumber": 367,
            "type": "parser",
            "url": "https://www.nejlepsiceny.cz/"
        }
    },
    {
        "requested_by": "https://www.nejlepsiceny.cz/",
        "time": 237625.416876,
        "requested_resource": "https://www.nejlepsiceny.cz/img/rating10.gif",
        "initiator": {
            "columnNumber": 137,
            "lineNumber": 375,
            "type": "parser",
            "url": "https://www.nejlepsiceny.cz/"
        }
    },
    {
        "requested_by": "https://www.nejlepsiceny.cz/",
        "time": 237625.434378,
        "requested_resource": "https://sdk.privacy-center.org/a395b1ec-5200-4fcc-98ba-520bc8992f2b/loader.js?target=www.nejlepsiceny.cz",
        "initiator": {
            "stack": {
                "callFrames": [
                    {
                        "columnNumber": 266,
                        "functionName": "",
                        "lineNumber": 21,
                        "scriptId": "16",
                        "url": "https://www.nejlepsiceny.cz/"
                    }
                ]
            },
            "type": "script"
        }
    },
    {
        "requested_by": "https://www.nejlepsiceny.cz/",
        "time": 237625.48595,
        "requested_resource": "https://securepubads.g.doubleclick.net/tag/js/gpt.js",
        "initiator": {
            "stack": {
                "callFrames": [
                    {
                        "columnNumber": 13106,
                        "functionName": "",
                        "lineNumber": 25,
                        "scriptId": "18",
                        "url": "https://www.nejlepsiceny.cz/"
                    }
                ]
            },
            "type": "script"
        }
    },
    {
        "requested_by": "https://www.nejlepsiceny.cz/",
        "time": 237625.488166,
        "requested_resource": "https://www.nejlepsiceny.cz/static/css/images/bgh.gif",
        "initiator": {
            "type": "parser",
            "url": "https://www.nejlepsiceny.cz/static/css/style.css?veb9ec8c6"
        }
    },
    {
        "requested_by": "https://www.nejlepsiceny.cz/",
        "time": 237625.488233,
        "requested_resource": "https://www.nejlepsiceny.cz/static/css/images/bgh2.gif",
        "initiator": {
            "type": "parser",
            "url": "https://www.nejlepsiceny.cz/static/css/style.css?veb9ec8c6"
        }
    },
    {
        "requested_by": "https://www.nejlepsiceny.cz/",
        "time": 237625.490279,
        "requested_resource": "https://www.nejlepsiceny.cz/static/css/images/bg.gif",
        "initiator": {
            "type": "parser",
            "url": "https://www.nejlepsiceny.cz/static/css/style.css?veb9ec8c6"
        }
    },
    {
        "requested_by": "https://www.nejlepsiceny.cz/",
        "time": 237625.490368,
        "requested_resource": "https://www.nejlepsiceny.cz/static/css/images/plus.gif",
        "initiator": {
            "type": "parser",
            "url": "https://www.nejlepsiceny.cz/static/css/style.css?veb9ec8c6"
        }
    },
    {
        "requested_by": "https://www.nejlepsiceny.cz/",
        "time": 237625.619151,
        "requested_resource": "https://securepubads.g.doubleclick.net/pagead/managed/js/gpt/m202502130101/pubads_impl.js",
        "initiator": {
            "stack": {
                "callFrames": [
                    {
                        "columnNumber": 54073,
                        "functionName": "Mj",
                        "lineNumber": 10,
                        "scriptId": "19",
                        "url": "https://securepubads.g.doubleclick.net/tag/js/gpt.js"
                    }
                ]
            },
            "type": "script"
        }
    },
    {
        "requested_by": "https://www.nejlepsiceny.cz/",
        "time": 237625.620869,
        "requested_resource": "https://securepubads.g.doubleclick.net/pagead/managed/dict/m202502200101/gpt",
        "initiator": {
            "columnNumber": 1,
            "lineNumber": 482,
            "type": "parser",
            "url": "https://www.nejlepsiceny.cz/"
        }
    },
    {
        "requested_by": "https://www.nejlepsiceny.cz/",
        "time": 237625.757651,
        "requested_resource": "https://sdk.privacy-center.org/sdk/169ca3ee90aab3f8a29c09a328c18e41acfef520/modern/sdk.169ca3ee90aab3f8a29c09a328c18e41acfef520.js",
        "initiator": {
            "stack": {
                "callFrames": [
                    {
                        "columnNumber": 25430,
                        "functionName": "e",
                        "lineNumber": 0,
                        "scriptId": "25",
                        "url": "https://sdk.privacy-center.org/a395b1ec-5200-4fcc-98ba-520bc8992f2b/loader.js?target=www.nejlepsiceny.cz"
                    }
                ]
            },
            "type": "script"
        }
    },
    {
        "requested_by": "https://www.nejlepsiceny.cz/",
        "time": 237625.807106,
        "requested_resource": "https://sdk.privacy-center.org/sdk/169ca3ee90aab3f8a29c09a328c18e41acfef520/modern/ui-web-cs-web.169ca3ee90aab3f8a29c09a328c18e41acfef520.js",
        "initiator": {
            "stack": {
                "callFrames": [
                    {
                        "columnNumber": 262993,
                        "functionName": "o.l",
                        "lineNumber": 1,
                        "scriptId": "26",
                        "url": "https://sdk.privacy-center.org/sdk/169ca3ee90aab3f8a29c09a328c18e41acfef520/modern/sdk.169ca3ee90aab3f8a29c09a328c18e41acfef520.js"
                    }
                ]
            },
            "type": "script"
        }
    },
    {
        "requested_by": "https://www.nejlepsiceny.cz/",
        "time": 237625.862096,
        "requested_resource": "https://www.nejlepsiceny.cz/favicon.ico",
        "initiator": {
            "type": "other"
        }
    }
]