{
    "google.com": {
        "accounts": {
            "A": [
                "142.250.102.84"
            ],
            "CNAME": []
        },
        "android.clients": {
            "A": [
                "142.251.36.78",
                "142.251.36.142",
                "142.251.36.110",
                "142.251.37.110"
            ],
            "CNAME": [
                "android.l.google.com"
            ]
        },
        "android.l": {
            "A": [
                "142.251.36.78",
                "142.251.36.142",
                "142.251.36.110",
                "142.251.37.110"
            ],
            "CNAME": []
        },
        "mtalk": {
            "A": [
                "74.125.128.188"
            ],
            "CNAME": []
        },
        "region1.analytics": {
            "A": [
                "216.239.32.36",
                "216.239.34.36"
            ],
            "CNAME": []
        },
        "www": {
            "A": [
                "142.251.36.132"
            ],
            "CNAME": []
        }
    },
    "doubleclick.net": {
        "stats.g": {
            "A": [
                "142.251.18.155",
                "142.251.18.157",
                "142.251.18.154",
                "142.251.18.156"
            ],
            "CNAME": []
        },
        "securepubads.g": {
            "A": [
                "142.251.36.130"
            ],
            "CNAME": []
        }
    },
    "nejlepsiceny.cz": {
        "nejlepsiceny.cz": {
            "A": [
                "185.68.70.169",
                "185.68.70.170"
            ],
            "CNAME": []
        },
        "www": {
            "A": [
                "185.68.70.170",
                "185.68.70.169"
            ],
            "CNAME": []
        }
    },
    "im9.cz": {
        "im9.cz": {
            "A": [
                "185.68.70.157",
                "185.68.70.158"
            ],
            "CNAME": []
        }
    },
    "privacy-center.org": {
        "sdk": {
            "A": [
                "65.9.95.111",
                "65.9.95.124",
                "65.9.95.56",
                "65.9.95.23"
            ],
            "CNAME": []
        }
    },
    "criteo.net": {
        "static": {
            "A": [
                "178.250.7.137"
            ],
            "CNAME": [
                "in-ftd-172.fr3.vip.prod.criteo.net"
            ]
        },
        "in-ftd-172.fr3.vip.prod": {
            "A": [
                "178.250.7.137"
            ],
            "CNAME": []
        }
    },
    "googlesyndication.com": {
        "3049ad95ece68f718bf9612006852a2f.safeframe": {
            "A": [
                "142.251.36.65"
            ],
            "CNAME": []
        },
        "pagead2": {
            "A": [
                "142.251.36.98"
            ],
            "CNAME": []
        }
    },
    "criteo.com": {
        "gum": {
            "A": [
                "178.250.7.13"
            ],
            "CNAME": [
                "gum.fr3.vip.prod.criteo.com"
            ]
        },
        "gum.fr3.vip.prod": {
            "A": [
                "178.250.7.13"
            ],
            "CNAME": []
        }
    },
    "adtrafficquality.google": {
        "ep1": {
            "A": [
                "142.251.36.130"
            ],
            "CNAME": []
        },
        "ep2": {
            "A": [
                "142.251.37.97"
            ],
            "CNAME": []
        }
    }
}