{
    "google.com": {
        "accounts": {
            "A": [
                "64.233.184.84"
            ],
            "CNAME": []
        },
        "android.clients": {
            "A": [
                "142.251.37.110",
                "142.251.36.142",
                "142.251.36.78",
                "142.251.36.110"
            ],
            "CNAME": [
                "android.l.google.com"
            ]
        },
        "android.l": {
            "A": [
                "142.251.37.110",
                "142.251.36.142",
                "142.251.36.78",
                "142.251.36.110"
            ],
            "CNAME": []
        },
        "mtalk": {
            "A": [
                "142.250.27.188"
            ],
            "CNAME": []
        }
    },
    "nejlepsiceny.cz": {
        "nejlepsiceny.cz": {
            "A": [
                "185.68.70.169",
                "185.68.70.170"
            ],
            "CNAME": []
        },
        "www": {
            "A": [
                "185.68.70.169",
                "185.68.70.170"
            ],
            "CNAME": []
        }
    },
    "im9.cz": {
        "im9.cz": {
            "A": [
                "185.68.70.157",
                "185.68.70.158"
            ],
            "CNAME": []
        }
    },
    "googleapis.com": {
        "content-autofill": {
            "A": [
                "142.251.36.74",
                "142.251.36.106",
                "142.251.36.138",
                "142.251.37.106"
            ],
            "CNAME": []
        }
    },
    "privacy-center.org": {
        "sdk": {
            "A": [
                "65.9.95.111",
                "65.9.95.124",
                "65.9.95.56",
                "65.9.95.23"
            ],
            "CNAME": []
        }
    },
    "doubleclick.net": {
        "securepubads.g": {
            "A": [
                "142.251.36.130"
            ],
            "CNAME": []
        }
    }
}