{
    "google.com": {
        "accounts": {
            "A": [
                "64.233.184.84"
            ],
            "CNAME": []
        },
        "android.clients": {
            "A": [
                "142.251.36.110",
                "142.251.36.78",
                "142.251.36.142",
                "142.251.37.110"
            ],
            "CNAME": [
                "android.l.google.com"
            ]
        },
        "android.l": {
            "A": [
                "142.251.36.110",
                "142.251.36.78",
                "142.251.36.142",
                "142.251.37.110"
            ],
            "CNAME": []
        },
        "mtalk": {
            "A": [
                "142.250.27.188"
            ],
            "CNAME": []
        }
    },
    "etsy.com": {
        "etsy.com": {
            "A": [
                "151.101.129.224",
                "151.101.193.224",
                "151.101.1.224",
                "151.101.65.224"
            ],
            "CNAME": []
        },
        "www": {
            "A": [
                "199.232.17.224"
            ],
            "CNAME": [
                "zone1.www.etsy.com",
                "etsy.map.fastly.net"
            ]
        },
        "zone1.www": {
            "A": [],
            "CNAME": [
                "etsy.map.fastly.net"
            ]
        }
    },
    "fastly.net": {
        "etsy.map": {
            "A": [],
            "CNAME": []
        }
    },
    "etsystatic.com": {
        "i": {
            "A": [
                "2.16.2.120",
                "2.16.2.121"
            ],
            "CNAME": [
                "zone1.i.etsystatic.com",
                "i.etsystatic.com-sbd.edgesuite.net",
                "a520.b.akamai.net"
            ]
        },
        "zone1.i": {
            "A": [],
            "CNAME": [
                "i.etsystatic.com-sbd.edgesuite.net"
            ]
        }
    },
    "edgesuite.net": {
        "i.etsystatic.com-sbd": {
            "A": [],
            "CNAME": [
                "a520.b.akamai.net"
            ]
        }
    },
    "akamai.net": {
        "a520.b": {
            "A": [
                "2.16.2.120",
                "2.16.2.121"
            ],
            "CNAME": []
        }
    },
    "transcend-cdn.com": {
        "transcend-cdn.com": {
            "A": [
                "104.18.40.238",
                "172.64.147.18"
            ],
            "CNAME": []
        }
    },
    "googleapis.com": {
        "content-autofill": {
            "A": [
                "142.251.37.106",
                "142.251.36.138",
                "142.251.36.106",
                "142.251.36.74"
            ],
            "CNAME": []
        }
    }
}