{"fpd_access_logs":{"370310337":{"Date.now":{"call":{"args":{"":16},"total":16,"callers":{"Error: FPDCallerTracker\n    at Date.replacementF (chrome-extension://bbogkpojpmdnlonjjogfkaclifmgnbfe/2040449c-ed20-4861-b5ef-67b1a7ca9732:4039:11)\n    at Date.replacementF (chrome-extension://bbogkpojpmdnlonjjogfkaclifmgnbfe/2040449c-ed20-4861-b5ef-67b1a7ca9732:4059:41)\n    at Object.apply (chrome-extension://bbogkpojpmdnlonjjogfkaclifmgnbfe/2040449c-ed20-4861-b5ef-67b1a7ca9732:405:25)\n    at p (https://www.etsy.com/:442:1338)\n    at https://www.etsy.com/:442:4260\n    at E (https://www.etsy.com/:442:2723)\n    at j (https://www.etsy.com/:442:4233)\n    at e.onINP (https://www.etsy.com/:442:5015)\n    at https://www.etsy.com/:3402:8055\n    at https://www.etsy.com/:3402:9321":true,"Error: FPDCallerTracker\n    at Date.replacementF (chrome-extension://bbogkpojpmdnlonjjogfkaclifmgnbfe/2040449c-ed20-4861-b5ef-67b1a7ca9732:4039:11)\n    at Date.replacementF (chrome-extension://bbogkpojpmdnlonjjogfkaclifmgnbfe/2040449c-ed20-4861-b5ef-67b1a7ca9732:4059:41)\n    at Object.apply (chrome-extension://bbogkpojpmdnlonjjogfkaclifmgnbfe/2040449c-ed20-4861-b5ef-67b1a7ca9732:405:25)\n    at p (https://www.etsy.com/:442:1338)\n    at https://www.etsy.com/:442:6219\n    at E (https://www.etsy.com/:442:2723)\n    at e.onLCP (https://www.etsy.com/:442:6092)\n    at https://www.etsy.com/:3402:8097\n    at https://www.etsy.com/:3402:9321\n    at https://www.etsy.com/:3402:9569":true,"Error: FPDCallerTracker\n    at m.replacementF (chrome-extension://bbogkpojpmdnlonjjogfkaclifmgnbfe/2040449c-ed20-4861-b5ef-67b1a7ca9732:4039:11)\n    at m.replacementF (chrome-extension://bbogkpojpmdnlonjjogfkaclifmgnbfe/2040449c-ed20-4861-b5ef-67b1a7ca9732:4059:41)\n    at Object.apply (chrome-extension://bbogkpojpmdnlonjjogfkaclifmgnbfe/2040449c-ed20-4861-b5ef-67b1a7ca9732:405:25)\n    at https://www.etsy.com/ac/evergreenVendor/js/en-US/vendor_bundle.aadb8fbafd634bfbb65c.js:2:188606\n    at https://www.etsy.com/ac/evergreenVendor/js/en-US/vendor_bundle.aadb8fbafd634bfbb65c.js:2:116611\n    at 6620 (https://www.etsy.com/ac/evergreenVendor/js/en-US/vendor_bundle.aadb8fbafd634bfbb65c.js:2:116727)\n    at r (https://www.etsy.com/ac/evergreenVendor/js/en-US/vendor_bundle.aadb8fbafd634bfbb65c.js:2:450802)\n    at 8572 (https://www.etsy.com/ac/evergreenVendor/js/en-US/etsy_libs.47029156ee493df3a151.js:2:56569)\n    at n (https://www.etsy.com/ac/evergreenVendor/js/en-US/etsy_libs.47029156ee493df3a151.js:2:56807)\n    at 47904 (https://www.etsy.com/ac/evergreenVendor/js/en-US/app-shell/globals/index.772ea1510f941faced62.js:2:398052)":true,"Error: FPDCallerTracker\n    at m.replacementF (chrome-extension://bbogkpojpmdnlonjjogfkaclifmgnbfe/2040449c-ed20-4861-b5ef-67b1a7ca9732:4039:11)\n    at m.replacementF (chrome-extension://bbogkpojpmdnlonjjogfkaclifmgnbfe/2040449c-ed20-4861-b5ef-67b1a7ca9732:4059:41)\n    at Object.apply (chrome-extension://bbogkpojpmdnlonjjogfkaclifmgnbfe/2040449c-ed20-4861-b5ef-67b1a7ca9732:405:25)\n    at new m.Event (https://www.etsy.com/ac/evergreenVendor/js/en-US/vendor_bundle.aadb8fbafd634bfbb65c.js:2:159837)\n    at Object.trigger (https://www.etsy.com/ac/evergreenVendor/js/en-US/vendor_bundle.aadb8fbafd634bfbb65c.js:2:186451)\n    at HTMLInputElement.<anonymous> (https://www.etsy.com/ac/evergreenVendor/js/en-US/vendor_bundle.aadb8fbafd634bfbb65c.js:2:187618)\n    at m.each (https://www.etsy.com/ac/evergreenVendor/js/en-US/vendor_bundle.aadb8fbafd634bfbb65c.js:2:119499)\n    at m.fn.init.each (https://www.etsy.com/ac/evergreenVendor/js/en-US/vendor_bundle.aadb8fbafd634bfbb65c.js:2:117402)\n    at m.fn.init.trigger (https://www.etsy.com/ac/evergreenVendor/js/en-US/vendor_bundle.aadb8fbafd634bfbb65c.js:2:187593)\n    at HTMLInputElement.<anonymous> (https://www.etsy.com/ac/evergreenVendor/js/en-US/app-shell/globals/index.772ea1510f941faced62.js:2:120511)":true,"Error: FPDCallerTracker\n    at m.replacementF (chrome-extension://bbogkpojpmdnlonjjogfkaclifmgnbfe/2040449c-ed20-4861-b5ef-67b1a7ca9732:4039:11)\n    at m.replacementF (chrome-extension://bbogkpojpmdnlonjjogfkaclifmgnbfe/2040449c-ed20-4861-b5ef-67b1a7ca9732:4059:41)\n    at Object.apply (chrome-extension://bbogkpojpmdnlonjjogfkaclifmgnbfe/2040449c-ed20-4861-b5ef-67b1a7ca9732:405:25)\n    at new m.Event (https://www.etsy.com/ac/evergreenVendor/js/en-US/vendor_bundle.aadb8fbafd634bfbb65c.js:2:159837)\n    at Object.trigger (https://www.etsy.com/ac/evergreenVendor/js/en-US/vendor_bundle.aadb8fbafd634bfbb65c.js:2:186451)\n    at m.fn.init.triggerHandler (https://www.etsy.com/ac/evergreenVendor/js/en-US/vendor_bundle.aadb8fbafd634bfbb65c.js:2:187703)\n    at ready (https://www.etsy.com/ac/evergreenVendor/js/en-US/vendor_bundle.aadb8fbafd634bfbb65c.js:2:146974)":true,"Error: FPDCallerTracker\n    at Date.replacementF (chrome-extension://bbogkpojpmdnlonjjogfkaclifmgnbfe/2040449c-ed20-4861-b5ef-67b1a7ca9732:4039:11)\n    at Date.replacementF (chrome-extension://bbogkpojpmdnlonjjogfkaclifmgnbfe/2040449c-ed20-4861-b5ef-67b1a7ca9732:4059:41)\n    at Object.apply (chrome-extension://bbogkpojpmdnlonjjogfkaclifmgnbfe/2040449c-ed20-4861-b5ef-67b1a7ca9732:405:25)\n    at https://transcend-cdn.com/cm/ac71e058-41b7-4026-b482-3d9b8e31a6d0/airgap.js:5:11410\n    at https://transcend-cdn.com/cm/ac71e058-41b7-4026-b482-3d9b8e31a6d0/airgap.js:17:3\n    at https://transcend-cdn.com/cm/ac71e058-41b7-4026-b482-3d9b8e31a6d0/airgap.js:18:3":true,"Error: FPDCallerTracker\n    at Date.replacementF (chrome-extension://bbogkpojpmdnlonjjogfkaclifmgnbfe/2040449c-ed20-4861-b5ef-67b1a7ca9732:4039:11)\n    at Date.replacementF (chrome-extension://bbogkpojpmdnlonjjogfkaclifmgnbfe/2040449c-ed20-4861-b5ef-67b1a7ca9732:4059:41)\n    at Object.apply (chrome-extension://bbogkpojpmdnlonjjogfkaclifmgnbfe/2040449c-ed20-4861-b5ef-67b1a7ca9732:405:25)\n    at KA (https://transcend-cdn.com/cm/ac71e058-41b7-4026-b482-3d9b8e31a6d0/airgap.js:16:12153)\n    at qC (https://transcend-cdn.com/cm/ac71e058-41b7-4026-b482-3d9b8e31a6d0/airgap.js:16:23802)\n    at OP (https://transcend-cdn.com/cm/ac71e058-41b7-4026-b482-3d9b8e31a6d0/airgap.js:16:22773)\n    at https://transcend-cdn.com/cm/ac71e058-41b7-4026-b482-3d9b8e31a6d0/airgap.js:16:25766\n    at https://transcend-cdn.com/cm/ac71e058-41b7-4026-b482-3d9b8e31a6d0/airgap.js:17:3\n    at https://transcend-cdn.com/cm/ac71e058-41b7-4026-b482-3d9b8e31a6d0/airgap.js:18:3":true,"Error: FPDCallerTracker\n    at m.replacementF (chrome-extension://bbogkpojpmdnlonjjogfkaclifmgnbfe/2040449c-ed20-4861-b5ef-67b1a7ca9732:4039:11)\n    at m.replacementF (chrome-extension://bbogkpojpmdnlonjjogfkaclifmgnbfe/2040449c-ed20-4861-b5ef-67b1a7ca9732:4059:41)\n    at Object.apply (chrome-extension://bbogkpojpmdnlonjjogfkaclifmgnbfe/2040449c-ed20-4861-b5ef-67b1a7ca9732:405:25)\n    at new m.Event (https://www.etsy.com/ac/evergreenVendor/js/en-US/vendor_bundle.aadb8fbafd634bfbb65c.js:2:159837)\n    at Object.trigger (https://www.etsy.com/ac/evergreenVendor/js/en-US/vendor_bundle.aadb8fbafd634bfbb65c.js:2:186451)\n    at m.ajax (https://www.etsy.com/ac/evergreenVendor/js/en-US/vendor_bundle.aadb8fbafd634bfbb65c.js:2:192871)\n    at https://www.etsy.com/ac/evergreenVendor/js/en-US/etsy_libs.47029156ee493df3a151.js:2:28467\n    at Object.v [as lazyLoad] (https://www.etsy.com/ac/evergreenVendor/js/en-US/etsy_libs.47029156ee493df3a151.js:2:30835)\n    at Xi.loadSection (https://www.etsy.com/ac/evergreenVendor/js/en-US/vesta_homepage/bootstrap.00cbc2c9a06a403c8b5a.js:2:689841)\n    at https://www.etsy.com/ac/evergreenVendor/js/en-US/vesta_homepage/bootstrap.00cbc2c9a06a403c8b5a.js:2:692156":true,"Error: FPDCallerTracker\n    at m.replacementF (chrome-extension://bbogkpojpmdnlonjjogfkaclifmgnbfe/2040449c-ed20-4861-b5ef-67b1a7ca9732:4039:11)\n    at m.replacementF (chrome-extension://bbogkpojpmdnlonjjogfkaclifmgnbfe/2040449c-ed20-4861-b5ef-67b1a7ca9732:4059:41)\n    at Object.apply (chrome-extension://bbogkpojpmdnlonjjogfkaclifmgnbfe/2040449c-ed20-4861-b5ef-67b1a7ca9732:405:25)\n    at new m.Event (https://www.etsy.com/ac/evergreenVendor/js/en-US/vendor_bundle.aadb8fbafd634bfbb65c.js:2:159837)\n    at Object.trigger (https://www.etsy.com/ac/evergreenVendor/js/en-US/vendor_bundle.aadb8fbafd634bfbb65c.js:2:186451)\n    at m.ajax (https://www.etsy.com/ac/evergreenVendor/js/en-US/vendor_bundle.aadb8fbafd634bfbb65c.js:2:193783)\n    at https://www.etsy.com/ac/evergreenVendor/js/en-US/etsy_libs.47029156ee493df3a151.js:2:28467\n    at Object.v [as lazyLoad] (https://www.etsy.com/ac/evergreenVendor/js/en-US/etsy_libs.47029156ee493df3a151.js:2:30835)\n    at Xi.loadSection (https://www.etsy.com/ac/evergreenVendor/js/en-US/vesta_homepage/bootstrap.00cbc2c9a06a403c8b5a.js:2:689841)\n    at https://www.etsy.com/ac/evergreenVendor/js/en-US/vesta_homepage/bootstrap.00cbc2c9a06a403c8b5a.js:2:692156":true,"Error: FPDCallerTracker\n    at m.replacementF (chrome-extension://bbogkpojpmdnlonjjogfkaclifmgnbfe/2040449c-ed20-4861-b5ef-67b1a7ca9732:4039:11)\n    at m.replacementF (chrome-extension://bbogkpojpmdnlonjjogfkaclifmgnbfe/2040449c-ed20-4861-b5ef-67b1a7ca9732:4059:41)\n    at Object.apply (chrome-extension://bbogkpojpmdnlonjjogfkaclifmgnbfe/2040449c-ed20-4861-b5ef-67b1a7ca9732:405:25)\n    at new m.Event (https://www.etsy.com/ac/evergreenVendor/js/en-US/vendor_bundle.aadb8fbafd634bfbb65c.js:2:159837)\n    at Object.trigger (https://www.etsy.com/ac/evergreenVendor/js/en-US/vendor_bundle.aadb8fbafd634bfbb65c.js:2:186451)\n    at m.ajax (https://www.etsy.com/ac/evergreenVendor/js/en-US/vendor_bundle.aadb8fbafd634bfbb65c.js:2:193783)\n    at https://www.etsy.com/ac/evergreenVendor/js/en-US/etsy_libs.47029156ee493df3a151.js:2:28467\n    at Object.r [as fetchOne] (https://www.etsy.com/ac/evergreenVendor/js/en-US/etsy_libs.47029156ee493df3a151.js:2:28930)\n    at f.loadSpec (https://www.etsy.com/ac/evergreenVendor/js/en-US/async/common-entrypoints/auto/@etsy-modules/CategoryNav/Views/DropdownMenu/Menu.82caa1b2ad6556225ece.js:1:808)\n    at new f (https://www.etsy.com/ac/evergreenVendor/js/en-US/async/common-entrypoints/auto/@etsy-modules/CategoryNav/Views/DropdownMenu/Menu.82caa1b2ad6556225ece.js:1:773)":true,"Error: FPDCallerTracker\n    at m.replacementF (chrome-extension://bbogkpojpmdnlonjjogfkaclifmgnbfe/2040449c-ed20-4861-b5ef-67b1a7ca9732:4039:11)\n    at m.replacementF (chrome-extension://bbogkpojpmdnlonjjogfkaclifmgnbfe/2040449c-ed20-4861-b5ef-67b1a7ca9732:4059:41)\n    at Object.apply (chrome-extension://bbogkpojpmdnlonjjogfkaclifmgnbfe/2040449c-ed20-4861-b5ef-67b1a7ca9732:405:25)\n    at new m.Event (https://www.etsy.com/ac/evergreenVendor/js/en-US/vendor_bundle.aadb8fbafd634bfbb65c.js:2:159837)\n    at Object.trigger (https://www.etsy.com/ac/evergreenVendor/js/en-US/vendor_bundle.aadb8fbafd634bfbb65c.js:2:186451)\n    at A (https://www.etsy.com/ac/evergreenVendor/js/en-US/vendor_bundle.aadb8fbafd634bfbb65c.js:2:194569)\n    at XMLHttpRequest.<anonymous> (https://www.etsy.com/ac/evergreenVendor/js/en-US/vendor_bundle.aadb8fbafd634bfbb65c.js:2:198114)":true,"Error: FPDCallerTracker\n    at m.replacementF (chrome-extension://bbogkpojpmdnlonjjogfkaclifmgnbfe/2040449c-ed20-4861-b5ef-67b1a7ca9732:4039:11)\n    at m.replacementF (chrome-extension://bbogkpojpmdnlonjjogfkaclifmgnbfe/2040449c-ed20-4861-b5ef-67b1a7ca9732:4059:41)\n    at Object.apply (chrome-extension://bbogkpojpmdnlonjjogfkaclifmgnbfe/2040449c-ed20-4861-b5ef-67b1a7ca9732:405:25)\n    at new m.Event (https://www.etsy.com/ac/evergreenVendor/js/en-US/vendor_bundle.aadb8fbafd634bfbb65c.js:2:159837)\n    at Object.trigger (https://www.etsy.com/ac/evergreenVendor/js/en-US/vendor_bundle.aadb8fbafd634bfbb65c.js:2:186451)\n    at A (https://www.etsy.com/ac/evergreenVendor/js/en-US/vendor_bundle.aadb8fbafd634bfbb65c.js:2:194646)\n    at XMLHttpRequest.<anonymous> (https://www.etsy.com/ac/evergreenVendor/js/en-US/vendor_bundle.aadb8fbafd634bfbb65c.js:2:198114)":true,"Error: FPDCallerTracker\n    at Date.replacementF (chrome-extension://bbogkpojpmdnlonjjogfkaclifmgnbfe/2040449c-ed20-4861-b5ef-67b1a7ca9732:4039:11)\n    at Date.replacementF (chrome-extension://bbogkpojpmdnlonjjogfkaclifmgnbfe/2040449c-ed20-4861-b5ef-67b1a7ca9732:4059:41)\n    at Object.apply (chrome-extension://bbogkpojpmdnlonjjogfkaclifmgnbfe/2040449c-ed20-4861-b5ef-67b1a7ca9732:405:25)\n    at <computed> [as requestApi] (https://www.etsy.com/include/tags.js:2:113641)\n    at a (https://www.etsy.com/include/tags.js:2:161761)\n    at https://www.etsy.com/include/tags.js:2:162689":true,"Error: FPDCallerTracker\n    at m.replacementF (chrome-extension://bbogkpojpmdnlonjjogfkaclifmgnbfe/2040449c-ed20-4861-b5ef-67b1a7ca9732:4039:11)\n    at m.replacementF (chrome-extension://bbogkpojpmdnlonjjogfkaclifmgnbfe/2040449c-ed20-4861-b5ef-67b1a7ca9732:4059:41)\n    at Object.apply (chrome-extension://bbogkpojpmdnlonjjogfkaclifmgnbfe/2040449c-ed20-4861-b5ef-67b1a7ca9732:405:25)\n    at new m.Event (https://www.etsy.com/ac/evergreenVendor/js/en-US/vendor_bundle.aadb8fbafd634bfbb65c.js:2:159837)\n    at Object.trigger (https://www.etsy.com/ac/evergreenVendor/js/en-US/vendor_bundle.aadb8fbafd634bfbb65c.js:2:186451)\n    at A (https://www.etsy.com/ac/evergreenVendor/js/en-US/vendor_bundle.aadb8fbafd634bfbb65c.js:2:194696)\n    at XMLHttpRequest.<anonymous> (https://www.etsy.com/ac/evergreenVendor/js/en-US/vendor_bundle.aadb8fbafd634bfbb65c.js:2:198114)":true}}},"Screen.prototype.height":{"get":{"args":{"":3},"total":3,"callers":{"Error: FPDCallerTracker\n    at Screen.replacementPD (chrome-extension://bbogkpojpmdnlonjjogfkaclifmgnbfe/2040449c-ed20-4861-b5ef-67b1a7ca9732:2190:11)\n    at Object.apply (chrome-extension://bbogkpojpmdnlonjjogfkaclifmgnbfe/2040449c-ed20-4861-b5ef-67b1a7ca9732:405:25)\n    at https://www.etsy.com/:3403:822\n    at https://www.etsy.com/:3403:1088\n    at https://www.etsy.com/:3403:1250":true,"Error: FPDCallerTracker\n    at Screen.replacementPD (chrome-extension://bbogkpojpmdnlonjjogfkaclifmgnbfe/2040449c-ed20-4861-b5ef-67b1a7ca9732:2190:11)\n    at Object.apply (chrome-extension://bbogkpojpmdnlonjjogfkaclifmgnbfe/2040449c-ed20-4861-b5ef-67b1a7ca9732:405:25)\n    at https://www.etsy.com/:3403:849\n    at https://www.etsy.com/:3403:1088\n    at https://www.etsy.com/:3403:1250":true,"Error: FPDCallerTracker\n    at Screen.replacementPD (chrome-extension://bbogkpojpmdnlonjjogfkaclifmgnbfe/2040449c-ed20-4861-b5ef-67b1a7ca9732:2190:11)\n    at Object.apply (chrome-extension://bbogkpojpmdnlonjjogfkaclifmgnbfe/2040449c-ed20-4861-b5ef-67b1a7ca9732:405:25)\n    at t.exports.dd_m (https://www.etsy.com/include/tags.js:2:71921)\n    at https://www.etsy.com/include/tags.js:2:66803":true}}},"Screen.prototype.width":{"get":{"args":{"":3},"total":3,"callers":{"Error: FPDCallerTracker\n    at Screen.replacementPD (chrome-extension://bbogkpojpmdnlonjjogfkaclifmgnbfe/2040449c-ed20-4861-b5ef-67b1a7ca9732:2246:11)\n    at Object.apply (chrome-extension://bbogkpojpmdnlonjjogfkaclifmgnbfe/2040449c-ed20-4861-b5ef-67b1a7ca9732:405:25)\n    at https://www.etsy.com/:3403:859\n    at https://www.etsy.com/:3403:1088\n    at https://www.etsy.com/:3403:1250":true,"Error: FPDCallerTracker\n    at Screen.replacementPD (chrome-extension://bbogkpojpmdnlonjjogfkaclifmgnbfe/2040449c-ed20-4861-b5ef-67b1a7ca9732:2246:11)\n    at Object.apply (chrome-extension://bbogkpojpmdnlonjjogfkaclifmgnbfe/2040449c-ed20-4861-b5ef-67b1a7ca9732:405:25)\n    at https://www.etsy.com/:3403:884\n    at https://www.etsy.com/:3403:1088\n    at https://www.etsy.com/:3403:1250":true,"Error: FPDCallerTracker\n    at Screen.replacementPD (chrome-extension://bbogkpojpmdnlonjjogfkaclifmgnbfe/2040449c-ed20-4861-b5ef-67b1a7ca9732:2246:11)\n    at Object.apply (chrome-extension://bbogkpojpmdnlonjjogfkaclifmgnbfe/2040449c-ed20-4861-b5ef-67b1a7ca9732:405:25)\n    at t.exports.dd_m (https://www.etsy.com/include/tags.js:2:71974)\n    at https://www.etsy.com/include/tags.js:2:66803":true}}},"window.devicePixelRatio":{"get":{"args":{"":3},"total":3,"callers":{"Error: FPDCallerTracker\n    at replacementPD (chrome-extension://bbogkpojpmdnlonjjogfkaclifmgnbfe/2040449c-ed20-4861-b5ef-67b1a7ca9732:2638:11)\n    at Object.apply (chrome-extension://bbogkpojpmdnlonjjogfkaclifmgnbfe/2040449c-ed20-4861-b5ef-67b1a7ca9732:405:25)\n    at https://www.etsy.com/:3403:894\n    at https://www.etsy.com/:3403:1088\n    at https://www.etsy.com/:3403:1250":true,"Error: FPDCallerTracker\n    at replacementPD (chrome-extension://bbogkpojpmdnlonjjogfkaclifmgnbfe/2040449c-ed20-4861-b5ef-67b1a7ca9732:2638:11)\n    at Object.apply (chrome-extension://bbogkpojpmdnlonjjogfkaclifmgnbfe/2040449c-ed20-4861-b5ef-67b1a7ca9732:405:25)\n    at https://www.etsy.com/:3403:936\n    at https://www.etsy.com/:3403:1088\n    at https://www.etsy.com/:3403:1250":true,"Error: FPDCallerTracker\n    at replacementPD (chrome-extension://bbogkpojpmdnlonjjogfkaclifmgnbfe/2040449c-ed20-4861-b5ef-67b1a7ca9732:2638:11)\n    at Object.apply (chrome-extension://bbogkpojpmdnlonjjogfkaclifmgnbfe/2040449c-ed20-4861-b5ef-67b1a7ca9732:405:25)\n    at <computed> [as dd_s] (https://www.etsy.com/include/tags.js:2:73125)\n    at https://www.etsy.com/include/tags.js:2:66803":true}}},"window.sessionStorage":{"get":{"args":{"":4},"total":4,"callers":{"Error: FPDCallerTracker\n    at replacementPD (chrome-extension://bbogkpojpmdnlonjjogfkaclifmgnbfe/2040449c-ed20-4861-b5ef-67b1a7ca9732:3790:11)\n    at Object.apply (chrome-extension://bbogkpojpmdnlonjjogfkaclifmgnbfe/2040449c-ed20-4861-b5ef-67b1a7ca9732:405:25)\n    at https://www.etsy.com/include/tags.js:2:143008\n    at https://www.etsy.com/include/tags.js:2:143516\n    at 7../common/DataDomeOptions (https://www.etsy.com/include/tags.js:2:147695)\n    at o (https://www.etsy.com/include/tags.js:2:428)\n    at e (https://www.etsy.com/include/tags.js:2:710)\n    at https://www.etsy.com/include/tags.js:2:728":true,"Error: FPDCallerTracker\n    at replacementPD (chrome-extension://bbogkpojpmdnlonjjogfkaclifmgnbfe/2040449c-ed20-4861-b5ef-67b1a7ca9732:3790:11)\n    at Object.apply (chrome-extension://bbogkpojpmdnlonjjogfkaclifmgnbfe/2040449c-ed20-4861-b5ef-67b1a7ca9732:405:25)\n    at https://www.etsy.com/include/tags.js:2:143078\n    at https://www.etsy.com/include/tags.js:2:143516\n    at 7../common/DataDomeOptions (https://www.etsy.com/include/tags.js:2:147695)\n    at o (https://www.etsy.com/include/tags.js:2:428)\n    at e (https://www.etsy.com/include/tags.js:2:710)\n    at https://www.etsy.com/include/tags.js:2:728":true,"Error: FPDCallerTracker\n    at replacementPD (chrome-extension://bbogkpojpmdnlonjjogfkaclifmgnbfe/2040449c-ed20-4861-b5ef-67b1a7ca9732:3790:11)\n    at Object.apply (chrome-extension://bbogkpojpmdnlonjjogfkaclifmgnbfe/2040449c-ed20-4861-b5ef-67b1a7ca9732:405:25)\n    at https://transcend-cdn.com/cm/ac71e058-41b7-4026-b482-3d9b8e31a6d0/airgap.js:5:4769\n    at https://transcend-cdn.com/cm/ac71e058-41b7-4026-b482-3d9b8e31a6d0/airgap.js:17:3\n    at https://transcend-cdn.com/cm/ac71e058-41b7-4026-b482-3d9b8e31a6d0/airgap.js:18:3":true,"Error: FPDCallerTracker\n    at replacementPD (chrome-extension://bbogkpojpmdnlonjjogfkaclifmgnbfe/2040449c-ed20-4861-b5ef-67b1a7ca9732:3790:11)\n    at Object.apply (chrome-extension://bbogkpojpmdnlonjjogfkaclifmgnbfe/2040449c-ed20-4861-b5ef-67b1a7ca9732:405:25)\n    at <computed> [as dd_w] (https://www.etsy.com/include/tags.js:2:74076)\n    at https://www.etsy.com/include/tags.js:2:66803":true}}},"Performance.prototype.now":{"call":{"args":{"":136},"total":136,"callers":{"Error: FPDCallerTracker\n    at Performance.replacementF (chrome-extension://bbogkpojpmdnlonjjogfkaclifmgnbfe/2040449c-ed20-4861-b5ef-67b1a7ca9732:3989:11)\n    at Performance.replacementF (chrome-extension://bbogkpojpmdnlonjjogfkaclifmgnbfe/2040449c-ed20-4861-b5ef-67b1a7ca9732:4009:41)\n    at Object.apply (chrome-extension://bbogkpojpmdnlonjjogfkaclifmgnbfe/2040449c-ed20-4861-b5ef-67b1a7ca9732:405:25)\n    at o (https://www.etsy.com/include/tags.js:2:142428)":true,"Error: FPDCallerTracker\n    at Performance.replacementF (chrome-extension://bbogkpojpmdnlonjjogfkaclifmgnbfe/2040449c-ed20-4861-b5ef-67b1a7ca9732:3989:11)\n    at Performance.replacementF (chrome-extension://bbogkpojpmdnlonjjogfkaclifmgnbfe/2040449c-ed20-4861-b5ef-67b1a7ca9732:4009:41)\n    at Object.apply (chrome-extension://bbogkpojpmdnlonjjogfkaclifmgnbfe/2040449c-ed20-4861-b5ef-67b1a7ca9732:405:25)\n    at o (https://www.etsy.com/include/tags.js:2:142541)":true,"Error: FPDCallerTracker\n    at Performance.replacementF (chrome-extension://bbogkpojpmdnlonjjogfkaclifmgnbfe/2040449c-ed20-4861-b5ef-67b1a7ca9732:3989:11)\n    at Performance.replacementF (chrome-extension://bbogkpojpmdnlonjjogfkaclifmgnbfe/2040449c-ed20-4861-b5ef-67b1a7ca9732:4009:41)\n    at Object.apply (chrome-extension://bbogkpojpmdnlonjjogfkaclifmgnbfe/2040449c-ed20-4861-b5ef-67b1a7ca9732:405:25)\n    at Object.v [as lazyLoad] (https://www.etsy.com/ac/evergreenVendor/js/en-US/etsy_libs.47029156ee493df3a151.js:2:30822)\n    at Xi.loadSection (https://www.etsy.com/ac/evergreenVendor/js/en-US/vesta_homepage/bootstrap.00cbc2c9a06a403c8b5a.js:2:689841)\n    at https://www.etsy.com/ac/evergreenVendor/js/en-US/vesta_homepage/bootstrap.00cbc2c9a06a403c8b5a.js:2:692156\n    at Array.forEach (<anonymous>)\n    at Xi.loadSectionObserver (https://www.etsy.com/ac/evergreenVendor/js/en-US/vesta_homepage/bootstrap.00cbc2c9a06a403c8b5a.js:2:692139)\n    at IntersectionObserver.<anonymous> (https://www.etsy.com/ac/evergreenVendor/js/en-US/vesta_homepage/bootstrap.00cbc2c9a06a403c8b5a.js:2:689391)":true,"Error: FPDCallerTracker\n    at Performance.replacementF (chrome-extension://bbogkpojpmdnlonjjogfkaclifmgnbfe/2040449c-ed20-4861-b5ef-67b1a7ca9732:3989:11)\n    at Performance.replacementF (chrome-extension://bbogkpojpmdnlonjjogfkaclifmgnbfe/2040449c-ed20-4861-b5ef-67b1a7ca9732:4009:41)\n    at Object.apply (chrome-extension://bbogkpojpmdnlonjjogfkaclifmgnbfe/2040449c-ed20-4861-b5ef-67b1a7ca9732:405:25)\n    at https://www.etsy.com/include/tags.js:2:66775":true,"Error: FPDCallerTracker\n    at Performance.replacementF (chrome-extension://bbogkpojpmdnlonjjogfkaclifmgnbfe/2040449c-ed20-4861-b5ef-67b1a7ca9732:3989:11)\n    at Performance.replacementF (chrome-extension://bbogkpojpmdnlonjjogfkaclifmgnbfe/2040449c-ed20-4861-b5ef-67b1a7ca9732:4009:41)\n    at Object.apply (chrome-extension://bbogkpojpmdnlonjjogfkaclifmgnbfe/2040449c-ed20-4861-b5ef-67b1a7ca9732:405:25)\n    at https://www.etsy.com/include/tags.js:2:66866":true,"Error: FPDCallerTracker\n    at Performance.replacementF (chrome-extension://bbogkpojpmdnlonjjogfkaclifmgnbfe/2040449c-ed20-4861-b5ef-67b1a7ca9732:3989:11)\n    at Performance.replacementF (chrome-extension://bbogkpojpmdnlonjjogfkaclifmgnbfe/2040449c-ed20-4861-b5ef-67b1a7ca9732:4009:41)\n    at Object.apply (chrome-extension://bbogkpojpmdnlonjjogfkaclifmgnbfe/2040449c-ed20-4861-b5ef-67b1a7ca9732:405:25)\n    at Object.<anonymous> (https://www.etsy.com/ac/evergreenVendor/js/en-US/etsy_libs.47029156ee493df3a151.js:2:31471)\n    at u (https://www.etsy.com/ac/evergreenVendor/js/en-US/vendor_bundle.aadb8fbafd634bfbb65c.js:2:144318)\n    at Object.fireWith [as resolveWith] (https://www.etsy.com/ac/evergreenVendor/js/en-US/vendor_bundle.aadb8fbafd634bfbb65c.js:2:145090)\n    at A (https://www.etsy.com/ac/evergreenVendor/js/en-US/vendor_bundle.aadb8fbafd634bfbb65c.js:2:194492)\n    at XMLHttpRequest.<anonymous> (https://www.etsy.com/ac/evergreenVendor/js/en-US/vendor_bundle.aadb8fbafd634bfbb65c.js:2:198114)":true}}},"NetworkInformation.prototype.effectiveType":{"get":{"args":{"":2},"total":2,"callers":{"Error: FPDCallerTracker\n    at NetworkInformation.replacementPD (chrome-extension://bbogkpojpmdnlonjjogfkaclifmgnbfe/2040449c-ed20-4861-b5ef-67b1a7ca9732:1642:11)\n    at Object.apply (chrome-extension://bbogkpojpmdnlonjjogfkaclifmgnbfe/2040449c-ed20-4861-b5ef-67b1a7ca9732:405:25)\n    at get getConnectionEffectivity (https://www.etsy.com/ac/evergreenVendor/js/en-US/app-shell/globals/index.772ea1510f941faced62.js:2:35140)\n    at new b (https://www.etsy.com/ac/evergreenVendor/js/en-US/app-shell/globals/index.772ea1510f941faced62.js:2:35754)\n    at 66423 (https://www.etsy.com/ac/evergreenVendor/js/en-US/app-shell/globals/index.772ea1510f941faced62.js:2:37224)\n    at n (https://www.etsy.com/ac/evergreenVendor/js/en-US/app-shell/globals/index.772ea1510f941faced62.js:2:398582)\n    at https://www.etsy.com/ac/evergreenVendor/js/en-US/app-shell/globals/index.772ea1510f941faced62.js:2:402645\n    at https://www.etsy.com/ac/evergreenVendor/js/en-US/app-shell/globals/index.772ea1510f941faced62.js:2:402684\n    at https://www.etsy.com/ac/evergreenVendor/js/en-US/app-shell/globals/index.772ea1510f941faced62.js:2:402688":true,"Error: FPDCallerTracker\n    at NetworkInformation.replacementPD (chrome-extension://bbogkpojpmdnlonjjogfkaclifmgnbfe/2040449c-ed20-4861-b5ef-67b1a7ca9732:1642:11)\n    at Object.apply (chrome-extension://bbogkpojpmdnlonjjogfkaclifmgnbfe/2040449c-ed20-4861-b5ef-67b1a7ca9732:405:25)\n    at get getConnectionEffectivity (https://www.etsy.com/ac/evergreenVendor/js/en-US/app-shell/globals/index.772ea1510f941faced62.js:2:35156)\n    at new b (https://www.etsy.com/ac/evergreenVendor/js/en-US/app-shell/globals/index.772ea1510f941faced62.js:2:35754)\n    at 66423 (https://www.etsy.com/ac/evergreenVendor/js/en-US/app-shell/globals/index.772ea1510f941faced62.js:2:37224)\n    at n (https://www.etsy.com/ac/evergreenVendor/js/en-US/app-shell/globals/index.772ea1510f941faced62.js:2:398582)\n    at https://www.etsy.com/ac/evergreenVendor/js/en-US/app-shell/globals/index.772ea1510f941faced62.js:2:402645\n    at https://www.etsy.com/ac/evergreenVendor/js/en-US/app-shell/globals/index.772ea1510f941faced62.js:2:402684\n    at https://www.etsy.com/ac/evergreenVendor/js/en-US/app-shell/globals/index.772ea1510f941faced62.js:2:402688":true}}},"WebGLRenderingContext.prototype.getExtension":{"call":{"args":{"\"WEBGL_debug_renderer_info\"":1},"total":1,"callers":{"Error: FPDCallerTracker\n    at WebGLRenderingContext.replacementF (chrome-extension://bbogkpojpmdnlonjjogfkaclifmgnbfe/2040449c-ed20-4861-b5ef-67b1a7ca9732:6203:11)\n    at WebGLRenderingContext.replacementF (chrome-extension://bbogkpojpmdnlonjjogfkaclifmgnbfe/2040449c-ed20-4861-b5ef-67b1a7ca9732:6223:41)\n    at Object.apply (chrome-extension://bbogkpojpmdnlonjjogfkaclifmgnbfe/2040449c-ed20-4861-b5ef-67b1a7ca9732:405:25)\n    at n (https://www.etsy.com/ac/evergreenVendor/js/en-US/app-shell/globals/index.772ea1510f941faced62.js:2:39292)\n    at Object.a [as gather] (https://www.etsy.com/ac/evergreenVendor/js/en-US/app-shell/globals/index.772ea1510f941faced62.js:2:39715)\n    at l (https://www.etsy.com/ac/evergreenVendor/js/en-US/app-shell/globals/index.772ea1510f941faced62.js:2:40381)\n    at new x (https://www.etsy.com/ac/evergreenVendor/js/en-US/app-shell/globals/index.772ea1510f941faced62.js:2:39822)\n    at 66423 (https://www.etsy.com/ac/evergreenVendor/js/en-US/app-shell/globals/index.772ea1510f941faced62.js:2:40914)\n    at n (https://www.etsy.com/ac/evergreenVendor/js/en-US/app-shell/globals/index.772ea1510f941faced62.js:2:398582)\n    at https://www.etsy.com/ac/evergreenVendor/js/en-US/app-shell/globals/index.772ea1510f941faced62.js:2:402645":true}}},"WebGLRenderingContext.prototype.getParameter":{"call":{"args":{"37445":1,"37446":1},"total":2,"callers":{"Error: FPDCallerTracker\n    at WebGLRenderingContext.replacementF (chrome-extension://bbogkpojpmdnlonjjogfkaclifmgnbfe/2040449c-ed20-4861-b5ef-67b1a7ca9732:3889:11)\n    at WebGLRenderingContext.replacementF (chrome-extension://bbogkpojpmdnlonjjogfkaclifmgnbfe/2040449c-ed20-4861-b5ef-67b1a7ca9732:3909:41)\n    at Object.apply (chrome-extension://bbogkpojpmdnlonjjogfkaclifmgnbfe/2040449c-ed20-4861-b5ef-67b1a7ca9732:405:25)\n    at n (https://www.etsy.com/ac/evergreenVendor/js/en-US/app-shell/globals/index.772ea1510f941faced62.js:2:39360)\n    at Object.a [as gather] (https://www.etsy.com/ac/evergreenVendor/js/en-US/app-shell/globals/index.772ea1510f941faced62.js:2:39715)\n    at l (https://www.etsy.com/ac/evergreenVendor/js/en-US/app-shell/globals/index.772ea1510f941faced62.js:2:40381)\n    at new x (https://www.etsy.com/ac/evergreenVendor/js/en-US/app-shell/globals/index.772ea1510f941faced62.js:2:39822)\n    at 66423 (https://www.etsy.com/ac/evergreenVendor/js/en-US/app-shell/globals/index.772ea1510f941faced62.js:2:40914)\n    at n (https://www.etsy.com/ac/evergreenVendor/js/en-US/app-shell/globals/index.772ea1510f941faced62.js:2:398582)\n    at https://www.etsy.com/ac/evergreenVendor/js/en-US/app-shell/globals/index.772ea1510f941faced62.js:2:402645":true,"Error: FPDCallerTracker\n    at WebGLRenderingContext.replacementF (chrome-extension://bbogkpojpmdnlonjjogfkaclifmgnbfe/2040449c-ed20-4861-b5ef-67b1a7ca9732:3889:11)\n    at WebGLRenderingContext.replacementF (chrome-extension://bbogkpojpmdnlonjjogfkaclifmgnbfe/2040449c-ed20-4861-b5ef-67b1a7ca9732:3909:41)\n    at Object.apply (chrome-extension://bbogkpojpmdnlonjjogfkaclifmgnbfe/2040449c-ed20-4861-b5ef-67b1a7ca9732:405:25)\n    at n (https://www.etsy.com/ac/evergreenVendor/js/en-US/app-shell/globals/index.772ea1510f941faced62.js:2:39402)\n    at Object.a [as gather] (https://www.etsy.com/ac/evergreenVendor/js/en-US/app-shell/globals/index.772ea1510f941faced62.js:2:39715)\n    at l (https://www.etsy.com/ac/evergreenVendor/js/en-US/app-shell/globals/index.772ea1510f941faced62.js:2:40381)\n    at new x (https://www.etsy.com/ac/evergreenVendor/js/en-US/app-shell/globals/index.772ea1510f941faced62.js:2:39822)\n    at 66423 (https://www.etsy.com/ac/evergreenVendor/js/en-US/app-shell/globals/index.772ea1510f941faced62.js:2:40914)\n    at n (https://www.etsy.com/ac/evergreenVendor/js/en-US/app-shell/globals/index.772ea1510f941faced62.js:2:398582)\n    at https://www.etsy.com/ac/evergreenVendor/js/en-US/app-shell/globals/index.772ea1510f941faced62.js:2:402645":true}}},"window.innerHeight":{"get":{"args":{"":25},"total":25,"callers":{"Error: FPDCallerTracker\n    at replacementPD (chrome-extension://bbogkpojpmdnlonjjogfkaclifmgnbfe/2040449c-ed20-4861-b5ef-67b1a7ca9732:2750:11)\n    at Object.apply (chrome-extension://bbogkpojpmdnlonjjogfkaclifmgnbfe/2040449c-ed20-4861-b5ef-67b1a7ca9732:405:25)\n    at l (https://www.etsy.com/ac/evergreenVendor/js/en-US/app-shell/globals/index.772ea1510f941faced62.js:2:379261)\n    at https://www.etsy.com/ac/evergreenVendor/js/en-US/app-shell/globals/index.772ea1510f941faced62.js:2:379461\n    at i (https://www.etsy.com/ac/evergreenVendor/js/en-US/etsy_libs.47029156ee493df3a151.js:2:44910)\n    at 44368 (https://www.etsy.com/ac/evergreenVendor/js/en-US/app-shell/globals/index.772ea1510f941faced62.js:2:379346)\n    at n (https://www.etsy.com/ac/evergreenVendor/js/en-US/app-shell/globals/index.772ea1510f941faced62.js:2:398582)\n    at 21337 (https://www.etsy.com/ac/evergreenVendor/js/en-US/app-shell/globals/index.772ea1510f941faced62.js:2:342388)\n    at n (https://www.etsy.com/ac/evergreenVendor/js/en-US/app-shell/globals/index.772ea1510f941faced62.js:2:398582)\n    at 88425 (https://www.etsy.com/ac/evergreenVendor/js/en-US/app-shell/globals/index.772ea1510f941faced62.js:2:263451)":true,"Error: FPDCallerTracker\n    at replacementPD (chrome-extension://bbogkpojpmdnlonjjogfkaclifmgnbfe/2040449c-ed20-4861-b5ef-67b1a7ca9732:2750:11)\n    at Object.apply (chrome-extension://bbogkpojpmdnlonjjogfkaclifmgnbfe/2040449c-ed20-4861-b5ef-67b1a7ca9732:405:25)\n    at i (https://www.etsy.com/ac/evergreenVendor/js/en-US/app-shell/globals/index.772ea1510f941faced62.js:2:310939)\n    at s.scrollBarWidth (https://www.etsy.com/ac/evergreenVendor/js/en-US/app-shell/globals/index.772ea1510f941faced62.js:2:310853)\n    at u.disableScrolling (https://www.etsy.com/ac/evergreenVendor/js/en-US/app-shell/globals/index.772ea1510f941faced62.js:2:309691)\n    at u.containScrolling (https://www.etsy.com/ac/evergreenVendor/js/en-US/app-shell/globals/index.772ea1510f941faced62.js:2:310427)\n    at d.open (https://www.etsy.com/ac/evergreenVendor/js/en-US/app-shell/globals/index.772ea1510f941faced62.js:2:350907)\n    at c.open (https://www.etsy.com/ac/evergreenVendor/js/en-US/app-shell/globals/index.772ea1510f941faced62.js:2:346008)\n    at b.open (https://www.etsy.com/ac/evergreenVendor/js/en-US/app-shell/globals/index.772ea1510f941faced62.js:2:28310)\n    at t.checkForOpenAutomatically (https://www.etsy.com/ac/evergreenVendor/js/en-US/app-shell/globals/index.772ea1510f941faced62.js:2:29668)":true,"Error: FPDCallerTracker\n    at replacementPD (chrome-extension://bbogkpojpmdnlonjjogfkaclifmgnbfe/2040449c-ed20-4861-b5ef-67b1a7ca9732:2750:11)\n    at Object.apply (chrome-extension://bbogkpojpmdnlonjjogfkaclifmgnbfe/2040449c-ed20-4861-b5ef-67b1a7ca9732:405:25)\n    at https://www.etsy.com/ac/evergreenVendor/js/en-US/vesta_homepage/bootstrap.00cbc2c9a06a403c8b5a.js:2:692721\n    at Array.map (<anonymous>)\n    at Xi.logAboveTheFold (https://www.etsy.com/ac/evergreenVendor/js/en-US/vesta_homepage/bootstrap.00cbc2c9a06a403c8b5a.js:2:692616)\n    at new Xi (https://www.etsy.com/ac/evergreenVendor/js/en-US/vesta_homepage/bootstrap.00cbc2c9a06a403c8b5a.js:2:692331)\n    at HTMLDocument.<anonymous> (https://www.etsy.com/ac/evergreenVendor/js/en-US/vesta_homepage/bootstrap.00cbc2c9a06a403c8b5a.js:2:873497)\n    at u (https://www.etsy.com/ac/evergreenVendor/js/en-US/vendor_bundle.aadb8fbafd634bfbb65c.js:2:144318)\n    at Object.fireWith [as resolveWith] (https://www.etsy.com/ac/evergreenVendor/js/en-US/vendor_bundle.aadb8fbafd634bfbb65c.js:2:145090)\n    at ready (https://www.etsy.com/ac/evergreenVendor/js/en-US/vendor_bundle.aadb8fbafd634bfbb65c.js:2:146926)":true,"Error: FPDCallerTracker\n    at replacementPD (chrome-extension://bbogkpojpmdnlonjjogfkaclifmgnbfe/2040449c-ed20-4861-b5ef-67b1a7ca9732:2750:11)\n    at Object.apply (chrome-extension://bbogkpojpmdnlonjjogfkaclifmgnbfe/2040449c-ed20-4861-b5ef-67b1a7ca9732:405:25)\n    at elementIsAboveFold (https://www.etsy.com/ac/evergreenVendor/js/en-US/vesta_homepage/bootstrap.00cbc2c9a06a403c8b5a.js:2:693316)\n    at Array.filter (<anonymous>)\n    at Xi.logAboveTheFold (https://www.etsy.com/ac/evergreenVendor/js/en-US/vesta_homepage/bootstrap.00cbc2c9a06a403c8b5a.js:2:692808)\n    at new Xi (https://www.etsy.com/ac/evergreenVendor/js/en-US/vesta_homepage/bootstrap.00cbc2c9a06a403c8b5a.js:2:692331)\n    at HTMLDocument.<anonymous> (https://www.etsy.com/ac/evergreenVendor/js/en-US/vesta_homepage/bootstrap.00cbc2c9a06a403c8b5a.js:2:873497)\n    at u (https://www.etsy.com/ac/evergreenVendor/js/en-US/vendor_bundle.aadb8fbafd634bfbb65c.js:2:144318)\n    at Object.fireWith [as resolveWith] (https://www.etsy.com/ac/evergreenVendor/js/en-US/vendor_bundle.aadb8fbafd634bfbb65c.js:2:145090)\n    at ready (https://www.etsy.com/ac/evergreenVendor/js/en-US/vendor_bundle.aadb8fbafd634bfbb65c.js:2:146926)":true,"Error: FPDCallerTracker\n    at replacementPD (chrome-extension://bbogkpojpmdnlonjjogfkaclifmgnbfe/2040449c-ed20-4861-b5ef-67b1a7ca9732:2750:11)\n    at Object.apply (chrome-extension://bbogkpojpmdnlonjjogfkaclifmgnbfe/2040449c-ed20-4861-b5ef-67b1a7ca9732:405:25)\n    at Xi.elementIsAboveFold (https://www.etsy.com/ac/evergreenVendor/js/en-US/vesta_homepage/bootstrap.00cbc2c9a06a403c8b5a.js:2:693316)\n    at https://www.etsy.com/ac/evergreenVendor/js/en-US/vesta_homepage/bootstrap.00cbc2c9a06a403c8b5a.js:2:692963\n    at Array.filter (<anonymous>)\n    at Xi.logAboveTheFold (https://www.etsy.com/ac/evergreenVendor/js/en-US/vesta_homepage/bootstrap.00cbc2c9a06a403c8b5a.js:2:692946)\n    at new Xi (https://www.etsy.com/ac/evergreenVendor/js/en-US/vesta_homepage/bootstrap.00cbc2c9a06a403c8b5a.js:2:692331)\n    at HTMLDocument.<anonymous> (https://www.etsy.com/ac/evergreenVendor/js/en-US/vesta_homepage/bootstrap.00cbc2c9a06a403c8b5a.js:2:873497)\n    at u (https://www.etsy.com/ac/evergreenVendor/js/en-US/vendor_bundle.aadb8fbafd634bfbb65c.js:2:144318)\n    at Object.fireWith [as resolveWith] (https://www.etsy.com/ac/evergreenVendor/js/en-US/vendor_bundle.aadb8fbafd634bfbb65c.js:2:145090)":true,"Error: FPDCallerTracker\n    at replacementPD (chrome-extension://bbogkpojpmdnlonjjogfkaclifmgnbfe/2040449c-ed20-4861-b5ef-67b1a7ca9732:2750:11)\n    at Object.apply (chrome-extension://bbogkpojpmdnlonjjogfkaclifmgnbfe/2040449c-ed20-4861-b5ef-67b1a7ca9732:405:25)\n    at l (https://www.etsy.com/ac/evergreenVendor/js/en-US/app-shell/globals/index.772ea1510f941faced62.js:2:379261)":true,"Error: FPDCallerTracker\n    at replacementPD (chrome-extension://bbogkpojpmdnlonjjogfkaclifmgnbfe/2040449c-ed20-4861-b5ef-67b1a7ca9732:2750:11)\n    at Object.apply (chrome-extension://bbogkpojpmdnlonjjogfkaclifmgnbfe/2040449c-ed20-4861-b5ef-67b1a7ca9732:405:25)\n    at t.exports.dd_j (https://www.etsy.com/include/tags.js:2:71484)\n    at https://www.etsy.com/include/tags.js:2:66803":true,"Error: FPDCallerTracker\n    at replacementPD (chrome-extension://bbogkpojpmdnlonjjogfkaclifmgnbfe/2040449c-ed20-4861-b5ef-67b1a7ca9732:2750:11)\n    at Object.apply (chrome-extension://bbogkpojpmdnlonjjogfkaclifmgnbfe/2040449c-ed20-4861-b5ef-67b1a7ca9732:405:25)\n    at t.exports.dd_k (https://www.etsy.com/include/tags.js:2:71807)\n    at https://www.etsy.com/include/tags.js:2:66803":true}}},"CSSStyleDeclaration.prototype.setProperty":{"call":{"args":{"\"--vh\",\"11.72px\"":2,"\"--vh\",\"12.77px\"":1},"total":3,"callers":{"Error: FPDCallerTracker\n    at CSSStyleDeclaration.replacementF (chrome-extension://bbogkpojpmdnlonjjogfkaclifmgnbfe/2040449c-ed20-4861-b5ef-67b1a7ca9732:4089:11)\n    at CSSStyleDeclaration.replacementF (chrome-extension://bbogkpojpmdnlonjjogfkaclifmgnbfe/2040449c-ed20-4861-b5ef-67b1a7ca9732:4109:41)\n    at Object.apply (chrome-extension://bbogkpojpmdnlonjjogfkaclifmgnbfe/2040449c-ed20-4861-b5ef-67b1a7ca9732:405:25)\n    at l (https://www.etsy.com/ac/evergreenVendor/js/en-US/app-shell/globals/index.772ea1510f941faced62.js:2:379304)\n    at https://www.etsy.com/ac/evergreenVendor/js/en-US/app-shell/globals/index.772ea1510f941faced62.js:2:379461\n    at i (https://www.etsy.com/ac/evergreenVendor/js/en-US/etsy_libs.47029156ee493df3a151.js:2:44910)\n    at 44368 (https://www.etsy.com/ac/evergreenVendor/js/en-US/app-shell/globals/index.772ea1510f941faced62.js:2:379346)\n    at n (https://www.etsy.com/ac/evergreenVendor/js/en-US/app-shell/globals/index.772ea1510f941faced62.js:2:398582)\n    at 21337 (https://www.etsy.com/ac/evergreenVendor/js/en-US/app-shell/globals/index.772ea1510f941faced62.js:2:342388)\n    at n (https://www.etsy.com/ac/evergreenVendor/js/en-US/app-shell/globals/index.772ea1510f941faced62.js:2:398582)":true,"Error: FPDCallerTracker\n    at CSSStyleDeclaration.replacementF (chrome-extension://bbogkpojpmdnlonjjogfkaclifmgnbfe/2040449c-ed20-4861-b5ef-67b1a7ca9732:4089:11)\n    at CSSStyleDeclaration.replacementF (chrome-extension://bbogkpojpmdnlonjjogfkaclifmgnbfe/2040449c-ed20-4861-b5ef-67b1a7ca9732:4109:41)\n    at Object.apply (chrome-extension://bbogkpojpmdnlonjjogfkaclifmgnbfe/2040449c-ed20-4861-b5ef-67b1a7ca9732:405:25)\n    at l (https://www.etsy.com/ac/evergreenVendor/js/en-US/app-shell/globals/index.772ea1510f941faced62.js:2:379304)":true}}},"window.innerWidth":{"get":{"args":{"":5},"total":5,"callers":{"Error: FPDCallerTracker\n    at replacementPD (chrome-extension://bbogkpojpmdnlonjjogfkaclifmgnbfe/2040449c-ed20-4861-b5ef-67b1a7ca9732:2694:11)\n    at Object.apply (chrome-extension://bbogkpojpmdnlonjjogfkaclifmgnbfe/2040449c-ed20-4861-b5ef-67b1a7ca9732:405:25)\n    at s.getCurrentWidth (https://www.etsy.com/ac/evergreenVendor/js/en-US/etsy_libs.47029156ee493df3a151.js:2:42136)\n    at s.getCurrentBreakpoint (https://www.etsy.com/ac/evergreenVendor/js/en-US/etsy_libs.47029156ee493df3a151.js:2:42387)\n    at s.isAtOrAbove (https://www.etsy.com/ac/evergreenVendor/js/en-US/etsy_libs.47029156ee493df3a151.js:2:42017)\n    at https://www.etsy.com/ac/evergreenVendor/js/en-US/app-shell/globals/index.772ea1510f941faced62.js:2:253619\n    at i (https://www.etsy.com/ac/evergreenVendor/js/en-US/etsy_libs.47029156ee493df3a151.js:2:44910)\n    at 15741 (https://www.etsy.com/ac/evergreenVendor/js/en-US/app-shell/globals/index.772ea1510f941faced62.js:2:252481)\n    at n (https://www.etsy.com/ac/evergreenVendor/js/en-US/app-shell/globals/index.772ea1510f941faced62.js:2:398582)\n    at https://www.etsy.com/ac/evergreenVendor/js/en-US/app-shell/globals/index.772ea1510f941faced62.js:2:402660":true,"Error: FPDCallerTracker\n    at replacementPD (chrome-extension://bbogkpojpmdnlonjjogfkaclifmgnbfe/2040449c-ed20-4861-b5ef-67b1a7ca9732:2694:11)\n    at Object.apply (chrome-extension://bbogkpojpmdnlonjjogfkaclifmgnbfe/2040449c-ed20-4861-b5ef-67b1a7ca9732:405:25)\n    at s.getCurrentWidth (https://www.etsy.com/ac/evergreenVendor/js/en-US/etsy_libs.47029156ee493df3a151.js:2:42136)\n    at s.getCurrentBreakpoint (https://www.etsy.com/ac/evergreenVendor/js/en-US/etsy_libs.47029156ee493df3a151.js:2:42387)\n    at s.isAtOrAbove (https://www.etsy.com/ac/evergreenVendor/js/en-US/etsy_libs.47029156ee493df3a151.js:2:42017)\n    at Ka (https://www.etsy.com/ac/evergreenVendor/js/en-US/app-shell/globals/index.772ea1510f941faced62.js:2:253908)\n    at https://www.etsy.com/ac/evergreenVendor/js/en-US/app-shell/globals/index.772ea1510f941faced62.js:2:253994\n    at i (https://www.etsy.com/ac/evergreenVendor/js/en-US/etsy_libs.47029156ee493df3a151.js:2:44910)\n    at 15741 (https://www.etsy.com/ac/evergreenVendor/js/en-US/app-shell/globals/index.772ea1510f941faced62.js:2:253987)\n    at n (https://www.etsy.com/ac/evergreenVendor/js/en-US/app-shell/globals/index.772ea1510f941faced62.js:2:398582)":true,"Error: FPDCallerTracker\n    at replacementPD (chrome-extension://bbogkpojpmdnlonjjogfkaclifmgnbfe/2040449c-ed20-4861-b5ef-67b1a7ca9732:2694:11)\n    at Object.apply (chrome-extension://bbogkpojpmdnlonjjogfkaclifmgnbfe/2040449c-ed20-4861-b5ef-67b1a7ca9732:405:25)\n    at s.getCurrentWidth (https://www.etsy.com/ac/evergreenVendor/js/en-US/etsy_libs.47029156ee493df3a151.js:2:42136)\n    at s.getCurrentBreakpoint (https://www.etsy.com/ac/evergreenVendor/js/en-US/etsy_libs.47029156ee493df3a151.js:2:42387)\n    at s.isAtOrAbove (https://www.etsy.com/ac/evergreenVendor/js/en-US/etsy_libs.47029156ee493df3a151.js:2:42017)\n    at https://www.etsy.com/ac/evergreenVendor/js/en-US/app-shell/globals/index.772ea1510f941faced62.js:2:253759":true,"Error: FPDCallerTracker\n    at replacementPD (chrome-extension://bbogkpojpmdnlonjjogfkaclifmgnbfe/2040449c-ed20-4861-b5ef-67b1a7ca9732:2694:11)\n    at Object.apply (chrome-extension://bbogkpojpmdnlonjjogfkaclifmgnbfe/2040449c-ed20-4861-b5ef-67b1a7ca9732:405:25)\n    at t.exports.dd_j (https://www.etsy.com/include/tags.js:2:71695)\n    at https://www.etsy.com/include/tags.js:2:66803":true,"Error: FPDCallerTracker\n    at replacementPD (chrome-extension://bbogkpojpmdnlonjjogfkaclifmgnbfe/2040449c-ed20-4861-b5ef-67b1a7ca9732:2694:11)\n    at Object.apply (chrome-extension://bbogkpojpmdnlonjjogfkaclifmgnbfe/2040449c-ed20-4861-b5ef-67b1a7ca9732:405:25)\n    at s.getCurrentWidth (https://www.etsy.com/ac/evergreenVendor/js/en-US/etsy_libs.47029156ee493df3a151.js:2:42136)\n    at s.getCurrentBreakpoint (https://www.etsy.com/ac/evergreenVendor/js/en-US/etsy_libs.47029156ee493df3a151.js:2:42387)\n    at s.isAtOrAbove (https://www.etsy.com/ac/evergreenVendor/js/en-US/etsy_libs.47029156ee493df3a151.js:2:42017)\n    at Ka (https://www.etsy.com/ac/evergreenVendor/js/en-US/app-shell/globals/index.772ea1510f941faced62.js:2:253908)\n    at https://www.etsy.com/ac/evergreenVendor/js/en-US/app-shell/globals/index.772ea1510f941faced62.js:2:254030\n    at i (https://www.etsy.com/ac/evergreenVendor/js/en-US/etsy_libs.47029156ee493df3a151.js:2:53453)":true}}},"HTMLElement.prototype.offsetWidth":{"get":{"args":{"":5},"total":5,"callers":{"Error: FPDCallerTracker\n    at HTMLDivElement.replacementPD (chrome-extension://bbogkpojpmdnlonjjogfkaclifmgnbfe/2040449c-ed20-4861-b5ef-67b1a7ca9732:4264:11)\n    at Object.apply (chrome-extension://bbogkpojpmdnlonjjogfkaclifmgnbfe/2040449c-ed20-4861-b5ef-67b1a7ca9732:405:25)\n    at a (https://www.etsy.com/ac/evergreenVendor/js/en-US/app-shell/globals/index.772ea1510f941faced62.js:2:311127)\n    at s.scrollBarWidth (https://www.etsy.com/ac/evergreenVendor/js/en-US/app-shell/globals/index.772ea1510f941faced62.js:2:310841)\n    at u.disableScrolling (https://www.etsy.com/ac/evergreenVendor/js/en-US/app-shell/globals/index.772ea1510f941faced62.js:2:309691)\n    at u.containScrolling (https://www.etsy.com/ac/evergreenVendor/js/en-US/app-shell/globals/index.772ea1510f941faced62.js:2:310427)\n    at d.open (https://www.etsy.com/ac/evergreenVendor/js/en-US/app-shell/globals/index.772ea1510f941faced62.js:2:350907)\n    at c.open (https://www.etsy.com/ac/evergreenVendor/js/en-US/app-shell/globals/index.772ea1510f941faced62.js:2:346008)\n    at b.open (https://www.etsy.com/ac/evergreenVendor/js/en-US/app-shell/globals/index.772ea1510f941faced62.js:2:28310)\n    at t.checkForOpenAutomatically (https://www.etsy.com/ac/evergreenVendor/js/en-US/app-shell/globals/index.772ea1510f941faced62.js:2:29668)":true,"Error: FPDCallerTracker\n    at HTMLDivElement.replacementPD (chrome-extension://bbogkpojpmdnlonjjogfkaclifmgnbfe/2040449c-ed20-4861-b5ef-67b1a7ca9732:4264:11)\n    at Object.apply (chrome-extension://bbogkpojpmdnlonjjogfkaclifmgnbfe/2040449c-ed20-4861-b5ef-67b1a7ca9732:405:25)\n    at a (https://www.etsy.com/ac/evergreenVendor/js/en-US/app-shell/globals/index.772ea1510f941faced62.js:2:311251)\n    at s.scrollBarWidth (https://www.etsy.com/ac/evergreenVendor/js/en-US/app-shell/globals/index.772ea1510f941faced62.js:2:310841)\n    at u.disableScrolling (https://www.etsy.com/ac/evergreenVendor/js/en-US/app-shell/globals/index.772ea1510f941faced62.js:2:309691)\n    at u.containScrolling (https://www.etsy.com/ac/evergreenVendor/js/en-US/app-shell/globals/index.772ea1510f941faced62.js:2:310427)\n    at d.open (https://www.etsy.com/ac/evergreenVendor/js/en-US/app-shell/globals/index.772ea1510f941faced62.js:2:350907)\n    at c.open (https://www.etsy.com/ac/evergreenVendor/js/en-US/app-shell/globals/index.772ea1510f941faced62.js:2:346008)\n    at b.open (https://www.etsy.com/ac/evergreenVendor/js/en-US/app-shell/globals/index.772ea1510f941faced62.js:2:28310)\n    at t.checkForOpenAutomatically (https://www.etsy.com/ac/evergreenVendor/js/en-US/app-shell/globals/index.772ea1510f941faced62.js:2:29668)":true,"Error: FPDCallerTracker\n    at HTMLInputElement.replacementPD (chrome-extension://bbogkpojpmdnlonjjogfkaclifmgnbfe/2040449c-ed20-4861-b5ef-67b1a7ca9732:4264:11)\n    at Object.apply (chrome-extension://bbogkpojpmdnlonjjogfkaclifmgnbfe/2040449c-ed20-4861-b5ef-67b1a7ca9732:405:25)\n    at $e (https://www.etsy.com/ac/evergreenVendor/js/en-US/vendor_bundle.aadb8fbafd634bfbb65c.js:2:169159)\n    at Object.get (https://www.etsy.com/ac/evergreenVendor/js/en-US/vendor_bundle.aadb8fbafd634bfbb65c.js:2:171255)\n    at m.css (https://www.etsy.com/ac/evergreenVendor/js/en-US/vendor_bundle.aadb8fbafd634bfbb65c.js:2:170928)\n    at https://www.etsy.com/ac/evergreenVendor/js/en-US/vendor_bundle.aadb8fbafd634bfbb65c.js:2:203456\n    at B (https://www.etsy.com/ac/evergreenVendor/js/en-US/vendor_bundle.aadb8fbafd634bfbb65c.js:2:147730)\n    at m.each.m.each.m.fn.<computed> [as outerWidth] (https://www.etsy.com/ac/evergreenVendor/js/en-US/vendor_bundle.aadb8fbafd634bfbb65c.js:2:203207)\n    at new e (https://www.etsy.com/ac/evergreenVendor/js/en-US/app-shell/globals/index.772ea1510f941faced62.js:2:119304)\n    at HTMLInputElement.<anonymous> (https://www.etsy.com/ac/evergreenVendor/js/en-US/app-shell/globals/index.772ea1510f941faced62.js:2:120436)":true,"Error: FPDCallerTracker\n    at HTMLInputElement.replacementPD (chrome-extension://bbogkpojpmdnlonjjogfkaclifmgnbfe/2040449c-ed20-4861-b5ef-67b1a7ca9732:4264:11)\n    at Object.apply (chrome-extension://bbogkpojpmdnlonjjogfkaclifmgnbfe/2040449c-ed20-4861-b5ef-67b1a7ca9732:405:25)\n    at $e (https://www.etsy.com/ac/evergreenVendor/js/en-US/vendor_bundle.aadb8fbafd634bfbb65c.js:2:169159)\n    at Object.get (https://www.etsy.com/ac/evergreenVendor/js/en-US/vendor_bundle.aadb8fbafd634bfbb65c.js:2:171255)\n    at m.css (https://www.etsy.com/ac/evergreenVendor/js/en-US/vendor_bundle.aadb8fbafd634bfbb65c.js:2:170928)\n    at https://www.etsy.com/ac/evergreenVendor/js/en-US/vendor_bundle.aadb8fbafd634bfbb65c.js:2:203456\n    at B (https://www.etsy.com/ac/evergreenVendor/js/en-US/vendor_bundle.aadb8fbafd634bfbb65c.js:2:147730)\n    at m.each.m.each.m.fn.<computed> [as outerWidth] (https://www.etsy.com/ac/evergreenVendor/js/en-US/vendor_bundle.aadb8fbafd634bfbb65c.js:2:203207)\n    at new e (https://www.etsy.com/ac/evergreenVendor/js/en-US/app-shell/globals/index.772ea1510f941faced62.js:2:119341)\n    at HTMLInputElement.<anonymous> (https://www.etsy.com/ac/evergreenVendor/js/en-US/app-shell/globals/index.772ea1510f941faced62.js:2:120436)":true,"Error: FPDCallerTracker\n    at HTMLDivElement.replacementPD (chrome-extension://bbogkpojpmdnlonjjogfkaclifmgnbfe/2040449c-ed20-4861-b5ef-67b1a7ca9732:4264:11)\n    at Object.apply (chrome-extension://bbogkpojpmdnlonjjogfkaclifmgnbfe/2040449c-ed20-4861-b5ef-67b1a7ca9732:405:25)\n    at new yi (https://www.etsy.com/ac/evergreenVendor/js/en-US/vesta_homepage/bootstrap.00cbc2c9a06a403c8b5a.js:2:675594)\n    at https://www.etsy.com/ac/evergreenVendor/js/en-US/vesta_homepage/bootstrap.00cbc2c9a06a403c8b5a.js:2:675937\n    at NodeList.forEach (<anonymous>)\n    at yi.initAll (https://www.etsy.com/ac/evergreenVendor/js/en-US/vesta_homepage/bootstrap.00cbc2c9a06a403c8b5a.js:2:675894)\n    at Xi.initJsForSpec (https://www.etsy.com/ac/evergreenVendor/js/en-US/vesta_homepage/bootstrap.00cbc2c9a06a403c8b5a.js:2:690620)\n    at https://www.etsy.com/ac/evergreenVendor/js/en-US/vesta_homepage/bootstrap.00cbc2c9a06a403c8b5a.js:2:692001\n    at s.each.p.<computed> (https://www.etsy.com/ac/evergreenVendor/js/en-US/etsy_libs.47029156ee493df3a151.js:2:30343)\n    at https://www.etsy.com/ac/evergreenVendor/js/en-US/etsy_libs.47029156ee493df3a151.js:2:30471":true}}},"CSSStyleDeclaration.prototype.fontFamily":{"set":{"args":{"":5},"total":5,"callers":{}}},"window.localStorage":{"get":{"args":{"":4},"total":4,"callers":{"Error: FPDCallerTracker\n    at replacementPD (chrome-extension://bbogkpojpmdnlonjjogfkaclifmgnbfe/2040449c-ed20-4861-b5ef-67b1a7ca9732:3734:11)\n    at Object.apply (chrome-extension://bbogkpojpmdnlonjjogfkaclifmgnbfe/2040449c-ed20-4861-b5ef-67b1a7ca9732:405:25)\n    at n (https://www.etsy.com/ac/evergreenVendor/js/en-US/vesta_homepage/bootstrap.00cbc2c9a06a403c8b5a.js:2:235312)\n    at 17133 (https://www.etsy.com/ac/evergreenVendor/js/en-US/vesta_homepage/bootstrap.00cbc2c9a06a403c8b5a.js:2:235436)\n    at i (https://www.etsy.com/ac/evergreenVendor/js/en-US/vesta_homepage/bootstrap.00cbc2c9a06a403c8b5a.js:2:631531)\n    at 4023 (https://www.etsy.com/ac/evergreenVendor/js/en-US/vesta_homepage/bootstrap.00cbc2c9a06a403c8b5a.js:2:151856)\n    at i (https://www.etsy.com/ac/evergreenVendor/js/en-US/vesta_homepage/bootstrap.00cbc2c9a06a403c8b5a.js:2:631531)\n    at 15731 (https://www.etsy.com/ac/evergreenVendor/js/en-US/vesta_homepage/bootstrap.00cbc2c9a06a403c8b5a.js:2:161794)\n    at i (https://www.etsy.com/ac/evergreenVendor/js/en-US/vesta_homepage/bootstrap.00cbc2c9a06a403c8b5a.js:2:631531)\n    at 8794 (https://www.etsy.com/ac/evergreenVendor/js/en-US/vesta_homepage/bootstrap.00cbc2c9a06a403c8b5a.js:2:281606)":true,"Error: FPDCallerTracker\n    at replacementPD (chrome-extension://bbogkpojpmdnlonjjogfkaclifmgnbfe/2040449c-ed20-4861-b5ef-67b1a7ca9732:3734:11)\n    at Object.apply (chrome-extension://bbogkpojpmdnlonjjogfkaclifmgnbfe/2040449c-ed20-4861-b5ef-67b1a7ca9732:405:25)\n    at 17133 (https://www.etsy.com/ac/evergreenVendor/js/en-US/vesta_homepage/bootstrap.00cbc2c9a06a403c8b5a.js:2:235461)\n    at i (https://www.etsy.com/ac/evergreenVendor/js/en-US/vesta_homepage/bootstrap.00cbc2c9a06a403c8b5a.js:2:631531)\n    at 4023 (https://www.etsy.com/ac/evergreenVendor/js/en-US/vesta_homepage/bootstrap.00cbc2c9a06a403c8b5a.js:2:151856)\n    at i (https://www.etsy.com/ac/evergreenVendor/js/en-US/vesta_homepage/bootstrap.00cbc2c9a06a403c8b5a.js:2:631531)\n    at 15731 (https://www.etsy.com/ac/evergreenVendor/js/en-US/vesta_homepage/bootstrap.00cbc2c9a06a403c8b5a.js:2:161794)\n    at i (https://www.etsy.com/ac/evergreenVendor/js/en-US/vesta_homepage/bootstrap.00cbc2c9a06a403c8b5a.js:2:631531)\n    at 8794 (https://www.etsy.com/ac/evergreenVendor/js/en-US/vesta_homepage/bootstrap.00cbc2c9a06a403c8b5a.js:2:281606)\n    at i (https://www.etsy.com/ac/evergreenVendor/js/en-US/vesta_homepage/bootstrap.00cbc2c9a06a403c8b5a.js:2:631531)":true,"Error: FPDCallerTracker\n    at replacementPD (chrome-extension://bbogkpojpmdnlonjjogfkaclifmgnbfe/2040449c-ed20-4861-b5ef-67b1a7ca9732:3734:11)\n    at Object.apply (chrome-extension://bbogkpojpmdnlonjjogfkaclifmgnbfe/2040449c-ed20-4861-b5ef-67b1a7ca9732:405:25)\n    at https://transcend-cdn.com/cm/ac71e058-41b7-4026-b482-3d9b8e31a6d0/airgap.js:5:4799\n    at https://transcend-cdn.com/cm/ac71e058-41b7-4026-b482-3d9b8e31a6d0/airgap.js:17:3\n    at https://transcend-cdn.com/cm/ac71e058-41b7-4026-b482-3d9b8e31a6d0/airgap.js:18:3":true,"Error: FPDCallerTracker\n    at replacementPD (chrome-extension://bbogkpojpmdnlonjjogfkaclifmgnbfe/2040449c-ed20-4861-b5ef-67b1a7ca9732:3734:11)\n    at Object.apply (chrome-extension://bbogkpojpmdnlonjjogfkaclifmgnbfe/2040449c-ed20-4861-b5ef-67b1a7ca9732:405:25)\n    at <computed> [as dd_w] (https://www.etsy.com/include/tags.js:2:74179)\n    at https://www.etsy.com/include/tags.js:2:66803":true}}},"Navigator.prototype.doNotTrack":{"get":{"args":{"":1},"total":1,"callers":{"Error: FPDCallerTracker\n    at Navigator.replacementPD (chrome-extension://bbogkpojpmdnlonjjogfkaclifmgnbfe/2040449c-ed20-4861-b5ef-67b1a7ca9732:2084:11)\n    at Object.apply (chrome-extension://bbogkpojpmdnlonjjogfkaclifmgnbfe/2040449c-ed20-4861-b5ef-67b1a7ca9732:405:25)\n    at https://transcend-cdn.com/cm/ac71e058-41b7-4026-b482-3d9b8e31a6d0/airgap.js:5:4692\n    at https://transcend-cdn.com/cm/ac71e058-41b7-4026-b482-3d9b8e31a6d0/airgap.js:17:3\n    at https://transcend-cdn.com/cm/ac71e058-41b7-4026-b482-3d9b8e31a6d0/airgap.js:18:3":true}}},"Navigator.prototype.cookieEnabled":{"get":{"args":{"":1},"total":1,"callers":{"Error: FPDCallerTracker\n    at Navigator.replacementPD (chrome-extension://bbogkpojpmdnlonjjogfkaclifmgnbfe/2040449c-ed20-4861-b5ef-67b1a7ca9732:2028:11)\n    at Object.apply (chrome-extension://bbogkpojpmdnlonjjogfkaclifmgnbfe/2040449c-ed20-4861-b5ef-67b1a7ca9732:405:25)\n    at https://transcend-cdn.com/cm/ac71e058-41b7-4026-b482-3d9b8e31a6d0/airgap.js:5:4709\n    at https://transcend-cdn.com/cm/ac71e058-41b7-4026-b482-3d9b8e31a6d0/airgap.js:17:3\n    at https://transcend-cdn.com/cm/ac71e058-41b7-4026-b482-3d9b8e31a6d0/airgap.js:18:3":true}}},"Navigator.prototype.userAgent":{"get":{"args":{"":9},"total":9,"callers":{"Error: FPDCallerTracker\n    at Navigator.replacementPD (chrome-extension://bbogkpojpmdnlonjjogfkaclifmgnbfe/2040449c-ed20-4861-b5ef-67b1a7ca9732:970:11)\n    at Object.apply (chrome-extension://bbogkpojpmdnlonjjogfkaclifmgnbfe/2040449c-ed20-4861-b5ef-67b1a7ca9732:405:25)\n    at https://transcend-cdn.com/cm/ac71e058-41b7-4026-b482-3d9b8e31a6d0/airgap.js:5:4751\n    at https://transcend-cdn.com/cm/ac71e058-41b7-4026-b482-3d9b8e31a6d0/airgap.js:17:3\n    at https://transcend-cdn.com/cm/ac71e058-41b7-4026-b482-3d9b8e31a6d0/airgap.js:18:3":true,"Error: FPDCallerTracker\n    at Navigator.replacementPD (chrome-extension://bbogkpojpmdnlonjjogfkaclifmgnbfe/2040449c-ed20-4861-b5ef-67b1a7ca9732:970:11)\n    at Object.apply (chrome-extension://bbogkpojpmdnlonjjogfkaclifmgnbfe/2040449c-ed20-4861-b5ef-67b1a7ca9732:405:25)\n    at <computed> [as process] (https://www.etsy.com/include/tags.js:2:52139)\n    at <computed> [as processSyncRequest] (https://www.etsy.com/include/tags.js:2:162747)\n    at n (https://www.etsy.com/include/tags.js:2:140699)\n    at o (https://www.etsy.com/include/tags.js:2:142462)":true,"Error: FPDCallerTracker\n    at Navigator.replacementPD (chrome-extension://bbogkpojpmdnlonjjogfkaclifmgnbfe/2040449c-ed20-4861-b5ef-67b1a7ca9732:970:11)\n    at Object.apply (chrome-extension://bbogkpojpmdnlonjjogfkaclifmgnbfe/2040449c-ed20-4861-b5ef-67b1a7ca9732:405:25)\n    at <computed> [as process] (https://www.etsy.com/include/tags.js:2:52309)\n    at <computed> [as processSyncRequest] (https://www.etsy.com/include/tags.js:2:162747)\n    at n (https://www.etsy.com/include/tags.js:2:140699)\n    at o (https://www.etsy.com/include/tags.js:2:142462)":true,"Error: FPDCallerTracker\n    at Navigator.replacementPD (chrome-extension://bbogkpojpmdnlonjjogfkaclifmgnbfe/2040449c-ed20-4861-b5ef-67b1a7ca9732:970:11)\n    at Object.apply (chrome-extension://bbogkpojpmdnlonjjogfkaclifmgnbfe/2040449c-ed20-4861-b5ef-67b1a7ca9732:405:25)\n    at <computed> [as process] (https://www.etsy.com/include/tags.js:2:52475)\n    at <computed> [as processSyncRequest] (https://www.etsy.com/include/tags.js:2:162747)\n    at n (https://www.etsy.com/include/tags.js:2:140699)\n    at o (https://www.etsy.com/include/tags.js:2:142462)":true,"Error: FPDCallerTracker\n    at Navigator.replacementPD (chrome-extension://bbogkpojpmdnlonjjogfkaclifmgnbfe/2040449c-ed20-4861-b5ef-67b1a7ca9732:970:11)\n    at Object.apply (chrome-extension://bbogkpojpmdnlonjjogfkaclifmgnbfe/2040449c-ed20-4861-b5ef-67b1a7ca9732:405:25)\n    at u (https://www.etsy.com/include/tags.js:2:51161)\n    at t.exports.dd_c (https://www.etsy.com/include/tags.js:2:68283)\n    at https://www.etsy.com/include/tags.js:2:66803":true,"Error: FPDCallerTracker":true,"Error: FPDCallerTracker\n    at Navigator.replacementPD (chrome-extension://bbogkpojpmdnlonjjogfkaclifmgnbfe/2040449c-ed20-4861-b5ef-67b1a7ca9732:970:11)\n    at Object.apply (chrome-extension://bbogkpojpmdnlonjjogfkaclifmgnbfe/2040449c-ed20-4861-b5ef-67b1a7ca9732:405:25)\n    at <computed> [as dd_A] (https://www.etsy.com/include/tags.js:2:76328)\n    at https://www.etsy.com/include/tags.js:2:66803":true,"Error: FPDCallerTracker\n    at Navigator.replacementPD (chrome-extension://bbogkpojpmdnlonjjogfkaclifmgnbfe/2040449c-ed20-4861-b5ef-67b1a7ca9732:970:11)\n    at Object.apply (chrome-extension://bbogkpojpmdnlonjjogfkaclifmgnbfe/2040449c-ed20-4861-b5ef-67b1a7ca9732:405:25)\n    at <computed> [as dd_B] (https://www.etsy.com/include/tags.js:2:77467)\n    at https://www.etsy.com/include/tags.js:2:66803":true,"Error: FPDCallerTracker\n    at Navigator.replacementPD (chrome-extension://bbogkpojpmdnlonjjogfkaclifmgnbfe/2040449c-ed20-4861-b5ef-67b1a7ca9732:970:11)\n    at Object.apply (chrome-extension://bbogkpojpmdnlonjjogfkaclifmgnbfe/2040449c-ed20-4861-b5ef-67b1a7ca9732:405:25)\n    at <computed> [as dd_U] (https://www.etsy.com/include/tags.js:2:88446)\n    at https://www.etsy.com/include/tags.js:2:66803":true}}},"Navigator.prototype.languages":{"get":{"args":{"":4},"total":4,"callers":{"Error: FPDCallerTracker\n    at Navigator.replacementPD (chrome-extension://bbogkpojpmdnlonjjogfkaclifmgnbfe/2040449c-ed20-4861-b5ef-67b1a7ca9732:1082:11)\n    at Object.apply (chrome-extension://bbogkpojpmdnlonjjogfkaclifmgnbfe/2040449c-ed20-4861-b5ef-67b1a7ca9732:405:25)\n    at o (https://transcend-cdn.com/cm/ac71e058-41b7-4026-b482-3d9b8e31a6d0/airgap.js:7:9562)\n    at Jo (https://transcend-cdn.com/cm/ac71e058-41b7-4026-b482-3d9b8e31a6d0/airgap.js:7:9774)\n    at sa (https://transcend-cdn.com/cm/ac71e058-41b7-4026-b482-3d9b8e31a6d0/airgap.js:7:9943)\n    at https://transcend-cdn.com/cm/ac71e058-41b7-4026-b482-3d9b8e31a6d0/airgap.js:16:20301\n    at https://transcend-cdn.com/cm/ac71e058-41b7-4026-b482-3d9b8e31a6d0/airgap.js:17:3\n    at https://transcend-cdn.com/cm/ac71e058-41b7-4026-b482-3d9b8e31a6d0/airgap.js:18:3":true,"Error: FPDCallerTracker\n    at Navigator.replacementPD (chrome-extension://bbogkpojpmdnlonjjogfkaclifmgnbfe/2040449c-ed20-4861-b5ef-67b1a7ca9732:1082:11)\n    at Object.apply (chrome-extension://bbogkpojpmdnlonjjogfkaclifmgnbfe/2040449c-ed20-4861-b5ef-67b1a7ca9732:405:25)\n    at u (https://www.etsy.com/include/tags.js:2:51478)\n    at t.exports.dd_c (https://www.etsy.com/include/tags.js:2:68283)\n    at https://www.etsy.com/include/tags.js:2:66803":true,"Error: FPDCallerTracker":true,"Error: FPDCallerTracker\n    at Navigator.replacementPD (chrome-extension://bbogkpojpmdnlonjjogfkaclifmgnbfe/2040449c-ed20-4861-b5ef-67b1a7ca9732:1082:11)\n    at Object.apply (chrome-extension://bbogkpojpmdnlonjjogfkaclifmgnbfe/2040449c-ed20-4861-b5ef-67b1a7ca9732:405:25)\n    at t.exports.dd_W (https://www.etsy.com/include/tags.js:2:89460)\n    at https://www.etsy.com/include/tags.js:2:66803":true}}},"window.outerHeight":{"get":{"args":{"":3},"total":3,"callers":{"Error: FPDCallerTracker\n    at replacementPD (chrome-extension://bbogkpojpmdnlonjjogfkaclifmgnbfe/2040449c-ed20-4861-b5ef-67b1a7ca9732:2862:11)\n    at Object.apply (chrome-extension://bbogkpojpmdnlonjjogfkaclifmgnbfe/2040449c-ed20-4861-b5ef-67b1a7ca9732:405:25)\n    at u (https://www.etsy.com/include/tags.js:2:51092)\n    at t.exports.dd_c (https://www.etsy.com/include/tags.js:2:68283)\n    at https://www.etsy.com/include/tags.js:2:66803":true,"Error: FPDCallerTracker":true,"Error: FPDCallerTracker\n    at replacementPD (chrome-extension://bbogkpojpmdnlonjjogfkaclifmgnbfe/2040449c-ed20-4861-b5ef-67b1a7ca9732:2862:11)\n    at Object.apply (chrome-extension://bbogkpojpmdnlonjjogfkaclifmgnbfe/2040449c-ed20-4861-b5ef-67b1a7ca9732:405:25)\n    at t.exports.dd_k (https://www.etsy.com/include/tags.js:2:71795)\n    at https://www.etsy.com/include/tags.js:2:66803":true}}},"window.outerWidth":{"get":{"args":{"":2},"total":2,"callers":{"Error: FPDCallerTracker\n    at replacementPD (chrome-extension://bbogkpojpmdnlonjjogfkaclifmgnbfe/2040449c-ed20-4861-b5ef-67b1a7ca9732:2806:11)\n    at Object.apply (chrome-extension://bbogkpojpmdnlonjjogfkaclifmgnbfe/2040449c-ed20-4861-b5ef-67b1a7ca9732:405:25)\n    at u (https://www.etsy.com/include/tags.js:2:51148)\n    at t.exports.dd_c (https://www.etsy.com/include/tags.js:2:68283)\n    at https://www.etsy.com/include/tags.js:2:66803":true,"Error: FPDCallerTracker":true}}},"Navigator.prototype.hardwareConcurrency":{"get":{"args":{"":2},"total":2,"callers":{"Error: FPDCallerTracker\n    at Navigator.replacementPD (chrome-extension://bbogkpojpmdnlonjjogfkaclifmgnbfe/2040449c-ed20-4861-b5ef-67b1a7ca9732:1810:11)\n    at Object.apply (chrome-extension://bbogkpojpmdnlonjjogfkaclifmgnbfe/2040449c-ed20-4861-b5ef-67b1a7ca9732:405:25)\n    at u (https://www.etsy.com/include/tags.js:2:51174)\n    at t.exports.dd_c (https://www.etsy.com/include/tags.js:2:68283)\n    at https://www.etsy.com/include/tags.js:2:66803":true,"Error: FPDCallerTracker":true}}},"Navigator.prototype.platform":{"get":{"args":{"":5},"total":5,"callers":{"Error: FPDCallerTracker\n    at Navigator.replacementPD (chrome-extension://bbogkpojpmdnlonjjogfkaclifmgnbfe/2040449c-ed20-4861-b5ef-67b1a7ca9732:1138:11)\n    at Object.apply (chrome-extension://bbogkpojpmdnlonjjogfkaclifmgnbfe/2040449c-ed20-4861-b5ef-67b1a7ca9732:405:25)\n    at u (https://www.etsy.com/include/tags.js:2:51307)\n    at t.exports.dd_c (https://www.etsy.com/include/tags.js:2:68283)\n    at https://www.etsy.com/include/tags.js:2:66803":true,"Error: FPDCallerTracker":true,"Error: FPDCallerTracker\n    at Navigator.replacementPD (chrome-extension://bbogkpojpmdnlonjjogfkaclifmgnbfe/2040449c-ed20-4861-b5ef-67b1a7ca9732:1138:11)\n    at Object.apply (chrome-extension://bbogkpojpmdnlonjjogfkaclifmgnbfe/2040449c-ed20-4861-b5ef-67b1a7ca9732:405:25)\n    at t.exports.dd_h (https://www.etsy.com/include/tags.js:2:68130)\n    at https://www.etsy.com/include/tags.js:2:66803":true,"Error: FPDCallerTracker\n    at Navigator.replacementPD (chrome-extension://bbogkpojpmdnlonjjogfkaclifmgnbfe/2040449c-ed20-4861-b5ef-67b1a7ca9732:1138:11)\n    at Object.apply (chrome-extension://bbogkpojpmdnlonjjogfkaclifmgnbfe/2040449c-ed20-4861-b5ef-67b1a7ca9732:405:25)\n    at <computed> [as dd_B] (https://www.etsy.com/include/tags.js:2:77605)\n    at https://www.etsy.com/include/tags.js:2:66803":true}}},"Navigator.prototype.maxTouchPoints":{"get":{"args":{"":4},"total":4,"callers":{"Error: FPDCallerTracker\n    at Navigator.replacementPD (chrome-extension://bbogkpojpmdnlonjjogfkaclifmgnbfe/2040449c-ed20-4861-b5ef-67b1a7ca9732:1922:11)\n    at Object.apply (chrome-extension://bbogkpojpmdnlonjjogfkaclifmgnbfe/2040449c-ed20-4861-b5ef-67b1a7ca9732:405:25)\n    at u (https://www.etsy.com/include/tags.js:2:51525)\n    at t.exports.dd_c (https://www.etsy.com/include/tags.js:2:68283)\n    at https://www.etsy.com/include/tags.js:2:66803":true,"Error: FPDCallerTracker":true,"Error: FPDCallerTracker\n    at Navigator.replacementPD (chrome-extension://bbogkpojpmdnlonjjogfkaclifmgnbfe/2040449c-ed20-4861-b5ef-67b1a7ca9732:1922:11)\n    at Object.apply (chrome-extension://bbogkpojpmdnlonjjogfkaclifmgnbfe/2040449c-ed20-4861-b5ef-67b1a7ca9732:405:25)\n    at <computed> [as dd_B] (https://www.etsy.com/include/tags.js:2:78166)\n    at https://www.etsy.com/include/tags.js:2:66803":true,"Error: FPDCallerTracker\n    at Navigator.replacementPD (chrome-extension://bbogkpojpmdnlonjjogfkaclifmgnbfe/2040449c-ed20-4861-b5ef-67b1a7ca9732:1922:11)\n    at Object.apply (chrome-extension://bbogkpojpmdnlonjjogfkaclifmgnbfe/2040449c-ed20-4861-b5ef-67b1a7ca9732:405:25)\n    at <computed> [as dd_C] (https://www.etsy.com/include/tags.js:2:79825)\n    at https://www.etsy.com/include/tags.js:2:66803":true}}},"Navigator.prototype.deviceMemory":{"get":{"args":{"":3},"total":3,"callers":{"Error: FPDCallerTracker\n    at Navigator.replacementPD (chrome-extension://bbogkpojpmdnlonjjogfkaclifmgnbfe/2040449c-ed20-4861-b5ef-67b1a7ca9732:1866:11)\n    at Object.apply (chrome-extension://bbogkpojpmdnlonjjogfkaclifmgnbfe/2040449c-ed20-4861-b5ef-67b1a7ca9732:405:25)\n    at t.exports.dd_g (https://www.etsy.com/include/tags.js:2:93043)\n    at https://www.etsy.com/include/tags.js:2:66803":true,"Error: FPDCallerTracker\n    at Navigator.replacementPD (chrome-extension://bbogkpojpmdnlonjjogfkaclifmgnbfe/2040449c-ed20-4861-b5ef-67b1a7ca9732:1866:11)\n    at Object.apply (chrome-extension://bbogkpojpmdnlonjjogfkaclifmgnbfe/2040449c-ed20-4861-b5ef-67b1a7ca9732:405:25)\n    at t.exports.dd_O (https://www.etsy.com/include/tags.js:2:87129)\n    at https://www.etsy.com/include/tags.js:2:66803":true,"Error: FPDCallerTracker\n    at Navigator.replacementPD (chrome-extension://bbogkpojpmdnlonjjogfkaclifmgnbfe/2040449c-ed20-4861-b5ef-67b1a7ca9732:1866:11)\n    at Object.apply (chrome-extension://bbogkpojpmdnlonjjogfkaclifmgnbfe/2040449c-ed20-4861-b5ef-67b1a7ca9732:405:25)\n    at <computed> [as dd_X] (https://www.etsy.com/include/tags.js:2:89647)\n    at https://www.etsy.com/include/tags.js:2:66803":true}}},"Navigator.prototype.plugins":{"get":{"args":{"":27},"total":27,"callers":{"Error: FPDCallerTracker\n    at Navigator.replacementPD (chrome-extension://bbogkpojpmdnlonjjogfkaclifmgnbfe/2040449c-ed20-4861-b5ef-67b1a7ca9732:1530:11)\n    at Object.apply (chrome-extension://bbogkpojpmdnlonjjogfkaclifmgnbfe/2040449c-ed20-4861-b5ef-67b1a7ca9732:405:25)\n    at t.exports.dd_g (https://www.etsy.com/include/tags.js:2:93376)\n    at https://www.etsy.com/include/tags.js:2:66803":true,"Error: FPDCallerTracker\n    at Navigator.replacementPD (chrome-extension://bbogkpojpmdnlonjjogfkaclifmgnbfe/2040449c-ed20-4861-b5ef-67b1a7ca9732:1530:11)\n    at Object.apply (chrome-extension://bbogkpojpmdnlonjjogfkaclifmgnbfe/2040449c-ed20-4861-b5ef-67b1a7ca9732:405:25)\n    at t.exports.dd_g (https://www.etsy.com/include/tags.js:2:93469)\n    at https://www.etsy.com/include/tags.js:2:66803":true,"Error: FPDCallerTracker\n    at Navigator.replacementPD (chrome-extension://bbogkpojpmdnlonjjogfkaclifmgnbfe/2040449c-ed20-4861-b5ef-67b1a7ca9732:1530:11)\n    at Object.apply (chrome-extension://bbogkpojpmdnlonjjogfkaclifmgnbfe/2040449c-ed20-4861-b5ef-67b1a7ca9732:405:25)\n    at t.exports.dd_x (https://www.etsy.com/include/tags.js:2:74639)\n    at https://www.etsy.com/include/tags.js:2:66803":true,"Error: FPDCallerTracker\n    at Navigator.replacementPD (chrome-extension://bbogkpojpmdnlonjjogfkaclifmgnbfe/2040449c-ed20-4861-b5ef-67b1a7ca9732:1530:11)\n    at Object.apply (chrome-extension://bbogkpojpmdnlonjjogfkaclifmgnbfe/2040449c-ed20-4861-b5ef-67b1a7ca9732:405:25)\n    at t.exports.dd_x (https://www.etsy.com/include/tags.js:2:74910)\n    at https://www.etsy.com/include/tags.js:2:66803":true,"Error: FPDCallerTracker\n    at Navigator.replacementPD (chrome-extension://bbogkpojpmdnlonjjogfkaclifmgnbfe/2040449c-ed20-4861-b5ef-67b1a7ca9732:1530:11)\n    at Object.apply (chrome-extension://bbogkpojpmdnlonjjogfkaclifmgnbfe/2040449c-ed20-4861-b5ef-67b1a7ca9732:405:25)\n    at t.exports.dd_x (https://www.etsy.com/include/tags.js:2:74953)\n    at https://www.etsy.com/include/tags.js:2:66803":true,"Error: FPDCallerTracker\n    at Navigator.replacementPD (chrome-extension://bbogkpojpmdnlonjjogfkaclifmgnbfe/2040449c-ed20-4861-b5ef-67b1a7ca9732:1530:11)\n    at Object.apply (chrome-extension://bbogkpojpmdnlonjjogfkaclifmgnbfe/2040449c-ed20-4861-b5ef-67b1a7ca9732:405:25)\n    at t.exports.dd_x (https://www.etsy.com/include/tags.js:2:75041)\n    at https://www.etsy.com/include/tags.js:2:66803":true,"Error: FPDCallerTracker\n    at Navigator.replacementPD (chrome-extension://bbogkpojpmdnlonjjogfkaclifmgnbfe/2040449c-ed20-4861-b5ef-67b1a7ca9732:1530:11)\n    at Object.apply (chrome-extension://bbogkpojpmdnlonjjogfkaclifmgnbfe/2040449c-ed20-4861-b5ef-67b1a7ca9732:405:25)\n    at t.exports.dd_x (https://www.etsy.com/include/tags.js:2:75075)\n    at https://www.etsy.com/include/tags.js:2:66803":true,"Error: FPDCallerTracker\n    at Navigator.replacementPD (chrome-extension://bbogkpojpmdnlonjjogfkaclifmgnbfe/2040449c-ed20-4861-b5ef-67b1a7ca9732:1530:11)\n    at Object.apply (chrome-extension://bbogkpojpmdnlonjjogfkaclifmgnbfe/2040449c-ed20-4861-b5ef-67b1a7ca9732:405:25)\n    at t.exports.dd_x (https://www.etsy.com/include/tags.js:2:75199)\n    at https://www.etsy.com/include/tags.js:2:66803":true,"Error: FPDCallerTracker\n    at Navigator.replacementPD (chrome-extension://bbogkpojpmdnlonjjogfkaclifmgnbfe/2040449c-ed20-4861-b5ef-67b1a7ca9732:1530:11)\n    at Object.apply (chrome-extension://bbogkpojpmdnlonjjogfkaclifmgnbfe/2040449c-ed20-4861-b5ef-67b1a7ca9732:405:25)\n    at t.exports.dd_x (https://www.etsy.com/include/tags.js:2:75266)\n    at https://www.etsy.com/include/tags.js:2:66803":true,"Error: FPDCallerTracker\n    at Navigator.replacementPD (chrome-extension://bbogkpojpmdnlonjjogfkaclifmgnbfe/2040449c-ed20-4861-b5ef-67b1a7ca9732:1530:11)\n    at Object.apply (chrome-extension://bbogkpojpmdnlonjjogfkaclifmgnbfe/2040449c-ed20-4861-b5ef-67b1a7ca9732:405:25)\n    at t.exports.dd_x (https://www.etsy.com/include/tags.js:2:75368)\n    at https://www.etsy.com/include/tags.js:2:66803":true,"Error: FPDCallerTracker\n    at Navigator.replacementPD (chrome-extension://bbogkpojpmdnlonjjogfkaclifmgnbfe/2040449c-ed20-4861-b5ef-67b1a7ca9732:1530:11)\n    at Object.apply (chrome-extension://bbogkpojpmdnlonjjogfkaclifmgnbfe/2040449c-ed20-4861-b5ef-67b1a7ca9732:405:25)\n    at t.exports.dd_x (https://www.etsy.com/include/tags.js:2:75474)\n    at https://www.etsy.com/include/tags.js:2:66803":true,"Error: FPDCallerTracker\n    at Navigator.replacementPD (chrome-extension://bbogkpojpmdnlonjjogfkaclifmgnbfe/2040449c-ed20-4861-b5ef-67b1a7ca9732:1530:11)\n    at Object.apply (chrome-extension://bbogkpojpmdnlonjjogfkaclifmgnbfe/2040449c-ed20-4861-b5ef-67b1a7ca9732:405:25)\n    at t.exports.dd_x (https://www.etsy.com/include/tags.js:2:75529)\n    at https://www.etsy.com/include/tags.js:2:66803":true,"Error: FPDCallerTracker\n    at Navigator.replacementPD (chrome-extension://bbogkpojpmdnlonjjogfkaclifmgnbfe/2040449c-ed20-4861-b5ef-67b1a7ca9732:1530:11)\n    at Object.apply (chrome-extension://bbogkpojpmdnlonjjogfkaclifmgnbfe/2040449c-ed20-4861-b5ef-67b1a7ca9732:405:25)\n    at t.exports.dd_x (https://www.etsy.com/include/tags.js:2:75598)\n    at https://www.etsy.com/include/tags.js:2:66803":true,"Error: FPDCallerTracker\n    at Navigator.replacementPD (chrome-extension://bbogkpojpmdnlonjjogfkaclifmgnbfe/2040449c-ed20-4861-b5ef-67b1a7ca9732:1530:11)\n    at Object.apply (chrome-extension://bbogkpojpmdnlonjjogfkaclifmgnbfe/2040449c-ed20-4861-b5ef-67b1a7ca9732:405:25)\n    at <computed> [as dd_B] (https://www.etsy.com/include/tags.js:2:79626)\n    at https://www.etsy.com/include/tags.js:2:66803":true,"Error: FPDCallerTracker\n    at Navigator.replacementPD (chrome-extension://bbogkpojpmdnlonjjogfkaclifmgnbfe/2040449c-ed20-4861-b5ef-67b1a7ca9732:1530:11)\n    at Object.apply (chrome-extension://bbogkpojpmdnlonjjogfkaclifmgnbfe/2040449c-ed20-4861-b5ef-67b1a7ca9732:405:25)\n    at <computed> [as dd_G] (https://www.etsy.com/include/tags.js:2:81100)\n    at https://www.etsy.com/include/tags.js:2:66803":true,"Error: FPDCallerTracker\n    at Navigator.replacementPD (chrome-extension://bbogkpojpmdnlonjjogfkaclifmgnbfe/2040449c-ed20-4861-b5ef-67b1a7ca9732:1530:11)\n    at Object.apply (chrome-extension://bbogkpojpmdnlonjjogfkaclifmgnbfe/2040449c-ed20-4861-b5ef-67b1a7ca9732:405:25)\n    at <computed> [as dd_G] (https://www.etsy.com/include/tags.js:2:81129)\n    at https://www.etsy.com/include/tags.js:2:66803":true,"Error: FPDCallerTracker\n    at Navigator.replacementPD (chrome-extension://bbogkpojpmdnlonjjogfkaclifmgnbfe/2040449c-ed20-4861-b5ef-67b1a7ca9732:1530:11)\n    at Object.apply (chrome-extension://bbogkpojpmdnlonjjogfkaclifmgnbfe/2040449c-ed20-4861-b5ef-67b1a7ca9732:405:25)\n    at <computed> [as dd_G] (https://www.etsy.com/include/tags.js:2:81269)\n    at https://www.etsy.com/include/tags.js:2:66803":true,"Error: FPDCallerTracker\n    at Navigator.replacementPD (chrome-extension://bbogkpojpmdnlonjjogfkaclifmgnbfe/2040449c-ed20-4861-b5ef-67b1a7ca9732:1530:11)\n    at Object.apply (chrome-extension://bbogkpojpmdnlonjjogfkaclifmgnbfe/2040449c-ed20-4861-b5ef-67b1a7ca9732:405:25)\n    at <computed> [as dd_G] (https://www.etsy.com/include/tags.js:2:81370)\n    at https://www.etsy.com/include/tags.js:2:66803":true}}},"MediaDevices.prototype.enumerateDevices":{"call":{"args":{"":1},"total":1,"callers":{"Error: FPDCallerTracker\n    at MediaDevices.replacementF (chrome-extension://bbogkpojpmdnlonjjogfkaclifmgnbfe/2040449c-ed20-4861-b5ef-67b1a7ca9732:2127:11)\n    at MediaDevices.replacementF (chrome-extension://bbogkpojpmdnlonjjogfkaclifmgnbfe/2040449c-ed20-4861-b5ef-67b1a7ca9732:2147:41)\n    at Object.apply (chrome-extension://bbogkpojpmdnlonjjogfkaclifmgnbfe/2040449c-ed20-4861-b5ef-67b1a7ca9732:405:25)\n    at t.exports.dd_i (https://www.etsy.com/include/tags.js:2:111893)\n    at https://www.etsy.com/include/tags.js:2:66803":true}}},"Screen.prototype.colorDepth":{"get":{"args":{"":1},"total":1,"callers":{"Error: FPDCallerTracker\n    at Screen.replacementPD (chrome-extension://bbogkpojpmdnlonjjogfkaclifmgnbfe/2040449c-ed20-4861-b5ef-67b1a7ca9732:2302:11)\n    at Object.apply (chrome-extension://bbogkpojpmdnlonjjogfkaclifmgnbfe/2040449c-ed20-4861-b5ef-67b1a7ca9732:405:25)\n    at t.exports.dd_m (https://www.etsy.com/include/tags.js:2:72043)\n    at https://www.etsy.com/include/tags.js:2:66803":true}}},"Navigator.prototype.language":{"get":{"args":{"":1},"total":1,"callers":{"Error: FPDCallerTracker\n    at Navigator.replacementPD (chrome-extension://bbogkpojpmdnlonjjogfkaclifmgnbfe/2040449c-ed20-4861-b5ef-67b1a7ca9732:1026:11)\n    at Object.apply (chrome-extension://bbogkpojpmdnlonjjogfkaclifmgnbfe/2040449c-ed20-4861-b5ef-67b1a7ca9732:405:25)\n    at t.exports.dd_r (https://www.etsy.com/include/tags.js:2:72901)\n    at https://www.etsy.com/include/tags.js:2:66803":true}}},"Screen.prototype.availHeight":{"get":{"args":{"":1},"total":1,"callers":{"Error: FPDCallerTracker\n    at Screen.replacementPD (chrome-extension://bbogkpojpmdnlonjjogfkaclifmgnbfe/2040449c-ed20-4861-b5ef-67b1a7ca9732:2414:11)\n    at Object.apply (chrome-extension://bbogkpojpmdnlonjjogfkaclifmgnbfe/2040449c-ed20-4861-b5ef-67b1a7ca9732:405:25)\n    at t.exports.dd_u (https://www.etsy.com/include/tags.js:2:73220)\n    at https://www.etsy.com/include/tags.js:2:66803":true}}},"Screen.prototype.availWidth":{"get":{"args":{"":1},"total":1,"callers":{"Error: FPDCallerTracker\n    at Screen.replacementPD (chrome-extension://bbogkpojpmdnlonjjogfkaclifmgnbfe/2040449c-ed20-4861-b5ef-67b1a7ca9732:2470:11)\n    at Object.apply (chrome-extension://bbogkpojpmdnlonjjogfkaclifmgnbfe/2040449c-ed20-4861-b5ef-67b1a7ca9732:405:25)\n    at t.exports.dd_u (https://www.etsy.com/include/tags.js:2:73304)\n    at https://www.etsy.com/include/tags.js:2:66803":true}}},"Date.prototype.getTimezoneOffset":{"call":{"args":{"":1},"total":1,"callers":{"Error: FPDCallerTracker\n    at Date.replacementF (chrome-extension://bbogkpojpmdnlonjjogfkaclifmgnbfe/2040449c-ed20-4861-b5ef-67b1a7ca9732:2905:11)\n    at Date.replacementF (chrome-extension://bbogkpojpmdnlonjjogfkaclifmgnbfe/2040449c-ed20-4861-b5ef-67b1a7ca9732:2925:41)\n    at Object.apply (chrome-extension://bbogkpojpmdnlonjjogfkaclifmgnbfe/2040449c-ed20-4861-b5ef-67b1a7ca9732:405:25)\n    at <computed> [as dd_v] (https://www.etsy.com/include/tags.js:2:73418)\n    at https://www.etsy.com/include/tags.js:2:66803":true}}},"window.indexedDB":{"get":{"args":{"":1},"total":1,"callers":{"Error: FPDCallerTracker\n    at replacementPD (chrome-extension://bbogkpojpmdnlonjjogfkaclifmgnbfe/2040449c-ed20-4861-b5ef-67b1a7ca9732:3846:11)\n    at Object.apply (chrome-extension://bbogkpojpmdnlonjjogfkaclifmgnbfe/2040449c-ed20-4861-b5ef-67b1a7ca9732:405:25)\n    at <computed> [as dd_w] (https://www.etsy.com/include/tags.js:2:74310)\n    at https://www.etsy.com/include/tags.js:2:66803":true}}},"Navigator.prototype.productSub":{"get":{"args":{"":1},"total":1,"callers":{"Error: FPDCallerTracker\n    at Navigator.replacementPD (chrome-extension://bbogkpojpmdnlonjjogfkaclifmgnbfe/2040449c-ed20-4861-b5ef-67b1a7ca9732:1194:11)\n    at Object.apply (chrome-extension://bbogkpojpmdnlonjjogfkaclifmgnbfe/2040449c-ed20-4861-b5ef-67b1a7ca9732:405:25)\n    at <computed> [as dd_A] (https://www.etsy.com/include/tags.js:2:77037)\n    at https://www.etsy.com/include/tags.js:2:66803":true}}},"Navigator.prototype.vendor":{"get":{"args":{"":1},"total":1,"callers":{"Error: FPDCallerTracker\n    at Navigator.replacementPD (chrome-extension://bbogkpojpmdnlonjjogfkaclifmgnbfe/2040449c-ed20-4861-b5ef-67b1a7ca9732:1362:11)\n    at Object.apply (chrome-extension://bbogkpojpmdnlonjjogfkaclifmgnbfe/2040449c-ed20-4861-b5ef-67b1a7ca9732:405:25)\n    at t.exports.dd_D (https://www.etsy.com/include/tags.js:2:80350)\n    at https://www.etsy.com/include/tags.js:2:66803":true}}},"HTMLMediaElement.prototype.canPlayType":{"call":{"args":{"\"audio/ogg; codecs=\\\"vorbis\\\"\"":1,"\"audio/mpeg;\"":1,"\"audio/wav; codecs=\\\"1\\\"\"":1,"\"audio/x-m4a;\"":1,"\"audio/aac;\"":1,"\"audio/3gpp;\"":1,"\"audio/flac;\"":1,"\"audio/mp4;\"":1,"\"audio/mp3;\"":1,"\"audio/webm;\"":1,"\"video/ogg; codecs=\\\"theora\\\"\"":1,"\"video/mp4; codecs=\\\"avc1.42E01E\\\"\"":1,"\"video/webm; codecs=\\\"vp8, vorbis\\\"\"":1,"\"video/3gpp;\"":1,"\"video/mpeg;\"":1,"\"video/quicktime;\"":1,"\"video/mp4; codecs=\\\"av01.0.08M.08\\\"\"":1},"total":17,"callers":{"Error: FPDCallerTracker\n    at HTMLAudioElement.replacementF (chrome-extension://bbogkpojpmdnlonjjogfkaclifmgnbfe/2040449c-ed20-4861-b5ef-67b1a7ca9732:3055:11)\n    at HTMLAudioElement.replacementF (chrome-extension://bbogkpojpmdnlonjjogfkaclifmgnbfe/2040449c-ed20-4861-b5ef-67b1a7ca9732:3075:41)\n    at Object.apply (chrome-extension://bbogkpojpmdnlonjjogfkaclifmgnbfe/2040449c-ed20-4861-b5ef-67b1a7ca9732:405:25)\n    at t.exports.dd_M (https://www.etsy.com/include/tags.js:2:82190)\n    at https://www.etsy.com/include/tags.js:2:66803":true,"Error: FPDCallerTracker\n    at HTMLAudioElement.replacementF (chrome-extension://bbogkpojpmdnlonjjogfkaclifmgnbfe/2040449c-ed20-4861-b5ef-67b1a7ca9732:3055:11)\n    at HTMLAudioElement.replacementF (chrome-extension://bbogkpojpmdnlonjjogfkaclifmgnbfe/2040449c-ed20-4861-b5ef-67b1a7ca9732:3075:41)\n    at Object.apply (chrome-extension://bbogkpojpmdnlonjjogfkaclifmgnbfe/2040449c-ed20-4861-b5ef-67b1a7ca9732:405:25)\n    at t.exports.dd_M (https://www.etsy.com/include/tags.js:2:82286)\n    at https://www.etsy.com/include/tags.js:2:66803":true,"Error: FPDCallerTracker\n    at HTMLAudioElement.replacementF (chrome-extension://bbogkpojpmdnlonjjogfkaclifmgnbfe/2040449c-ed20-4861-b5ef-67b1a7ca9732:3055:11)\n    at HTMLAudioElement.replacementF (chrome-extension://bbogkpojpmdnlonjjogfkaclifmgnbfe/2040449c-ed20-4861-b5ef-67b1a7ca9732:3075:41)\n    at Object.apply (chrome-extension://bbogkpojpmdnlonjjogfkaclifmgnbfe/2040449c-ed20-4861-b5ef-67b1a7ca9732:405:25)\n    at t.exports.dd_M (https://www.etsy.com/include/tags.js:2:82486)\n    at https://www.etsy.com/include/tags.js:2:66803":true,"Error: FPDCallerTracker\n    at HTMLAudioElement.replacementF (chrome-extension://bbogkpojpmdnlonjjogfkaclifmgnbfe/2040449c-ed20-4861-b5ef-67b1a7ca9732:3055:11)\n    at HTMLAudioElement.replacementF (chrome-extension://bbogkpojpmdnlonjjogfkaclifmgnbfe/2040449c-ed20-4861-b5ef-67b1a7ca9732:3075:41)\n    at Object.apply (chrome-extension://bbogkpojpmdnlonjjogfkaclifmgnbfe/2040449c-ed20-4861-b5ef-67b1a7ca9732:405:25)\n    at t.exports.dd_M (https://www.etsy.com/include/tags.js:2:82718)\n    at https://www.etsy.com/include/tags.js:2:66803":true,"Error: FPDCallerTracker\n    at HTMLAudioElement.replacementF (chrome-extension://bbogkpojpmdnlonjjogfkaclifmgnbfe/2040449c-ed20-4861-b5ef-67b1a7ca9732:3055:11)\n    at HTMLAudioElement.replacementF (chrome-extension://bbogkpojpmdnlonjjogfkaclifmgnbfe/2040449c-ed20-4861-b5ef-67b1a7ca9732:3075:41)\n    at Object.apply (chrome-extension://bbogkpojpmdnlonjjogfkaclifmgnbfe/2040449c-ed20-4861-b5ef-67b1a7ca9732:405:25)\n    at t.exports.dd_M (https://www.etsy.com/include/tags.js:2:82906)\n    at https://www.etsy.com/include/tags.js:2:66803":true,"Error: FPDCallerTracker\n    at HTMLAudioElement.replacementF (chrome-extension://bbogkpojpmdnlonjjogfkaclifmgnbfe/2040449c-ed20-4861-b5ef-67b1a7ca9732:3055:11)\n    at HTMLAudioElement.replacementF (chrome-extension://bbogkpojpmdnlonjjogfkaclifmgnbfe/2040449c-ed20-4861-b5ef-67b1a7ca9732:3075:41)\n    at Object.apply (chrome-extension://bbogkpojpmdnlonjjogfkaclifmgnbfe/2040449c-ed20-4861-b5ef-67b1a7ca9732:405:25)\n    at t.exports.dd_M (https://www.etsy.com/include/tags.js:2:83122)\n    at https://www.etsy.com/include/tags.js:2:66803":true,"Error: FPDCallerTracker\n    at HTMLAudioElement.replacementF (chrome-extension://bbogkpojpmdnlonjjogfkaclifmgnbfe/2040449c-ed20-4861-b5ef-67b1a7ca9732:3055:11)\n    at HTMLAudioElement.replacementF (chrome-extension://bbogkpojpmdnlonjjogfkaclifmgnbfe/2040449c-ed20-4861-b5ef-67b1a7ca9732:3075:41)\n    at Object.apply (chrome-extension://bbogkpojpmdnlonjjogfkaclifmgnbfe/2040449c-ed20-4861-b5ef-67b1a7ca9732:405:25)\n    at t.exports.dd_M (https://www.etsy.com/include/tags.js:2:83322)\n    at https://www.etsy.com/include/tags.js:2:66803":true,"Error: FPDCallerTracker\n    at HTMLAudioElement.replacementF (chrome-extension://bbogkpojpmdnlonjjogfkaclifmgnbfe/2040449c-ed20-4861-b5ef-67b1a7ca9732:3055:11)\n    at HTMLAudioElement.replacementF (chrome-extension://bbogkpojpmdnlonjjogfkaclifmgnbfe/2040449c-ed20-4861-b5ef-67b1a7ca9732:3075:41)\n    at Object.apply (chrome-extension://bbogkpojpmdnlonjjogfkaclifmgnbfe/2040449c-ed20-4861-b5ef-67b1a7ca9732:405:25)\n    at t.exports.dd_M (https://www.etsy.com/include/tags.js:2:83530)\n    at https://www.etsy.com/include/tags.js:2:66803":true,"Error: FPDCallerTracker\n    at HTMLAudioElement.replacementF (chrome-extension://bbogkpojpmdnlonjjogfkaclifmgnbfe/2040449c-ed20-4861-b5ef-67b1a7ca9732:3055:11)\n    at HTMLAudioElement.replacementF (chrome-extension://bbogkpojpmdnlonjjogfkaclifmgnbfe/2040449c-ed20-4861-b5ef-67b1a7ca9732:3075:41)\n    at Object.apply (chrome-extension://bbogkpojpmdnlonjjogfkaclifmgnbfe/2040449c-ed20-4861-b5ef-67b1a7ca9732:405:25)\n    at t.exports.dd_M (https://www.etsy.com/include/tags.js:2:83742)\n    at https://www.etsy.com/include/tags.js:2:66803":true,"Error: FPDCallerTracker\n    at HTMLAudioElement.replacementF (chrome-extension://bbogkpojpmdnlonjjogfkaclifmgnbfe/2040449c-ed20-4861-b5ef-67b1a7ca9732:3055:11)\n    at HTMLAudioElement.replacementF (chrome-extension://bbogkpojpmdnlonjjogfkaclifmgnbfe/2040449c-ed20-4861-b5ef-67b1a7ca9732:3075:41)\n    at Object.apply (chrome-extension://bbogkpojpmdnlonjjogfkaclifmgnbfe/2040449c-ed20-4861-b5ef-67b1a7ca9732:405:25)\n    at t.exports.dd_M (https://www.etsy.com/include/tags.js:2:84002)\n    at https://www.etsy.com/include/tags.js:2:66803":true,"Error: FPDCallerTracker\n    at HTMLVideoElement.replacementF (chrome-extension://bbogkpojpmdnlonjjogfkaclifmgnbfe/2040449c-ed20-4861-b5ef-67b1a7ca9732:3055:11)\n    at HTMLVideoElement.replacementF (chrome-extension://bbogkpojpmdnlonjjogfkaclifmgnbfe/2040449c-ed20-4861-b5ef-67b1a7ca9732:3075:41)\n    at Object.apply (chrome-extension://bbogkpojpmdnlonjjogfkaclifmgnbfe/2040449c-ed20-4861-b5ef-67b1a7ca9732:405:25)\n    at t.exports.dd_N (https://www.etsy.com/include/tags.js:2:84974)\n    at https://www.etsy.com/include/tags.js:2:66803":true,"Error: FPDCallerTracker\n    at HTMLVideoElement.replacementF (chrome-extension://bbogkpojpmdnlonjjogfkaclifmgnbfe/2040449c-ed20-4861-b5ef-67b1a7ca9732:3055:11)\n    at HTMLVideoElement.replacementF (chrome-extension://bbogkpojpmdnlonjjogfkaclifmgnbfe/2040449c-ed20-4861-b5ef-67b1a7ca9732:3075:41)\n    at Object.apply (chrome-extension://bbogkpojpmdnlonjjogfkaclifmgnbfe/2040449c-ed20-4861-b5ef-67b1a7ca9732:405:25)\n    at t.exports.dd_N (https://www.etsy.com/include/tags.js:2:85170)\n    at https://www.etsy.com/include/tags.js:2:66803":true,"Error: FPDCallerTracker\n    at HTMLVideoElement.replacementF (chrome-extension://bbogkpojpmdnlonjjogfkaclifmgnbfe/2040449c-ed20-4861-b5ef-67b1a7ca9732:3055:11)\n    at HTMLVideoElement.replacementF (chrome-extension://bbogkpojpmdnlonjjogfkaclifmgnbfe/2040449c-ed20-4861-b5ef-67b1a7ca9732:3075:41)\n    at Object.apply (chrome-extension://bbogkpojpmdnlonjjogfkaclifmgnbfe/2040449c-ed20-4861-b5ef-67b1a7ca9732:405:25)\n    at t.exports.dd_N (https://www.etsy.com/include/tags.js:2:85306)\n    at https://www.etsy.com/include/tags.js:2:66803":true,"Error: FPDCallerTracker\n    at HTMLVideoElement.replacementF (chrome-extension://bbogkpojpmdnlonjjogfkaclifmgnbfe/2040449c-ed20-4861-b5ef-67b1a7ca9732:3055:11)\n    at HTMLVideoElement.replacementF (chrome-extension://bbogkpojpmdnlonjjogfkaclifmgnbfe/2040449c-ed20-4861-b5ef-67b1a7ca9732:3075:41)\n    at Object.apply (chrome-extension://bbogkpojpmdnlonjjogfkaclifmgnbfe/2040449c-ed20-4861-b5ef-67b1a7ca9732:405:25)\n    at t.exports.dd_N (https://www.etsy.com/include/tags.js:2:85730)\n    at https://www.etsy.com/include/tags.js:2:66803":true,"Error: FPDCallerTracker\n    at HTMLVideoElement.replacementF (chrome-extension://bbogkpojpmdnlonjjogfkaclifmgnbfe/2040449c-ed20-4861-b5ef-67b1a7ca9732:3055:11)\n    at HTMLVideoElement.replacementF (chrome-extension://bbogkpojpmdnlonjjogfkaclifmgnbfe/2040449c-ed20-4861-b5ef-67b1a7ca9732:3075:41)\n    at Object.apply (chrome-extension://bbogkpojpmdnlonjjogfkaclifmgnbfe/2040449c-ed20-4861-b5ef-67b1a7ca9732:405:25)\n    at t.exports.dd_N (https://www.etsy.com/include/tags.js:2:85950)\n    at https://www.etsy.com/include/tags.js:2:66803":true,"Error: FPDCallerTracker\n    at HTMLVideoElement.replacementF (chrome-extension://bbogkpojpmdnlonjjogfkaclifmgnbfe/2040449c-ed20-4861-b5ef-67b1a7ca9732:3055:11)\n    at HTMLVideoElement.replacementF (chrome-extension://bbogkpojpmdnlonjjogfkaclifmgnbfe/2040449c-ed20-4861-b5ef-67b1a7ca9732:3075:41)\n    at Object.apply (chrome-extension://bbogkpojpmdnlonjjogfkaclifmgnbfe/2040449c-ed20-4861-b5ef-67b1a7ca9732:405:25)\n    at t.exports.dd_N (https://www.etsy.com/include/tags.js:2:86198)\n    at https://www.etsy.com/include/tags.js:2:66803":true,"Error: FPDCallerTracker\n    at HTMLVideoElement.replacementF (chrome-extension://bbogkpojpmdnlonjjogfkaclifmgnbfe/2040449c-ed20-4861-b5ef-67b1a7ca9732:3055:11)\n    at HTMLVideoElement.replacementF (chrome-extension://bbogkpojpmdnlonjjogfkaclifmgnbfe/2040449c-ed20-4861-b5ef-67b1a7ca9732:3075:41)\n    at Object.apply (chrome-extension://bbogkpojpmdnlonjjogfkaclifmgnbfe/2040449c-ed20-4861-b5ef-67b1a7ca9732:405:25)\n    at t.exports.dd_N (https://www.etsy.com/include/tags.js:2:86362)\n    at https://www.etsy.com/include/tags.js:2:66803":true}}},"Permissions.prototype.query":{"call":{"args":{"{\"name\":\"notifications\"}":1},"total":1,"callers":{"Error: FPDCallerTracker\n    at Permissions.replacementF (chrome-extension://bbogkpojpmdnlonjjogfkaclifmgnbfe/2040449c-ed20-4861-b5ef-67b1a7ca9732:3005:11)\n    at Permissions.replacementF (chrome-extension://bbogkpojpmdnlonjjogfkaclifmgnbfe/2040449c-ed20-4861-b5ef-67b1a7ca9732:3025:41)\n    at Object.apply (chrome-extension://bbogkpojpmdnlonjjogfkaclifmgnbfe/2040449c-ed20-4861-b5ef-67b1a7ca9732:405:25)\n    at t.exports.dd_af (https://www.etsy.com/include/tags.js:2:89115)\n    at https://www.etsy.com/include/tags.js:2:66803":true}}}}}}