[
    {
        "time": 237696.7842,
        "requested_resource": "https://amazon.co.uk/",
        "initiator": {
            "type": "other"
        },
        "requested_for": "https://amazon.co.uk/"
    },
    {
        "time": 237697.226611,
        "requested_resource": "https://www.amazon.co.uk/",
        "initiator": {
            "type": "other"
        },
        "requested_for": "https://www.amazon.co.uk/"
    },
    {
        "time": 237697.453747,
        "requested_resource": "https://images-na.ssl-images-amazon.com/images/G/01/AUIClients/AmazonUI-3c913031596ca78a3768f4e934b1cc02ce238101.secure.min._V1_.css",
        "initiator": {
            "columnNumber": 163,
            "lineNumber": 11,
            "type": "parser",
            "url": "https://www.amazon.co.uk/"
        },
        "requested_for": "https://www.amazon.co.uk/"
    },
    {
        "time": 237697.453927,
        "requested_resource": "https://images-na.ssl-images-amazon.com/captcha/sgkknrsj/Captcha_pjykovmjjk.jpg",
        "initiator": {
            "columnNumber": 135,
            "lineNumber": 67,
            "type": "parser",
            "url": "https://www.amazon.co.uk/"
        },
        "requested_for": "https://www.amazon.co.uk/"
    },
    {
        "time": 237697.507159,
        "requested_resource": "https://fls-eu.amazon.co.uk/1/oc-csi/1/OP/requestId=YYGFGRHJ1SESFWMDG78V&js=1",
        "initiator": {
            "columnNumber": 110,
            "lineNumber": 120,
            "type": "parser",
            "url": "https://www.amazon.co.uk/"
        },
        "requested_for": "https://www.amazon.co.uk/"
    },
    {
        "time": 237697.507354,
        "requested_resource": "https://images-eu.ssl-images-amazon.com/images/G/01/csminstrumentation/csm-captcha-instrumentation.min.js",
        "initiator": {
            "stack": {
                "callFrames": [
                    {
                        "columnNumber": 13,
                        "functionName": "",
                        "lineNumber": 132,
                        "scriptId": "18",
                        "url": "https://www.amazon.co.uk/"
                    }
                ]
            },
            "type": "script"
        },
        "requested_for": "https://www.amazon.co.uk/"
    },
    {
        "time": 237697.507547,
        "requested_resource": "https://images-eu.ssl-images-amazon.com/images/G/01/csminstrumentation/rd-script-6d68177fa6061598e9509dc4b5bdd08d.js",
        "initiator": {
            "stack": {
                "callFrames": [
                    {
                        "columnNumber": 13,
                        "functionName": "",
                        "lineNumber": 136,
                        "scriptId": "18",
                        "url": "https://www.amazon.co.uk/"
                    }
                ]
            },
            "type": "script"
        },
        "requested_for": "https://www.amazon.co.uk/"
    },
    {
        "time": 237697.508576,
        "requested_resource": "https://images-na.ssl-images-amazon.com/images/G/01/amazonui/sprites/aui_sprite_0007-1x._V383827579_.png",
        "initiator": {
            "type": "parser",
            "url": "https://images-na.ssl-images-amazon.com/images/G/01/AUIClients/AmazonUI-3c913031596ca78a3768f4e934b1cc02ce238101.secure.min._V1_.css"
        },
        "requested_for": "https://www.amazon.co.uk/"
    },
    {
        "time": 237697.547822,
        "requested_resource": "https://images-na.ssl-images-amazon.com/images/G/01/csminstrumentation/ue-base-1c399ad9886cab69575e1e5ee15c61a1._V313498596_.js",
        "initiator": {
            "stack": {
                "callFrames": [
                    {
                        "columnNumber": 115,
                        "functionName": "a",
                        "lineNumber": 3,
                        "scriptId": "20",
                        "url": "https://images-eu.ssl-images-amazon.com/images/G/01/csminstrumentation/csm-captcha-instrumentation.min.js"
                    }
                ]
            },
            "type": "script"
        },
        "requested_for": "https://www.amazon.co.uk/"
    },
    {
        "time": 237697.563175,
        "requested_resource": "https://images-na.ssl-images-amazon.com/images/G/01/AUIClients/ClientSideMetricsAUIJavascript-51171fbdd28e1a7a61e922e8f0272af8bc74d37b.secure.variant-desktop-session-snapshot-keypress.min._V2_.js",
        "initiator": {
            "stack": {
                "callFrames": [
                    {
                        "columnNumber": 115,
                        "functionName": "a",
                        "lineNumber": 3,
                        "scriptId": "20",
                        "url": "https://images-eu.ssl-images-amazon.com/images/G/01/csminstrumentation/csm-captcha-instrumentation.min.js"
                    }
                ]
            },
            "type": "script"
        },
        "requested_for": "https://www.amazon.co.uk/"
    },
    {
        "time": 237697.646008,
        "requested_resource": "https://www.amazon.co.uk/favicon.ico",
        "initiator": {
            "type": "other"
        },
        "requested_for": "https://www.amazon.co.uk/"
    },
    {
        "time": 237698.59155,
        "requested_resource": "https://fls-eu.amazon.co.uk/1/batch/1/OE/",
        "initiator": {
            "stack": {
                "callFrames": [
                    {
                        "columnNumber": 121,
                        "functionName": "send",
                        "lineNumber": 11,
                        "scriptId": "22",
                        "url": "https://images-na.ssl-images-amazon.com/images/G/01/AUIClients/ClientSideMetricsAUIJavascript-51171fbdd28e1a7a61e922e8f0272af8bc74d37b.secure.variant-desktop-session-snapshot-keypress.min._V2_.js"
                    }
                ]
            },
            "type": "script"
        },
        "requested_for": "https://www.amazon.co.uk/"
    }
]