[
    {
        "time": 237708.651631,
        "requested_resource": "https://unihobby.cz/",
        "initiator": {
            "type": "other"
        },
        "requested_for": "https://unihobby.cz/"
    },
    {
        "time": 237708.736774,
        "requested_resource": "https://www.unihobby.cz/",
        "initiator": {
            "type": "other"
        },
        "requested_for": "https://www.unihobby.cz/"
    },
    {
        "time": 237711.218324,
        "requested_resource": "https://www.unihobby.cz/build/153.719c5c27.css",
        "initiator": {
            "columnNumber": 62,
            "lineNumber": 14,
            "type": "parser",
            "url": "https://www.unihobby.cz/"
        },
        "requested_for": "https://www.unihobby.cz/"
    },
    {
        "time": 237711.218515,
        "requested_resource": "https://www.unihobby.cz/build/app.dea0ad68.css",
        "initiator": {
            "columnNumber": 116,
            "lineNumber": 14,
            "type": "parser",
            "url": "https://www.unihobby.cz/"
        },
        "requested_for": "https://www.unihobby.cz/"
    },
    {
        "time": 237711.218569,
        "requested_resource": "https://www.unihobby.cz/build/reacted/reacted.dec5ec24.css",
        "initiator": {
            "columnNumber": 70,
            "lineNumber": 15,
            "type": "parser",
            "url": "https://www.unihobby.cz/"
        },
        "requested_for": "https://www.unihobby.cz/"
    },
    {
        "time": 237711.218607,
        "requested_resource": "https://scripts.luigisbox.com/LBX-535264.js",
        "initiator": {
            "columnNumber": 62,
            "lineNumber": 65,
            "type": "parser",
            "url": "https://www.unihobby.cz/"
        },
        "requested_for": "https://www.unihobby.cz/"
    },
    {
        "time": 237711.218652,
        "requested_resource": "https://www.unihobby.cz/build/images/style/logo.561216b9.svg",
        "initiator": {
            "columnNumber": 94,
            "lineNumber": 94,
            "type": "parser",
            "url": "https://www.unihobby.cz/"
        },
        "requested_for": "https://www.unihobby.cz/"
    },
    {
        "time": 237711.218691,
        "requested_resource": "https://www.unihobby.cz/build/images/style/claim.792139cd.svg",
        "initiator": {
            "columnNumber": 122,
            "lineNumber": 175,
            "type": "parser",
            "url": "https://www.unihobby.cz/"
        },
        "requested_for": "https://www.unihobby.cz/"
    },
    {
        "time": 237711.218713,
        "requested_resource": "https://img.unihobby.cz/userimages/side_banner/100/69972a0b2686ba4c5f154ad14180e6ff_small.png",
        "initiator": {
            "columnNumber": 159,
            "lineNumber": 565,
            "type": "parser",
            "url": "https://www.unihobby.cz/"
        },
        "requested_for": "https://www.unihobby.cz/"
    },
    {
        "time": 237711.218745,
        "requested_resource": "https://img.unihobby.cz/userimages/slideshow_slide_mobile/178/ae7d0f515fe24d987dacce40090faaf7_medium.png",
        "initiator": {
            "columnNumber": 9,
            "lineNumber": 588,
            "type": "parser",
            "url": "https://www.unihobby.cz/"
        },
        "requested_for": "https://www.unihobby.cz/"
    },
    {
        "time": 237711.21877,
        "requested_resource": "https://img.unihobby.cz/userimages/slideshow_slide/178/7d860028f911b9f0ae2bd07068e212bd_large.png",
        "initiator": {
            "columnNumber": 9,
            "lineNumber": 597,
            "type": "parser",
            "url": "https://www.unihobby.cz/"
        },
        "requested_for": "https://www.unihobby.cz/"
    },
    {
        "time": 237711.218791,
        "requested_resource": "https://img.unihobby.cz/userimages/slideshow_slide_mobile/174/dbf423f3396b2950ac32b6d29663921a_medium.png",
        "initiator": {
            "columnNumber": 9,
            "lineNumber": 611,
            "type": "parser",
            "url": "https://www.unihobby.cz/"
        },
        "requested_for": "https://www.unihobby.cz/"
    },
    {
        "time": 237711.218813,
        "requested_resource": "https://img.unihobby.cz/userimages/slideshow_slide/174/af0d21ad05191f95c9971ee2eb771e71_large.png",
        "initiator": {
            "columnNumber": 9,
            "lineNumber": 620,
            "type": "parser",
            "url": "https://www.unihobby.cz/"
        },
        "requested_for": "https://www.unihobby.cz/"
    },
    {
        "time": 237711.218832,
        "requested_resource": "https://img.unihobby.cz/userimages/slideshow_slide_mobile/175/da0f41ce3ea1dbf955b423929df827d3_medium.png",
        "initiator": {
            "columnNumber": 9,
            "lineNumber": 634,
            "type": "parser",
            "url": "https://www.unihobby.cz/"
        },
        "requested_for": "https://www.unihobby.cz/"
    },
    {
        "time": 237711.218853,
        "requested_resource": "https://img.unihobby.cz/userimages/slideshow_slide/175/4464f888e9f45ffb412148501e7c668d_large.png",
        "initiator": {
            "columnNumber": 9,
            "lineNumber": 643,
            "type": "parser",
            "url": "https://www.unihobby.cz/"
        },
        "requested_for": "https://www.unihobby.cz/"
    },
    {
        "time": 237711.218872,
        "requested_resource": "https://img.unihobby.cz/userimages/side_banner/101/d569830d27e58bb0fcbb3b2b88c1c910_small.png",
        "initiator": {
            "columnNumber": 159,
            "lineNumber": 6032,
            "type": "parser",
            "url": "https://www.unihobby.cz/"
        },
        "requested_for": "https://www.unihobby.cz/"
    },
    {
        "time": 237711.218895,
        "requested_resource": "https://www.unihobby.cz/build/images/style/map.bb897441.svg",
        "initiator": {
            "columnNumber": 83,
            "lineNumber": 6065,
            "type": "parser",
            "url": "https://www.unihobby.cz/"
        },
        "requested_for": "https://www.unihobby.cz/"
    },
    {
        "time": 237711.218915,
        "requested_resource": "https://www.unihobby.cz/build/images/style/badge-shoproku-1.f9ad471e.png",
        "initiator": {
            "columnNumber": 182,
            "lineNumber": 6539,
            "type": "parser",
            "url": "https://www.unihobby.cz/"
        },
        "requested_for": "https://www.unihobby.cz/"
    },
    {
        "time": 237711.218952,
        "requested_resource": "https://www.unihobby.cz/build/images/style/badge-shoproku-2.36f292c5.png",
        "initiator": {
            "columnNumber": 182,
            "lineNumber": 6542,
            "type": "parser",
            "url": "https://www.unihobby.cz/"
        },
        "requested_for": "https://www.unihobby.cz/"
    },
    {
        "time": 237711.218972,
        "requested_resource": "https://www.unihobby.cz/build/runtime.68aa92de.js",
        "initiator": {
            "columnNumber": 47,
            "lineNumber": 6634,
            "type": "parser",
            "url": "https://www.unihobby.cz/"
        },
        "requested_for": "https://www.unihobby.cz/"
    },
    {
        "time": 237711.219,
        "requested_resource": "https://www.unihobby.cz/build/153.628ee679.js",
        "initiator": {
            "columnNumber": 99,
            "lineNumber": 6634,
            "type": "parser",
            "url": "https://www.unihobby.cz/"
        },
        "requested_for": "https://www.unihobby.cz/"
    },
    {
        "time": 237711.219019,
        "requested_resource": "https://www.unihobby.cz/build/app.c000ffaf.js",
        "initiator": {
            "columnNumber": 151,
            "lineNumber": 6634,
            "type": "parser",
            "url": "https://www.unihobby.cz/"
        },
        "requested_for": "https://www.unihobby.cz/"
    },
    {
        "time": 237711.219039,
        "requested_resource": "https://www.unihobby.cz/build/reacted/delivery-pickup.51f8028e.js",
        "initiator": {
            "columnNumber": 63,
            "lineNumber": 6635,
            "type": "parser",
            "url": "https://www.unihobby.cz/"
        },
        "requested_for": "https://www.unihobby.cz/"
    },
    {
        "time": 237711.250216,
        "requested_resource": "https://www.googletagmanager.com/gtm.js?id=GTM-WZ62T3",
        "initiator": {
            "stack": {
                "callFrames": [
                    {
                        "columnNumber": 17758,
                        "functionName": "nrWrapper",
                        "lineNumber": 6,
                        "scriptId": "14",
                        "url": "https://www.unihobby.cz/"
                    }
                ]
            },
            "type": "script"
        },
        "requested_for": "https://www.unihobby.cz/"
    },
    {
        "time": 237711.618125,
        "requested_resource": "https://cdn.luigisbox.com/autocomplete.js",
        "initiator": {
            "stack": {
                "callFrames": [
                    {
                        "columnNumber": 17758,
                        "functionName": "nrWrapper",
                        "lineNumber": 6,
                        "scriptId": "14",
                        "url": "https://www.unihobby.cz/"
                    }
                ]
            },
            "type": "script"
        },
        "requested_for": "https://www.unihobby.cz/"
    },
    {
        "time": 237711.618284,
        "requested_resource": "https://cdn.luigisbox.com/autocomplete.css",
        "initiator": {
            "stack": {
                "callFrames": [
                    {
                        "columnNumber": 17758,
                        "functionName": "nrWrapper",
                        "lineNumber": 6,
                        "scriptId": "14",
                        "url": "https://www.unihobby.cz/"
                    }
                ]
            },
            "type": "script"
        },
        "requested_for": "https://www.unihobby.cz/"
    },
    {
        "time": 237711.618603,
        "requested_resource": "https://cdn.luigisbox.com/recco.js",
        "initiator": {
            "stack": {
                "callFrames": [
                    {
                        "columnNumber": 17758,
                        "functionName": "nrWrapper",
                        "lineNumber": 6,
                        "scriptId": "14",
                        "url": "https://www.unihobby.cz/"
                    }
                ]
            },
            "type": "script"
        },
        "requested_for": "https://www.unihobby.cz/"
    },
    {
        "time": 237711.618691,
        "requested_resource": "https://cdn.luigisbox.com/unihobby.js",
        "initiator": {
            "stack": {
                "callFrames": [
                    {
                        "columnNumber": 17758,
                        "functionName": "nrWrapper",
                        "lineNumber": 6,
                        "scriptId": "14",
                        "url": "https://www.unihobby.cz/"
                    }
                ]
            },
            "type": "script"
        },
        "requested_for": "https://www.unihobby.cz/"
    },
    {
        "time": 237711.62121,
        "requested_resource": "https://cdn.foxentry.cz/lib",
        "initiator": {
            "stack": {
                "callFrames": [
                    {
                        "columnNumber": 17758,
                        "functionName": "nrWrapper",
                        "lineNumber": 6,
                        "scriptId": "14",
                        "url": "https://www.unihobby.cz/"
                    }
                ]
            },
            "type": "script"
        },
        "requested_for": "https://www.unihobby.cz/"
    },
    {
        "time": 237711.621565,
        "requested_resource": "https://scripts.persoo.cz/vj1k5kie8o02t9qg60r21vvl/p/actions.js",
        "initiator": {
            "stack": {
                "callFrames": [
                    {
                        "columnNumber": 17758,
                        "functionName": "nrWrapper",
                        "lineNumber": 6,
                        "scriptId": "14",
                        "url": "https://www.unihobby.cz/"
                    }
                ]
            },
            "type": "script"
        },
        "requested_for": "https://www.unihobby.cz/"
    },
    {
        "time": 237711.621696,
        "requested_resource": "https://scripts.persoo.cz/vj1k5kie8o02t9qg60r21vvl/p/persoo.js",
        "initiator": {
            "stack": {
                "callFrames": [
                    {
                        "columnNumber": 17758,
                        "functionName": "nrWrapper",
                        "lineNumber": 6,
                        "scriptId": "14",
                        "url": "https://www.unihobby.cz/"
                    }
                ]
            },
            "type": "script"
        },
        "requested_for": "https://www.unihobby.cz/"
    },
    {
        "time": 237711.621807,
        "requested_resource": "https://cz.im9.cz/direct/i/gjs.php?n=wdgt&sak=F53F0301523BE2470A66162F9FE5D3F5",
        "initiator": {
            "stack": {
                "callFrames": [
                    {
                        "columnNumber": 17758,
                        "functionName": "nrWrapper",
                        "lineNumber": 6,
                        "scriptId": "14",
                        "url": "https://www.unihobby.cz/"
                    }
                ]
            },
            "type": "script"
        },
        "requested_for": "https://www.unihobby.cz/"
    },
    {
        "time": 237711.622952,
        "requested_resource": "https://www.unihobby.cz/build/images/search-2.ea0c7eba.svg",
        "initiator": {
            "type": "parser",
            "url": "https://www.unihobby.cz/build/app.dea0ad68.css"
        },
        "requested_for": "https://www.unihobby.cz/"
    },
    {
        "time": 237711.623045,
        "requested_resource": "https://www.unihobby.cz/build/images/user.8a01e546.svg",
        "initiator": {
            "type": "parser",
            "url": "https://www.unihobby.cz/build/app.dea0ad68.css"
        },
        "requested_for": "https://www.unihobby.cz/"
    },
    {
        "time": 237711.623124,
        "requested_resource": "https://www.unihobby.cz/build/images/basket.3a51e87b.svg",
        "initiator": {
            "type": "parser",
            "url": "https://www.unihobby.cz/build/app.dea0ad68.css"
        },
        "requested_for": "https://www.unihobby.cz/"
    },
    {
        "time": 237711.623175,
        "requested_resource": "https://www.unihobby.cz/build/images/menu.04c27b9f.svg",
        "initiator": {
            "type": "parser",
            "url": "https://www.unihobby.cz/build/app.dea0ad68.css"
        },
        "requested_for": "https://www.unihobby.cz/"
    },
    {
        "time": 237711.623331,
        "requested_resource": "https://www.unihobby.cz/build/images/loader-3.116152ba.gif",
        "initiator": {
            "type": "parser",
            "url": "https://www.unihobby.cz/build/app.dea0ad68.css"
        },
        "requested_for": "https://www.unihobby.cz/"
    },
    {
        "time": 237711.62467,
        "requested_resource": "https://www.unihobby.cz/build/fonts/NunitoSans-Bold.464733b2.woff2",
        "initiator": {
            "type": "parser",
            "url": "https://www.unihobby.cz/build/app.dea0ad68.css"
        },
        "requested_for": "https://www.unihobby.cz/"
    },
    {
        "time": 237711.624788,
        "requested_resource": "https://www.unihobby.cz/build/images/search.a61a6836.svg",
        "initiator": {
            "type": "parser",
            "url": "https://www.unihobby.cz/build/app.dea0ad68.css"
        },
        "requested_for": "https://www.unihobby.cz/"
    },
    {
        "time": 237711.625262,
        "requested_resource": "https://www.unihobby.cz/build/images/loader.cb45c631.svg",
        "initiator": {
            "type": "parser",
            "url": "https://www.unihobby.cz/build/app.dea0ad68.css"
        },
        "requested_for": "https://www.unihobby.cz/"
    },
    {
        "time": 237711.62673,
        "requested_resource": "https://www.unihobby.cz/build/fonts/NunitoSans-Regular.f215c593.woff2",
        "initiator": {
            "type": "parser",
            "url": "https://www.unihobby.cz/build/app.dea0ad68.css"
        },
        "requested_for": "https://www.unihobby.cz/"
    },
    {
        "time": 237711.626877,
        "requested_resource": "https://www.unihobby.cz/build/images/checkbox.2bfa9e59.svg",
        "initiator": {
            "type": "parser",
            "url": "https://www.unihobby.cz/build/app.dea0ad68.css"
        },
        "requested_for": "https://www.unihobby.cz/"
    },
    {
        "time": 237711.62702,
        "requested_resource": "https://www.unihobby.cz/build/images/facebook.5c396dde.svg",
        "initiator": {
            "type": "parser",
            "url": "https://www.unihobby.cz/build/app.dea0ad68.css"
        },
        "requested_for": "https://www.unihobby.cz/"
    },
    {
        "time": 237711.627056,
        "requested_resource": "https://www.unihobby.cz/build/images/instagram.fa1eca96.svg",
        "initiator": {
            "type": "parser",
            "url": "https://www.unihobby.cz/build/app.dea0ad68.css"
        },
        "requested_for": "https://www.unihobby.cz/"
    },
    {
        "time": 237711.642197,
        "requested_resource": "https://img.unihobby.cz/userimages/news_main/36/6cf71996a9cdad5c7f765b68ec1ff2bf_small.jpg",
        "initiator": {
            "columnNumber": 1,
            "lineNumber": 6697,
            "type": "parser",
            "url": "https://www.unihobby.cz/"
        },
        "requested_for": "https://www.unihobby.cz/"
    },
    {
        "time": 237711.642238,
        "requested_resource": "https://img.unihobby.cz/userimages/catalog/63/86d33422c20718a5e5a27a9a19c7e1d7_small.png",
        "initiator": {
            "columnNumber": 1,
            "lineNumber": 6697,
            "type": "parser",
            "url": "https://www.unihobby.cz/"
        },
        "requested_for": "https://www.unihobby.cz/"
    },
    {
        "time": 237711.719329,
        "requested_resource": "https://www.unihobby.cz/ajax/prihlasit",
        "initiator": {
            "stack": {
                "callFrames": [
                    {
                        "columnNumber": 17758,
                        "functionName": "nrWrapper",
                        "lineNumber": 6,
                        "scriptId": "14",
                        "url": "https://www.unihobby.cz/"
                    }
                ]
            },
            "type": "script"
        },
        "requested_for": "https://www.unihobby.cz/"
    },
    {
        "time": 237711.720258,
        "requested_resource": "https://www.unihobby.cz/ajax/zapomenute-heslo",
        "initiator": {
            "stack": {
                "callFrames": [
                    {
                        "columnNumber": 17758,
                        "functionName": "nrWrapper",
                        "lineNumber": 6,
                        "scriptId": "14",
                        "url": "https://www.unihobby.cz/"
                    }
                ]
            },
            "type": "script"
        },
        "requested_for": "https://www.unihobby.cz/"
    },
    {
        "time": 237711.741815,
        "requested_resource": "https://www.unihobby.cz/build/images/pallet-advantage.5b20946b.svg",
        "initiator": {
            "type": "parser",
            "url": "https://www.unihobby.cz/build/app.dea0ad68.css"
        },
        "requested_for": "https://www.unihobby.cz/"
    },
    {
        "time": 237711.774472,
        "requested_resource": "https://img.unihobby.cz/userimages/news_main/33/8a9a664e8ffcb686d7c93c2dad29f021_small.png",
        "initiator": {
            "columnNumber": 1,
            "lineNumber": 6697,
            "type": "parser",
            "url": "https://www.unihobby.cz/"
        },
        "requested_for": "https://www.unihobby.cz/"
    },
    {
        "time": 237711.774522,
        "requested_resource": "https://img.unihobby.cz/userimages/news_main/27/31a53fef5ec7f2c722d4cc7858f53d64_small.jpeg",
        "initiator": {
            "columnNumber": 1,
            "lineNumber": 6697,
            "type": "parser",
            "url": "https://www.unihobby.cz/"
        },
        "requested_for": "https://www.unihobby.cz/"
    },
    {
        "time": 237711.77454,
        "requested_resource": "https://img.unihobby.cz/userimages/news_main/18/86c33ccb5c002171a126dab6021edf31_small.jpg",
        "initiator": {
            "columnNumber": 1,
            "lineNumber": 6697,
            "type": "parser",
            "url": "https://www.unihobby.cz/"
        },
        "requested_for": "https://www.unihobby.cz/"
    },
    {
        "time": 237711.774557,
        "requested_resource": "https://img.unihobby.cz/userimages/news_main/16/98dff913c2974e38c5917187028ff3d7_small.jpg",
        "initiator": {
            "columnNumber": 1,
            "lineNumber": 6697,
            "type": "parser",
            "url": "https://www.unihobby.cz/"
        },
        "requested_for": "https://www.unihobby.cz/"
    },
    {
        "time": 237711.774579,
        "requested_resource": "https://img.unihobby.cz/userimages/catalog/64/f8c6dd51b81b1dbbe9a519ab48a7e64c_small.png",
        "initiator": {
            "columnNumber": 1,
            "lineNumber": 6697,
            "type": "parser",
            "url": "https://www.unihobby.cz/"
        },
        "requested_for": "https://www.unihobby.cz/"
    },
    {
        "time": 237711.774594,
        "requested_resource": "https://img.unihobby.cz/userimages/product_main/65215/cd3d065b634fc1a596bb48405a31ba03_small.jpg",
        "initiator": {
            "columnNumber": 1,
            "lineNumber": 6697,
            "type": "parser",
            "url": "https://www.unihobby.cz/"
        },
        "requested_for": "https://www.unihobby.cz/"
    },
    {
        "time": 237711.774611,
        "requested_resource": "https://img.unihobby.cz/userimages/product_main/47013/f96605cbb41ade343b52bd5be3b9a440_small.jpg",
        "initiator": {
            "columnNumber": 1,
            "lineNumber": 6697,
            "type": "parser",
            "url": "https://www.unihobby.cz/"
        },
        "requested_for": "https://www.unihobby.cz/"
    },
    {
        "time": 237711.774627,
        "requested_resource": "https://img.unihobby.cz/userimages/product_main/65069/06e05de2f5eb64c9f378a7006295f71b_small.jpg",
        "initiator": {
            "columnNumber": 1,
            "lineNumber": 6697,
            "type": "parser",
            "url": "https://www.unihobby.cz/"
        },
        "requested_for": "https://www.unihobby.cz/"
    },
    {
        "time": 237711.774644,
        "requested_resource": "https://img.unihobby.cz/userimages/product_main/66093/2a770f7ffb5f0388ff76447ece6d983f_small.jpg",
        "initiator": {
            "columnNumber": 1,
            "lineNumber": 6697,
            "type": "parser",
            "url": "https://www.unihobby.cz/"
        },
        "requested_for": "https://www.unihobby.cz/"
    },
    {
        "time": 237711.774659,
        "requested_resource": "https://img.unihobby.cz/userimages/product_variant/14750/37eb4abca3ddc7858663a73e46ff78cf_small.jpg",
        "initiator": {
            "columnNumber": 1,
            "lineNumber": 6697,
            "type": "parser",
            "url": "https://www.unihobby.cz/"
        },
        "requested_for": "https://www.unihobby.cz/"
    },
    {
        "time": 237711.774674,
        "requested_resource": "https://img.unihobby.cz/userimages/product_variant/14424/fb2bcb717d75c3f2da16721d23ebf68c_small.jpg",
        "initiator": {
            "columnNumber": 1,
            "lineNumber": 6697,
            "type": "parser",
            "url": "https://www.unihobby.cz/"
        },
        "requested_for": "https://www.unihobby.cz/"
    },
    {
        "time": 237711.774695,
        "requested_resource": "https://img.unihobby.cz/userimages/product_variant/12758/aa30c6f11d22b1b253e799678efd1702_small.png",
        "initiator": {
            "columnNumber": 1,
            "lineNumber": 6697,
            "type": "parser",
            "url": "https://www.unihobby.cz/"
        },
        "requested_for": "https://www.unihobby.cz/"
    },
    {
        "time": 237711.780911,
        "requested_resource": "https://www.unihobby.cz/ajax/async-category-menu?classes=menu-categories&maxLevel=3",
        "initiator": {
            "stack": {
                "callFrames": [
                    {
                        "columnNumber": 17758,
                        "functionName": "nrWrapper",
                        "lineNumber": 6,
                        "scriptId": "14",
                        "url": "https://www.unihobby.cz/"
                    }
                ]
            },
            "type": "script"
        },
        "requested_for": "https://www.unihobby.cz/"
    },
    {
        "time": 237711.781809,
        "requested_resource": "https://www.unihobby.cz/ajax/async-category-menu?classes=menu-mobile&maxLevel=2",
        "initiator": {
            "stack": {
                "callFrames": [
                    {
                        "columnNumber": 17758,
                        "functionName": "nrWrapper",
                        "lineNumber": 6,
                        "scriptId": "14",
                        "url": "https://www.unihobby.cz/"
                    }
                ]
            },
            "type": "script"
        },
        "requested_for": "https://www.unihobby.cz/"
    },
    {
        "time": 237711.852135,
        "requested_resource": "https://cdn.foxentry.cz/css/styles.min.css?v=2.13",
        "initiator": {
            "stack": {
                "callFrames": [
                    {
                        "columnNumber": 17758,
                        "functionName": "nrWrapper",
                        "lineNumber": 6,
                        "scriptId": "14",
                        "url": "https://www.unihobby.cz/"
                    }
                ]
            },
            "type": "script"
        },
        "requested_for": "https://www.unihobby.cz/"
    },
    {
        "time": 237711.854369,
        "requested_resource": "https://im9.cz/cb/53571-1.png",
        "initiator": {
            "columnNumber": 1,
            "lineNumber": 6697,
            "type": "parser",
            "url": "https://www.unihobby.cz/"
        },
        "requested_for": "https://www.unihobby.cz/"
    },
    {
        "time": 237711.869585,
        "requested_resource": "https://live.luigisbox.com/v2/trending_queries?tracker_id=444079-535264&hostname=www.unihobby.cz",
        "initiator": {
            "stack": {
                "callFrames": [
                    {
                        "columnNumber": 17758,
                        "functionName": "nrWrapper",
                        "lineNumber": 6,
                        "scriptId": "14",
                        "url": "https://www.unihobby.cz/"
                    }
                ]
            },
            "type": "script"
        },
        "requested_for": "https://www.unihobby.cz/"
    },
    {
        "time": 237711.870405,
        "requested_resource": "https://live.luigisbox.com/v2/trending_queries?tracker_id=444079-535264&hostname=www.unihobby.cz",
        "initiator": {
            "stack": {
                "callFrames": [
                    {
                        "columnNumber": 17758,
                        "functionName": "nrWrapper",
                        "lineNumber": 6,
                        "scriptId": "14",
                        "url": "https://www.unihobby.cz/"
                    }
                ]
            },
            "type": "script"
        },
        "requested_for": "https://www.unihobby.cz/"
    },
    {
        "time": 237711.877574,
        "requested_resource": "https://live.luigisbox.com/v2/trending_queries?tracker_id=444079-535264&hostname=www.unihobby.cz",
        "initiator": {
            "requestId": "21204.124",
            "type": "preflight",
            "url": "https://live.luigisbox.com/v2/trending_queries?tracker_id=444079-535264&hostname=www.unihobby.cz"
        },
        "requested_for": "https://live.luigisbox.com/v2/trending_queries?tracker_id=444079-535264&hostname=www.unihobby.cz"
    },
    {
        "time": 237711.877605,
        "requested_resource": "https://live.luigisbox.com/v2/trending_queries?tracker_id=444079-535264&hostname=www.unihobby.cz",
        "initiator": {
            "requestId": "21204.125",
            "type": "preflight",
            "url": "https://live.luigisbox.com/v2/trending_queries?tracker_id=444079-535264&hostname=www.unihobby.cz"
        },
        "requested_for": "https://live.luigisbox.com/v2/trending_queries?tracker_id=444079-535264&hostname=www.unihobby.cz"
    },
    {
        "time": 237711.891516,
        "requested_resource": "https://cdn.luigisbox.com/search.js",
        "initiator": {
            "stack": {
                "callFrames": [
                    {
                        "columnNumber": 17758,
                        "functionName": "nrWrapper",
                        "lineNumber": 6,
                        "scriptId": "14",
                        "url": "https://www.unihobby.cz/"
                    }
                ]
            },
            "type": "script"
        },
        "requested_for": "https://www.unihobby.cz/"
    },
    {
        "time": 237711.894362,
        "requested_resource": "https://cdn.luigisbox.com/recco/css/luigis.css",
        "initiator": {
            "stack": {
                "callFrames": [
                    {
                        "columnNumber": 17758,
                        "functionName": "nrWrapper",
                        "lineNumber": 6,
                        "scriptId": "14",
                        "url": "https://www.unihobby.cz/"
                    }
                ]
            },
            "type": "script"
        },
        "requested_for": "https://www.unihobby.cz/"
    },
    {
        "time": 237711.901442,
        "requested_resource": "https://fonts.googleapis.com/css?family=Roboto:400,500,700&subset=latin-ext",
        "initiator": {
            "columnNumber": 0,
            "lineNumber": 0,
            "type": "parser",
            "url": "https://cdn.foxentry.cz/css/styles.min.css?v=2.13"
        },
        "requested_for": "https://www.unihobby.cz/"
    },
    {
        "time": 237711.902593,
        "requested_resource": "https://img.unihobby.cz/userimages/side_banner_footer/100/d7483ad68b30dc2d4e894e960d3374e8_large.png",
        "initiator": {
            "columnNumber": 1,
            "lineNumber": 6697,
            "type": "parser",
            "url": "https://www.unihobby.cz/"
        },
        "requested_for": "https://www.unihobby.cz/"
    },
    {
        "time": 237711.902632,
        "requested_resource": "https://img.unihobby.cz/userimages/side_banner_footer/101/3f03fedb6882715ea7994d80bc7f48ca_large.png",
        "initiator": {
            "columnNumber": 1,
            "lineNumber": 6697,
            "type": "parser",
            "url": "https://www.unihobby.cz/"
        },
        "requested_for": "https://www.unihobby.cz/"
    },
    {
        "time": 237711.919185,
        "requested_resource": "https://api.luigisbox.com/",
        "initiator": {
            "stack": {
                "callFrames": [
                    {
                        "columnNumber": 17758,
                        "functionName": "nrWrapper",
                        "lineNumber": 6,
                        "scriptId": "14",
                        "url": "https://www.unihobby.cz/"
                    }
                ]
            },
            "type": "script"
        },
        "requested_for": "https://www.unihobby.cz/"
    },
    {
        "time": 237711.920409,
        "requested_resource": "https://api.luigisbox.com/",
        "initiator": {
            "requestId": "21204.132",
            "type": "preflight",
            "url": "https://api.luigisbox.com/"
        },
        "requested_for": "https://api.luigisbox.com/"
    },
    {
        "time": 237711.943667,
        "requested_resource": "https://app.usercentrics.eu/browser-ui/latest/loader.js",
        "initiator": {
            "stack": {
                "callFrames": [
                    {
                        "columnNumber": 17758,
                        "functionName": "nrWrapper",
                        "lineNumber": 6,
                        "scriptId": "14",
                        "url": "https://www.unihobby.cz/"
                    }
                ]
            },
            "type": "script"
        },
        "requested_for": "https://www.unihobby.cz/"
    },
    {
        "time": 237711.947064,
        "requested_resource": "https://www.googletagmanager.com/gtag/js?id=G-SP8D6H1HLY&l=dataLayer&cx=c&gtm=45He52k0v71481787za200",
        "initiator": {
            "stack": {
                "callFrames": [
                    {
                        "columnNumber": 17758,
                        "functionName": "nrWrapper",
                        "lineNumber": 6,
                        "scriptId": "14",
                        "url": "https://www.unihobby.cz/"
                    }
                ]
            },
            "type": "script"
        },
        "requested_for": "https://www.unihobby.cz/"
    },
    {
        "time": 237711.964109,
        "requested_resource": "https://api.foxentry.cz/load/wSO1620w8n?host=www.unihobby.cz",
        "initiator": {
            "stack": {
                "callFrames": [
                    {
                        "columnNumber": 17758,
                        "functionName": "nrWrapper",
                        "lineNumber": 6,
                        "scriptId": "14",
                        "url": "https://www.unihobby.cz/"
                    }
                ]
            },
            "type": "script"
        },
        "requested_for": "https://www.unihobby.cz/"
    },
    {
        "time": 237711.991426,
        "requested_resource": "https://cdn.luigisbox.com/theme/boo/app.css",
        "initiator": {
            "stack": {
                "callFrames": [
                    {
                        "columnNumber": 17758,
                        "functionName": "nrWrapper",
                        "lineNumber": 6,
                        "scriptId": "14",
                        "url": "https://www.unihobby.cz/"
                    }
                ]
            },
            "type": "script"
        },
        "requested_for": "https://www.unihobby.cz/"
    },
    {
        "time": 237711.991625,
        "requested_resource": "https://cdn.luigisbox.com/theme/boo/app.js",
        "initiator": {
            "stack": {
                "callFrames": [
                    {
                        "columnNumber": 17758,
                        "functionName": "nrWrapper",
                        "lineNumber": 6,
                        "scriptId": "14",
                        "url": "https://www.unihobby.cz/"
                    }
                ]
            },
            "type": "script"
        },
        "requested_for": "https://www.unihobby.cz/"
    },
    {
        "time": 237712.309095,
        "requested_resource": "https://app.usercentrics.eu/browser-ui/3.62.0/index.module.js",
        "initiator": {
            "stack": {
                "callFrames": [
                    {
                        "columnNumber": 17758,
                        "functionName": "nrWrapper",
                        "lineNumber": 6,
                        "scriptId": "14",
                        "url": "https://www.unihobby.cz/"
                    }
                ]
            },
            "type": "script"
        },
        "requested_for": "https://www.unihobby.cz/"
    },
    {
        "time": 237712.349114,
        "requested_resource": "https://api.usercentrics.eu/settings/53DBzmgGzLEMa8/latest/languages.json",
        "initiator": {
            "requestId": "21204.260",
            "type": "preflight",
            "url": "https://api.usercentrics.eu/settings/53DBzmgGzLEMa8/latest/languages.json"
        },
        "requested_for": "https://api.usercentrics.eu/settings/53DBzmgGzLEMa8/latest/languages.json"
    },
    {
        "time": 237712.348359,
        "requested_resource": "https://api.usercentrics.eu/settings/53DBzmgGzLEMa8/latest/languages.json",
        "initiator": {
            "stack": {
                "callFrames": [
                    {
                        "columnNumber": 38612,
                        "functionName": "e.<computed>",
                        "lineNumber": 6,
                        "scriptId": "14",
                        "url": "https://www.unihobby.cz/"
                    }
                ]
            },
            "type": "script"
        },
        "requested_for": "https://www.unihobby.cz/"
    },
    {
        "time": 237712.398072,
        "requested_resource": "https://api.foxentry.cz/user",
        "initiator": {
            "stack": {
                "callFrames": [
                    {
                        "columnNumber": 17758,
                        "functionName": "nrWrapper",
                        "lineNumber": 6,
                        "scriptId": "14",
                        "url": "https://www.unihobby.cz/"
                    }
                ]
            },
            "type": "script"
        },
        "requested_for": "https://api.foxentry.cz/user"
    },
    {
        "time": 237712.743477,
        "requested_resource": "https://api.usercentrics.eu/settings/53DBzmgGzLEMa8/latest/cs.json",
        "initiator": {
            "stack": {
                "callFrames": [
                    {
                        "columnNumber": 38612,
                        "functionName": "e.<computed>",
                        "lineNumber": 6,
                        "scriptId": "14",
                        "url": "https://www.unihobby.cz/"
                    }
                ]
            },
            "type": "script"
        },
        "requested_for": "https://www.unihobby.cz/"
    },
    {
        "time": 237712.743952,
        "requested_resource": "https://api.usercentrics.eu/settings/53DBzmgGzLEMa8/latest/cs.json",
        "initiator": {
            "requestId": "21204.261",
            "type": "preflight",
            "url": "https://api.usercentrics.eu/settings/53DBzmgGzLEMa8/latest/cs.json"
        },
        "requested_for": "https://api.usercentrics.eu/settings/53DBzmgGzLEMa8/latest/cs.json"
    },
    {
        "time": 237712.781535,
        "requested_resource": "https://app.usercentrics.eu/session/1px.png?settingsId=53DBzmgGzLEMa8",
        "initiator": {
            "columnNumber": 1,
            "lineNumber": 6697,
            "type": "parser",
            "url": "https://www.unihobby.cz/"
        },
        "requested_for": "https://www.unihobby.cz/"
    },
    {
        "time": 237712.781766,
        "requested_resource": "https://app.usercentrics.eu/browser-ui/3.62.0/DefaultData-382bc880-9fce57c5.js",
        "initiator": {
            "stack": {
                "callFrames": [
                    {
                        "columnNumber": 123636,
                        "functionName": "",
                        "lineNumber": 0,
                        "scriptId": "54",
                        "url": "https://app.usercentrics.eu/browser-ui/3.62.0/index.module.js"
                    }
                ]
            },
            "type": "script"
        },
        "requested_for": "https://www.unihobby.cz/"
    },
    {
        "time": 237712.789966,
        "requested_resource": "https://api.usercentrics.eu/translations/translations-cs.json",
        "initiator": {
            "stack": {
                "callFrames": [
                    {
                        "columnNumber": 38612,
                        "functionName": "e.<computed>",
                        "lineNumber": 6,
                        "scriptId": "14",
                        "url": "https://www.unihobby.cz/"
                    }
                ]
            },
            "type": "script"
        },
        "requested_for": "https://www.unihobby.cz/"
    },
    {
        "time": 237712.790383,
        "requested_resource": "https://api.usercentrics.eu/translations/translations-cs.json",
        "initiator": {
            "requestId": "21204.264",
            "type": "preflight",
            "url": "https://api.usercentrics.eu/translations/translations-cs.json"
        },
        "requested_for": "https://api.usercentrics.eu/translations/translations-cs.json"
    },
    {
        "time": 237712.806233,
        "requested_resource": "https://www.unihobby.cz/favicons/site.webmanifest",
        "initiator": {
            "columnNumber": 1,
            "lineNumber": 6697,
            "type": "parser",
            "url": "https://www.unihobby.cz/"
        },
        "requested_for": "https://www.unihobby.cz/"
    },
    {
        "time": 237712.806973,
        "requested_resource": "https://js-agent.newrelic.com/nr-spa-1.281.0.min.js",
        "initiator": {
            "stack": {
                "callFrames": [
                    {
                        "columnNumber": 17758,
                        "functionName": "nrWrapper",
                        "lineNumber": 6,
                        "scriptId": "14",
                        "url": "https://www.unihobby.cz/"
                    }
                ]
            },
            "type": "script"
        },
        "requested_for": "https://www.unihobby.cz/"
    },
    {
        "time": 237712.810303,
        "requested_resource": "https://www.unihobby.cz/build/images/favicons/favicon.3baf5d07.ico",
        "initiator": {
            "type": "other"
        },
        "requested_for": "https://www.unihobby.cz/"
    },
    {
        "time": 237712.825293,
        "requested_resource": "https://aggregator.service.usercentrics.eu/aggregate/cs?templates=4PNx2G-Tv3M7TW@9.6.2,9V8bg4D63@9.6.8,ATTV_MfwDqOYCw@9.6.0,B1Ayg5Es_s-X@12.0.6,BJ59EidsWQ@25.7.28,BJz7qNsdj-7@15.8.19,H1Vl5NidjWX@40.17.46,H1dDqVjOjWX@14.11.13,HkIVcNiuoZX@6.3.4,HkPBYFofN@10.3.1,HkocEodjb7@52.11.41,S1_9Vsuj-Q@15.7.23,S1kgcNo_j-m@6.5.10,SkPc5EjOsWm@6.2.1,TTAmc7PbpwbzA2@9.7.2,Z0TcXjY0P@1.3.6,cfADcn3E3@2.1.2,dsS7z9Hv4@1.1.4,ezyFgjF6dH6SKm@7.7.1,ko1w5PpFl@23.12.21,rH1vNPCFR@8.1.5,rJMsqEj_iZQ@14.6.8,rcL95kb3d@1.0.1",
        "initiator": {
            "stack": {
                "callFrames": [
                    {
                        "columnNumber": 38612,
                        "functionName": "e.<computed>",
                        "lineNumber": 6,
                        "scriptId": "14",
                        "url": "https://www.unihobby.cz/"
                    }
                ]
            },
            "type": "script"
        },
        "requested_for": "https://www.unihobby.cz/"
    },
    {
        "time": 237712.825832,
        "requested_resource": "https://aggregator.service.usercentrics.eu/aggregate/cs?templates=4PNx2G-Tv3M7TW@9.6.2,9V8bg4D63@9.6.8,ATTV_MfwDqOYCw@9.6.0,B1Ayg5Es_s-X@12.0.6,BJ59EidsWQ@25.7.28,BJz7qNsdj-7@15.8.19,H1Vl5NidjWX@40.17.46,H1dDqVjOjWX@14.11.13,HkIVcNiuoZX@6.3.4,HkPBYFofN@10.3.1,HkocEodjb7@52.11.41,S1_9Vsuj-Q@15.7.23,S1kgcNo_j-m@6.5.10,SkPc5EjOsWm@6.2.1,TTAmc7PbpwbzA2@9.7.2,Z0TcXjY0P@1.3.6,cfADcn3E3@2.1.2,dsS7z9Hv4@1.1.4,ezyFgjF6dH6SKm@7.7.1,ko1w5PpFl@23.12.21,rH1vNPCFR@8.1.5,rJMsqEj_iZQ@14.6.8,rcL95kb3d@1.0.1",
        "initiator": {
            "requestId": "21204.268",
            "type": "preflight",
            "url": "https://aggregator.service.usercentrics.eu/aggregate/cs?templates=4PNx2G-Tv3M7TW@9.6.2,9V8bg4D63@9.6.8,ATTV_MfwDqOYCw@9.6.0,B1Ayg5Es_s-X@12.0.6,BJ59EidsWQ@25.7.28,BJz7qNsdj-7@15.8.19,H1Vl5NidjWX@40.17.46,H1dDqVjOjWX@14.11.13,HkIVcNiuoZX@6.3.4,HkPBYFofN@10.3.1,HkocEodjb7@52.11.41,S1_9Vsuj-Q@15.7.23,S1kgcNo_j-m@6.5.10,SkPc5EjOsWm@6.2.1,TTAmc7PbpwbzA2@9.7.2,Z0TcXjY0P@1.3.6,cfADcn3E3@2.1.2,dsS7z9Hv4@1.1.4,ezyFgjF6dH6SKm@7.7.1,ko1w5PpFl@23.12.21,rH1vNPCFR@8.1.5,rJMsqEj_iZQ@14.6.8,rcL95kb3d@1.0.1"
        },
        "requested_for": "https://aggregator.service.usercentrics.eu/aggregate/cs?templates=4PNx2G-Tv3M7TW@9.6.2,9V8bg4D63@9.6.8,ATTV_MfwDqOYCw@9.6.0,B1Ayg5Es_s-X@12.0.6,BJ59EidsWQ@25.7.28,BJz7qNsdj-7@15.8.19,H1Vl5NidjWX@40.17.46,H1dDqVjOjWX@14.11.13,HkIVcNiuoZX@6.3.4,HkPBYFofN@10.3.1,HkocEodjb7@52.11.41,S1_9Vsuj-Q@15.7.23,S1kgcNo_j-m@6.5.10,SkPc5EjOsWm@6.2.1,TTAmc7PbpwbzA2@9.7.2,Z0TcXjY0P@1.3.6,cfADcn3E3@2.1.2,dsS7z9Hv4@1.1.4,ezyFgjF6dH6SKm@7.7.1,ko1w5PpFl@23.12.21,rH1vNPCFR@8.1.5,rJMsqEj_iZQ@14.6.8,rcL95kb3d@1.0.1"
    },
    {
        "time": 237712.832555,
        "requested_resource": "https://www.unihobby.cz/favicons/android-chrome-192x192.png",
        "initiator": {
            "type": "other"
        },
        "requested_for": "https://www.unihobby.cz/"
    },
    {
        "time": 237713.17962,
        "requested_resource": "https://bam.eu01.nr-data.net/1/NRJS-0169e64e2bc8086fbc9?a=477265626&v=1.281.0&to=MhBSZQoZVxIDAEFRCQtacVIMEVYPTSJFSDomGl5FChdVDQcRaWsSBBtUUAocZS8HFEZUAxEBVUM7F1cVEAxZVAMXT0JUFhxcEzEKWEgKADNfQxU%3D&rst=4528&ck=0&s=7700685ab1b54fd5&ref=https://www.unihobby.cz/&ptid=91738efcb9ee8cb3&af=err,spa,xhr,stn,ins&ap=2067&be=2562&fe=1596&dc=607&at=HldRE0IDRBw%3D&fsh=1&perf=%7B%22timing%22:%7B%22of%22:1740225536053,%22n%22:0,%22f%22:85,%22dn%22:85,%22dne%22:85,%22c%22:85,%22s%22:85,%22ce%22:85,%22rq%22:410,%22rp%22:2563,%22rpe%22:2564,%22di%22:2991,%22ds%22:3168,%22de%22:3169,%22dc%22:4155,%22l%22:4155,%22le%22:4158%7D,%22navigation%22:%7B%7D%7D&fp=3112&fcp=3112",
        "initiator": {
            "stack": {
                "callFrames": [
                    {
                        "columnNumber": 17758,
                        "functionName": "nrWrapper",
                        "lineNumber": 6,
                        "scriptId": "14",
                        "url": "https://www.unihobby.cz/"
                    }
                ]
            },
            "type": "script"
        },
        "requested_for": "https://www.unihobby.cz/"
    },
    {
        "time": 237713.182505,
        "requested_resource": "https://app.usercentrics.eu/browser-ui/3.62.0/DefaultUI-5175fb1f-f298e979.js",
        "initiator": {
            "stack": {
                "callFrames": [
                    {
                        "columnNumber": 125862,
                        "functionName": "",
                        "lineNumber": 0,
                        "scriptId": "54",
                        "url": "https://app.usercentrics.eu/browser-ui/3.62.0/index.module.js"
                    }
                ]
            },
            "type": "script"
        },
        "requested_for": "https://www.unihobby.cz/"
    },
    {
        "time": 237713.189621,
        "requested_resource": "https://app.usercentrics.eu/browser-ui/3.62.0/FirstLayerCustomization-c0effa8a-37e19f7a.js",
        "initiator": {
            "columnNumber": 109,
            "lineNumber": 0,
            "type": "script",
            "url": "https://app.usercentrics.eu/browser-ui/3.62.0/DefaultUI-5175fb1f-f298e979.js"
        },
        "requested_for": "https://www.unihobby.cz/"
    },
    {
        "time": 237713.189661,
        "requested_resource": "https://app.usercentrics.eu/browser-ui/3.62.0/ButtonsCustomization-53e3acf0-4d409565.js",
        "initiator": {
            "columnNumber": 176,
            "lineNumber": 0,
            "type": "script",
            "url": "https://app.usercentrics.eu/browser-ui/3.62.0/DefaultUI-5175fb1f-f298e979.js"
        },
        "requested_for": "https://www.unihobby.cz/"
    },
    {
        "time": 237713.189681,
        "requested_resource": "https://app.usercentrics.eu/browser-ui/3.62.0/SecondLayerUI-ab348eb9-618f848e.js",
        "initiator": {
            "columnNumber": 247,
            "lineNumber": 0,
            "type": "script",
            "url": "https://app.usercentrics.eu/browser-ui/3.62.0/DefaultUI-5175fb1f-f298e979.js"
        },
        "requested_for": "https://www.unihobby.cz/"
    },
    {
        "time": 237713.200813,
        "requested_resource": "https://consent-api.service.consent.usercentrics.eu/consent/uw/3",
        "initiator": {
            "requestId": "21204.275",
            "type": "preflight",
            "url": "https://consent-api.service.consent.usercentrics.eu/consent/uw/3"
        },
        "requested_for": "https://consent-api.service.consent.usercentrics.eu/consent/uw/3"
    },
    {
        "time": 237713.200202,
        "requested_resource": "https://consent-api.service.consent.usercentrics.eu/consent/uw/3",
        "initiator": {
            "stack": {
                "callFrames": [
                    {
                        "columnNumber": 38612,
                        "functionName": "e.<computed>",
                        "lineNumber": 6,
                        "scriptId": "14",
                        "url": "https://www.unihobby.cz/"
                    }
                ]
            },
            "type": "script"
        },
        "requested_for": "https://www.unihobby.cz/"
    },
    {
        "time": 237713.202766,
        "requested_resource": "https://tags.creativecdn.com/NsXrw1vn7LKmRCMZt21c.js",
        "initiator": {
            "stack": {
                "callFrames": [
                    {
                        "columnNumber": 17758,
                        "functionName": "nrWrapper",
                        "lineNumber": 6,
                        "scriptId": "14",
                        "url": "https://www.unihobby.cz/"
                    }
                ]
            },
            "type": "script"
        },
        "requested_for": "https://www.unihobby.cz/"
    },
    {
        "time": 237713.20319,
        "requested_resource": "https://c.seznam.cz/js/rc.js",
        "initiator": {
            "stack": {
                "callFrames": [
                    {
                        "columnNumber": 17758,
                        "functionName": "nrWrapper",
                        "lineNumber": 6,
                        "scriptId": "14",
                        "url": "https://www.unihobby.cz/"
                    }
                ]
            },
            "type": "script"
        },
        "requested_for": "https://www.unihobby.cz/"
    },
    {
        "time": 237713.20361,
        "requested_resource": "https://static.hotjar.com/c/hotjar-2371751.js?sv=7",
        "initiator": {
            "stack": {
                "callFrames": [
                    {
                        "columnNumber": 17758,
                        "functionName": "nrWrapper",
                        "lineNumber": 6,
                        "scriptId": "14",
                        "url": "https://www.unihobby.cz/"
                    }
                ]
            },
            "type": "script"
        },
        "requested_for": "https://www.unihobby.cz/"
    },
    {
        "time": 237713.204093,
        "requested_resource": "https://www.googletagmanager.com/gtag/destination?id=AW-947725689&l=dataLayer&cx=c&gtm=45He52k0v71481787za200",
        "initiator": {
            "stack": {
                "callFrames": [
                    {
                        "columnNumber": 17758,
                        "functionName": "nrWrapper",
                        "lineNumber": 6,
                        "scriptId": "14",
                        "url": "https://www.unihobby.cz/"
                    }
                ]
            },
            "type": "script"
        },
        "requested_for": "https://www.unihobby.cz/"
    },
    {
        "time": 237713.204672,
        "requested_resource": "https://bat.bing.com/bat.js",
        "initiator": {
            "stack": {
                "callFrames": [
                    {
                        "columnNumber": 17758,
                        "functionName": "nrWrapper",
                        "lineNumber": 6,
                        "scriptId": "14",
                        "url": "https://www.unihobby.cz/"
                    }
                ]
            },
            "type": "script"
        },
        "requested_for": "https://www.unihobby.cz/"
    },
    {
        "time": 237713.209147,
        "requested_resource": "https://connect.facebook.net/en_US/fbevents.js",
        "initiator": {
            "stack": {
                "callFrames": [
                    {
                        "columnNumber": 17758,
                        "functionName": "nrWrapper",
                        "lineNumber": 6,
                        "scriptId": "14",
                        "url": "https://www.unihobby.cz/"
                    }
                ]
            },
            "type": "script"
        },
        "requested_for": "https://www.unihobby.cz/"
    },
    {
        "time": 237713.209772,
        "requested_resource": "https://track.adform.net/serving/scripts/trackpoint/async/",
        "initiator": {
            "stack": {
                "callFrames": [
                    {
                        "columnNumber": 17758,
                        "functionName": "nrWrapper",
                        "lineNumber": 6,
                        "scriptId": "14",
                        "url": "https://www.unihobby.cz/"
                    }
                ]
            },
            "type": "script"
        },
        "requested_for": "https://www.unihobby.cz/"
    },
    {
        "time": 237713.210345,
        "requested_resource": "https://analytics.tiktok.com/i18n/pixel/events.js?sdkid=CE49HN3C77UA05OMN3B0&lib=ttq",
        "initiator": {
            "stack": {
                "callFrames": [
                    {
                        "columnNumber": 17758,
                        "functionName": "nrWrapper",
                        "lineNumber": 6,
                        "scriptId": "14",
                        "url": "https://www.unihobby.cz/"
                    }
                ]
            },
            "type": "script"
        },
        "requested_for": "https://www.unihobby.cz/"
    },
    {
        "time": 237713.225452,
        "requested_resource": "https://app.usercentrics.eu/browser-ui/3.62.0/PrivacyButton-7dd9e101.js",
        "initiator": {
            "stack": {
                "callFrames": [
                    {
                        "columnNumber": 430067,
                        "functionName": "",
                        "lineNumber": 0,
                        "scriptId": "54",
                        "url": "https://app.usercentrics.eu/browser-ui/3.62.0/index.module.js"
                    }
                ]
            },
            "type": "script"
        },
        "requested_for": "https://www.unihobby.cz/"
    },
    {
        "time": 237713.225845,
        "requested_resource": "https://app.usercentrics.eu/browser-ui/3.62.0/index-06998f00.js",
        "initiator": {
            "stack": {
                "callFrames": [
                    {
                        "columnNumber": 429993,
                        "functionName": "",
                        "lineNumber": 0,
                        "scriptId": "54",
                        "url": "https://app.usercentrics.eu/browser-ui/3.62.0/index.module.js"
                    }
                ]
            },
            "type": "script"
        },
        "requested_for": "https://www.unihobby.cz/"
    },
    {
        "time": 237713.231103,
        "requested_resource": "https://uct.service.usercentrics.eu/uct?v=1&sid=53DBzmgGzLEMa8&t=1&abv=&r=https%3A%2F%2Fwww.unihobby.cz%2F&cb=1740225540632",
        "initiator": {
            "type": "other"
        },
        "requested_for": "https://www.unihobby.cz/"
    },
    {
        "time": 237713.243359,
        "requested_resource": "https://app.usercentrics.eu/browser-ui/3.62.0/index-3b72b4c4.js",
        "initiator": {
            "stack": {
                "callFrames": [
                    {
                        "columnNumber": 300,
                        "functionName": "",
                        "lineNumber": 0,
                        "scriptId": "74",
                        "url": "https://app.usercentrics.eu/browser-ui/3.62.0/index-06998f00.js"
                    }
                ]
            },
            "type": "script"
        },
        "requested_for": "https://www.unihobby.cz/"
    },
    {
        "time": 237713.25278,
        "requested_resource": "https://app.usercentrics.eu/browser-ui/3.62.0/SaveButton-355ac015.js",
        "initiator": {
            "columnNumber": 285,
            "lineNumber": 0,
            "type": "script",
            "url": "https://app.usercentrics.eu/browser-ui/3.62.0/index-3b72b4c4.js"
        },
        "requested_for": "https://www.unihobby.cz/"
    },
    {
        "time": 237713.252814,
        "requested_resource": "https://app.usercentrics.eu/browser-ui/3.62.0/VirtualServiceItem-b30dc3a0.js",
        "initiator": {
            "columnNumber": 372,
            "lineNumber": 0,
            "type": "script",
            "url": "https://app.usercentrics.eu/browser-ui/3.62.0/index-3b72b4c4.js"
        },
        "requested_for": "https://www.unihobby.cz/"
    },
    {
        "time": 237713.252839,
        "requested_resource": "https://app.usercentrics.eu/browser-ui/3.62.0/DefaultTabs-21be8947.js",
        "initiator": {
            "columnNumber": 425,
            "lineNumber": 0,
            "type": "script",
            "url": "https://app.usercentrics.eu/browser-ui/3.62.0/index-3b72b4c4.js"
        },
        "requested_for": "https://www.unihobby.cz/"
    },
    {
        "time": 237713.291444,
        "requested_resource": "https://img.unihobby.cz/userfiles/26a42a18529156a77399e21e29e1ec77.png",
        "initiator": {
            "type": "other"
        },
        "requested_for": "https://www.unihobby.cz/"
    },
    {
        "time": 237713.297299,
        "requested_resource": "https://ams.creativecdn.com/tags/v2?type=json",
        "initiator": {
            "stack": {
                "callFrames": [
                    {
                        "columnNumber": 38612,
                        "functionName": "e.<computed>",
                        "lineNumber": 6,
                        "scriptId": "14",
                        "url": "https://www.unihobby.cz/"
                    }
                ]
            },
            "type": "script"
        },
        "requested_for": "https://www.unihobby.cz/"
    },
    {
        "time": 237713.301378,
        "requested_resource": "https://ams.creativecdn.com/tags/v2?type=json",
        "initiator": {
            "requestId": "21204.292",
            "type": "preflight",
            "url": "https://ams.creativecdn.com/tags/v2?type=json"
        },
        "requested_for": "https://ams.creativecdn.com/tags/v2?type=json"
    },
    {
        "time": 237713.334772,
        "requested_resource": "https://connect.facebook.net/signals/config/263875244064993?v=2.9.184&r=stable&domain=www.unihobby.cz&hme=93c44828b638838a88daf3a14a90ff297f7fc4ade758f21de5500c9f17542765&ex_m=70%2C122%2C107%2C111%2C61%2C4%2C100%2C69%2C16%2C97%2C89%2C51%2C54%2C173%2C176%2C188%2C184%2C185%2C187%2C29%2C101%2C53%2C77%2C186%2C168%2C171%2C181%2C182%2C189%2C132%2C41%2C194%2C191%2C192%2C34%2C144%2C15%2C50%2C198%2C197%2C134%2C18%2C40%2C1%2C43%2C65%2C66%2C67%2C71%2C93%2C17%2C14%2C96%2C92%2C91%2C108%2C52%2C110%2C39%2C109%2C30%2C94%2C26%2C169%2C172%2C141%2C86%2C56%2C84%2C33%2C73%2C0%2C95%2C32%2C28%2C82%2C83%2C88%2C47%2C46%2C87%2C37%2C11%2C12%2C13%2C6%2C7%2C25%2C22%2C23%2C57%2C62%2C64%2C75%2C102%2C27%2C76%2C9%2C8%2C80%2C48%2C21%2C104%2C103%2C105%2C98%2C10%2C20%2C3%2C38%2C74%2C19%2C5%2C90%2C81%2C44%2C35%2C85%2C2%2C36%2C63%2C42%2C106%2C45%2C79%2C68%2C112%2C60%2C59%2C31%2C99%2C58%2C55%2C49%2C78%2C72%2C24%2C113",
        "initiator": {
            "stack": {
                "callFrames": [
                    {
                        "columnNumber": 17758,
                        "functionName": "nrWrapper",
                        "lineNumber": 6,
                        "scriptId": "14",
                        "url": "https://www.unihobby.cz/"
                    }
                ]
            },
            "type": "script"
        },
        "requested_for": "https://www.unihobby.cz/"
    },
    {
        "time": 237713.340369,
        "requested_resource": "https://bat.bing.com/p/action/151003755.js",
        "initiator": {
            "stack": {
                "callFrames": [
                    {
                        "columnNumber": 17758,
                        "functionName": "nrWrapper",
                        "lineNumber": 6,
                        "scriptId": "14",
                        "url": "https://www.unihobby.cz/"
                    }
                ]
            },
            "type": "script"
        },
        "requested_for": "https://www.unihobby.cz/"
    },
    {
        "time": 237713.354287,
        "requested_resource": "https://www.facebook.com/tr/?id=263875244064993&ev=PageView&dl=https%3A%2F%2Fwww.unihobby.cz%2F&rl=&if=false&ts=1740225540755&sw=2560&sh=1440&v=2.9.184&r=stable&ec=0&o=4126&fbp=fb.1.1740225540753.54870053021624864&ler=empty&it=1740225540735&coo=false&cdl=&rqm=GET",
        "initiator": {
            "type": "other"
        },
        "requested_for": "https://www.unihobby.cz/"
    },
    {
        "time": 237713.35434,
        "requested_resource": "https://www.facebook.com/privacy_sandbox/pixel/register/trigger/?id=263875244064993&ev=PageView&dl=https%3A%2F%2Fwww.unihobby.cz%2F&rl=&if=false&ts=1740225540755&sw=2560&sh=1440&v=2.9.184&r=stable&ec=0&o=4126&fbp=fb.1.1740225540753.54870053021624864&ler=empty&it=1740225540735&coo=false&cdl=&rqm=FGET",
        "initiator": {
            "type": "other"
        },
        "requested_for": "https://www.unihobby.cz/"
    },
    {
        "time": 237713.357783,
        "requested_resource": "https://script.hotjar.com/modules.0436d96a0ec6cfd03f7c.js",
        "initiator": {
            "stack": {
                "callFrames": [
                    {
                        "columnNumber": 17758,
                        "functionName": "nrWrapper",
                        "lineNumber": 6,
                        "scriptId": "14",
                        "url": "https://www.unihobby.cz/"
                    }
                ]
            },
            "type": "script"
        },
        "requested_for": "https://www.unihobby.cz/"
    },
    {
        "time": 237713.369867,
        "requested_resource": "https://s2.adform.net/banners/scripts/st/trackpoint-async.js",
        "initiator": {
            "type": "other"
        },
        "requested_for": "https://www.unihobby.cz/"
    },
    {
        "time": 237713.388082,
        "requested_resource": "https://bat.bing.com/action/0?ti=151003755&tm=gtm002&Ver=2&mid=1d9bf0ab-f2e3-4ea3-a4c5-bf888d87bce7&bo=1&sid=6761bf60f11411efab127b0aa5792ac4&vid=6761d8b0f11411ef8eb827f43b5b2d67&vids=1&msclkid=N&gtm_tag_source=1&uach=pv%3D19.0.0&pi=918639831&lg=en-US&sw=2560&sh=1440&sc=24&nwd=1&tl=UNI%20HOBBY%20-%20rozum%C3%ADme%20%C4%8Desk%C3%BDm%20kutil%C5%AFm&p=https%3A%2F%2Fwww.unihobby.cz%2F&r=&lt=4158&evt=pageLoad&sv=1&cdb=AQAQ&rn=444167",
        "initiator": {
            "type": "other"
        },
        "requested_for": "https://www.unihobby.cz/"
    },
    {
        "time": 237713.48816,
        "requested_resource": "https://track.adform.net/Serving/TrackPoint/?pm=860039&ADFdivider=%7C&ord=384235803517&ADFtpmode=2&loc=https%3A%2F%2Fwww.unihobby.cz%2F&Set1=en-US%7Cen-US%7C2560x1440%7C24",
        "initiator": {
            "stack": {
                "callFrames": [
                    {
                        "columnNumber": 17758,
                        "functionName": "nrWrapper",
                        "lineNumber": 6,
                        "scriptId": "14",
                        "url": "https://www.unihobby.cz/"
                    }
                ]
            },
            "type": "script"
        },
        "requested_for": "https://www.unihobby.cz/"
    },
    {
        "time": 237713.489114,
        "requested_resource": "https://analytics.tiktok.com/i18n/pixel/static/main.MTg5YzZmMDFkMQ.js",
        "initiator": {
            "stack": {
                "callFrames": [
                    {
                        "columnNumber": 17758,
                        "functionName": "nrWrapper",
                        "lineNumber": 6,
                        "scriptId": "14",
                        "url": "https://www.unihobby.cz/"
                    }
                ]
            },
            "type": "script"
        },
        "requested_for": "https://www.unihobby.cz/"
    },
    {
        "time": 237713.513727,
        "requested_resource": "https://track.adform.net/Serving/TrackPoint/?CC=1&pm=860039&ADFdivider=%7C&ord=384235803517&ADFtpmode=2&loc=https%3A%2F%2Fwww.unihobby.cz%2F&Set1=en-US%7Cen-US%7C2560x1440%7C24",
        "initiator": {
            "type": "other"
        },
        "requested_for": "https://www.unihobby.cz/"
    },
    {
        "time": 237713.530382,
        "requested_resource": "https://analytics.tiktok.com/i18n/pixel/static/identify_45dd5971.js",
        "initiator": {
            "stack": {
                "callFrames": [
                    {
                        "columnNumber": 17758,
                        "functionName": "nrWrapper",
                        "lineNumber": 6,
                        "scriptId": "14",
                        "url": "https://www.unihobby.cz/"
                    }
                ]
            },
            "type": "script"
        },
        "requested_for": "https://www.unihobby.cz/"
    },
    {
        "time": 237713.538962,
        "requested_resource": "https://analytics.tiktok.com/api/v2/pixel",
        "initiator": {
            "stack": {
                "callFrames": [
                    {
                        "columnNumber": 154022,
                        "functionName": "",
                        "lineNumber": 1,
                        "scriptId": "88",
                        "url": "https://analytics.tiktok.com/i18n/pixel/static/main.MTg5YzZmMDFkMQ.js"
                    }
                ]
            },
            "type": "script"
        },
        "requested_for": "https://www.unihobby.cz/"
    },
    {
        "time": 237713.621739,
        "requested_resource": "https://h.seznam.cz/udid",
        "initiator": {
            "stack": {
                "callFrames": [
                    {
                        "columnNumber": 38612,
                        "functionName": "e.<computed>",
                        "lineNumber": 6,
                        "scriptId": "14",
                        "url": "https://www.unihobby.cz/"
                    }
                ]
            },
            "type": "script"
        },
        "requested_for": "https://www.unihobby.cz/"
    },
    {
        "time": 237713.622313,
        "requested_resource": "https://h.seznam.cz/udid",
        "initiator": {
            "requestId": "21204.303",
            "type": "preflight",
            "url": "https://h.seznam.cz/udid"
        },
        "requested_for": "https://h.seznam.cz/udid"
    },
    {
        "time": 237713.73782,
        "requested_resource": "https://vc.hotjar.io/sessions/2371751?s=0.25&r=0.024386336893330363",
        "initiator": {
            "stack": {
                "callFrames": [
                    {
                        "columnNumber": 17758,
                        "functionName": "nrWrapper",
                        "lineNumber": 6,
                        "scriptId": "14",
                        "url": "https://www.unihobby.cz/"
                    }
                ]
            },
            "type": "script"
        },
        "requested_for": "https://www.unihobby.cz/"
    },
    {
        "time": 237713.744886,
        "requested_resource": "https://analytics.tiktok.com/api/v2/pixel/act",
        "initiator": {
            "stack": {
                "callFrames": [
                    {
                        "columnNumber": 154022,
                        "functionName": "",
                        "lineNumber": 1,
                        "scriptId": "88",
                        "url": "https://analytics.tiktok.com/i18n/pixel/static/main.MTg5YzZmMDFkMQ.js"
                    }
                ]
            },
            "type": "script"
        },
        "requested_for": "https://www.unihobby.cz/"
    },
    {
        "time": 237713.771632,
        "requested_resource": "https://c.seznam.cz/retargeting?id=28803&url=https%3A%2F%2Fwww.unihobby.cz%2F&consent=1&ids=%7B%22udid%22%3A%2201952d86-76be-722b-b545-2340e025f972%22%2C%22_version%22%3A%221.1%22%7D",
        "initiator": {
            "type": "other"
        },
        "requested_for": "https://www.unihobby.cz/"
    },
    {
        "time": 237713.797538,
        "requested_resource": "https://ams.creativecdn.com/tags/v2?type=json&tc=1",
        "initiator": {
            "type": "other"
        },
        "requested_for": "https://www.unihobby.cz/"
    },
    {
        "time": 237713.797795,
        "requested_resource": "https://ams.creativecdn.com/tags/v2?type=json&tc=1",
        "initiator": {
            "requestId": "21204.292",
            "type": "preflight",
            "url": "https://ams.creativecdn.com/tags/v2?type=json&tc=1"
        },
        "requested_for": "https://ams.creativecdn.com/tags/v2?type=json&tc=1"
    },
    {
        "time": 237713.864567,
        "requested_resource": "https://ams.creativecdn.com/ig-membership?ntk=TOoKFTvAo3JywZRsVuqZEFdiKK7NtJCNgAlbuTJl9U-8qtIcJPKlP9NszHfRIf1kj6iauu2bR_kVjSajlw9g2hM-lyqYoe71H3w1SmSNBxg",
        "initiator": {
            "stack": {
                "callFrames": [
                    {
                        "columnNumber": 17758,
                        "functionName": "nrWrapper",
                        "lineNumber": 6,
                        "scriptId": "14",
                        "url": "https://www.unihobby.cz/"
                    }
                ]
            },
            "type": "script"
        },
        "requested_for": "https://ams.creativecdn.com/ig-membership?ntk=TOoKFTvAo3JywZRsVuqZEFdiKK7NtJCNgAlbuTJl9U-8qtIcJPKlP9NszHfRIf1kj6iauu2bR_kVjSajlw9g2hM-lyqYoe71H3w1SmSNBxg"
    },
    {
        "time": 237713.866136,
        "requested_resource": "https://ams.creativecdn.com/topics-membership?ntk=grtoqZ1cruOzLDWSAmB2fxaFnimyK_t5F3NYcV3ZumsYo6z-TOzVN3e1H9Gu5gax8-vQJRQfRYjN6pnqgNnKtOp1X1WiYANG4wDk9tTR-R8",
        "initiator": {
            "stack": {
                "callFrames": [
                    {
                        "columnNumber": 17758,
                        "functionName": "nrWrapper",
                        "lineNumber": 6,
                        "scriptId": "14",
                        "url": "https://www.unihobby.cz/"
                    }
                ]
            },
            "type": "script"
        },
        "requested_for": "https://ams.creativecdn.com/topics-membership?ntk=grtoqZ1cruOzLDWSAmB2fxaFnimyK_t5F3NYcV3ZumsYo6z-TOzVN3e1H9Gu5gax8-vQJRQfRYjN6pnqgNnKtOp1X1WiYANG4wDk9tTR-R8"
    },
    {
        "time": 237713.867601,
        "requested_resource": "https://ib.adnxs.com/setuid?entity=315&code=83gypNK2Bb8kwVYANehxejnV8CFVIwQ6xB8HAEw54wI&consent=1",
        "initiator": {
            "type": "other"
        },
        "requested_for": "https://www.unihobby.cz/"
    },
    {
        "time": 237713.899541,
        "requested_resource": "https://live.luigisbox.com/v1/recommend?tracker_id=444079-535264",
        "initiator": {
            "stack": {
                "callFrames": [
                    {
                        "columnNumber": 17758,
                        "functionName": "nrWrapper",
                        "lineNumber": 6,
                        "scriptId": "14",
                        "url": "https://www.unihobby.cz/"
                    }
                ]
            },
            "type": "script"
        },
        "requested_for": "https://www.unihobby.cz/"
    },
    {
        "time": 237713.900044,
        "requested_resource": "https://live.luigisbox.com/v1/recommend?tracker_id=444079-535264",
        "initiator": {
            "requestId": "21204.308",
            "type": "preflight",
            "url": "https://live.luigisbox.com/v1/recommend?tracker_id=444079-535264"
        },
        "requested_for": "https://live.luigisbox.com/v1/recommend?tracker_id=444079-535264"
    },
    {
        "time": 237713.913409,
        "requested_resource": "https://live.luigisbox.com/v1/recommend?tracker_id=444079-535264",
        "initiator": {
            "stack": {
                "callFrames": [
                    {
                        "columnNumber": 17758,
                        "functionName": "nrWrapper",
                        "lineNumber": 6,
                        "scriptId": "14",
                        "url": "https://www.unihobby.cz/"
                    }
                ]
            },
            "type": "script"
        },
        "requested_for": "https://www.unihobby.cz/"
    },
    {
        "time": 237713.913842,
        "requested_resource": "https://live.luigisbox.com/v1/recommend?tracker_id=444079-535264",
        "initiator": {
            "requestId": "21204.309",
            "type": "preflight",
            "url": "https://live.luigisbox.com/v1/recommend?tracker_id=444079-535264"
        },
        "requested_for": "https://live.luigisbox.com/v1/recommend?tracker_id=444079-535264"
    },
    {
        "time": 237713.949469,
        "requested_resource": "https://cdn.luigisbox.com/recco/js/chunks/chunk-2d0d6f9d.js",
        "initiator": {
            "stack": {
                "callFrames": [
                    {
                        "columnNumber": 17758,
                        "functionName": "nrWrapper",
                        "lineNumber": 6,
                        "scriptId": "14",
                        "url": "https://www.unihobby.cz/"
                    }
                ]
            },
            "type": "script"
        },
        "requested_for": "https://www.unihobby.cz/"
    },
    {
        "time": 237713.950725,
        "requested_resource": "https://ib.adnxs.com/bounce?%2Fsetuid%3Fentity%3D315%26code%3D83gypNK2Bb8kwVYANehxejnV8CFVIwQ6xB8HAEw54wI%26consent%3D1",
        "initiator": {
            "type": "other"
        },
        "requested_for": "https://www.unihobby.cz/"
    },
    {
        "time": 237713.985046,
        "requested_resource": "https://img.unihobby.cz/userimages/product_main/69362/2fcdaa28e6f624658e41d2cf2d7f2fab_large.jpg",
        "initiator": {
            "type": "other"
        },
        "requested_for": "https://www.unihobby.cz/"
    },
    {
        "time": 237713.98509,
        "requested_resource": "https://img.unihobby.cz/userimages/product_main/81479/cfac7c737e26daf2b0032e1a803a9f5b_large.jpg",
        "initiator": {
            "type": "other"
        },
        "requested_for": "https://www.unihobby.cz/"
    },
    {
        "time": 237713.985109,
        "requested_resource": "https://img.unihobby.cz/userimages/product_main/81945/3e02cc7366a9d7485b3bf1a6ed4e97ed_large.jpg",
        "initiator": {
            "type": "other"
        },
        "requested_for": "https://www.unihobby.cz/"
    },
    {
        "time": 237713.985124,
        "requested_resource": "https://img.unihobby.cz/userimages/product_main/92492/e4f134e6971fd10a98093c766f4333c5_large.jpg",
        "initiator": {
            "type": "other"
        },
        "requested_for": "https://www.unihobby.cz/"
    },
    {
        "time": 237713.985139,
        "requested_resource": "https://img.unihobby.cz/userimages/product_main/70300/8cefbb7fba5b81762811acc3ce924684_large.jpg",
        "initiator": {
            "type": "other"
        },
        "requested_for": "https://www.unihobby.cz/"
    },
    {
        "time": 237713.985153,
        "requested_resource": "https://img.unihobby.cz/userimages/product_main/81075/b43a8345ece227ca17154feb911201f6_large.jpg",
        "initiator": {
            "type": "other"
        },
        "requested_for": "https://www.unihobby.cz/"
    },
    {
        "time": 237713.985167,
        "requested_resource": "https://img.unihobby.cz/userimages/product_main/85612/bce833ac9a166b8df3418b3006cbfbcc_large.jpg",
        "initiator": {
            "type": "other"
        },
        "requested_for": "https://www.unihobby.cz/"
    },
    {
        "time": 237713.985182,
        "requested_resource": "https://img.unihobby.cz/userimages/product_main/55936/1544c8cbad3b907c2d1731859be09060_large.jpg",
        "initiator": {
            "type": "other"
        },
        "requested_for": "https://www.unihobby.cz/"
    },
    {
        "time": 237713.985196,
        "requested_resource": "https://img.unihobby.cz/userimages/product_main/67924/552842d229bef85d20380e6126587182_large.jpg",
        "initiator": {
            "type": "other"
        },
        "requested_for": "https://www.unihobby.cz/"
    },
    {
        "time": 237713.985211,
        "requested_resource": "https://img.unihobby.cz/userimages/product_main/73875/37e1c611d45e5c52938d87829692a2bc_large.jpg",
        "initiator": {
            "type": "other"
        },
        "requested_for": "https://www.unihobby.cz/"
    },
    {
        "time": 237713.985226,
        "requested_resource": "https://img.unihobby.cz/userimages/product_main/66067/1593c88ccd5d7290a3033ee0cbb180d0_large.jpg",
        "initiator": {
            "type": "other"
        },
        "requested_for": "https://www.unihobby.cz/"
    },
    {
        "time": 237713.98524,
        "requested_resource": "https://img.unihobby.cz/userimages/product_main/54231/8f42d1dd9c7f30df1e28a2e89eed96d7_large.jpg",
        "initiator": {
            "type": "other"
        },
        "requested_for": "https://www.unihobby.cz/"
    },
    {
        "time": 237713.987665,
        "requested_resource": "https://img.unihobby.cz/userimages/product_main/73874/a63133f596a90705a141934b9c55c9b0_large.png",
        "initiator": {
            "type": "other"
        },
        "requested_for": "https://www.unihobby.cz/"
    },
    {
        "time": 237713.987692,
        "requested_resource": "https://img.unihobby.cz/userimages/product_main/75042/22196f38fd12b311c7ede9638e645ffb_large.jpg",
        "initiator": {
            "type": "other"
        },
        "requested_for": "https://www.unihobby.cz/"
    },
    {
        "time": 237713.987716,
        "requested_resource": "https://img.unihobby.cz/userimages/product_main/69939/f23b6e7b0ec088d877a67ac174fdf6e2_large.jpg",
        "initiator": {
            "type": "other"
        },
        "requested_for": "https://www.unihobby.cz/"
    },
    {
        "time": 237713.987732,
        "requested_resource": "https://img.unihobby.cz/userimages/product_main/73624/ad40ca5a62add7bc39da9bc7e3657f7b_large.jpg",
        "initiator": {
            "type": "other"
        },
        "requested_for": "https://www.unihobby.cz/"
    },
    {
        "time": 237713.987749,
        "requested_resource": "https://img.unihobby.cz/userimages/product_main/81363/fcd221c420e7ef16a919e48d2fb2316b_large.jpg",
        "initiator": {
            "type": "other"
        },
        "requested_for": "https://www.unihobby.cz/"
    },
    {
        "time": 237713.987766,
        "requested_resource": "https://img.unihobby.cz/userimages/product_main/94542/13df2eb47250495ed4ab170723981765_large.jpg",
        "initiator": {
            "type": "other"
        },
        "requested_for": "https://www.unihobby.cz/"
    },
    {
        "time": 237713.987787,
        "requested_resource": "https://img.unihobby.cz/userimages/product_main/65070/8acea3e9659e4ddc5b461477e7ff2e4b_large.jpg",
        "initiator": {
            "type": "other"
        },
        "requested_for": "https://www.unihobby.cz/"
    },
    {
        "time": 237713.987814,
        "requested_resource": "https://img.unihobby.cz/userimages/product_main/54886/edca8b65f50d73a06acead9c079cef73_large.jpg",
        "initiator": {
            "type": "other"
        },
        "requested_for": "https://www.unihobby.cz/"
    },
    {
        "time": 237714.071833,
        "requested_resource": "https://api.luigisbox.com/",
        "initiator": {
            "stack": {
                "callFrames": [
                    {
                        "columnNumber": 17758,
                        "functionName": "nrWrapper",
                        "lineNumber": 6,
                        "scriptId": "14",
                        "url": "https://www.unihobby.cz/"
                    }
                ]
            },
            "type": "script"
        },
        "requested_for": "https://www.unihobby.cz/"
    },
    {
        "time": 237714.074758,
        "requested_resource": "https://api.luigisbox.com/",
        "initiator": {
            "stack": {
                "callFrames": [
                    {
                        "columnNumber": 17758,
                        "functionName": "nrWrapper",
                        "lineNumber": 6,
                        "scriptId": "14",
                        "url": "https://www.unihobby.cz/"
                    }
                ]
            },
            "type": "script"
        },
        "requested_for": "https://www.unihobby.cz/"
    },
    {
        "time": 237715.32396,
        "requested_resource": "https://pagead2.googlesyndication.com/ccm/collect?en=page_view&dl=https%3A%2F%2Fwww.unihobby.cz%2F&scrsrc=www.googletagmanager.com&frm=0&rnd=1240000527.1740225543&navt=n&npa=1&gtm=45He52k0v71481787za200&gcs=G100&gcd=13p3p3p2p5l1&dma_cps=-&dma=1&tag_exp=101732282~101732284~102015666~102067808~102482433~102539968~102558064~102587591~102605417~102640600~102658453&tft=1740225542725&tfd=6673&apve=1",
        "initiator": {
            "stack": {
                "callFrames": [
                    {
                        "columnNumber": 322,
                        "functionName": "Cc",
                        "lineNumber": 184,
                        "scriptId": "39",
                        "url": "https://www.googletagmanager.com/gtm.js?id=GTM-WZ62T3"
                    }
                ]
            },
            "type": "script"
        },
        "requested_for": "https://www.unihobby.cz/"
    },
    {
        "time": 237715.331173,
        "requested_resource": "https://region1.google-analytics.com/g/collect?v=2&tid=G-SP8D6H1HLY&gtm=45je52k0v872065476z871481787za200zb71481787&_p=1740225538651&gcs=G100&gcd=13p3pPp2p5l1&npa=1&dma_cps=-&dma=1&tag_exp=101732279~101732281~102067808~102482433~102539968~102558064~102587591~102605417~102640600~102658453&gdid=dOThhZD&cid=1590815061.1740225543&ul=en-us&sr=2560x1440&uaa=x86&uab=64&uafvl=Chromium%3B133.0.6943.126%7CNot(A%253ABrand%3B99.0.0.0&uamb=0&uam=&uap=Windows&uapv=19.0.0&uaw=0&are=1&frm=0&pscdl=denied&_s=1&sid=1740225539&sct=1&seg=0&dl=https%3A%2F%2Fwww.unihobby.cz%2F&dt=UNI%20HOBBY%20-%20rozum%C3%ADme%20%C4%8Desk%C3%BDm%20kutil%C5%AFm&en=page_view&_fv=1&_nsi=1&_ss=1&ep.page_type=home&tfd=6680",
        "initiator": {
            "stack": {
                "callFrames": [
                    {
                        "columnNumber": 38612,
                        "functionName": "e.<computed>",
                        "lineNumber": 6,
                        "scriptId": "14",
                        "url": "https://www.unihobby.cz/"
                    }
                ]
            },
            "type": "script"
        },
        "requested_for": "https://www.unihobby.cz/"
    },
    {
        "time": 237715.337638,
        "requested_resource": "https://www.googletagmanager.com/static/service_worker/5230/sw_iframe.html?origin=https%3A%2F%2Fwww.unihobby.cz",
        "initiator": {
            "stack": {
                "callFrames": [
                    {
                        "columnNumber": 263,
                        "functionName": "q",
                        "lineNumber": 542,
                        "scriptId": "39",
                        "url": "https://www.googletagmanager.com/gtm.js?id=GTM-WZ62T3"
                    }
                ]
            },
            "type": "script"
        },
        "requested_for": "https://www.googletagmanager.com/static/service_worker/5230/sw_iframe.html?origin=https%3A%2F%2Fwww.unihobby.cz"
    }
]