{
    "google.com": {
        "accounts": {
            "A": [
                "64.233.184.84"
            ],
            "CNAME": []
        },
        "android.clients": {
            "A": [
                "142.251.36.110",
                "142.251.36.78",
                "142.251.36.142",
                "142.251.37.110"
            ],
            "CNAME": [
                "android.l.google.com"
            ]
        },
        "android.l": {
            "A": [
                "142.251.36.110",
                "142.251.36.78",
                "142.251.36.142",
                "142.251.37.110"
            ],
            "CNAME": []
        },
        "mtalk": {
            "A": [
                "142.250.27.188"
            ],
            "CNAME": []
        }
    },
    "ceskestavby.cz": {
        "ceskestavby.cz": {
            "A": [
                "176.74.220.134"
            ],
            "CNAME": []
        },
        "www": {
            "A": [
                "176.74.220.134"
            ],
            "CNAME": [
                "stavby-dev3.ci.cz"
            ]
        },
        "img": {
            "A": [
                "176.74.220.127"
            ],
            "CNAME": [
                "stavby-sys.ci.cz"
            ]
        },
        "adv": {
            "A": [
                "176.74.220.163"
            ],
            "CNAME": [
                "adv.ci.cz"
            ]
        }
    },
    "ci.cz": {
        "stavby-dev3": {
            "A": [
                "176.74.220.134"
            ],
            "CNAME": []
        },
        "stavby-sys": {
            "A": [
                "176.74.220.127"
            ],
            "CNAME": []
        },
        "adv": {
            "A": [
                "176.74.220.163"
            ],
            "CNAME": []
        },
        "r": {
            "A": [
                "176.74.220.126"
            ],
            "CNAME": [
                "stavby-web.ci.cz"
            ]
        },
        "stavby-web": {
            "A": [
                "176.74.220.126"
            ],
            "CNAME": []
        }
    },
    "imedia.cz": {
        "ssp": {
            "A": [
                "77.75.78.101",
                "77.75.76.101"
            ],
            "CNAME": []
        }
    },
    "adform.net": {
        "s1": {
            "A": [
                "37.157.6.245"
            ],
            "CNAME": [
                "s1-eu-cname.adformnet.akadns.net",
                "nstrp.adform.net"
            ]
        },
        "nstrp": {
            "A": [
                "37.157.6.245"
            ],
            "CNAME": []
        }
    },
    "googlesyndication.com": {
        "pagead2": {
            "A": [
                "142.251.36.98"
            ],
            "CNAME": []
        }
    },
    "akadns.net": {
        "s1-eu-cname.adformnet": {
            "A": [],
            "CNAME": [
                "nstrp.adform.net"
            ]
        }
    },
    "googletagmanager.com": {
        "www": {
            "A": [
                "142.251.36.104"
            ],
            "CNAME": []
        }
    },
    "google-analytics.com": {
        "www": {
            "A": [
                "142.251.37.110"
            ],
            "CNAME": []
        },
        "ssl": {
            "A": [
                "142.251.37.104"
            ],
            "CNAME": []
        },
        "region1": {
            "A": [
                "216.239.32.36",
                "216.239.34.36"
            ],
            "CNAME": []
        }
    },
    "facebook.net": {
        "connect": {
            "A": [
                "157.240.30.27"
            ],
            "CNAME": [
                "scontent.xx.fbcdn.net"
            ]
        }
    },
    "fbcdn.net": {
        "scontent.xx": {
            "A": [
                "157.240.30.27"
            ],
            "CNAME": []
        }
    },
    "doubleclick.net": {
        "googleads.g": {
            "A": [
                "142.251.36.98"
            ],
            "CNAME": []
        }
    },
    "gemius.pl": {
        "spir.hit": {
            "A": [
                "141.95.47.56",
                "141.95.47.53",
                "141.95.47.54",
                "141.95.47.55"
            ],
            "CNAME": []
        },
        "ls.hit": {
            "A": [
                "146.59.30.108",
                "146.59.30.96",
                "145.239.237.56",
                "146.59.30.100",
                "146.59.30.104"
            ],
            "CNAME": []
        }
    },
    "ads-twitter.com": {
        "static": {
            "A": [
                "199.232.188.157"
            ],
            "CNAME": [
                "platform.twitter.map.fastly.net"
            ]
        }
    },
    "fastly.net": {
        "platform.twitter.map": {
            "A": [
                "199.232.188.157"
            ],
            "CNAME": []
        }
    },
    "appconsent.io": {
        "cdn": {
            "A": [
                "35.227.209.167"
            ],
            "CNAME": []
        },
        "collector": {
            "A": [
                "34.98.113.213"
            ],
            "CNAME": []
        }
    },
    "googleapis.com": {
        "content-autofill": {
            "A": [
                "142.251.37.106",
                "142.251.36.138",
                "142.251.36.106",
                "142.251.36.74"
            ],
            "CNAME": []
        }
    },
    "seznam.cz": {
        "h": {
            "A": [
                "77.75.76.30",
                "77.75.78.30"
            ],
            "CNAME": []
        }
    },
    "toplist.cz": {
        "toplist.cz": {
            "A": [
                "88.86.101.2"
            ],
            "CNAME": []
        }
    },
    "t.co": {
        "t.co": {
            "A": [
                "172.66.0.227"
            ],
            "CNAME": []
        }
    },
    "twitter.com": {
        "analytics": {
            "A": [
                "104.244.42.131"
            ],
            "CNAME": [
                "ads.twitter.com",
                "s.twitter.com"
            ]
        },
        "ads": {
            "A": [],
            "CNAME": [
                "s.twitter.com"
            ]
        },
        "s": {
            "A": [
                "104.244.42.131"
            ],
            "CNAME": []
        }
    },
    "microsoft.com": {
        "v10.events.data": {
            "A": [
                "20.189.173.26"
            ],
            "CNAME": [
                "win-global-asimov-leafs-events-data.trafficmanager.net",
                "onedscolprdwus19.westus.cloudapp.azure.com"
            ]
        }
    },
    "trafficmanager.net": {
        "win-global-asimov-leafs-events-data": {
            "A": [],
            "CNAME": [
                "onedscolprdwus19.westus.cloudapp.azure.com"
            ]
        }
    },
    "azure.com": {
        "onedscolprdwus19.westus.cloudapp": {
            "A": [
                "20.189.173.26"
            ],
            "CNAME": []
        }
    }
}