{
    "idatabaze.cz": {
        "idatabaze.cz": {
            "A": [
                "172.67.74.167",
                "104.26.1.240",
                "104.26.0.240"
            ],
            "CNAME": []
        },
        "www": {
            "A": [
                "104.26.0.240",
                "172.67.74.167",
                "104.26.1.240"
            ],
            "CNAME": []
        }
    },
    "cloudflare.com": {
        "a.nel": {
            "A": [
                "35.190.80.1"
            ],
            "CNAME": []
        },
        "challenges": {
            "A": [
                "104.18.95.41",
                "104.18.94.41"
            ],
            "CNAME": []
        }
    },
    "cloudflareinsights.com": {
        "static": {
            "A": [
                "104.16.79.73",
                "104.16.80.73"
            ],
            "CNAME": []
        }
    }
}