[
    {
        "time": 237766.118596,
        "requested_resource": "https://idatabaze.cz/",
        "initiator": {
            "type": "other"
        },
        "requested_for": "https://idatabaze.cz/"
    },
    {
        "time": 237766.172942,
        "requested_resource": "https://www.idatabaze.cz/",
        "initiator": {
            "type": "other"
        },
        "requested_for": "https://www.idatabaze.cz/"
    },
    {
        "time": 237766.233336,
        "requested_resource": "https://www.idatabaze.cz/template/dist/fonts/300.woff2",
        "initiator": {
            "columnNumber": 267,
            "lineNumber": 1,
            "type": "parser",
            "url": "https://www.idatabaze.cz/"
        },
        "requested_for": "https://www.idatabaze.cz/"
    },
    {
        "time": 237766.233475,
        "requested_resource": "https://www.idatabaze.cz/template/dist/fonts/400.woff2",
        "initiator": {
            "columnNumber": 366,
            "lineNumber": 1,
            "type": "parser",
            "url": "https://www.idatabaze.cz/"
        },
        "requested_for": "https://www.idatabaze.cz/"
    },
    {
        "time": 237766.233509,
        "requested_resource": "https://www.idatabaze.cz/template/dist/fonts/700.woff2",
        "initiator": {
            "columnNumber": 465,
            "lineNumber": 1,
            "type": "parser",
            "url": "https://www.idatabaze.cz/"
        },
        "requested_for": "https://www.idatabaze.cz/"
    },
    {
        "time": 237766.233537,
        "requested_resource": "https://www.idatabaze.cz/template/dist/css/styles-ad3c37f5e9.css",
        "initiator": {
            "columnNumber": 113,
            "lineNumber": 7,
            "type": "parser",
            "url": "https://www.idatabaze.cz/"
        },
        "requested_for": "https://www.idatabaze.cz/"
    },
    {
        "time": 237766.233575,
        "requested_resource": "https://www.idatabaze.cz/img/hero/1.webp",
        "initiator": {
            "columnNumber": 4469,
            "lineNumber": 14,
            "type": "parser",
            "url": "https://www.idatabaze.cz/"
        },
        "requested_for": "https://www.idatabaze.cz/"
    },
    {
        "time": 237766.23366,
        "requested_resource": "https://www.idatabaze.cz/template/dist/js/app-c92e54b646.js",
        "initiator": {
            "columnNumber": 14906,
            "lineNumber": 14,
            "type": "parser",
            "url": "https://www.idatabaze.cz/"
        },
        "requested_for": "https://www.idatabaze.cz/"
    },
    {
        "time": 237766.233719,
        "requested_resource": "https://static.cloudflareinsights.com/beacon.min.js/vcd15cbe7772f49c399c6a5babf22c1241717689176015",
        "initiator": {
            "columnNumber": 16310,
            "lineNumber": 14,
            "type": "parser",
            "url": "https://www.idatabaze.cz/"
        },
        "requested_for": "https://www.idatabaze.cz/"
    },
    {
        "time": 237766.275448,
        "requested_resource": "https://www.googletagmanager.com/gtm.js?id=GTM-5TM3VFJ",
        "initiator": {
            "stack": {
                "callFrames": [
                    {
                        "columnNumber": 270,
                        "functionName": "",
                        "lineNumber": 8,
                        "scriptId": "17",
                        "url": "https://www.idatabaze.cz/"
                    }
                ]
            },
            "type": "script"
        },
        "requested_for": "https://www.idatabaze.cz/"
    },
    {
        "time": 237766.276249,
        "requested_resource": "https://www.idatabaze.cz/template/dist/svg/svg.svg",
        "initiator": {
            "columnNumber": 2160,
            "lineNumber": 14,
            "type": "parser",
            "url": "https://www.idatabaze.cz/"
        },
        "requested_for": "https://www.idatabaze.cz/"
    },
    {
        "time": 237766.283985,
        "requested_resource": "data:image/svg+xml,%3Csvg xmlns='http://www.w3.org/2000/svg' viewBox='0 0 37 18'%3E%3Cpath fill='%23c5c5c5' d='M9.5 0h-9l18 18 18-18h-9l-9 9.1z' fill-rule='evenodd'/%3E%3C/svg%3E",
        "initiator": {
            "type": "parser",
            "url": "https://www.idatabaze.cz/template/dist/css/styles-ad3c37f5e9.css"
        },
        "requested_for": "https://www.idatabaze.cz/"
    },
    {
        "time": 237766.291423,
        "requested_resource": "https://www.idatabaze.cz/img/svg/netpromotion.svg",
        "initiator": {
            "columnNumber": 1,
            "lineNumber": 16,
            "type": "parser",
            "url": "https://www.idatabaze.cz/"
        },
        "requested_for": "https://www.idatabaze.cz/"
    },
    {
        "time": 237766.30773,
        "requested_resource": "https://pagead2.googlesyndication.com/pagead/js/adsbygoogle.js?v=1",
        "initiator": {
            "stack": {
                "callFrames": [
                    {
                        "columnNumber": 11786,
                        "functionName": "",
                        "lineNumber": 2,
                        "scriptId": "20",
                        "url": "https://www.idatabaze.cz/template/dist/js/app-c92e54b646.js"
                    }
                ]
            },
            "type": "script"
        },
        "requested_for": "https://www.idatabaze.cz/"
    },
    {
        "time": 237766.320093,
        "requested_resource": "https://www.idatabaze.cz/cdn-cgi/challenge-platform/scripts/jsd/main.js",
        "initiator": {
            "stack": {
                "callFrames": [
                    {
                        "columnNumber": 15322,
                        "functionName": "c",
                        "lineNumber": 14,
                        "scriptId": "19",
                        "url": "https://www.idatabaze.cz/"
                    }
                ]
            },
            "type": "script"
        },
        "requested_for": "about:blank"
    },
    {
        "time": 237766.336147,
        "requested_resource": "https://www.idatabaze.cz/cdn-cgi/challenge-platform/h/b/scripts/jsd/b0e4a89976ce/main.js?",
        "initiator": {
            "columnNumber": 1,
            "lineNumber": 16,
            "type": "parser",
            "url": "https://www.idatabaze.cz/"
        },
        "requested_for": "about:blank"
    },
    {
        "time": 237766.408315,
        "requested_resource": "https://www.idatabaze.cz/cdn-cgi/challenge-platform/h/b/jsd/r/0.8879678445386306:1740222509:rtQK0NyeYY4I2xSwVrztYpJBUTtdk2NaZsE0S3Sfe4c/915ed00c0c5db389",
        "initiator": {
            "stack": {
                "callFrames": [
                    {
                        "columnNumber": 8135,
                        "functionName": "A",
                        "lineNumber": 0,
                        "scriptId": "23",
                        "url": "https://www.idatabaze.cz/cdn-cgi/challenge-platform/scripts/jsd/main.js"
                    }
                ]
            },
            "type": "script"
        },
        "requested_for": "about:blank"
    },
    {
        "time": 237766.698791,
        "requested_resource": "https://www.googletagmanager.com/gtag/js?id=G-HWE2YN74C7&l=dataLayer&cx=c&gtm=45He52k0v811024680za200",
        "initiator": {
            "stack": {
                "callFrames": [
                    {
                        "columnNumber": 482,
                        "functionName": "pc",
                        "lineNumber": 104,
                        "scriptId": "24",
                        "url": "https://www.googletagmanager.com/gtm.js?id=GTM-5TM3VFJ"
                    }
                ]
            },
            "type": "script"
        },
        "requested_for": "https://www.idatabaze.cz/"
    },
    {
        "time": 237766.79867,
        "requested_resource": "https://region1.analytics.google.com/g/collect?v=2&tid=G-HWE2YN74C7&gtm=45je52k0v874809862z8811024680za200zb811024680&_p=1740225593676&_gaz=1&gcd=13l3lPl2l1l1&npa=1&dma_cps=syphamo&dma=1&tag_exp=101732279~101732281~102067808~102482433~102539968~102558064~102587591~102605417~102640600~102658453&cid=492828322.1740225594&ul=en-us&sr=2560x1440&uaa=x86&uab=64&uafvl=Chromium%3B133.0.6943.126%7CNot(A%253ABrand%3B99.0.0.0&uamb=0&uam=&uap=Windows&uapv=19.0.0&uaw=0&are=1&frm=0&pscdl=&_s=1&sid=1740225594&sct=1&seg=0&dl=https%3A%2F%2Fwww.idatabaze.cz%2F&dt=Nejv%C4%9Bt%C5%A1%C3%AD%20region%C3%A1ln%C3%AD%20datab%C3%A1ze%20firem%20a%20instituc%C3%AD%20%7C%20idatabaze.cz&en=page_view&_fv=1&_nsi=1&_ss=1&tfd=681",
        "initiator": {
            "stack": {
                "callFrames": [
                    {
                        "columnNumber": 285,
                        "functionName": "Ec",
                        "lineNumber": 177,
                        "scriptId": "25",
                        "url": "https://www.googletagmanager.com/gtag/js?id=G-HWE2YN74C7&l=dataLayer&cx=c&gtm=45He52k0v811024680za200"
                    }
                ]
            },
            "type": "script"
        },
        "requested_for": "https://www.idatabaze.cz/"
    },
    {
        "time": 237766.798939,
        "requested_resource": "https://stats.g.doubleclick.net/g/collect?v=2&tid=G-HWE2YN74C7&cid=492828322.1740225594&gtm=45je52k0v874809862z8811024680za200zb811024680&aip=1&dma=1&dma_cps=syphamo&gcd=13l3lPl2l1l1&npa=1&frm=0&tag_exp=101732279~101732281~102067808~102482433~102539968~102558064~102587591~102605417~102640600~102658453",
        "initiator": {
            "stack": {
                "callFrames": [
                    {
                        "columnNumber": 226,
                        "functionName": "Bc",
                        "lineNumber": 176,
                        "scriptId": "25",
                        "url": "https://www.googletagmanager.com/gtag/js?id=G-HWE2YN74C7&l=dataLayer&cx=c&gtm=45He52k0v811024680za200"
                    }
                ]
            },
            "type": "script"
        },
        "requested_for": "https://www.idatabaze.cz/"
    },
    {
        "time": 237766.799557,
        "requested_resource": "https://www.google.cz/ads/ga-audiences?v=1&t=sr&slf_rd=1&_r=4&tid=G-HWE2YN74C7&cid=492828322.1740225594&gtm=45je52k0v874809862z8811024680za200zb811024680&aip=1&dma=1&dma_cps=syphamo&gcd=13l3lPl2l1l1&npa=1&frm=0&tag_exp=101732279~101732281~102067808~102482433~102539968~102558064~102587591~102605417~102640600~102658453&tag_exp=101732279~101732281~102067808~102482433~102539968~102558064~102587591~102605417~102640600~102658453&z=502713294",
        "initiator": {
            "columnNumber": 1,
            "lineNumber": 16,
            "type": "parser",
            "url": "https://www.idatabaze.cz/"
        },
        "requested_for": "https://www.idatabaze.cz/"
    },
    {
        "time": 237767.185006,
        "requested_resource": "https://www.idatabaze.cz/cdn-cgi/rum?",
        "initiator": {
            "stack": {
                "callFrames": [
                    {
                        "columnNumber": 9089,
                        "functionName": "t.sendObjectBeacon",
                        "lineNumber": 0,
                        "scriptId": "21",
                        "url": "https://static.cloudflareinsights.com/beacon.min.js/vcd15cbe7772f49c399c6a5babf22c1241717689176015"
                    }
                ]
            },
            "type": "script"
        },
        "requested_for": "https://www.idatabaze.cz/"
    },
    {
        "time": 237767.185752,
        "requested_resource": "https://www.idatabaze.cz/favicons/site.webmanifest",
        "initiator": {
            "type": "other"
        },
        "requested_for": "https://www.idatabaze.cz/"
    },
    {
        "time": 237767.18588,
        "requested_resource": "https://www.idatabaze.cz/favicons/favicon-32x32.png",
        "initiator": {
            "type": "other"
        },
        "requested_for": "https://www.idatabaze.cz/"
    },
    {
        "time": 237771.322853,
        "requested_resource": "https://www.idatabaze.cz/img/hero/2.webp",
        "initiator": {
            "type": "other"
        },
        "requested_for": "https://www.idatabaze.cz/"
    }
]