{
    "billa.cz": {
        "billa.cz": {
            "A": [
                "34.49.253.169"
            ],
            "CNAME": []
        },
        "www": {
            "A": [
                "34.49.253.169"
            ],
            "CNAME": []
        },
        "rwpcat": {
            "A": [
                "217.160.200.101"
            ],
            "CNAME": []
        }
    },
    "googleapis.com": {
        "fonts": {
            "A": [
                "142.251.36.138"
            ],
            "CNAME": []
        },
        "content-autofill": {
            "A": [
                "142.251.37.106",
                "142.251.36.106",
                "142.251.36.74",
                "142.251.36.138"
            ],
            "CNAME": []
        }
    },
    "adobedtm.com": {
        "assets": {
            "A": [
                "23.218.208.236"
            ],
            "CNAME": [
                "cn-assets.adobedtm.com.edgekey.net",
                "e7808.dscg.akamaiedge.net"
            ]
        }
    },
    "edgekey.net": {
        "cn-assets.adobedtm.com": {
            "A": [],
            "CNAME": [
                "e7808.dscg.akamaiedge.net"
            ]
        }
    },
    "akamaiedge.net": {
        "e7808.dscg": {
            "A": [
                "23.218.208.236"
            ],
            "CNAME": []
        }
    },
    "cookielaw.org": {
        "cdn": {
            "A": [
                "104.18.86.42",
                "104.18.87.42"
            ],
            "CNAME": []
        }
    },
    "googletagmanager.com": {
        "www": {
            "A": [
                "142.251.36.104"
            ],
            "CNAME": []
        }
    },
    "kc-usercontent.com": {
        "assets-eu-01": {
            "A": [
                "199.232.17.91"
            ],
            "CNAME": [
                "dualstack.n.sni.global.fastly.net"
            ]
        }
    },
    "fastly.net": {
        "dualstack.n.sni.global": {
            "A": [
                "199.232.17.91"
            ],
            "CNAME": []
        }
    },
    "googlesyndication.com": {
        "pagead2": {
            "A": [
                "142.251.37.98"
            ],
            "CNAME": []
        }
    },
    "seznam.cz": {
        "c": {
            "A": [
                "77.75.77.172",
                "77.75.79.172"
            ],
            "CNAME": []
        }
    },
    "google-analytics.com": {
        "region1": {
            "A": [
                "216.239.32.36",
                "216.239.34.36"
            ],
            "CNAME": []
        }
    }
}