{
    "google.com": {
        "accounts": {
            "A": [
                "64.233.184.84"
            ],
            "CNAME": []
        },
        "android.clients": {
            "A": [
                "142.251.37.110",
                "142.251.36.110",
                "142.251.36.142",
                "142.251.36.78"
            ],
            "CNAME": [
                "android.l.google.com"
            ]
        },
        "android.l": {
            "A": [
                "142.251.37.110",
                "142.251.36.110",
                "142.251.36.142",
                "142.251.36.78"
            ],
            "CNAME": []
        },
        "mtalk": {
            "A": [
                "142.250.27.188"
            ],
            "CNAME": []
        }
    },
    "rozhlas.cz": {
        "rozhlas.cz": {
            "A": [
                "91.241.10.4"
            ],
            "CNAME": []
        },
        "www": {
            "A": [
                "91.241.10.4"
            ],
            "CNAME": []
        },
        "portal": {
            "A": [
                "91.241.10.4"
            ],
            "CNAME": []
        },
        "api": {
            "A": [
                "91.241.8.245"
            ],
            "CNAME": []
        },
        "data": {
            "A": [
                "91.241.8.250"
            ],
            "CNAME": []
        }
    },
    "googleapis.com": {
        "fonts": {
            "A": [
                "142.251.36.138"
            ],
            "CNAME": []
        },
        "content-autofill": {
            "A": [
                "142.251.36.106",
                "142.251.37.106",
                "142.251.36.138",
                "142.251.36.74"
            ],
            "CNAME": []
        }
    },
    "gstatic.com": {
        "fonts": {
            "A": [
                "142.251.37.99"
            ],
            "CNAME": []
        }
    },
    "googletagmanager.com": {
        "www": {
            "A": [
                "142.251.36.104"
            ],
            "CNAME": []
        }
    },
    "irozhlas.cz": {
        "www": {
            "A": [
                "91.241.10.4"
            ],
            "CNAME": []
        }
    },
    "croapp.cz": {
        "dev-03": {
            "A": [
                "91.241.8.244"
            ],
            "CNAME": []
        }
    },
    "cloudfunctions.net": {
        "europe-west3-cesky-rozhlas-unified": {
            "A": [
                "216.239.36.54"
            ],
            "CNAME": []
        }
    },
    "google-analytics.com": {
        "www": {
            "A": [
                "142.251.37.110"
            ],
            "CNAME": []
        }
    }
}