{
    "google.com": {
        "accounts": {
            "A": [
                "64.233.184.84"
            ],
            "CNAME": []
        },
        "android.clients": {
            "A": [
                "142.251.37.110",
                "142.251.36.110",
                "142.251.36.142",
                "142.251.36.78"
            ],
            "CNAME": [
                "android.l.google.com"
            ]
        },
        "android.l": {
            "A": [
                "142.251.37.110",
                "142.251.36.110",
                "142.251.36.142",
                "142.251.36.78"
            ],
            "CNAME": []
        },
        "mtalk": {
            "A": [
                "142.250.102.188"
            ],
            "CNAME": []
        }
    },
    "trendyol.com": {
        "trendyol.com": {
            "A": [
                "104.18.175.21",
                "104.18.174.21"
            ],
            "CNAME": []
        },
        "www": {
            "A": [
                "104.18.174.21",
                "104.18.175.21"
            ],
            "CNAME": []
        },
        "apigw": {
            "A": [
                "104.16.151.136",
                "104.16.150.136"
            ],
            "CNAME": []
        },
        "demeter-int-ecom-collect": {
            "A": [
                "34.36.70.59"
            ],
            "CNAME": []
        },
        "en-collect": {
            "A": [
                "34.36.70.59"
            ],
            "CNAME": []
        }
    },
    "dsmcdn.com": {
        "cdn": {
            "A": [
                "31.3.2.79"
            ],
            "CNAME": [
                "dsm.mncdn.com"
            ]
        }
    },
    "mncdn.com": {
        "dsm": {
            "A": [
                "31.3.2.79"
            ],
            "CNAME": []
        }
    },
    "cloudflareinsights.com": {
        "static": {
            "A": [
                "104.16.79.73",
                "104.16.80.73"
            ],
            "CNAME": []
        }
    },
    "googleapis.com": {
        "content-autofill": {
            "A": [
                "142.251.36.138",
                "142.251.37.106",
                "142.251.36.74",
                "142.251.36.106"
            ],
            "CNAME": []
        },
        "storage": {
            "A": [
                "142.251.37.123",
                "142.251.36.91",
                "142.251.36.123",
                "142.251.36.155"
            ],
            "CNAME": []
        }
    },
    "usersnap.com": {
        "widget": {
            "A": [
                "35.156.192.91",
                "3.77.16.105",
                "52.28.118.55"
            ],
            "CNAME": []
        },
        "resources": {
            "A": [
                "65.9.95.83",
                "65.9.95.22",
                "65.9.95.69",
                "65.9.95.15"
            ],
            "CNAME": []
        }
    },
    "googletagmanager.com": {
        "www": {
            "A": [
                "142.251.36.104"
            ],
            "CNAME": []
        }
    },
    "cookielaw.org": {
        "cdn": {
            "A": [
                "104.18.86.42",
                "104.18.87.42"
            ],
            "CNAME": []
        }
    }
}